,I_BOWMN,I_BRR023,I_CMBIE,I_CMPFW,I_DER001,I_DER004,I_DHC021,I_ENGLB,I_FRDYC,I_FRNCH,I_JKSMD,I_LCBRF,I_MERLC,I_MFY013,I_NBLDB,I_NFY029,I_OGN005,I_RLLNS,I_SCOTF,I_SFD003,I_SFY007,I_SFY048,I_SLT009,I_SPLDG,I_WLF013
1921-10-31,1.43,0.15,0.05,0.03,0.75,0.86,1.47,1.9,2.51,0.29,0.65,0.46,1.7861152306386932,1.62,5.63,9.64,0.41,0.23,0.86,0.21,3.02,1.83,1.38,1.59,0.03
1921-11-30,1.88,1.09,0.36,0.19,0.82,0.94,2.13,5.06,2.06,0.38,1.0,0.94,2.1537272907085643,1.45,7.41,11.08,0.76,1.62,0.94,0.23,3.55,2.25,2.31,2.75,0.23
1921-12-31,3.31,9.33,3.07,1.59,1.27,1.45,6.77,4.12,2.65,0.68,1.91,1.9,8.874839280111269,5.71,13.56,17.92,4.0,14.23,1.45,0.36,6.3,3.84,4.78,5.12,1.93
1922-01-31,3.44,6.81,2.24,1.16,1.9,2.17,5.92,14.21,2.14,0.7,2.36,2.24,4.876265171892506,4.8,20.61,22.14,4.25,10.57,2.17,0.54,10.58,4.38,7.1,5.47,1.41
1922-02-28,4.74,47.03,15.47,7.99,2.69,3.07,16.51,0.0,2.88,0.97,3.29,3.12,10.462659091091261,21.9,32.09,30.9,13.56,80.67,3.07,0.77,15.04,6.05,10.12,7.54,9.73
1922-03-31,4.84,29.37,9.66,4.99,4.58,5.23,10.94,13.42,2.96,0.99,3.75,3.46,12.390117987871598,20.62,47.8,41.97,13.22,58.08,5.23,1.31,24.26,6.44,13.83,9.1,6.08
1922-04-30,8.72,14.14,4.65,2.4,8.91,10.18,11.1,31.85,5.52,1.79,6.61,6.79,12.714209538421265,39.16,94.94,79.41,17.1,36.5,10.18,2.55,47.55,12.09,26.69,16.81,2.93
1922-05-31,28.43,7.54,2.48,1.28,14.5,16.57,10.45,42.17,24.47,5.82,28.52,27.25,10.65510423578386,105.22,201.52,219.09,17.78,27.84,16.57,4.14,97.64,55.9,71.96,43.7,1.56
1922-06-30,33.26,2.04,0.67,0.35,3.27,3.74,1.72,10.02,55.04,6.81,45.28,27.52,2.7726319068801075,54.21,79.92,198.27,4.39,12.06,3.74,0.93,27.48,77.53,37.76,31.24,0.42
1922-07-31,5.7,0.12,0.04,0.02,0.7,0.8,0.45,3.78,12.19,1.17,6.82,3.42,0.6367388537884722,6.22,16.0,43.22,0.79,3.06,0.8,0.2,5.78,12.27,4.69,5.21,0.03
1922-08-31,1.55,0.0,0.0,0.0,0.5,0.57,0.18,2.04,2.4,0.32,1.03,0.43,0.994465068562775,2.74,8.63,18.17,0.23,2.89,0.57,0.14,3.4,2.33,1.36,1.89,0.0
1922-09-30,1.06,0.21,0.07,0.04,0.41,0.47,0.15,4.06,2.47,0.22,0.28,0.19,0.6635283091949162,2.07,4.77,11.21,0.12,5.5,0.47,0.12,2.7,1.54,0.81,0.92,0.04
1922-10-31,2.18,2.49,0.82,0.42,0.96,1.1,1.26,4.13,3.09,0.45,1.02,0.88,1.5317145676986679,2.1,7.49,13.15,0.47,3.65,1.1,0.27,3.75,2.69,2.22,2.84,0.52
1922-11-30,3.03,4.32,1.42,0.73,1.1,1.26,3.57,7.22,2.34,0.62,1.69,1.74,4.620600988555586,3.89,11.08,15.79,1.55,6.52,1.26,0.31,5.28,3.54,4.2,4.68,0.89
1922-12-31,6.37,32.19,10.59,5.47,3.53,4.03,13.13,3.4,3.81,1.3,4.28,4.19,10.344607458989099,26.81,38.85,40.82,11.19,52.05,4.03,1.01,19.56,8.21,13.26,10.23,6.66
1923-01-31,4.2,17.6,5.79,2.99,3.7,4.23,6.99,17.61,2.54,0.86,3.1,2.99,7.796320541429484,15.36,38.52,34.8,5.2,31.18,4.23,1.06,19.45,5.43,11.38,8.11,3.64
1923-02-28,3.01,9.73,3.2,1.65,2.83,3.23,3.91,14.08,1.88,0.62,2.18,2.35,4.7243458603415185,11.64,29.47,26.21,3.41,17.68,3.23,0.81,15.32,4.19,8.73,5.83,2.01
1923-03-31,4.34,8.54,2.81,1.45,3.91,4.47,3.41,19.89,2.72,0.89,3.16,3.52,4.124025332609932,15.66,42.77,37.58,3.61,17.51,4.47,1.12,22.06,6.31,12.74,8.16,1.77
1923-04-30,10.1,18.61,6.12,3.16,5.48,6.26,5.12,3.76,7.49,2.07,9.08,9.43,5.576560708270748,49.91,70.86,77.3,8.8,44.2,6.26,1.57,36.25,18.65,26.2,16.37,3.85
1923-05-31,20.02,4.74,1.56,0.81,3.28,3.75,1.28,0.94,25.93,4.1,24.39,18.61,1.6522958920559316,49.47,63.64,119.51,2.41,16.19,3.75,0.94,23.39,46.06,30.3,22.83,0.98
1923-06-30,10.94,2.71,0.89,0.46,0.91,1.04,0.45,0.64,19.08,2.24,14.16,8.59,0.757294048470456,18.48,19.78,62.75,0.99,11.76,1.04,0.26,5.38,25.21,10.67,10.14,0.56
1923-07-31,4.57,0.97,0.32,0.17,0.4,0.46,0.21,3.51,9.22,0.94,5.61,2.96,0.3160443402642841,3.6,8.75,29.23,0.37,5.07,0.46,0.11,2.41,10.11,3.57,4.08,0.2
1923-08-31,1.82,0.15,0.05,0.03,0.36,0.41,0.11,2.64,3.71,0.37,1.61,0.78,0.35808542876574734,1.36,6.75,17.16,0.16,5.46,0.41,0.1,2.45,3.4,1.42,1.98,0.03
1923-09-30,1.21,0.06,0.02,0.01,0.42,0.48,0.12,3.16,2.31,0.25,0.41,0.23,0.6996739912311866,2.36,5.29,12.91,0.29,5.75,0.48,0.12,2.68,1.7,0.92,1.24,0.01
1923-10-31,2.96,2.19,0.72,0.37,0.69,0.79,0.73,6.74,2.56,0.61,1.27,1.53,1.2234995754146054,1.88,4.32,12.62,0.54,2.33,0.79,0.2,1.57,3.53,2.95,4.45,0.45
1923-11-30,1.93,1.31,0.43,0.22,0.57,0.65,0.95,7.17,1.05,0.39,1.0,1.21,1.8454074843853323,1.14,5.07,9.12,0.71,1.42,0.65,0.16,2.24,2.45,2.79,3.06,0.27
1923-12-31,1.58,2.07,0.68,0.35,0.77,0.88,1.05,8.12,0.88,0.32,0.9,1.08,1.021225961630062,2.32,6.31,9.77,1.04,2.35,0.88,0.22,3.3,2.0,3.02,3.04,0.43
1924-01-31,1.78,2.86,0.94,0.49,0.91,1.04,1.12,9.58,1.02,0.36,1.0,1.31,1.052648298910987,2.83,7.73,11.47,1.07,3.43,1.04,0.26,4.09,2.39,3.59,3.44,0.59
1924-02-29,4.06,4.44,1.46,0.75,1.78,2.03,2.68,11.75,2.41,0.83,2.42,3.47,4.078892120628476,11.95,16.03,25.65,3.01,5.55,2.03,0.51,8.34,6.27,8.35,7.6,0.92
1924-03-31,2.71,2.58,0.85,0.44,0.54,0.62,1.41,4.32,2.16,0.56,2.11,2.44,2.4107026359393924,3.97,5.84,14.07,0.54,3.57,0.62,0.15,2.24,5.5,4.27,3.79,0.53
1924-04-30,6.75,1.49,0.49,0.25,0.63,0.72,0.65,0.0,7.88,1.38,6.3,6.06,1.024809393428507,9.51,6.28,30.27,1.55,2.07,0.72,0.18,0.0,15.2,7.36,8.11,0.31
1924-05-31,4.86,1.34,0.44,0.23,0.24,0.27,0.34,0.0,7.16,1.0,4.88,3.93,0.39173848404950995,5.14,1.49,20.53,0.38,2.36,0.27,0.07,0.0,11.1,3.75,5.08,0.28
1924-06-30,2.0,0.3,0.1,0.05,0.08,0.09,0.11,0.0,3.61,0.41,1.98,1.31,0.2850035731868257,0.44,0.1,8.77,0.1,0.54,0.09,0.02,0.0,4.45,1.11,1.91,0.06
1924-07-31,1.28,0.76,0.25,0.13,0.06,0.07,0.11,0.0,2.39,0.26,1.2,0.79,0.26286297049745855,0.22,0.24,6.24,0.08,1.38,0.07,0.02,0.0,2.76,0.71,1.29,0.16
1924-08-31,0.78,1.22,0.4,0.21,0.08,0.09,0.08,0.14,1.54,0.16,0.57,0.34,0.18627773765236455,0.74,0.56,5.23,0.07,2.93,0.09,0.02,0.0,1.49,0.42,0.9,0.25
1924-09-30,0.63,0.46,0.15,0.08,0.12,0.14,0.05,1.07,1.04,0.13,0.18,0.12,0.3538585607382245,1.14,0.7,5.11,0.07,2.16,0.14,0.03,0.39,0.86,0.34,0.72,0.09
1924-10-31,1.81,1.49,0.49,0.25,0.81,0.93,0.66,2.55,2.74,0.37,0.82,0.68,0.8779337611315913,2.32,6.04,11.09,0.41,2.12,0.93,0.23,3.08,2.26,1.73,2.29,0.31
1924-11-30,2.77,1.85,0.61,0.31,0.96,1.1,1.62,3.99,2.17,0.57,1.52,1.58,1.8190855050607917,5.47,9.8,14.12,1.22,2.75,1.1,0.27,4.46,3.2,3.73,4.29,0.38
1924-12-31,2.99,5.35,1.76,0.91,1.49,1.7,2.85,4.65,1.83,0.61,1.94,1.93,4.247092569600491,10.88,15.95,18.16,2.95,7.98,1.7,0.43,8.18,3.8,5.77,4.77,1.11
1925-01-31,3.35,5.05,1.66,0.86,1.86,2.13,2.33,6.91,1.99,0.69,2.25,2.21,1.9710738054393022,10.8,20.84,21.58,3.8,7.6,2.13,0.53,10.45,4.37,7.0,5.34,1.04
1925-02-28,11.16,28.55,9.39,4.85,9.96,11.38,13.96,21.36,6.88,2.29,8.09,8.53,12.910149034656625,64.78,104.99,94.52,16.12,47.64,11.38,2.85,54.26,15.37,31.43,21.37,5.91
1925-03-31,5.89,11.89,3.91,2.02,4.09,4.67,4.25,17.26,3.9,1.21,4.71,5.61,5.317560311289348,23.75,48.09,48.41,3.85,21.93,4.67,1.17,24.98,9.83,16.91,11.01,2.46
1925-04-30,13.65,13.38,4.4,2.27,3.32,3.79,4.93,0.0,14.19,2.8,15.0,13.11,5.46839712954608,42.68,57.39,87.37,7.04,28.59,3.79,0.95,25.51,30.24,25.91,17.32,2.77
1925-05-31,17.23,4.65,1.53,0.79,1.59,1.82,0.66,0.0,26.92,3.53,22.26,14.61,1.1716870443078662,31.38,35.59,96.05,2.37,13.06,1.82,0.45,9.37,40.16,19.09,16.87,0.96
1925-06-30,6.32,2.13,0.7,0.36,0.45,0.51,0.24,0.0,12.42,1.29,8.03,4.3,0.4045436177944737,10.18,9.98,37.08,1.05,7.79,0.51,0.13,2.25,14.27,4.93,5.49,0.44
1925-07-31,1.73,1.55,0.51,0.26,0.27,0.31,0.14,0.0,3.87,0.35,1.69,0.85,0.2055769723774432,3.08,5.36,14.78,0.27,6.22,0.31,0.08,1.83,3.5,1.3,1.74,0.32
1925-08-31,1.01,1.22,0.4,0.21,0.28,0.32,0.08,0.71,1.64,0.21,0.69,0.31,0.4635104003816508,2.12,4.55,10.88,0.14,6.17,0.32,0.08,1.77,1.59,0.83,1.24,0.25
1925-09-30,0.9,0.21,0.07,0.04,0.31,0.35,0.08,2.04,1.9,0.18,0.26,0.17,0.3858838670386149,2.43,3.61,9.25,0.16,8.07,0.35,0.09,1.98,1.29,0.66,0.86,0.04
1925-10-31,1.89,2.1,0.69,0.36,0.7,0.8,0.8,2.71,2.42,0.39,0.85,0.8,1.0326734501697978,2.4,5.25,10.28,0.31,2.98,0.8,0.2,2.53,2.29,1.85,2.56,0.43
1925-11-30,2.38,1.88,0.62,0.32,0.82,0.94,1.5,7.16,1.71,0.49,1.29,1.4,1.7813223060553303,2.69,7.47,11.97,0.64,2.77,0.94,0.23,3.83,2.83,3.31,3.72,0.39
1925-12-31,2.71,2.4,0.79,0.41,1.22,1.39,2.4,9.32,1.6,0.56,1.68,1.75,3.5656893468201014,4.45,13.62,15.55,0.88,3.55,1.39,0.35,6.59,3.43,4.98,4.35,0.5
1926-01-31,2.22,4.32,1.42,0.73,1.4,1.6,3.37,5.94,1.28,0.45,1.47,1.5,2.8449639138695826,8.79,13.93,15.25,1.62,6.43,1.6,0.4,7.71,2.91,4.91,3.85,0.89
1926-02-28,6.18,29.52,9.71,5.01,4.96,5.67,10.71,11.74,3.73,1.27,4.18,4.66,9.687066572139445,32.86,50.13,49.13,8.84,48.72,5.67,1.42,27.27,8.4,16.12,11.9,6.11
1926-03-31,5.69,5.93,1.95,1.01,3.63,4.15,3.7,17.31,3.64,1.17,4.21,5.18,4.636104178962292,20.43,40.93,43.91,2.88,10.67,4.15,1.04,22.08,9.22,15.06,10.6,1.23
1926-04-30,16.1,17.72,5.83,3.01,2.74,3.13,7.01,0.0,18.82,3.3,17.67,14.8,8.278632435560933,42.8,46.47,91.62,6.65,39.5,3.13,0.78,16.99,36.19,24.42,19.14,3.67
1926-05-31,9.29,3.89,1.28,0.66,0.69,0.79,0.47,0.0,15.46,1.9,11.24,7.34,0.8379720113754132,15.01,12.98,49.13,1.35,13.94,0.79,0.2,1.3,21.36,8.55,8.94,0.81
1926-06-30,3.01,0.73,0.24,0.12,0.21,0.24,0.13,0.84,5.86,0.62,3.52,1.98,0.20975893525999822,2.9,3.87,17.15,0.35,3.42,0.24,0.06,0.27,6.68,2.16,2.74,0.15
1926-07-31,1.16,0.43,0.14,0.07,0.16,0.18,0.12,0.44,2.54,0.24,1.07,0.56,0.1896386827344898,1.45,2.82,9.24,0.09,2.88,0.18,0.05,0.8,2.33,0.8,1.2,0.09
1926-08-31,0.69,0.0,0.0,0.0,0.18,0.21,0.09,0.75,1.04,0.14,0.42,0.19,0.4225548728126043,1.2,2.61,7.16,0.06,4.04,0.21,0.05,1.05,1.04,0.53,0.88,0.0
1926-09-30,0.66,0.24,0.08,0.04,0.2,0.23,0.08,1.69,1.38,0.14,0.18,0.12,0.41280091683926656,1.42,2.08,6.33,0.08,2.27,0.23,0.06,1.21,0.94,0.45,0.65,0.05
1926-10-31,1.28,1.67,0.55,0.28,0.68,0.78,0.9,0.45,2.24,0.26,0.18,0.41,1.0827770133079064,3.21,5.13,8.67,0.3,2.47,0.78,0.19,2.74,1.63,1.24,1.42,0.35
1926-11-30,8.71,12.19,4.01,2.07,4.03,4.61,7.82,5.87,7.32,1.78,3.92,5.02,9.60742557046601,33.77,41.06,51.82,5.45,18.9,4.61,1.15,20.35,10.55,13.91,13.3,2.52
1926-12-31,5.05,5.59,1.84,0.95,2.91,3.33,5.2,15.83,3.1,1.03,3.92,3.33,5.149833146620104,13.71,34.8,33.17,2.21,8.81,3.33,0.83,16.16,6.44,10.87,8.1,1.16
1927-01-31,4.85,16.57,5.45,2.81,4.32,4.94,9.56,15.74,2.94,0.99,5.61,3.41,6.035927311937497,21.18,45.64,40.57,6.44,26.7,4.94,1.23,23.2,6.44,13.38,8.76,3.43
1927-02-28,13.34,60.62,19.94,10.3,13.62,15.57,23.32,0.0,8.43,2.73,8.18,10.37,22.92106787054608,117.58,147.36,121.91,25.31,111.26,15.57,3.89,73.26,18.55,41.09,25.51,12.54
1927-03-31,9.48,13.65,4.49,2.32,7.43,8.49,9.09,19.42,6.42,1.94,9.22,9.11,10.872180864262333,47.55,90.67,83.49,9.45,28.77,8.49,2.12,45.23,15.92,29.49,17.72,2.82
1927-04-30,15.41,23.26,7.65,3.95,4.91,5.61,6.04,0.0,15.4,3.16,15.24,15.26,5.463607519583057,63.74,90.39,109.42,12.13,67.32,5.61,1.4,39.61,33.95,34.06,20.61,4.81
1927-05-31,24.1,3.01,0.99,0.51,2.91,3.33,1.3,7.98,34.93,4.94,33.17,21.41,2.1020590535751755,46.96,65.97,144.05,4.03,13.54,3.33,0.83,26.03,56.4,32.64,24.04,0.62
1927-06-30,17.72,1.34,0.44,0.23,1.52,1.74,0.35,6.94,34.1,3.63,26.69,13.0,0.5112242132273934,23.91,36.36,110.91,1.2,7.15,1.74,0.43,13.35,40.47,16.41,15.43,0.28
1927-07-31,3.1,0.33,0.11,0.06,0.59,0.67,0.16,0.0,6.93,0.64,3.4,1.47,0.32326329574247836,6.36,12.43,29.24,0.29,6.73,0.67,0.17,4.69,6.15,2.55,3.14,0.07
1927-08-31,1.15,0.0,0.0,0.0,0.44,0.5,0.1,2.14,1.61,0.24,0.42,0.24,1.0116476183833782,2.41,7.06,14.39,0.13,5.66,0.5,0.13,2.94,1.56,1.03,1.41,0.0
1927-09-30,1.01,0.55,0.18,0.09,0.4,0.46,0.11,3.77,2.34,0.21,0.24,0.18,0.30860042868852133,2.11,4.63,10.71,0.12,4.24,0.46,0.11,2.61,1.46,0.77,0.87,0.11
1927-10-31,2.0,3.01,0.99,0.51,0.88,1.01,0.96,2.44,3.11,0.41,0.26,0.83,1.1953629151799499,2.62,6.47,11.5,0.23,4.41,1.01,0.25,1.71,2.46,1.64,2.71,0.62
1927-11-30,7.9,5.72,1.88,0.97,2.34,2.67,4.84,11.94,5.34,1.62,2.78,5.11,5.993019318524103,13.67,23.72,31.29,2.31,8.61,2.67,0.67,0.0,9.76,8.73,12.14,1.18
1927-12-31,6.49,7.6,2.5,1.29,1.67,1.91,3.86,0.0,3.85,1.33,1.59,4.56,4.48017897477028,9.39,19.65,19.46,1.84,11.56,1.91,0.48,0.0,8.48,6.35,11.43,1.57
1928-01-31,4.13,3.98,1.31,0.68,2.5,2.86,4.57,13.23,2.51,0.85,1.33,3.21,3.02413089177805,13.44,26.87,26.4,3.44,6.09,2.86,0.71,9.31,5.67,8.63,7.61,0.82
1928-02-29,5.66,20.06,6.6,3.41,3.17,3.62,8.67,11.95,3.59,1.16,1.35,4.89,5.649244513113164,17.26,33.8,29.26,4.02,33.81,3.62,0.91,1.94,8.6,9.61,10.41,4.15
1928-03-31,19.96,33.2,10.92,5.64,16.58,18.95,20.0,33.54,18.66,4.09,21.93,19.47,23.671916913316146,126.32,201.07,195.61,22.25,63.18,18.95,4.74,110.45,41.5,65.61,28.77,6.87
1928-04-30,9.97,11.43,3.76,1.94,2.85,3.26,3.97,10.13,14.7,2.04,14.0,8.5,3.5551205401828985,41.35,55.97,104.15,8.04,31.54,3.26,0.81,66.37,23.26,26.42,9.79,2.37
1928-05-31,15.25,1.22,0.4,0.21,1.68,1.92,0.81,17.9,27.22,3.12,23.14,12.12,1.344374128324695,22.03,39.26,112.55,1.57,4.88,1.92,0.48,35.63,34.86,19.45,14.86,0.25
1928-06-30,2.17,1.55,0.51,0.26,0.4,0.46,0.29,0.27,4.62,0.44,3.71,1.5,0.4465760823222382,5.71,8.82,24.48,0.5,6.25,0.46,0.11,9.18,4.72,2.56,2.22,0.32
1928-07-31,1.1,1.31,0.43,0.22,0.29,0.33,0.15,0.76,2.58,0.22,0.58,0.59,0.1820213635782153,2.85,5.33,12.6,0.2,6.25,0.33,0.08,2.08,2.3,1.03,1.17,0.27
1928-08-31,1.64,0.55,0.18,0.09,0.26,0.3,0.09,0.0,3.64,0.34,0.44,0.66,0.8182416070754356,1.96,4.0,8.72,0.12,5.31,0.3,0.07,0.0,2.45,0.62,2.95,0.11
1928-09-30,0.28,0.09,0.03,0.02,0.28,0.32,0.09,2.73,0.89,0.06,0.28,0.08,0.3304453247469823,1.68,3.18,7.81,0.11,6.59,0.32,0.08,3.88,0.43,0.56,0.49,0.02
1928-10-31,0.81,3.8,1.25,0.65,0.55,0.63,0.73,8.67,1.45,0.17,0.16,0.28,1.0577946630431219,1.88,3.83,8.76,0.18,5.11,0.63,0.16,1.16,1.01,1.65,1.09,0.79
1928-11-30,2.72,3.77,1.24,0.64,0.62,0.71,1.41,3.89,2.17,0.56,0.2,1.63,2.4863359864605323,3.42,5.42,9.41,0.43,5.19,0.71,0.18,0.0,3.22,2.67,4.22,0.78
1928-12-31,1.11,3.86,1.27,0.66,0.92,1.05,1.76,13.66,0.65,0.23,0.62,0.74,1.6192018173955227,7.44,9.69,12.71,1.01,5.6,1.05,0.26,2.06,1.44,4.01,1.72,0.8
1929-01-31,0.89,3.22,1.06,0.55,0.94,1.07,1.42,14.5,0.52,0.18,0.45,0.59,1.1809181108974611,4.14,8.67,10.4,0.66,4.88,1.07,0.27,1.59,1.15,3.3,1.38,0.67
1929-02-28,2.0,9.82,3.23,1.67,1.25,1.43,2.85,6.98,1.16,0.41,0.39,1.35,3.672680858033166,12.21,12.11,13.58,1.85,15.41,1.43,0.36,1.24,2.59,4.31,3.23,2.03
1929-03-31,6.35,5.75,1.89,0.98,2.26,2.58,2.13,3.81,3.75,1.3,2.84,4.76,3.245153165142053,13.95,21.76,24.01,2.62,9.93,2.58,0.65,0.0,8.64,7.86,11.81,1.19
1929-04-30,7.33,3.92,1.29,0.67,2.35,2.69,1.58,5.46,4.98,1.5,5.84,6.77,2.361507552698315,18.11,26.24,35.02,4.34,7.1,2.69,0.67,0.14,12.93,11.77,12.85,0.81
1929-05-31,16.14,1.82,0.6,0.31,1.63,1.86,0.72,0.0,20.38,3.31,15.77,14.62,0.8615328159397837,20.63,25.33,66.04,1.65,4.14,1.86,0.47,0.0,37.07,16.49,18.46,0.38
1929-06-30,6.26,2.83,0.93,0.48,0.39,0.45,0.2,0.0,11.5,1.28,6.88,4.83,0.4304398861671501,11.03,5.45,32.37,0.8,7.09,0.45,0.11,0.0,14.28,5.17,6.35,0.59
1929-07-31,3.44,1.25,0.41,0.21,0.14,0.16,0.09,0.0,7.2,0.71,0.79,2.13,0.17902731602274002,2.96,2.02,11.51,0.19,4.21,0.16,0.04,0.0,7.07,1.31,4.17,0.26
1929-08-31,0.55,0.76,0.25,0.13,0.14,0.16,0.06,2.59,1.45,0.11,0.38,0.16,0.09829046742610004,1.72,1.96,7.77,0.07,2.73,0.16,0.04,0.47,0.84,0.63,1.07,0.16
1929-09-30,0.0,0.67,0.22,0.11,0.18,0.21,0.05,5.45,0.0,0.0,0.3,0.0,0.4056671777618454,1.33,1.72,6.4,0.06,5.82,0.21,0.05,0.88,0.0,0.44,0.0,0.14
1929-10-31,1.88,0.55,0.18,0.09,0.52,0.59,0.75,0.0,2.72,0.38,0.17,0.82,0.9467356050729133,1.94,3.64,7.04,0.08,0.75,0.59,0.15,0.0,2.3,1.0,2.62,0.11
1929-11-30,1.01,0.4,0.13,0.07,0.44,0.5,0.86,3.77,0.79,0.21,0.1,0.61,0.9521318741626473,1.3,3.95,6.36,0.14,0.55,0.5,0.13,2.64,1.18,1.43,1.53,0.08
1929-12-31,12.46,10.76,3.54,1.83,5.77,6.59,11.45,35.1,7.63,2.55,6.17,8.57,11.573849520334232,27.07,60.84,66.2,6.09,15.64,6.59,1.65,16.72,16.09,20.76,20.99,2.23
1930-01-31,3.99,13.53,4.45,2.3,2.75,3.14,7.9,5.58,2.45,0.82,2.72,3.25,5.473990741030823,19.37,28.43,26.11,4.15,21.62,3.14,0.79,8.51,5.64,8.54,7.43,2.8
1930-02-28,4.94,5.72,1.88,0.97,4.35,4.97,7.98,19.18,3.23,1.01,4.82,4.61,9.473044208039148,19.99,46.51,41.89,5.94,9.76,4.97,1.24,20.5,8.25,14.13,9.11,1.18
1930-03-31,4.86,18.7,6.15,3.18,4.37,4.99,8.88,11.09,3.97,1.0,7.52,4.7,10.934427843116836,31.69,53.11,57.58,9.87,36.12,4.99,1.25,38.88,9.86,19.89,7.38,3.87
1930-04-30,12.99,4.44,1.46,0.75,2.76,3.15,3.3,9.5,15.62,2.66,16.06,12.2,2.9577183474990885,28.57,49.69,84.86,5.14,12.49,3.15,0.79,23.75,29.51,23.3,15.36,0.92
1930-05-31,12.22,1.52,0.5,0.26,1.16,1.33,0.82,0.63,19.4,2.5,19.02,10.16,1.374650571887216,19.8,25.32,71.95,2.46,5.69,1.33,0.33,10.75,28.29,14.13,12.11,0.31
1930-06-30,4.01,1.19,0.39,0.2,0.44,0.5,0.21,1.42,8.1,0.82,9.38,2.93,0.3297315329018815,7.43,9.49,36.39,0.64,5.13,0.5,0.13,14.97,9.06,4.79,3.94,0.25
1930-07-31,2.66,0.0,0.0,0.0,0.24,0.27,0.12,0.0,5.75,0.54,1.16,1.73,0.15501452522124026,2.67,4.77,13.55,0.15,0.0,0.27,0.07,0.0,5.75,1.19,2.74,0.0
1930-08-31,0.0,0.27,0.09,0.05,0.24,0.27,0.08,1.59,0.0,0.0,0.4,0.0,0.6504630333405004,1.7,3.86,9.38,0.09,4.58,0.27,0.07,5.96,0.0,0.7,0.0,0.06
1930-09-30,1.78,0.15,0.05,0.03,0.29,0.33,0.09,0.0,4.16,0.37,0.17,0.71,0.3922771557420433,1.51,3.28,8.65,0.11,2.32,0.33,0.08,0.0,2.8,0.62,3.02,0.03
1930-10-31,0.0,2.64,0.87,0.45,0.44,0.5,0.51,6.48,0.0,0.0,0.01,0.0,0.8864436160284247,1.63,2.62,7.99,0.18,3.06,0.5,0.13,7.68,0.0,1.58,0.0,0.55
1930-11-30,3.08,0.0,0.0,0.0,0.71,0.81,0.73,6.66,2.66,0.63,0.0,1.74,1.588096045405022,3.24,6.05,11.31,0.95,0.0,0.81,0.2,0.0,3.8,3.37,4.83,0.0
1930-12-31,3.44,3.59,1.18,0.61,0.59,0.67,0.75,0.0,1.93,0.7,0.02,2.33,0.8995795435544016,2.0,5.02,7.99,0.22,4.31,0.67,0.17,0.0,4.53,2.47,6.06,0.74
1931-01-31,0.69,3.83,1.26,0.65,1.06,1.21,1.67,11.07,0.39,0.14,0.02,0.51,1.6917163725186328,6.0,9.39,12.95,1.6,4.89,1.21,0.3,9.5,0.95,4.03,1.32,0.79
1931-02-28,1.59,4.23,1.39,0.72,1.12,1.28,1.18,9.85,0.93,0.33,0.19,1.26,2.088925230643648,6.34,9.82,13.32,1.54,5.73,1.28,0.32,6.26,2.27,4.27,3.03,0.87
1931-03-31,4.92,4.04,1.33,0.69,1.85,2.11,1.68,13.07,3.43,1.01,2.97,4.53,3.090476145339035,12.15,18.09,29.61,2.72,6.09,2.11,0.53,6.75,9.09,9.69,8.52,0.84
1931-04-30,5.48,1.52,0.5,0.26,0.86,0.98,0.63,6.19,6.15,1.12,8.97,5.06,1.082980663331135,8.1,10.28,34.05,0.81,3.04,0.98,0.25,8.44,12.54,8.88,6.91,0.31
1931-05-31,6.35,0.94,0.31,0.16,0.35,0.4,0.33,0.0,9.56,1.3,8.6,5.15,0.4880134625867321,5.69,3.3,27.55,0.35,2.07,0.4,0.1,0.0,14.85,5.21,6.81,0.2
1931-06-30,1.98,0.7,0.23,0.12,0.11,0.13,0.11,0.21,3.8,0.41,2.64,1.41,0.29615602153994836,2.68,0.53,12.41,0.21,1.78,0.13,0.03,1.75,4.52,1.58,2.15,0.14
1931-07-31,0.51,0.46,0.15,0.08,0.08,0.09,0.06,1.67,0.99,0.1,0.57,0.36,0.1570062066647573,1.13,0.66,6.67,0.07,1.63,0.09,0.02,2.79,1.13,0.67,0.59,0.09
1931-08-31,0.0,0.06,0.02,0.01,0.08,0.09,0.04,1.59,0.0,0.0,0.32,0.0,0.08810015851582699,0.82,0.73,4.69,0.04,0.88,0.09,0.02,2.92,0.0,0.36,0.0,0.01
1931-09-30,1.38,0.12,0.04,0.02,0.12,0.14,0.03,0.0,3.06,0.28,0.05,0.62,0.28656303484704715,0.84,0.77,4.62,0.05,0.49,0.14,0.03,0.0,2.48,0.31,2.15,0.03
1931-10-31,1.7,1.09,0.36,0.19,0.58,0.66,0.8,0.0,2.81,0.35,0.37,0.66,1.032517549368822,2.28,4.17,7.73,0.34,1.54,0.66,0.17,0.0,2.1,1.1,2.24,0.23
1931-11-30,1.4,3.34,1.1,0.57,0.56,0.64,1.18,1.28,1.1,0.29,0.48,0.85,1.2846140779335253,3.56,5.1,7.94,0.91,4.87,0.64,0.16,2.73,1.64,1.76,2.16,0.69
1931-12-31,1.07,16.93,5.57,2.88,1.7,1.94,6.92,1.58,0.84,0.22,0.65,0.65,7.715639909587413,14.05,17.24,22.52,6.79,25.96,1.94,0.49,24.28,1.25,6.51,1.62,3.5
1932-01-31,2.51,11.46,3.77,1.95,1.9,2.17,5.33,4.56,1.67,0.51,0.89,1.64,3.6040657790149115,12.76,22.18,22.63,5.99,19.05,2.17,0.54,16.49,3.1,7.35,3.89,2.37
1932-02-29,6.33,19.58,6.44,3.33,2.77,3.17,3.84,2.67,3.76,1.3,1.21,4.34,3.6160096066180567,21.62,28.62,27.19,7.0,35.92,3.17,0.79,0.21,8.21,8.88,10.27,4.05
1932-03-31,7.41,6.05,1.99,1.03,6.1,6.97,6.61,22.63,4.46,1.52,4.44,5.61,8.124334266133236,31.67,63.82,56.46,8.35,11.95,6.97,1.74,28.48,10.04,18.76,13.62,1.25
1932-04-30,10.37,4.65,1.53,0.79,6.83,7.81,5.75,24.75,6.76,2.12,12.91,9.46,7.163549622852595,33.57,78.75,74.5,7.48,12.69,7.81,1.95,30.7,16.94,25.8,19.02,0.96
1932-05-31,23.09,3.62,1.19,0.61,4.75,5.43,2.58,13.63,28.19,4.73,32.11,21.49,2.718155019704561,45.96,85.9,143.02,5.87,11.47,5.43,1.36,34.5,52.48,38.91,26.7,0.75
1932-06-30,16.66,1.09,0.36,0.19,1.34,1.53,0.4,7.44,30.29,3.41,20.16,13.07,0.6826964479919936,20.98,29.93,93.24,1.81,4.25,1.53,0.38,3.11,37.9,15.65,16.37,0.23
1932-07-31,1.72,1.06,0.35,0.18,0.4,0.46,0.15,1.16,4.02,0.35,1.97,0.92,0.2087557826768318,4.62,8.18,22.74,0.42,4.71,0.46,0.11,10.05,3.39,2.17,1.94,0.22
1932-08-31,0.71,0.52,0.17,0.09,0.31,0.35,0.08,0.85,1.25,0.14,0.53,0.26,0.5845684999485671,2.19,4.93,11.11,0.17,3.35,0.35,0.09,2.43,0.96,0.81,1.45,0.11
1932-09-30,0.65,0.18,0.06,0.03,0.29,0.33,0.07,2.62,1.96,0.13,0.42,0.18,0.27999651419625593,1.47,3.15,8.1,0.14,6.4,0.33,0.08,1.59,1.01,0.58,1.12,0.04
1932-10-31,0.28,2.25,0.74,0.38,0.52,0.59,0.48,3.32,0.5,0.06,0.24,0.1,0.6983366068933456,1.89,3.56,7.77,0.12,2.92,0.59,0.15,6.89,0.35,1.3,0.38,0.47
1932-11-30,0.89,1.4,0.46,0.24,0.48,0.55,0.76,5.03,1.3,0.18,0.26,0.38,1.0273912022361262,1.86,4.49,7.81,0.19,1.87,0.55,0.14,4.92,1.1,2.02,1.25,0.29
1932-12-31,1.59,2.77,0.91,0.47,0.62,0.71,1.14,6.77,1.23,0.33,0.29,0.95,1.923210425249646,2.33,5.99,8.24,0.28,3.67,0.71,0.18,2.41,1.87,2.57,2.47,0.57
1933-01-31,1.81,4.23,1.39,0.72,0.65,0.74,1.85,5.25,1.13,0.37,0.3,1.18,1.9206656870779542,3.24,7.05,8.54,0.41,5.95,0.74,0.19,1.75,2.28,2.72,2.83,0.87
1933-02-28,0.94,4.99,1.64,0.85,0.73,0.83,1.76,4.95,0.55,0.19,0.28,0.62,1.374366812726457,4.96,7.18,8.69,0.72,7.3,0.83,0.21,5.69,1.22,2.77,1.45,1.03
1933-03-31,2.97,10.18,3.35,1.73,2.31,2.64,4.71,9.5,1.72,0.61,0.49,2.04,5.43974368500139,15.19,22.88,23.97,4.81,16.34,2.64,0.66,12.56,3.88,7.68,5.09,2.11
1933-04-30,6.68,3.77,1.24,0.64,4.27,4.88,3.22,24.88,4.0,1.37,5.88,5.24,4.58842406636602,20.23,44.41,47.58,4.38,6.57,4.88,1.22,20.27,9.47,15.94,12.39,0.78
1933-05-31,11.66,3.92,1.29,0.67,2.91,3.33,1.95,11.28,10.08,2.39,14.71,11.3,2.400076925417274,23.62,40.68,68.8,4.03,9.01,3.33,0.83,14.59,23.92,20.51,17.68,0.81
1933-06-30,14.13,1.06,0.35,0.18,1.0,1.14,0.35,0.0,22.06,2.9,18.47,11.64,0.714524867725757,16.76,17.87,70.51,1.2,3.23,1.14,0.29,0.0,32.84,12.78,14.36,0.22
1933-07-31,2.7,0.73,0.24,0.12,0.2,0.23,0.11,0.0,5.37,0.55,1.14,1.96,0.2018581539715676,3.09,3.24,14.23,0.23,2.4,0.23,0.06,0.0,6.09,1.55,2.82,0.15
1933-08-31,1.78,0.64,0.21,0.11,0.17,0.19,0.07,0.0,3.87,0.36,0.3,0.93,0.18749384883573583,1.46,2.48,8.09,0.09,2.82,0.19,0.05,0.0,3.34,0.64,2.47,0.13
1933-09-30,0.51,0.18,0.06,0.03,0.2,0.23,0.05,1.77,1.36,0.11,0.35,0.14,0.3720705569806668,1.24,2.0,6.56,0.09,2.89,0.23,0.06,1.12,0.79,0.46,0.94,0.04
1933-10-31,1.27,1.28,0.42,0.22,0.56,0.64,0.68,3.37,1.83,0.26,0.36,0.54,0.915852154230149,2.33,3.96,8.86,0.23,1.65,0.64,0.16,3.44,1.56,1.66,1.77,0.26
1933-11-30,2.37,1.55,0.51,0.26,0.55,0.63,0.78,4.36,1.71,0.48,0.6,1.47,0.9121205077876953,2.42,4.72,8.5,0.23,2.06,0.63,0.16,0.0,2.84,2.36,3.71,0.32
1933-12-31,3.56,9.03,2.97,1.53,1.4,1.6,4.05,9.08,2.06,0.73,0.96,2.39,5.012623674905194,9.42,14.28,18.35,1.33,12.65,1.6,0.4,4.88,4.63,5.81,5.72,1.87
1934-01-31,3.33,8.97,2.95,1.52,2.24,2.56,5.14,14.26,1.92,0.68,1.42,2.37,3.7868448397922867,12.28,21.62,23.97,2.27,13.7,2.56,0.64,10.11,4.42,7.64,6.16,1.86
1934-02-28,4.61,8.51,2.8,1.45,2.65,3.03,5.84,15.0,2.83,0.95,2.33,3.89,7.716358184432648,13.6,26.68,29.33,3.66,14.35,3.03,0.76,9.13,6.94,9.71,8.61,1.76
1934-03-31,10.48,3.65,1.2,0.62,2.91,3.33,3.53,15.48,9.19,2.15,9.82,10.17,4.681339168192519,18.22,37.33,55.66,2.43,7.11,3.33,0.83,5.41,21.78,17.6,15.66,0.75
1934-04-30,10.62,0.82,0.27,0.14,0.84,0.96,1.28,0.0,15.39,2.17,12.06,8.96,1.285835360680537,11.43,13.01,46.82,1.09,2.02,0.96,0.24,0.0,24.85,10.4,10.83,0.17
1934-05-31,4.21,1.58,0.52,0.27,0.31,0.35,0.33,1.24,8.35,0.86,5.27,3.09,0.6311422903088372,6.39,4.33,26.11,0.72,3.82,0.35,0.09,3.78,9.55,4.07,4.29,0.33
1934-06-30,1.63,1.09,0.36,0.19,0.14,0.16,0.18,1.2,3.35,0.33,1.39,1.12,0.32686806347771485,3.03,2.0,12.29,0.31,3.32,0.16,0.04,3.06,3.59,1.54,1.81,0.23
1934-07-31,0.81,1.0,0.33,0.17,0.11,0.13,0.1,0.58,1.85,0.17,0.31,0.43,0.16179592020971612,1.52,1.71,7.1,0.09,3.42,0.13,0.03,0.9,1.63,0.61,0.93,0.21
1934-08-31,0.0,0.64,0.21,0.11,0.12,0.14,0.06,1.24,0.0,0.0,0.16,0.0,0.34815461410974174,1.11,1.58,5.37,0.05,3.27,0.14,0.03,3.24,0.0,0.4,0.0,0.13
1934-09-30,0.88,0.15,0.05,0.03,0.15,0.17,0.05,0.0,2.03,0.18,0.11,0.3,0.27883620381025764,1.17,1.41,5.21,0.06,2.54,0.17,0.04,0.0,1.27,0.36,1.72,0.03
1934-10-31,0.79,0.49,0.16,0.08,0.48,0.55,0.8,1.13,1.45,0.16,0.43,0.27,0.975419033738478,1.38,3.52,6.4,0.2,0.72,0.55,0.14,2.66,0.98,0.91,1.02,0.1
1934-11-30,4.16,3.83,1.26,0.65,1.01,1.15,2.18,0.0,4.0,0.85,1.35,2.34,2.328698969342307,5.44,9.36,14.23,1.17,5.71,1.15,0.29,0.0,4.93,3.17,6.22,0.79
1934-12-31,3.56,5.26,1.73,0.89,1.11,1.27,2.27,7.2,2.19,0.73,1.6,2.38,2.8763806080083896,5.54,10.67,14.93,1.29,7.98,1.27,0.32,0.99,4.52,4.22,5.5,1.09
1935-01-31,2.5,15.6,5.13,2.65,1.85,2.11,8.85,0.0,1.49,0.51,2.33,1.68,9.103370814083352,18.75,21.65,21.79,3.7,24.37,2.11,0.53,14.76,3.23,7.09,3.87,3.23
1935-02-28,2.87,11.28,3.71,1.92,2.79,3.19,6.75,12.3,1.7,0.59,2.82,2.03,4.297766939062491,14.75,29.71,28.94,4.85,19.11,3.19,0.8,20.15,3.75,9.45,5.08,2.33
1935-03-31,5.08,19.37,6.37,3.29,3.53,4.03,11.06,10.36,3.03,1.04,2.92,3.72,9.545815271694558,20.3,37.35,32.83,5.54,34.24,4.03,1.01,11.5,6.76,10.76,9.31,4.01
1935-04-30,14.14,29.21,9.61,4.96,12.42,14.19,19.8,34.82,9.18,2.9,12.99,12.72,22.71317101493488,78.26,142.64,135.13,21.47,62.55,14.19,3.55,81.47,23.14,46.35,25.42,6.05
1935-05-31,26.5,5.08,1.67,0.86,4.35,4.97,3.76,17.58,33.78,5.43,30.35,24.4,4.17588817525926,45.45,85.28,151.14,5.76,15.99,4.97,1.24,21.29,60.48,38.87,29.87,1.05
1935-06-30,13.41,2.43,0.8,0.41,1.23,1.41,0.46,13.31,25.32,2.75,19.6,10.38,0.6813740092502416,13.89,27.7,89.2,0.9,9.81,1.41,0.35,17.14,30.41,13.89,13.03,0.5
1935-07-31,1.83,0.79,0.26,0.13,0.38,0.43,0.15,1.62,4.25,0.38,2.21,1.04,0.511616853092704,2.89,7.69,19.95,0.25,3.7,0.43,0.11,4.85,3.83,1.74,1.9,0.16
1935-08-31,0.55,1.03,0.34,0.18,0.31,0.35,0.08,1.43,1.29,0.11,0.44,0.29,0.7155809995818885,1.84,4.85,10.64,0.1,6.38,0.35,0.09,2.66,0.93,0.76,0.8,0.21
1935-09-30,1.42,0.15,0.05,0.03,0.28,0.32,0.08,0.0,3.36,0.29,0.2,0.46,0.22245889415475517,1.71,3.15,7.95,0.09,9.02,0.32,0.08,0.0,2.05,0.57,2.74,0.03
1935-10-31,1.73,4.1,1.35,0.7,0.36,0.41,0.85,4.31,3.17,0.35,0.22,0.6,1.0368592018975293,2.51,5.34,9.41,0.3,6.16,0.41,0.1,0.64,2.14,1.34,2.24,0.85
1935-11-30,1.46,0.94,0.31,0.16,0.2,0.23,0.99,13.3,1.16,0.3,0.26,0.89,1.1005384159595206,2.68,6.14,9.19,0.32,1.45,0.23,0.06,3.69,1.72,2.02,2.19,0.2
1935-12-31,0.81,4.53,1.49,0.77,0.23,0.26,1.6,21.6,0.64,0.17,0.32,0.49,1.6403848639412244,3.62,7.53,10.22,0.7,6.97,0.26,0.07,8.72,0.95,2.72,1.24,0.94
1936-01-31,8.44,26.05,8.57,4.42,9.74,11.13,15.72,13.59,5.47,1.73,2.04,5.56,14.625105045273285,39.52,62.0,63.95,13.2,42.1,11.13,2.78,35.91,10.58,20.5,12.97,5.39
1936-02-29,5.23,51.53,16.95,8.75,14.94,17.07,23.07,70.25,3.12,1.07,2.65,3.7,22.96894531127212,64.21,94.38,80.87,20.6,96.54,17.07,4.27,67.15,6.83,26.91,9.28,10.66
1936-03-31,12.65,10.37,3.41,1.76,2.45,2.8,6.83,0.0,7.86,2.59,7.68,10.3,8.261677353828688,32.69,81.14,72.99,7.44,24.29,2.8,0.7,16.8,18.16,25.29,23.27,2.15
1936-04-30,18.12,9.48,3.12,1.61,2.19,2.5,4.34,0.0,15.77,3.71,20.0,17.76,3.9220424590596537,46.16,98.22,119.25,8.35,30.35,2.5,0.63,34.54,36.49,37.96,27.47,1.96
1936-05-31,23.45,2.49,0.82,0.42,1.14,1.3,0.85,7.19,33.02,4.8,36.29,20.67,1.3965774567512668,28.84,54.75,130.6,2.45,10.38,1.3,0.33,13.49,54.34,28.19,23.95,0.52
1936-06-30,12.76,1.52,0.5,0.26,0.72,0.82,0.37,4.4,25.24,2.61,17.24,9.71,0.5524555159509958,13.28,20.99,68.61,1.41,7.84,0.82,0.21,0.0,28.79,8.99,12.27,0.31
1936-07-31,2.69,0.36,0.12,0.06,0.15,0.17,0.15,0.0,6.21,0.55,1.57,1.57,0.38121233009697875,3.96,8.16,20.32,0.39,5.86,0.17,0.04,0.0,5.62,1.77,2.8,0.08
1936-08-31,0.31,0.0,0.0,0.0,0.15,0.17,0.08,3.55,0.73,0.06,0.39,0.17,0.8008615065029403,2.22,5.49,11.61,0.15,5.31,0.17,0.04,4.69,0.43,0.83,0.54,0.0
1936-09-30,1.69,0.55,0.18,0.09,0.16,0.18,0.09,3.95,4.02,0.35,0.24,0.56,0.25356263350608543,1.82,3.86,9.41,0.14,2.48,0.18,0.05,0.0,2.44,0.68,3.11,0.11
1936-10-31,0.76,1.37,0.45,0.23,0.36,0.41,0.7,2.7,1.38,0.16,0.37,0.26,0.8845650214205554,1.83,4.31,8.29,0.13,1.96,0.41,0.1,5.06,0.94,1.17,1.01,0.28
1936-11-30,0.0,1.09,0.36,0.19,0.3,0.34,0.93,0.0,0.0,0.0,0.15,0.0,1.0356852809758437,1.83,5.4,8.18,0.18,1.65,0.34,0.09,10.54,0.0,2.04,0.0,0.23
1936-12-31,1.19,3.92,1.29,0.67,0.4,0.46,1.15,8.15,1.4,0.24,0.13,0.6,1.2367931412281348,2.47,6.02,8.82,0.28,5.86,0.46,0.11,5.16,1.44,2.33,1.72,0.81
1937-01-31,1.75,3.89,1.28,0.66,1.32,1.51,1.84,10.92,1.37,0.36,0.17,1.06,2.7073405241864026,2.77,7.39,8.88,0.42,5.92,1.51,0.38,2.46,2.05,2.86,2.67,0.81
1937-02-28,3.02,27.88,9.17,4.73,10.37,11.85,5.76,69.14,1.91,0.62,0.95,1.99,5.606688612111456,21.13,25.96,27.27,5.24,45.32,11.85,2.96,19.38,3.8,8.83,4.64,5.77
1937-03-31,5.6,26.97,8.87,4.58,9.86,11.27,12.69,33.85,3.3,1.15,2.21,3.87,10.617881184255502,27.51,47.44,43.87,7.89,50.31,11.27,2.82,23.74,7.29,14.32,9.5,5.58
1937-04-30,9.91,14.26,4.69,2.42,5.71,6.53,11.55,0.0,6.12,2.03,8.89,8.13,14.360597442956134,44.58,88.13,83.9,12.83,34.26,6.53,1.63,47.51,14.47,28.76,18.26,2.95
1937-05-31,26.96,3.8,1.25,0.65,2.12,2.42,3.79,0.0,31.26,5.52,34.74,24.84,3.613310282154466,43.46,84.29,150.77,6.86,13.14,2.42,0.61,20.94,59.31,39.76,33.55,0.79
1937-06-30,9.49,1.64,0.54,0.28,0.7,0.8,0.66,3.98,17.79,1.94,11.31,7.33,1.1034499669301354,12.2,16.1,60.69,1.05,6.69,0.8,0.2,9.89,21.58,9.09,9.38,0.34
1937-07-31,1.69,1.16,0.38,0.2,0.12,0.14,0.16,0.29,3.57,0.35,1.33,1.16,0.22447759385296703,3.61,6.09,17.49,0.34,5.67,0.14,0.03,4.72,3.68,1.61,1.71,0.24
1937-08-31,1.68,0.24,0.08,0.04,0.07,0.08,0.08,0.0,3.73,0.34,0.19,0.85,0.6892467127875718,2.04,4.2,10.07,0.15,5.09,0.08,0.02,0.0,3.07,0.75,2.35,0.05
1937-09-30,0.81,0.06,0.02,0.01,0.07,0.08,0.08,2.59,2.08,0.17,0.08,0.23,0.28180030917400956,1.67,2.93,7.81,0.12,4.78,0.08,0.02,0.3,1.22,0.56,1.49,0.01
1937-10-31,1.8,1.88,0.62,0.32,0.51,0.58,1.07,5.18,3.34,0.37,0.34,0.63,1.232189397357416,2.27,4.2,6.9,0.26,2.81,0.58,0.15,0.0,2.22,0.99,2.26,0.39
1937-11-30,2.51,5.17,1.7,0.88,2.99,3.42,5.91,19.14,2.58,0.51,1.16,1.39,6.083073803678693,8.08,15.04,22.08,1.5,7.95,3.42,0.85,12.82,2.99,4.38,3.67,1.07
1937-12-31,21.29,15.75,5.18,2.67,7.56,8.64,23.38,0.0,13.62,4.36,18.26,14.46,24.441923644082966,45.82,102.79,104.59,7.19,24.72,8.64,2.16,19.07,27.01,32.93,34.78,3.26
1938-01-31,3.45,10.34,3.4,1.76,3.14,3.59,8.87,24.23,2.07,0.71,2.73,2.54,5.356650964952568,12.72,29.13,24.19,4.72,16.27,3.59,0.9,9.71,4.56,8.01,6.26,2.14
1938-02-28,4.82,48.09,15.82,8.17,19.57,22.37,36.39,83.28,3.02,0.99,2.01,3.96,29.275942621586537,37.78,75.59,61.97,11.66,85.86,22.37,5.59,45.8,6.79,20.55,8.93,9.95
1938-03-31,5.3,43.72,14.38,7.42,19.71,22.53,33.5,59.3,3.35,1.09,3.38,4.46,36.91176650558852,80.34,154.59,128.49,26.17,90.79,22.53,5.63,124.52,7.79,44.45,9.61,9.05
1938-04-30,12.44,14.74,4.85,2.5,6.39,7.3,11.8,0.0,8.39,2.55,12.73,11.88,10.637906504509644,66.6,124.67,129.23,16.14,48.06,7.3,1.83,83.03,21.61,43.33,22.26,3.05
1938-05-31,35.03,4.89,1.61,0.83,2.62,2.99,3.88,2.04,43.26,7.17,47.05,33.01,5.771632114530419,73.61,126.19,217.42,10.94,23.16,2.99,0.75,47.4,79.29,54.53,40.21,1.01
1938-06-30,25.96,0.27,0.09,0.05,0.61,0.7,0.9,29.86,46.03,5.32,38.72,20.94,1.203797490786897,31.73,54.71,152.22,2.35,4.97,0.7,0.17,7.27,59.32,23.84,24.67,0.06
1938-07-31,5.59,0.09,0.03,0.02,0.19,0.22,0.23,0.0,12.32,1.15,5.33,3.68,1.6326079419898318,7.16,17.63,39.41,0.57,3.82,0.22,0.05,0.0,12.05,3.38,5.58,0.02
1938-08-31,1.43,0.0,0.0,0.0,0.08,0.09,0.14,0.0,3.26,0.29,0.7,0.75,0.8463591848786791,3.33,7.51,15.19,0.25,6.11,0.09,0.02,0.0,2.33,1.1,2.24,0.0
1938-09-30,1.85,0.58,0.19,0.1,0.24,0.27,0.14,0.0,4.58,0.38,0.31,0.54,0.3769945702984075,2.47,4.77,10.68,0.21,2.56,0.27,0.07,0.0,2.72,0.77,3.34,0.12
1938-10-31,1.67,2.16,0.71,0.37,0.42,0.48,0.99,0.0,2.0,0.34,0.33,0.81,1.3763194698655867,3.21,6.43,13.83,0.38,2.82,0.48,0.12,8.43,2.03,2.96,2.47,0.45
1938-11-30,1.0,2.61,0.86,0.44,0.18,0.21,1.32,2.59,0.75,0.2,0.5,0.61,2.3491961346201924,3.69,9.9,13.69,0.54,3.51,0.21,0.05,12.45,1.18,4.32,1.58,0.54
1938-12-31,1.76,3.25,1.07,0.55,0.24,0.27,1.82,0.0,1.01,0.36,0.37,1.16,1.6571222239383707,4.43,10.7,13.17,0.8,4.35,0.27,0.07,7.51,2.28,4.17,2.76,0.67
1939-01-31,2.59,3.95,1.3,0.67,0.96,1.1,1.87,4.38,1.48,0.53,0.38,1.77,1.5209635412818567,5.0,11.4,12.84,0.96,5.76,1.1,0.27,2.39,3.39,4.08,4.43,0.82
1939-02-28,1.36,6.08,2.0,1.03,1.37,1.57,1.72,18.03,0.78,0.28,0.34,0.95,2.0115775682157064,6.15,10.32,11.52,1.21,9.11,1.57,0.39,7.0,1.8,3.75,2.49,1.26
1939-03-31,5.8,10.34,3.4,1.76,3.09,3.53,3.47,26.75,3.54,1.19,2.25,4.9,5.1397706525155336,20.75,31.94,38.25,5.74,17.1,3.53,0.88,14.76,8.85,12.82,10.87,2.14
1939-04-30,11.85,3.68,1.21,0.62,0.93,1.06,1.88,0.0,12.73,2.43,13.88,10.99,2.653397354059855,20.53,27.67,63.13,3.6,7.18,1.06,0.27,7.84,26.18,17.02,15.47,0.76
1939-05-31,7.06,1.92,0.63,0.33,0.58,0.66,0.64,6.18,11.17,1.45,7.81,5.73,0.8091249054407221,8.4,7.21,34.87,0.88,4.63,0.66,0.17,0.0,16.4,6.4,7.34,0.4
1939-06-30,2.44,1.12,0.37,0.19,0.27,0.31,0.2,12.03,4.79,0.5,1.66,1.76,0.42054774377759685,3.28,1.92,13.92,0.31,3.18,0.31,0.08,0.65,5.54,1.81,2.49,0.23
1939-07-31,0.78,1.0,0.33,0.17,0.34,0.39,0.09,0.0,1.65,0.16,0.23,0.5,0.17721016427770309,1.67,1.71,8.37,0.11,3.25,0.39,0.1,3.15,1.67,0.83,0.84,0.21
1939-08-31,0.0,0.73,0.24,0.12,0.22,0.25,0.06,0.0,0.0,0.0,0.16,0.0,0.12791008124584025,1.2,1.66,6.4,0.07,3.26,0.25,0.06,4.92,0.0,0.5,0.0,0.15
1939-09-30,1.4,0.18,0.06,0.03,0.27,0.31,0.05,0.0,3.18,0.29,0.08,0.59,0.39157831809913546,1.2,1.58,5.96,0.08,2.93,0.31,0.08,0.0,2.39,0.41,2.25,0.04
1939-10-31,2.07,1.22,0.4,0.21,0.3,0.34,0.79,0.0,3.57,0.42,0.36,0.78,0.9327828422730814,2.33,4.54,7.84,0.45,1.74,0.34,0.09,0.0,2.56,1.12,2.71,0.25
1939-11-30,0.96,0.97,0.32,0.17,0.03,0.03,0.74,13.53,0.76,0.2,0.22,0.58,0.8737674745004529,1.64,3.75,6.46,0.33,1.43,0.03,0.01,2.29,1.13,0.92,1.46,0.2
1939-12-31,1.91,1.43,0.47,0.24,0.0,0.0,1.9,7.58,1.52,0.39,0.43,1.16,1.9682421856731216,2.67,6.87,9.22,0.46,2.17,0.0,0.0,2.05,2.23,2.46,2.92,0.3
1940-01-31,11.7,22.56,7.42,3.83,7.57,8.65,16.75,5.37,7.32,2.4,6.69,7.9,17.870927780423113,39.53,70.22,73.91,9.45,34.84,8.65,2.16,32.4,14.88,23.22,18.66,4.67
1940-02-29,10.29,35.93,11.82,6.1,10.75,12.29,33.41,29.69,6.25,2.11,7.0,7.84,27.05040951979992,66.44,128.58,108.77,18.69,63.08,12.29,3.07,73.6,13.94,36.34,18.92,7.44
1940-03-31,22.41,33.05,10.87,5.61,10.8,12.34,23.51,0.0,17.92,4.59,17.7,21.36,26.35245911181106,84.12,154.38,155.87,19.97,67.93,12.34,3.09,53.8,42.12,52.46,36.06,6.84
1940-04-30,14.99,9.61,3.16,1.63,3.83,4.38,6.07,15.8,19.37,3.07,21.13,13.83,6.15196107715505,46.02,68.28,122.76,7.78,29.78,4.38,1.09,59.01,34.3,31.24,16.61,1.99
1940-05-31,21.83,2.55,0.84,0.43,0.91,1.04,0.81,18.77,36.87,4.47,33.28,17.89,1.2300220283021444,21.18,42.7,115.47,1.54,10.62,1.04,0.26,0.0,50.17,20.49,21.04,0.53
1940-06-30,5.68,1.31,0.43,0.22,0.23,0.26,0.29,11.79,12.01,1.16,8.77,3.99,0.3611921294725704,5.63,14.8,41.92,0.6,6.22,0.26,0.07,5.08,12.52,4.81,5.59,0.27
1940-07-31,2.04,0.97,0.32,0.17,0.0,0.0,0.14,0.0,4.63,0.42,0.75,1.06,0.8513657679951478,2.71,6.53,14.88,0.22,5.92,0.0,0.0,0.0,3.67,1.22,2.74,0.2
1940-08-31,0.47,0.0,0.0,0.0,0.05,0.06,0.1,1.49,0.78,0.1,0.15,0.14,0.8012749661486821,2.01,4.63,9.75,0.12,6.82,0.06,0.01,3.14,0.64,0.7,0.97,0.0
1940-09-30,0.88,0.3,0.1,0.05,0.12,0.14,0.12,3.03,2.62,0.18,0.2,0.25,0.3180454062680269,1.86,3.87,9.16,0.15,4.36,0.14,0.03,0.72,1.36,0.66,1.41,0.06
1940-10-31,0.0,1.09,0.36,0.19,0.34,0.39,1.16,0.09,0.0,0.0,0.29,0.0,1.3424489116867142,2.0,3.43,9.48,0.24,1.58,0.39,0.1,9.94,0.0,1.36,0.0,0.23
1940-11-30,5.69,2.95,0.97,0.5,0.75,0.86,1.38,0.0,6.55,1.17,1.23,2.96,1.6268845886191758,4.69,7.69,18.12,0.75,4.43,0.86,0.21,0.0,6.79,4.16,8.21,0.61
1940-12-31,7.36,19.76,6.5,3.36,6.01,6.87,18.12,0.0,4.65,1.51,4.38,4.9,21.59277094706708,31.85,79.04,60.9,8.39,30.73,6.87,1.72,37.06,9.3,19.1,11.3,4.09
1941-01-31,6.91,30.67,10.09,5.21,9.44,10.79,29.76,57.42,4.13,1.42,3.01,4.87,18.374425899624317,38.08,82.82,59.34,12.67,52.21,10.79,2.7,32.14,9.0,19.56,12.08,6.35
1941-02-28,7.31,29.64,9.75,5.03,9.45,10.8,31.84,32.1,4.46,1.5,5.7,5.64,32.441257017164745,59.52,124.48,87.58,16.29,54.64,10.8,2.7,61.41,9.96,29.62,13.43,6.13
1941-03-31,10.28,19.33,6.36,3.28,6.23,7.12,18.71,22.5,6.69,2.11,7.52,9.23,21.31710413933635,42.59,95.51,82.82,10.25,40.46,7.12,1.78,37.92,16.21,29.17,18.9,4.0
1941-04-30,12.24,16.78,5.52,2.85,5.45,6.23,11.3,19.59,10.72,2.51,10.77,12.02,10.141795685751703,39.09,89.57,83.66,8.73,45.85,6.23,1.56,26.53,25.04,26.07,18.07,3.47
1941-05-31,30.79,4.07,1.34,0.69,2.68,3.06,2.35,6.95,41.89,6.31,41.12,27.71,3.6272664692397143,42.68,93.82,177.64,6.39,17.22,3.06,0.77,23.77,70.82,40.65,32.49,0.84
1941-06-30,12.36,2.1,0.69,0.36,0.63,0.72,0.66,0.0,24.56,2.53,17.05,9.43,0.8755577725578689,14.39,26.73,77.06,1.45,10.06,0.72,0.18,5.22,27.86,10.26,11.81,0.43
1941-07-31,5.58,0.91,0.3,0.15,0.29,0.33,0.19,29.3,12.25,1.14,2.69,3.39,1.333874238599819,5.61,9.32,26.57,0.63,6.61,0.33,0.08,0.0,11.16,2.33,6.52,0.19
1941-08-31,0.78,0.0,0.0,0.0,0.28,0.32,0.14,0.64,1.77,0.16,0.55,0.23,0.9294871954325714,3.19,4.68,14.09,0.32,8.03,0.32,0.08,2.99,1.15,1.01,1.48,0.0
1941-09-30,0.48,0.46,0.15,0.08,0.22,0.25,0.14,4.24,1.54,0.1,0.33,0.13,0.36567343362838756,2.37,3.94,10.5,0.27,4.2,0.25,0.06,4.41,0.74,0.76,0.68,0.09
1941-10-31,0.0,2.4,0.79,0.41,0.31,0.35,1.13,4.3,0.0,0.0,0.36,0.0,1.3319991514412965,2.38,4.41,9.89,0.31,3.53,0.35,0.09,10.6,0.0,1.42,0.0,0.5
1941-11-30,5.07,3.07,1.01,0.52,0.63,0.72,1.69,10.39,6.21,1.04,0.66,2.55,1.8565179816077104,3.86,6.01,13.03,0.63,4.74,0.72,0.18,0.0,6.08,2.65,7.21,0.64
1941-12-31,13.76,19.91,6.55,3.38,6.3,7.2,20.29,0.0,8.71,2.82,8.6,9.28,21.141460006752215,35.58,83.23,78.27,8.47,31.03,7.2,1.8,26.49,17.45,24.27,21.92,4.12
1942-01-31,11.5,27.79,9.14,4.72,7.45,8.51,23.85,29.15,7.01,2.35,7.13,8.79,15.457805172443607,56.15,109.9,98.01,15.26,47.25,8.51,2.13,51.24,15.59,32.51,21.12,5.75
1942-02-28,7.3,33.29,10.95,5.65,11.37,12.99,27.64,49.5,4.74,1.5,4.4,6.51,30.80560128967684,55.29,126.46,88.69,16.27,60.73,12.99,3.25,62.2,11.44,30.54,13.35,6.89
1942-03-31,4.92,12.49,4.11,2.12,3.21,3.67,6.49,22.07,3.31,1.01,4.06,4.69,7.26800142813795,24.71,38.79,49.98,5.87,25.93,3.67,0.92,29.79,8.26,17.67,9.11,2.59
1942-04-30,14.45,20.73,6.82,3.52,6.54,7.47,9.52,20.54,13.77,2.96,13.85,14.36,8.84205134613029,54.71,102.26,114.9,11.7,48.7,7.47,1.87,49.67,31.01,36.47,19.86,4.29
1942-05-31,21.62,10.12,3.33,1.72,3.93,4.49,2.09,15.19,29.72,4.43,26.52,19.41,3.3107728201384674,50.74,90.61,137.98,9.87,34.29,4.49,1.12,33.39,49.85,32.56,22.48,2.09
1942-06-30,19.48,3.07,1.01,0.52,1.17,1.34,0.96,0.0,34.88,3.99,27.22,15.62,1.3888179568386079,30.0,41.44,128.23,3.31,14.21,1.34,0.33,23.83,44.47,20.93,18.63,0.64
1942-07-31,4.83,1.09,0.36,0.19,0.4,0.46,0.25,0.0,10.34,0.99,3.78,3.35,0.8702545219119173,7.85,11.29,38.89,0.92,7.7,0.46,0.11,2.74,10.56,3.75,4.72,0.23
1942-08-31,1.21,0.0,0.0,0.0,0.37,0.42,0.13,0.84,2.86,0.25,0.46,0.65,1.0923688775295943,3.42,3.91,16.72,0.42,7.17,0.42,0.11,1.61,2.52,1.2,1.27,0.0
1942-09-30,2.6,0.3,0.1,0.05,0.36,0.41,0.13,0.0,6.2,0.53,0.24,0.99,0.3592777799507303,2.59,3.53,11.57,0.28,5.78,0.41,0.1,0.0,3.85,0.83,4.58,0.06
1942-10-31,1.57,1.67,0.55,0.28,0.18,0.21,1.06,0.0,2.9,0.32,0.32,0.46,1.2841561208385814,2.49,5.23,10.31,0.3,2.45,0.21,0.05,5.2,1.4,1.48,0.0,0.35
1942-11-30,4.2,6.41,2.11,1.09,1.27,1.45,2.11,21.39,3.68,0.86,1.98,2.03,2.2161648972562213,14.56,21.47,31.55,3.07,9.86,1.45,0.36,20.64,4.71,7.78,4.69,1.33
1942-12-31,9.29,11.28,3.71,1.92,3.29,3.76,4.98,12.44,5.77,1.9,3.89,4.88,6.556228595453931,31.57,47.93,59.64,8.0,17.6,3.76,0.94,33.52,9.7,19.48,12.26,2.33
1943-01-31,11.81,39.22,12.9,6.66,11.66,13.33,18.06,51.37,7.14,2.42,9.95,7.46,13.207037934359144,63.43,126.19,108.03,19.23,66.77,13.33,3.33,72.05,13.82,36.04,19.04,8.11
1943-02-28,6.89,17.6,5.79,2.99,5.17,5.91,10.07,17.41,4.42,1.41,4.4,3.9,10.262355903606935,33.94,66.16,61.2,9.04,32.55,5.91,1.48,43.97,7.22,21.14,9.13,3.64
1943-03-31,11.91,33.77,11.11,5.74,11.03,12.61,16.03,27.38,9.24,2.44,11.41,10.09,19.008596151303927,69.31,127.97,124.51,19.25,74.6,12.61,3.15,86.32,20.32,41.43,19.64,6.99
1943-04-30,19.4,7.14,2.35,1.21,3.01,3.44,5.39,6.32,23.51,3.97,30.63,18.22,4.680116162536102,38.61,62.86,130.25,6.28,22.53,3.44,0.86,35.76,45.89,33.1,25.97,1.48
1943-05-31,21.14,3.74,1.23,0.64,1.29,1.47,1.14,9.06,34.53,4.33,26.11,15.06,1.8655524247642958,25.41,30.03,107.54,2.61,15.7,1.47,0.37,4.6,44.4,19.91,15.55,0.77
1943-06-30,7.88,1.85,0.61,0.31,1.05,1.2,0.45,6.35,16.36,1.61,9.09,4.41,0.6794764843511346,12.87,23.04,57.03,2.13,9.55,1.2,0.3,17.24,15.33,7.1,3.45,0.38
1943-07-31,2.38,0.4,0.13,0.07,0.47,0.54,0.21,0.0,5.62,0.49,1.51,0.81,0.2563958532969508,4.66,9.02,21.29,0.66,6.08,0.54,0.13,5.28,3.43,1.81,0.11,0.08
1943-08-31,0.98,0.0,0.0,0.0,0.45,0.51,0.11,0.0,1.74,0.2,0.36,0.64,1.0341296233266917,2.91,5.61,12.66,0.33,6.42,0.51,0.13,0.0,2.82,0.91,4.15,0.0
1943-09-30,0.73,0.61,0.2,0.1,0.33,0.38,0.11,0.0,2.34,0.15,0.21,0.07,0.3516114736488305,2.15,4.18,9.44,0.22,2.72,0.38,0.09,3.92,0.42,0.68,0.0,0.13
1943-10-31,1.64,2.01,0.66,0.34,0.26,0.3,0.83,0.0,0.54,0.34,0.42,0.16,1.0719047103755255,2.55,2.99,10.26,0.32,2.8,0.3,0.07,8.94,0.51,1.81,0.32,0.42
1943-11-30,1.4,1.73,0.57,0.29,0.07,0.08,1.13,0.48,0.46,0.29,0.39,0.14,1.4554757095753632,2.76,3.2,10.23,0.39,2.45,0.08,0.02,10.6,0.43,2.72,0.29,0.36
1943-12-31,0.71,2.92,0.96,0.5,0.53,0.61,1.58,13.36,0.26,0.14,0.4,0.08,2.449024854808019,3.56,4.52,10.9,0.59,4.19,0.61,0.15,12.63,0.24,3.5,0.16,0.6
1944-01-31,0.77,5.81,1.91,0.99,1.17,1.34,2.3,16.41,0.36,0.16,0.41,0.16,2.238472355913193,6.92,10.31,14.38,1.64,8.38,1.34,0.33,16.46,0.43,4.61,0.39,1.2
1944-02-29,2.54,15.47,5.09,2.63,5.05,5.77,4.81,28.4,0.47,0.52,0.46,0.43,3.441701411257622,12.19,22.48,20.48,3.67,24.96,5.77,1.44,19.47,0.9,6.62,1.08,3.2
1944-03-31,4.22,15.44,5.08,2.62,4.68,5.35,6.41,34.67,2.89,0.87,1.34,3.0,7.783794230943373,21.11,40.94,35.68,6.01,27.78,5.35,1.34,20.42,6.0,11.76,7.9,3.2
1944-04-30,0.0,5.93,1.95,1.01,2.26,2.58,4.04,0.0,5.48,0.0,5.07,6.76,5.490271534153081,20.18,43.0,47.66,5.14,12.94,2.58,0.65,19.57,12.68,16.33,17.13,1.23
1944-05-31,27.83,3.59,1.18,0.61,1.09,1.25,2.26,0.0,25.03,5.7,26.48,18.9,2.2902496933503826,30.77,53.43,107.36,3.75,9.9,1.25,0.31,0.0,47.11,28.17,26.39,0.74
1944-06-30,10.37,1.61,0.53,0.27,0.48,0.55,0.41,4.88,11.97,2.12,9.99,4.38,0.754760906459726,10.64,15.37,47.58,1.03,5.94,0.55,0.14,13.96,14.3,7.59,4.85,0.33
1944-07-31,0.51,0.97,0.32,0.17,0.03,0.03,0.16,0.0,3.28,0.1,1.32,0.91,0.2802495803257052,3.28,5.01,16.43,0.32,4.11,0.03,0.01,8.51,3.31,1.78,1.24,0.2
1944-08-31,0.56,0.46,0.15,0.08,0.11,0.13,0.1,0.0,2.44,0.12,0.28,0.47,0.29392354335218945,1.98,2.67,9.68,0.16,3.35,0.13,0.03,1.08,2.0,0.76,1.0,0.09
1944-09-30,2.4,0.12,0.04,0.02,0.17,0.19,0.07,5.9,1.78,0.49,0.06,0.23,0.44875709896936294,1.6,2.11,7.66,0.13,4.0,0.19,0.05,0.0,1.08,0.54,0.47,0.03
1944-10-31,0.85,1.64,0.54,0.28,0.29,0.33,0.92,6.53,0.56,0.17,0.28,0.17,1.1668126492523967,1.89,2.08,8.55,0.22,2.35,0.33,0.08,7.19,0.52,1.21,0.35,0.34
1944-11-30,4.08,8.88,2.92,1.51,2.06,2.35,2.89,10.15,2.16,0.84,1.26,0.86,3.390701103384061,8.97,19.96,21.08,1.81,13.28,2.35,0.59,15.29,2.36,5.36,2.01,1.84
1944-12-31,5.22,7.33,2.41,1.24,1.71,1.95,5.13,5.79,3.45,1.07,2.53,3.28,6.27665867384661,12.69,29.94,33.54,2.75,11.05,1.95,0.49,15.43,6.73,10.9,8.75,1.52
1945-01-31,4.07,4.38,1.44,0.74,0.84,0.96,3.98,11.54,1.66,0.83,2.02,1.91,2.6571385226883244,8.36,15.27,23.56,2.05,7.1,0.96,0.24,11.99,3.65,7.7,5.32,0.91
1945-02-28,9.74,32.07,10.55,5.45,9.28,10.61,17.35,13.22,5.54,2.0,7.89,6.6,16.23397874446988,47.0,113.72,81.42,14.11,55.78,10.61,2.65,48.16,12.21,27.18,17.62,6.64
1945-03-31,7.03,13.83,4.55,2.35,3.87,4.42,6.68,25.37,2.27,1.44,3.26,2.86,7.983983269182019,19.55,43.68,38.64,4.82,27.84,4.42,1.11,22.78,5.39,13.52,7.33,2.86
1945-04-30,8.37,6.93,2.28,1.18,2.65,3.03,4.03,0.0,12.09,1.71,13.59,12.83,4.315007489873892,27.97,55.48,73.37,6.21,18.69,3.03,0.76,10.27,27.97,23.43,23.19,1.43
1945-05-31,21.21,3.37,1.11,0.57,1.31,1.5,1.96,0.0,29.45,4.34,30.58,17.9,2.3182562869833276,30.93,59.83,122.79,3.23,11.1,1.5,0.37,21.61,48.38,28.6,22.25,0.7
1945-06-30,9.21,2.16,0.71,0.37,0.65,0.74,0.5,6.64,18.03,1.89,11.81,6.23,0.8228873666772574,14.6,20.61,58.13,1.41,8.7,0.74,0.19,8.66,20.86,7.79,7.56,0.45
1945-07-31,3.79,1.09,0.36,0.19,0.02,0.02,0.19,0.67,5.57,0.78,1.09,1.27,0.2660415440762449,4.48,7.81,18.78,0.39,5.34,0.02,0.01,0.0,4.96,1.65,2.2,0.23
1945-08-31,1.7,0.24,0.08,0.04,0.24,0.27,0.1,3.74,3.63,0.35,0.44,0.57,0.7326956887619929,2.48,4.36,10.86,0.17,4.15,0.27,0.07,0.0,2.47,0.78,1.37,0.05
1945-09-30,0.39,0.06,0.02,0.01,0.24,0.27,0.09,3.74,0.85,0.08,0.23,0.09,0.3549059248827362,1.82,4.54,8.13,0.14,5.16,0.27,0.07,4.46,0.5,0.58,0.19,0.01
1945-10-31,1.13,3.16,1.04,0.54,0.4,0.46,1.26,0.0,1.28,0.23,0.57,0.39,1.5293006449617506,3.88,6.85,11.95,0.39,4.63,0.46,0.11,8.89,1.19,1.72,0.81,0.65
1945-11-30,5.19,6.54,2.15,1.11,1.32,1.51,3.11,3.81,2.43,1.06,1.77,1.46,3.747334858618098,11.4,19.9,23.3,2.32,9.86,1.51,0.38,13.86,3.43,6.34,3.69,1.35
1945-12-31,7.21,33.59,11.05,5.71,10.06,11.5,20.61,24.93,4.97,1.48,4.46,5.18,17.73571817900963,55.0,122.13,84.61,18.33,55.23,11.5,2.87,64.87,10.26,27.67,14.18,6.95
1946-01-31,7.14,12.89,4.24,2.19,3.88,4.43,8.81,21.38,2.62,1.46,4.3,3.09,10.414880365687278,29.13,51.79,51.77,7.51,23.11,4.43,1.11,37.25,5.69,17.41,8.17,2.67
1946-02-28,3.22,7.3,2.4,1.24,2.12,2.42,4.16,29.25,1.62,0.66,2.29,1.93,4.936696652025894,13.3,23.74,26.3,3.13,14.52,2.42,0.61,17.33,3.57,9.02,5.15,1.51
1946-03-31,6.28,12.43,4.09,2.11,3.64,4.16,3.78,8.43,4.58,1.29,5.06,5.8,4.483800546647053,27.25,50.39,49.05,6.65,26.47,4.16,1.04,19.09,11.02,17.22,14.71,2.57
1946-04-30,13.35,7.11,2.34,1.21,2.24,2.56,2.86,0.0,16.14,2.73,17.46,15.76,2.6211498349472677,38.47,62.73,94.49,6.73,20.54,2.56,0.64,15.11,35.43,29.31,26.43,1.47
1946-05-31,20.21,2.28,0.75,0.39,0.98,1.12,0.82,4.95,35.05,4.14,31.73,18.23,1.3755489760655237,33.3,36.37,128.69,2.21,9.17,1.12,0.28,19.82,51.96,26.42,22.1,0.47
1946-06-30,5.72,1.43,0.47,0.24,0.42,0.48,0.26,1.21,12.17,1.17,8.53,4.03,0.41173856691021626,10.57,10.96,51.29,0.68,6.13,0.48,0.12,20.34,13.84,6.66,5.11,0.3
1946-07-31,3.03,0.91,0.3,0.15,0.12,0.14,0.16,2.88,4.59,0.62,1.22,0.92,0.2051744910451916,3.73,5.23,18.29,0.3,4.55,0.14,0.03,1.99,3.86,1.6,1.79,0.19
1946-08-31,1.39,0.3,0.1,0.05,0.05,0.06,0.09,6.29,2.19,0.29,0.23,0.39,0.8163446663613172,2.25,3.54,10.94,0.15,4.85,0.06,0.01,0.0,1.55,0.78,1.02,0.06
1946-09-30,0.0,0.06,0.02,0.01,0.0,0.0,0.09,4.77,2.18,0.0,0.08,0.23,0.2843220427600315,2.1,3.14,8.88,0.15,5.56,0.0,0.0,3.09,1.27,0.64,0.49,0.01
1946-10-31,5.72,2.83,0.93,0.48,0.04,0.05,0.73,12.18,1.25,1.17,0.09,0.39,0.9605030042920522,2.08,2.79,9.25,0.24,3.88,0.05,0.01,0.97,1.19,1.6,0.77,0.59
1946-11-30,3.13,5.32,1.75,0.9,1.17,1.34,2.1,0.0,1.71,0.64,1.44,1.41,2.926945383525263,8.26,15.13,22.92,1.43,7.54,1.34,0.33,16.6,3.04,6.78,3.55,1.1
1946-12-31,2.81,6.29,2.07,1.07,1.41,1.61,2.87,19.0,1.18,0.57,1.49,1.23,3.2236340996054054,8.23,14.47,20.98,1.99,9.35,1.61,0.4,15.04,2.47,6.74,3.28,1.3
1947-01-31,2.81,2.64,0.87,0.45,0.19,0.22,1.72,10.26,0.62,0.58,0.86,0.72,1.233549169612349,3.89,4.86,12.68,0.64,4.15,0.22,0.05,7.64,1.39,4.09,1.96,0.55
1947-02-28,6.38,10.34,3.4,1.76,2.16,2.47,5.31,0.0,3.36,1.31,3.45,4.04,4.493800128563025,17.4,38.59,36.23,3.87,16.74,2.47,0.62,13.12,7.5,11.96,10.46,2.14
1947-03-31,8.13,14.26,4.69,2.42,4.19,4.79,6.17,7.82,4.58,1.66,6.25,6.03,8.034814297397345,28.03,68.16,58.59,7.84,25.77,4.79,1.2,29.59,11.75,19.55,13.92,2.95
1947-04-30,8.57,4.23,1.39,0.72,1.78,2.03,4.04,0.0,12.15,1.75,12.99,9.6,4.773281870142011,19.84,48.56,59.41,4.65,11.0,2.03,0.51,12.93,23.52,15.51,12.28,0.87
1947-05-31,9.11,1.16,0.38,0.2,0.32,0.37,0.48,8.09,16.39,1.87,14.24,8.32,0.7776719505611283,8.73,11.96,46.45,0.79,3.54,0.37,0.09,0.0,24.24,8.94,9.44,0.24
1947-06-30,5.08,1.12,0.37,0.19,0.46,0.53,0.29,11.0,6.39,1.04,3.62,2.18,0.5346368200295153,5.92,10.84,26.73,0.81,4.03,0.53,0.13,8.75,7.51,3.5,2.5,0.23
1947-07-31,0.69,0.73,0.24,0.12,0.15,0.17,0.14,3.12,3.43,0.14,0.57,0.85,0.23965155788991765,2.15,5.23,10.37,0.23,2.91,0.17,0.04,0.3,3.22,0.9,1.28,0.15
1947-08-31,1.66,0.61,0.2,0.1,0.13,0.15,0.08,6.99,1.63,0.34,0.25,0.31,0.31739591769862224,1.49,3.16,7.3,0.12,3.9,0.15,0.04,0.0,1.3,0.54,0.7,0.13
1947-09-30,1.5,0.12,0.04,0.02,0.2,0.23,0.06,6.4,1.72,0.31,0.11,0.21,0.3883746580607799,1.37,2.28,6.04,0.1,3.32,0.23,0.06,0.0,1.04,0.42,0.43,0.03
1947-10-31,1.61,3.5,1.15,0.59,0.42,0.48,1.78,0.0,2.64,0.33,0.06,1.0,2.071783130124655,4.36,9.73,12.8,0.73,5.0,0.48,0.12,4.63,2.8,2.17,2.28,0.72
1947-11-30,4.59,2.8,0.92,0.48,0.12,0.14,1.78,4.14,1.1,0.94,0.65,1.0,1.891571993683054,3.28,5.68,12.1,0.6,4.09,0.14,0.03,3.84,2.07,3.2,2.59,0.58
1947-12-31,2.16,2.31,0.76,0.39,0.0,0.0,1.43,14.63,0.62,0.44,0.52,0.56,2.055099084936689,2.22,5.79,9.19,0.38,3.42,0.0,0.0,5.57,1.16,2.83,1.45,0.48
1948-01-31,7.87,6.38,2.1,1.08,2.15,2.46,6.05,0.0,5.43,1.61,5.17,6.04,6.734450453643378,17.3,40.26,45.83,5.06,9.41,2.46,0.61,10.08,11.6,14.9,16.39,1.32
1948-02-29,1.86,4.13,1.36,0.7,0.52,0.59,2.56,14.29,1.07,0.38,1.46,1.27,1.6534673863542102,5.31,9.0,15.06,1.14,6.71,0.59,0.15,8.24,2.34,4.92,3.34,0.86
1948-03-31,2.16,10.0,3.29,1.7,4.05,4.63,8.74,22.26,1.26,0.44,1.49,1.53,5.638374247003195,10.97,20.97,20.95,3.05,16.33,4.63,1.16,13.47,2.82,6.89,4.09,2.07
1948-04-30,6.48,20.55,6.76,3.49,6.29,7.19,17.79,0.57,8.11,1.33,11.16,10.35,20.045919750865355,55.03,113.2,96.46,16.0,37.24,7.19,1.8,51.35,20.12,33.21,23.72,4.25
1948-05-31,22.45,10.06,3.31,1.71,2.68,3.06,7.9,21.02,24.02,4.6,23.61,17.12,8.4276438270971,41.99,86.75,121.07,7.85,23.24,3.06,0.77,26.76,43.69,32.81,22.73,2.08
1948-06-30,21.02,3.62,1.19,0.61,0.0,0.0,1.1,19.21,28.37,4.3,16.38,12.15,1.8075231352331187,19.34,31.45,89.73,1.98,11.93,0.0,0.0,0.0,37.41,15.54,14.74,0.75
1948-07-31,4.08,1.37,0.45,0.23,0.09,0.1,0.28,0.0,3.66,0.84,2.02,0.95,0.4021851787658406,4.76,7.64,24.22,0.57,5.68,0.1,0.03,10.49,3.49,2.52,1.47,0.28
1948-08-31,5.19,0.67,0.22,0.11,0.0,0.0,0.13,0.0,3.18,1.06,0.45,0.62,0.7967358668237239,2.53,5.49,11.9,0.24,4.9,0.0,0.0,0.0,2.64,0.9,1.26,0.14
1948-09-30,0.0,0.12,0.04,0.02,0.08,0.09,0.11,0.0,3.36,0.0,0.25,0.45,0.4431691628756198,1.85,4.14,8.56,0.17,4.63,0.09,0.02,0.0,2.07,0.61,1.1,0.03
1948-10-31,0.32,2.22,0.73,0.38,0.0,0.0,0.79,7.65,0.93,0.07,0.27,0.28,1.026493302995466,1.83,2.09,8.57,0.19,3.12,0.0,0.0,7.38,0.87,1.38,0.57,0.46
1948-11-30,0.83,2.74,0.9,0.46,0.11,0.13,1.25,8.12,1.08,0.17,0.59,0.53,1.5799768883119234,3.52,3.46,11.91,0.57,3.96,0.13,0.03,10.96,1.36,3.17,1.27,0.57
1948-12-31,1.38,5.44,1.79,0.92,3.55,4.06,2.1,26.84,0.25,0.28,0.48,0.23,3.215523759589784,4.73,8.13,10.98,0.92,7.98,4.06,1.01,11.47,0.48,3.52,0.6,1.13
1949-01-31,0.09,4.35,1.43,0.74,1.11,1.27,1.67,31.72,0.27,0.02,0.46,0.25,1.4621087870094414,3.53,2.11,9.08,0.6,6.42,1.27,0.32,10.34,0.52,2.91,0.65,0.9
1949-02-28,1.12,7.11,2.34,1.21,2.76,3.15,2.7,35.18,0.4,0.23,0.43,0.36,1.9159183313980908,7.33,6.85,10.31,1.51,11.61,3.15,0.79,9.59,0.76,3.32,0.91,1.47
1949-03-31,1.64,29.37,9.66,4.99,5.53,6.32,9.7,65.28,0.99,0.34,0.64,0.92,10.37775969060063,27.13,42.19,32.16,7.64,52.4,6.32,1.58,32.68,1.91,10.42,2.35,6.08
1949-04-30,16.26,5.62,1.85,0.96,6.27,7.17,5.05,0.0,13.36,3.33,6.8,15.7,6.405241065802517,47.12,70.83,88.72,10.41,13.98,7.17,1.79,1.34,31.19,29.57,35.63,1.16
1949-05-31,17.7,3.62,1.19,0.61,1.12,1.28,1.47,0.0,27.8,3.62,31.03,16.57,1.7046571820452388,27.42,41.77,100.41,3.74,11.41,1.28,0.32,6.99,45.08,23.98,20.01,0.75
1949-06-30,7.92,1.4,0.46,0.24,0.17,0.19,0.28,10.24,7.19,1.62,6.82,2.44,0.5110063496657312,8.13,13.63,34.63,0.72,5.5,0.19,0.05,13.64,8.42,4.58,2.88,0.29
1949-07-31,0.0,0.82,0.27,0.14,0.18,0.21,0.13,0.11,2.48,0.0,0.51,0.75,0.20492063505993838,2.99,4.87,12.21,0.23,3.9,0.21,0.05,5.36,2.62,1.14,0.97,0.17
1949-08-31,0.09,0.0,0.0,0.0,0.0,0.0,0.08,1.31,2.73,0.02,0.26,0.54,0.41237985539961025,2.01,2.37,8.52,0.14,4.43,0.0,0.0,0.0,2.32,0.65,1.03,0.0
1949-09-30,0.0,0.24,0.08,0.04,0.14,0.16,0.06,0.0,2.87,0.0,0.17,0.41,0.31432036070388497,1.54,1.55,6.78,0.12,2.01,0.16,0.04,0.0,1.86,0.48,0.96,0.05
1949-10-31,0.0,1.64,0.54,0.28,0.09,0.1,0.74,0.0,0.26,0.0,0.17,0.08,0.9385193094726182,1.45,1.29,6.85,0.15,2.32,0.1,0.03,6.75,0.24,0.97,0.16,0.34
1949-11-30,1.5,2.04,0.67,0.35,0.73,0.83,1.08,4.48,0.54,0.31,0.28,0.16,1.1793872661718923,2.13,3.52,8.41,0.3,2.99,0.83,0.21,6.66,0.5,1.68,0.34,0.42
1949-12-31,7.26,2.58,0.85,0.44,0.58,0.66,1.14,28.97,0.36,1.49,0.3,0.11,1.3262990730480855,2.28,3.32,8.09,0.36,3.82,0.66,0.17,0.98,0.34,2.14,0.23,0.53
1950-01-31,5.67,17.69,5.82,3.0,6.3,7.2,4.91,30.77,5.36,1.16,2.44,3.96,6.3388443322740775,25.02,38.01,38.55,6.02,27.53,7.2,1.8,14.67,8.73,12.06,10.35,3.66
1950-02-28,12.31,22.47,7.39,3.82,7.64,8.73,12.87,57.97,2.9,2.52,3.28,3.32,9.390821504298927,33.49,64.85,55.38,9.1,38.62,8.73,2.18,30.83,6.35,18.13,9.31,4.65
1950-03-31,7.98,13.89,4.57,2.36,4.67,5.34,8.08,18.94,4.66,1.64,4.98,5.52,9.703866430146757,29.27,59.26,59.54,8.69,26.92,5.34,1.33,28.69,10.18,20.06,14.73,2.87
1950-04-30,14.45,5.78,1.9,0.98,3.69,4.22,8.21,0.0,14.49,2.96,17.48,16.52,9.589041160548934,45.1,82.42,112.34,9.92,25.46,4.22,1.05,26.87,34.05,37.49,34.61,1.2
1950-05-31,23.36,1.37,0.45,0.23,1.43,1.63,2.2,12.77,32.43,4.79,34.57,20.84,2.5499607717043915,33.04,43.24,130.29,4.14,11.88,1.63,0.41,10.63,55.3,31.48,26.97,0.28
1950-06-30,6.96,1.12,0.37,0.19,0.23,0.26,0.39,0.0,24.58,1.43,17.68,9.1,0.6384502766687136,13.46,16.84,74.38,0.95,6.32,0.26,0.07,10.89,29.42,11.09,11.13,0.23
1950-07-31,2.3,1.73,0.57,0.29,0.32,0.37,0.15,0.0,5.66,0.47,2.15,1.27,0.21138484955961445,3.79,7.37,21.98,0.33,5.43,0.37,0.09,3.61,4.96,1.98,2.25,0.36
1950-08-31,0.0,0.4,0.13,0.07,0.0,0.0,0.09,0.0,2.49,0.0,0.43,0.46,0.6480445367996168,2.17,2.36,11.34,0.17,4.24,0.0,0.0,1.08,1.91,0.82,1.17,0.08
1950-09-30,9.68,0.43,0.14,0.07,0.0,0.0,0.08,13.06,2.94,1.98,0.09,0.35,0.35656447803005875,1.79,1.96,8.81,0.14,4.76,0.0,0.0,0.0,1.74,0.63,0.76,0.09
1950-10-31,10.68,2.16,0.71,0.37,0.53,0.61,0.26,16.79,3.55,2.19,0.92,1.09,2.2026547943637067,4.21,9.25,15.61,0.54,6.97,0.61,0.15,0.0,3.34,2.24,2.44,0.45
1950-11-30,27.74,32.53,10.7,5.52,9.17,10.48,18.24,40.88,22.61,5.68,25.86,25.91,11.769458681730535,63.81,84.92,141.62,12.71,54.6,10.48,2.62,0.0,49.82,44.38,68.66,6.73
1950-12-31,21.12,38.4,12.63,6.52,11.9,13.6,24.58,57.8,19.54,4.33,25.83,18.86,11.984407444385136,84.4,110.2,178.31,21.68,80.48,13.6,3.4,78.8,42.76,61.16,31.7,7.94
1951-01-31,5.99,40.22,13.23,6.83,9.21,10.53,25.71,55.44,5.41,1.23,3.85,3.59,13.929759965716897,46.35,73.84,76.12,14.06,64.35,10.53,2.63,63.65,8.64,25.75,3.94,8.32
1951-02-28,7.75,17.94,5.9,3.05,5.17,5.91,12.79,11.81,5.77,1.59,5.45,3.27,17.05080220653666,42.98,70.85,83.31,12.18,44.65,5.91,1.48,72.05,9.21,25.39,4.21,3.71
1951-03-31,7.81,21.31,7.01,3.62,5.06,5.78,8.55,20.42,6.2,1.6,5.13,3.51,6.960219058198717,30.56,54.32,65.67,7.95,37.88,5.78,1.45,49.68,9.9,15.54,4.52,4.41
1951-04-30,16.47,1.37,0.45,0.23,1.84,2.1,1.45,0.0,18.25,3.37,8.35,10.34,2.770902988662826,37.21,50.8,92.83,4.52,17.76,2.1,0.53,30.26,29.16,19.97,13.32,0.28
1951-05-31,17.32,6.99,2.3,1.19,2.31,2.64,1.49,26.49,27.96,3.55,22.73,10.03,1.7818173468414784,26.8,44.82,100.78,3.83,15.19,2.64,0.66,20.08,32.66,14.9,12.54,1.45
1951-06-30,4.37,2.64,0.87,0.45,0.33,0.38,0.12,8.15,7.94,0.9,5.48,2.08,0.46956741335012,8.27,14.34,38.67,0.96,5.51,0.38,0.09,11.44,7.64,3.88,3.3,0.55
1951-07-31,1.05,0.76,0.25,0.13,0.31,0.35,0.01,0.41,4.16,0.21,0.76,0.79,0.5752721721068497,3.47,6.62,15.97,0.48,4.38,0.35,0.09,0.0,3.36,1.22,1.78,0.16
1951-08-31,2.17,0.64,0.21,0.11,0.0,0.0,0.0,5.08,2.71,0.45,0.28,0.42,0.8669523512268569,2.31,3.44,10.44,0.23,4.36,0.0,0.0,0.0,1.7,0.75,1.04,0.13
1951-09-30,0.52,0.4,0.13,0.07,0.0,0.0,0.0,6.78,2.0,0.11,0.25,0.2,0.291234220726011,2.06,2.08,8.18,0.18,4.24,0.0,0.0,2.0,1.15,0.59,0.47,0.08
1951-10-31,1.52,0.0,0.0,0.0,0.6,0.69,0.18,8.93,1.51,0.31,0.58,0.45,1.4600425399900145,4.35,7.64,11.94,0.68,7.65,0.69,0.17,7.42,1.39,1.72,0.98,0.0
1951-11-30,6.27,6.35,2.09,1.08,1.66,1.9,1.7,21.99,2.77,1.28,1.16,1.07,2.7205350071725247,9.28,23.53,16.94,2.02,12.56,1.9,0.47,4.01,2.98,3.59,2.6,1.31
1951-12-31,6.93,17.05,5.61,2.9,6.75,7.71,17.68,41.93,2.56,1.42,2.59,2.3,18.471718769855368,35.14,79.13,52.7,11.28,36.34,7.71,1.93,44.15,4.77,15.79,6.12,3.53
1952-01-31,6.75,60.47,19.89,10.27,13.12,14.99,40.76,118.34,1.46,1.38,1.64,1.31,11.706158716040505,25.93,57.92,33.68,8.77,48.26,14.99,3.75,26.16,2.72,11.08,3.51,12.51
1952-02-29,5.25,42.9,14.11,7.29,10.7,12.23,19.01,81.59,2.64,1.08,4.12,2.82,22.01016236122143,49.91,115.86,74.37,18.06,68.49,12.23,3.06,65.59,5.54,24.61,8.02,8.88
1952-03-31,6.94,34.11,11.22,5.79,9.0,10.29,23.9,71.3,3.07,1.42,4.25,3.51,16.635676969912893,33.89,67.27,53.6,9.59,51.2,10.29,2.57,34.38,6.67,18.01,9.89,7.06
1952-04-30,16.34,4.83,1.59,0.82,7.19,8.22,3.48,11.41,13.86,3.35,23.57,17.0,15.401340888616575,65.16,118.34,150.9,19.57,53.55,8.22,2.05,61.77,31.92,52.63,44.49,1.0
1952-05-31,33.03,0.06,0.02,0.01,4.05,4.63,1.2,26.89,39.69,6.77,46.81,32.34,6.137981362307727,73.21,102.41,239.43,12.78,31.01,4.63,1.16,72.55,76.98,69.37,50.61,0.01
1952-06-30,25.78,1.43,0.47,0.24,1.81,2.07,0.37,0.0,42.64,5.28,41.87,20.1,1.1545516822242519,35.87,34.68,180.89,2.69,6.4,2.07,0.52,53.98,59.39,33.66,25.63,0.3
1952-07-31,8.26,1.85,0.61,0.31,0.68,0.78,0.07,2.17,18.17,1.69,14.89,5.54,1.012821061660702,13.34,13.66,75.32,0.92,5.39,0.78,0.19,20.14,19.44,8.53,7.81,0.38
1952-08-31,1.47,1.34,0.44,0.23,0.0,0.0,0.0,15.93,7.39,0.3,1.63,1.38,1.0557019446123945,4.39,5.85,21.63,0.41,5.58,0.0,0.0,0.0,5.67,1.58,3.22,0.28
1952-09-30,0.79,1.61,0.53,0.27,0.0,0.0,0.0,24.58,3.2,0.16,0.57,0.33,0.3482278895279904,3.02,3.85,13.48,0.29,5.66,0.0,0.0,3.73,1.84,0.98,0.76,0.33
1952-10-31,3.13,0.0,0.0,0.0,0.12,0.14,0.0,3.83,1.15,0.64,0.23,0.35,1.160782164919374,2.52,1.32,11.1,0.29,3.91,0.14,0.03,5.75,1.07,1.58,0.74,0.0
1952-11-30,1.01,0.0,0.0,0.0,0.52,0.59,0.3,0.0,0.18,0.21,0.28,0.05,1.3970713987703678,3.11,3.14,11.61,0.47,5.15,0.59,0.15,13.32,0.16,2.83,0.12,0.0
1952-12-31,2.55,5.81,1.91,0.99,3.58,4.09,5.63,23.53,0.49,0.52,0.43,0.15,9.055515563135915,10.71,19.26,23.33,2.75,13.27,4.09,1.02,26.26,0.46,6.79,0.32,1.2
1953-01-31,11.49,32.01,10.53,5.44,9.37,10.71,21.73,0.0,6.58,2.35,4.74,5.92,23.144341298246975,53.04,150.34,110.74,17.42,45.93,10.71,2.68,85.21,12.24,36.43,16.0,6.62
1953-02-28,4.15,1.12,0.37,0.19,1.33,1.52,1.59,8.46,2.32,0.85,2.65,2.7,6.63612442046113,13.68,32.84,35.33,3.06,10.92,1.52,0.38,22.14,5.06,12.01,7.35,0.23
1953-03-31,3.63,8.72,2.87,1.48,4.16,4.75,4.63,26.95,3.47,0.74,5.85,4.13,9.047046376363745,16.94,46.66,41.5,4.54,21.12,4.75,1.19,21.98,7.61,14.38,11.05,1.81
1953-04-30,14.95,8.12,2.67,1.38,3.08,3.52,4.56,0.0,11.18,3.06,17.65,13.56,9.113290419500487,29.41,69.77,87.47,6.72,23.85,3.52,0.88,13.17,27.01,29.37,29.99,1.68
1953-05-31,16.64,6.32,2.08,1.07,2.68,3.06,1.81,0.0,17.08,3.41,32.36,13.1,4.059196817939578,23.73,72.04,105.08,5.97,19.49,3.06,0.77,39.33,32.27,28.17,17.92,1.31
1953-06-30,20.53,1.82,0.6,0.31,1.24,1.42,0.52,0.04,35.08,4.2,32.15,16.95,1.6898832133749764,25.32,40.8,121.09,2.78,11.08,1.42,0.35,10.45,49.94,22.5,21.0,0.38
1953-07-31,6.36,0.43,0.14,0.07,0.07,0.08,0.06,0.0,11.73,1.3,7.95,3.58,0.4251415728331267,9.41,13.62,46.7,0.83,5.49,0.08,0.02,11.71,12.59,5.44,4.89,0.09
1953-08-31,2.81,0.82,0.27,0.14,0.0,0.0,0.0,0.0,4.45,0.58,0.75,0.85,1.098288323041274,3.7,5.81,17.52,0.39,4.23,0.0,0.0,0.0,3.55,1.37,1.94,0.17
1953-09-30,1.84,1.0,0.33,0.17,0.0,0.0,0.0,8.89,2.94,0.38,0.25,0.35,0.47393441353493415,2.56,3.01,12.05,0.26,4.27,0.0,0.0,1.42,1.74,0.87,0.76,0.21
1953-10-31,0.82,2.13,0.7,0.36,0.29,0.33,0.17,10.81,1.39,0.17,0.31,0.42,1.5539927816165713,2.75,2.99,11.47,0.41,3.06,0.33,0.08,8.79,1.3,1.85,0.86,0.44
1953-11-30,0.9,3.28,1.08,0.56,1.27,1.45,0.74,1.61,1.43,0.18,0.81,0.93,2.586243687097852,5.51,12.41,17.56,1.06,4.87,1.45,0.36,15.66,2.14,4.78,2.34,0.68
1953-12-31,0.31,4.77,1.57,0.81,1.22,1.39,0.76,14.7,0.9,0.06,0.85,0.82,3.675713964988277,5.65,10.54,16.01,1.34,7.15,1.39,0.35,15.25,1.71,5.19,2.12,0.99
1954-01-31,4.47,14.29,4.7,2.43,4.98,5.69,7.27,20.85,1.19,0.92,1.0,1.14,8.924103558798056,13.74,30.19,27.52,4.76,22.55,5.69,1.42,22.46,2.35,8.94,3.06,2.96
1954-02-28,4.03,15.96,5.25,2.71,5.0,5.71,11.7,17.54,2.37,0.83,1.51,2.74,10.901708620049483,23.43,56.66,43.37,6.64,27.19,5.71,1.43,31.85,5.23,14.24,7.5,3.3
1954-03-31,8.16,19.24,6.33,3.27,5.51,6.3,11.59,0.0,7.25,1.67,4.04,9.03,15.610168770974056,45.84,75.95,83.62,9.85,36.38,6.3,1.57,41.41,17.03,28.75,22.81,3.98
1954-04-30,23.58,9.58,3.15,1.63,3.77,4.31,9.29,0.0,16.22,4.83,12.34,14.35,14.35851815172282,48.59,93.64,106.04,9.86,23.23,4.31,1.08,27.74,33.3,30.35,21.86,1.98
1954-05-31,14.0,3.25,1.07,0.55,1.01,1.15,1.54,21.03,26.69,2.87,25.34,13.06,2.1515505008592157,17.95,29.7,88.3,2.35,10.25,1.15,0.29,6.61,38.47,16.7,15.6,0.67
1954-06-30,6.61,1.79,0.59,0.3,0.51,0.58,0.3,8.8,6.9,1.35,4.31,2.3,0.6201829357569437,6.47,13.05,30.73,1.02,7.07,0.58,0.15,9.2,7.92,3.89,2.83,0.37
1954-07-31,1.06,1.22,0.4,0.21,0.0,0.0,0.03,4.32,3.67,0.22,0.87,0.75,0.2507189134933441,3.01,6.16,13.08,0.44,5.65,0.0,0.0,2.08,3.1,1.15,1.4,0.25
1954-08-31,1.54,0.43,0.14,0.07,0.0,0.0,0.0,6.11,2.09,0.32,0.21,0.38,1.0634015180581287,2.24,3.12,9.32,0.28,4.63,0.0,0.0,0.0,1.5,0.67,0.91,0.09
1954-09-30,1.14,0.06,0.02,0.01,0.04,0.05,0.0,58.62,1.6,0.23,0.17,0.17,0.33017742515411186,1.94,2.19,7.92,0.24,4.87,0.05,0.01,1.98,0.94,0.56,0.36,0.01
1954-10-31,0.43,2.61,0.86,0.44,1.41,1.61,0.01,0.0,0.26,0.09,0.23,0.08,1.066880595048611,2.0,1.43,8.02,0.27,3.62,1.61,0.4,7.78,0.25,1.3,0.16,0.54
1954-11-30,2.2,2.74,0.9,0.46,0.77,0.88,0.75,0.0,0.88,0.45,0.59,0.27,2.4846825268419206,3.67,7.01,11.23,0.55,3.89,0.88,0.22,9.3,0.83,2.99,0.53,0.57
1954-12-31,3.84,9.33,3.07,1.59,2.53,2.89,3.69,7.01,1.32,0.79,0.83,0.92,3.8289844861081135,9.4,22.88,20.74,2.02,13.74,2.89,0.72,15.21,2.09,6.63,2.31,1.93
1955-01-31,0.4,13.16,4.33,2.24,2.77,3.17,5.47,8.71,0.92,0.08,0.73,0.84,2.6922282744996124,9.06,21.11,17.23,2.56,21.28,3.17,0.79,14.55,1.75,5.54,2.13,2.72
1955-02-28,2.41,5.62,1.85,0.96,2.03,2.32,2.92,4.74,1.13,0.49,0.77,1.22,2.3928023755968404,7.81,17.94,15.35,2.23,9.49,2.32,0.58,7.87,2.42,4.94,3.31,1.16
1955-03-31,4.18,5.5,1.81,0.93,1.63,1.86,2.14,6.03,2.62,0.86,1.64,3.09,4.132684710352903,11.95,30.24,24.15,3.21,10.29,1.86,0.47,6.2,5.8,8.02,8.14,1.14
1955-04-30,7.51,6.51,2.14,1.1,1.1,1.26,3.64,5.9,4.59,1.54,5.16,5.83,5.9241328126154436,17.46,38.01,39.27,4.25,13.16,1.26,0.31,6.13,11.07,13.43,14.34,1.35
1955-05-31,14.04,4.5,1.48,0.76,2.6,2.97,1.09,8.4,22.17,2.88,20.5,16.87,3.368302413237405,29.66,57.3,95.74,4.77,12.39,2.97,0.74,9.13,41.89,25.32,23.41,0.93
1955-06-30,17.23,1.43,0.47,0.24,0.66,0.75,0.16,5.51,16.78,3.53,12.62,6.82,0.733920790405687,10.4,15.57,49.18,0.82,5.18,0.75,0.19,0.0,21.49,7.96,7.76,0.3
1955-07-31,1.77,0.88,0.29,0.15,0.0,0.0,0.01,0.0,3.31,0.36,1.27,0.82,0.2835660318329865,3.34,5.78,13.54,0.31,3.73,0.0,0.0,3.68,3.11,1.41,1.25,0.18
1955-08-31,2.35,0.36,0.12,0.06,0.0,0.0,0.0,3.16,1.46,0.48,0.41,0.29,0.25033313829991144,2.39,1.89,8.31,0.14,2.92,0.0,0.0,0.24,1.22,0.65,0.58,0.08
1955-09-30,0.13,0.12,0.04,0.02,0.0,0.0,0.0,0.0,2.32,0.03,0.16,0.31,0.5027140146925859,2.25,2.53,7.27,0.13,3.7,0.0,0.0,0.64,1.45,0.51,0.72,0.03
1955-10-31,0.63,1.61,0.53,0.27,0.0,0.0,0.0,0.0,1.52,0.13,0.19,0.46,1.132754050041624,1.93,1.11,7.29,0.19,2.4,0.0,0.0,3.06,1.4,1.05,1.0,0.33
1955-11-30,0.94,1.82,0.6,0.31,0.93,1.06,0.35,3.33,0.65,0.19,0.42,0.19,1.6749029721491988,3.32,7.53,9.79,0.61,2.78,1.06,0.27,7.82,0.6,1.41,0.41,0.38
1955-12-31,28.9,65.15,21.43,11.06,21.84,24.96,40.27,166.82,22.03,5.92,26.69,22.83,35.98873800529008,123.76,251.56,196.27,28.28,108.26,24.96,6.24,59.04,44.29,62.64,62.55,13.48
1956-01-31,11.73,47.03,15.47,7.99,15.96,18.24,39.54,87.18,7.67,2.4,10.05,10.02,35.01702379292532,84.09,158.11,134.78,26.66,91.97,18.24,4.56,89.36,19.69,46.77,23.6,9.73
1956-02-29,7.45,16.05,5.28,2.73,6.48,7.41,19.76,24.42,3.13,1.53,3.94,3.71,22.33984980678858,33.16,63.86,58.96,7.41,37.75,7.41,1.85,42.35,7.36,20.67,6.78,3.32
1956-03-31,0.56,8.57,2.82,1.46,3.4,3.89,4.84,1.07,5.23,0.11,3.91,4.6,4.795533328201415,30.44,60.27,57.44,7.42,25.75,3.89,0.97,44.36,11.03,17.52,7.07,1.77
1956-04-30,19.85,3.22,1.06,0.55,1.99,2.27,1.71,7.74,13.12,4.07,11.16,11.05,3.2264484112079828,28.6,61.67,80.75,4.98,12.11,2.27,0.57,14.52,26.52,23.35,16.34,0.67
1956-05-31,28.65,4.71,1.55,0.8,2.1,2.4,2.45,21.88,37.2,5.87,37.0,21.46,2.8616420265279037,40.6,72.2,154.83,5.59,20.92,2.4,0.6,24.27,59.3,32.98,27.35,0.98
1956-06-30,20.43,1.4,0.46,0.24,0.81,0.93,0.4,5.21,36.36,4.19,25.47,13.2,0.6750446508343089,16.86,23.15,101.87,1.23,7.42,0.93,0.23,0.0,42.85,13.45,16.76,0.29
1956-07-31,4.19,0.43,0.14,0.07,0.62,0.71,0.05,0.0,6.87,0.86,4.0,1.45,1.3891885435731126,6.72,7.07,32.18,0.55,6.29,0.71,0.18,5.72,5.77,2.77,2.78,0.09
1956-08-31,2.39,0.0,0.0,0.0,0.0,0.0,0.01,2.32,4.7,0.49,0.7,0.87,0.7774795455213592,2.94,4.09,14.53,0.3,5.44,0.0,0.0,0.0,3.58,1.05,2.24,0.0
1956-09-30,2.07,0.27,0.09,0.05,0.0,0.0,0.02,0.0,3.91,0.42,0.36,0.44,0.33581377533417367,2.55,3.28,11.78,0.27,6.91,0.0,0.0,0.0,2.26,0.85,0.92,0.06
1956-10-31,0.97,3.1,1.02,0.53,0.76,0.87,0.24,0.0,2.38,0.2,0.51,0.82,1.468567703766486,4.29,9.23,14.76,0.77,4.44,0.87,0.22,9.32,2.41,2.64,1.85,0.64
1956-11-30,4.59,2.28,0.75,0.39,0.72,0.82,0.28,2.56,0.96,0.94,0.65,0.87,1.4663042403170103,3.55,5.52,13.79,0.54,3.31,0.82,0.21,7.06,1.81,3.65,2.26,0.47
1956-12-31,1.14,2.58,0.85,0.44,0.23,0.26,0.57,0.0,1.2,0.23,0.74,1.09,2.443153373275375,3.96,5.93,13.58,0.61,3.83,0.26,0.07,9.09,2.28,4.41,2.84,0.53
1957-01-31,1.57,4.2,1.38,0.71,1.62,1.85,1.79,0.94,0.71,0.32,0.62,0.67,3.1083185402855458,5.69,11.28,14.81,1.31,6.22,1.85,0.46,13.0,1.39,4.81,1.8,0.87
1957-02-28,6.22,13.53,4.45,2.3,4.93,5.63,9.49,14.98,4.76,1.27,4.09,5.55,6.2350509642579475,27.16,81.34,61.7,7.79,21.65,5.63,1.41,34.37,10.44,20.18,15.0,2.8
1957-03-31,8.28,16.66,5.48,2.83,4.96,5.67,6.41,7.55,5.52,1.7,7.9,6.92,11.151870786016023,41.39,79.67,82.82,11.93,28.57,5.67,1.42,52.46,13.08,28.42,17.63,3.45
1957-04-30,7.41,7.02,2.31,1.19,2.19,2.5,2.51,4.68,8.96,1.52,13.63,9.48,6.074971527354254,21.62,35.41,61.47,3.93,13.54,2.5,0.63,15.8,20.68,19.86,16.82,1.45
1957-05-31,17.92,13.77,4.53,2.34,4.71,5.38,4.05,20.27,27.32,3.67,28.14,17.24,5.11295147649237,42.74,63.14,120.27,7.78,32.2,5.38,1.35,27.95,46.21,29.03,21.65,2.85
1957-06-30,16.68,2.28,0.75,0.39,1.06,1.21,0.32,7.85,18.55,3.42,13.41,6.53,0.9518645182681381,14.4,17.11,65.69,1.7,8.71,1.21,0.3,8.98,21.58,9.75,7.74,0.47
1957-07-31,1.79,1.31,0.43,0.22,0.15,0.17,0.0,0.0,3.45,0.37,1.15,0.79,0.331539004228695,3.4,7.64,19.32,0.5,5.72,0.17,0.04,7.98,3.04,1.81,1.35,0.27
1957-08-31,2.31,0.4,0.13,0.07,0.0,0.0,0.0,0.0,2.83,0.47,0.34,0.54,0.4140953118265074,2.88,5.39,11.33,0.27,4.05,0.0,0.0,0.0,2.28,0.85,1.2,0.08
1957-09-30,1.31,0.09,0.03,0.02,0.0,0.0,0.0,0.0,2.68,0.27,0.19,0.34,0.5924695753043636,2.54,4.09,9.34,0.22,4.4,0.0,0.0,0.41,1.62,0.67,0.76,0.02
1957-10-31,1.14,3.25,1.07,0.55,0.51,0.58,0.31,0.0,1.95,0.23,0.69,0.59,1.867272838265508,3.88,8.55,13.54,0.59,4.85,0.58,0.15,8.17,1.8,1.94,1.26,0.67
1957-11-30,2.27,2.49,0.82,0.42,0.65,0.74,0.57,0.0,2.27,0.46,1.05,1.1,2.7026291955877206,5.56,10.45,17.37,1.2,3.87,0.74,0.19,10.21,2.8,4.23,2.77,0.52
1957-12-31,5.08,6.44,2.12,1.09,2.75,3.14,5.85,6.45,2.49,1.04,1.74,2.24,9.053208691580222,12.94,31.39,28.61,3.58,10.02,3.14,0.79,15.33,4.64,8.43,5.94,1.33
1958-01-31,2.51,13.56,4.46,2.3,4.71,5.38,10.45,13.46,1.64,0.51,1.52,1.51,12.468363697280376,17.97,42.29,32.53,6.71,21.26,5.38,1.35,27.47,3.13,10.67,4.1,2.81
1958-02-28,10.37,36.97,12.16,6.28,12.03,13.75,29.45,46.68,6.82,2.12,7.31,7.85,30.546739522499404,69.57,180.52,125.01,23.25,63.68,13.75,3.44,87.34,14.78,41.58,21.79,7.65
1958-03-31,7.9,30.67,10.09,5.21,9.55,10.91,20.46,51.08,2.77,1.62,4.69,3.27,25.170019791815413,41.07,95.36,72.74,13.45,58.34,10.91,2.73,58.05,6.02,25.08,8.83,6.35
1958-04-30,7.17,34.14,11.23,5.8,12.03,13.75,23.24,66.21,7.69,1.47,8.45,9.74,15.010689536724314,60.49,121.74,105.08,16.7,85.06,13.75,3.44,61.41,18.57,36.14,24.75,7.06
1958-05-31,30.68,4.5,1.48,0.76,2.03,2.32,1.85,6.66,43.99,6.28,45.42,33.71,4.662977257573772,63.68,95.01,217.24,7.73,19.22,2.32,0.58,37.72,82.45,55.5,50.97,0.93
1958-06-30,32.43,1.98,0.65,0.34,0.84,0.96,0.73,32.07,39.81,6.64,27.7,16.75,1.2943234627849596,28.05,27.71,124.24,1.84,10.51,0.96,0.24,0.0,51.6,19.51,21.2,0.41
1958-07-31,5.76,0.18,0.06,0.03,0.11,0.13,0.16,0.0,8.74,1.18,4.51,2.25,0.9426198212265291,6.89,10.36,35.12,0.62,5.93,0.13,0.03,2.06,8.33,3.13,3.62,0.04
1958-08-31,1.74,0.0,0.0,0.0,0.0,0.0,0.01,0.0,5.2,0.36,0.64,0.96,1.2768190086011373,3.29,5.8,16.27,0.29,5.41,0.0,0.0,0.0,3.92,1.17,2.31,0.0
1958-09-30,2.89,0.52,0.17,0.09,0.0,0.0,0.0,20.3,2.99,0.59,0.32,0.31,0.39754827798454073,2.43,5.13,11.09,0.26,4.07,0.0,0.0,0.0,1.73,0.8,0.69,0.11
1958-10-31,0.62,1.88,0.62,0.32,0.0,0.0,0.0,0.0,0.83,0.13,0.29,0.26,1.2808051504381646,2.24,1.65,10.03,0.28,2.51,0.0,0.0,9.46,0.79,1.81,0.51,0.39
1958-11-30,0.89,2.01,0.66,0.34,0.65,0.74,0.11,0.0,0.3,0.18,0.38,0.09,1.5165892193008916,2.58,3.92,10.91,0.41,2.74,0.74,0.19,13.02,0.28,2.99,0.19,0.42
1958-12-31,0.0,0.58,0.19,0.1,0.65,0.74,0.37,0.0,0.25,0.0,0.35,0.09,2.537666054645531,2.76,6.16,10.48,0.51,0.79,0.74,0.19,13.36,0.27,3.35,0.21,0.12
1959-01-31,6.32,9.36,3.08,1.59,3.42,3.91,4.59,4.11,3.12,1.3,2.35,3.19,5.621655012695032,15.21,39.43,45.16,4.69,13.49,3.91,0.98,30.01,6.43,14.54,8.3,1.94
1959-02-28,4.79,17.51,5.76,2.97,6.34,7.25,16.09,28.43,2.5,0.98,2.23,3.0,10.16298838026417,19.16,44.18,37.97,4.95,28.66,7.25,1.81,25.16,5.57,12.73,7.66,3.62
1959-03-31,5.82,5.65,1.86,0.96,1.94,2.22,1.64,1.13,3.95,1.19,4.34,5.17,6.695006784984887,17.91,33.89,45.04,4.64,11.56,2.22,0.55,21.71,10.02,14.96,12.04,1.17
1959-04-30,10.39,2.07,0.68,0.35,1.33,1.52,0.81,0.59,12.67,2.13,13.09,10.1,2.8568700250547714,16.29,29.76,60.81,2.73,5.12,1.52,0.38,10.4,24.69,15.8,13.27,0.43
1959-05-31,9.02,1.34,0.44,0.23,0.5,0.57,0.29,9.34,14.91,1.85,12.49,7.3,1.0875022857818841,10.03,12.61,47.86,1.04,4.4,0.57,0.14,2.17,21.59,9.0,8.1,0.28
1959-06-30,4.48,0.61,0.2,0.1,0.34,0.39,0.05,4.5,5.32,0.92,4.32,1.82,0.46015232281147794,3.83,3.1,22.07,0.37,2.07,0.39,0.1,7.43,6.28,2.91,2.05,0.13
1959-07-31,0.47,0.18,0.06,0.03,0.08,0.09,0.0,0.09,2.15,0.1,0.46,0.46,0.25606217317122315,1.83,2.28,9.72,0.17,0.74,0.09,0.02,3.75,1.85,0.88,0.78,0.04
1959-08-31,0.41,0.55,0.18,0.09,0.0,0.0,0.0,0.0,0.97,0.08,0.31,0.19,0.3097895301273965,1.46,2.06,7.37,0.11,2.73,0.0,0.0,3.07,0.83,0.58,0.35,0.11
1959-09-30,1.06,0.18,0.06,0.03,0.34,0.39,0.01,2.13,2.2,0.22,0.31,0.31,0.5542061448750246,1.82,2.68,7.95,0.22,3.48,0.39,0.1,0.21,1.41,0.56,0.7,0.04
1959-10-31,0.2,1.28,0.42,0.22,0.32,0.37,0.0,0.0,1.12,0.04,0.26,0.34,1.0600810088005495,1.66,4.98,7.11,0.18,1.74,0.37,0.09,3.64,1.05,1.0,0.7,0.26
1959-11-30,0.06,1.09,0.36,0.19,0.25,0.29,0.07,0.0,0.81,0.01,0.19,0.28,1.094071217279497,1.52,0.91,6.46,0.19,1.59,0.29,0.07,2.02,0.84,1.52,0.65,0.23
1959-12-31,0.21,1.28,0.42,0.22,0.53,0.61,0.32,0.0,0.15,0.04,0.21,0.13,1.9899899108924373,2.1,2.4,7.74,0.39,1.81,0.61,0.15,4.07,0.28,2.04,0.34,0.26
1960-01-31,0.83,6.75,2.22,1.15,2.44,2.79,2.73,23.46,0.23,0.17,0.23,0.21,3.7769482479009646,7.45,15.93,15.02,3.0,9.79,2.79,0.7,11.65,0.44,4.71,0.56,1.4
1960-02-29,8.46,25.96,8.54,4.41,8.56,9.78,14.72,26.68,4.28,1.73,4.15,4.45,7.520860105178047,39.99,89.18,70.12,13.35,42.33,9.78,2.45,46.94,8.85,22.87,11.92,5.37
1960-03-31,11.67,11.55,3.8,1.96,4.65,5.31,13.55,18.27,8.53,2.39,9.01,10.77,11.656635221476057,40.89,99.25,84.73,12.14,21.95,5.31,1.33,24.72,20.51,29.04,26.48,2.39
1960-04-30,15.07,4.41,1.45,0.75,1.6,1.83,1.99,18.44,15.15,3.09,15.96,12.27,3.186648371004907,22.59,42.61,76.17,4.46,10.9,1.83,0.46,9.89,29.6,21.28,16.85,0.91
1960-05-31,17.75,3.04,1.0,0.52,1.07,1.22,0.91,3.82,20.72,3.64,15.91,10.45,1.408024831070751,16.9,28.54,70.1,2.9,8.79,1.22,0.31,10.47,30.43,14.03,12.32,0.63
1960-06-30,6.14,1.22,0.4,0.21,0.33,0.38,0.12,3.47,9.04,1.26,6.68,3.04,0.4626316867662368,7.48,12.68,37.92,1.18,4.56,0.38,0.09,9.16,10.48,4.97,3.67,0.25
1960-07-31,2.56,1.0,0.33,0.17,0.0,0.0,0.0,0.37,3.66,0.53,0.55,0.76,0.2140564816635191,3.07,4.07,13.25,0.54,4.07,0.0,0.0,2.32,3.1,1.16,1.39,0.21
1960-08-31,0.0,0.67,0.22,0.11,0.0,0.0,0.0,0.25,1.81,0.0,0.31,0.33,0.4673028560215329,1.85,2.01,8.9,0.32,4.39,0.0,0.0,2.37,1.3,0.65,0.81,0.14
1960-09-30,0.0,0.12,0.04,0.02,0.0,0.0,0.0,0.0,1.58,0.0,0.12,0.17,0.33564014778225726,1.42,2.14,7.21,0.25,4.37,0.0,0.0,2.85,0.93,0.51,0.34,0.03
1960-10-31,0.0,1.34,0.44,0.23,0.34,0.39,0.0,0.0,0.92,0.0,0.11,0.28,0.9303666981060169,1.6,3.11,7.45,0.28,1.73,0.39,0.1,1.56,0.87,0.53,0.55,0.28
1960-11-30,1.97,3.62,1.19,0.61,1.04,1.19,1.2,1.86,0.75,0.4,0.29,0.46,2.4984169110467978,4.38,8.47,11.13,2.02,4.89,1.19,0.3,7.85,1.09,2.38,1.1,0.75
1960-12-31,1.13,3.53,1.16,0.6,0.92,1.05,1.11,0.25,0.64,0.23,0.43,0.59,4.294748342352052,6.59,15.11,15.15,3.39,4.8,1.05,0.26,10.35,1.23,5.29,1.46,0.73
1961-01-31,0.67,2.68,0.88,0.45,0.87,0.99,1.92,0.0,0.61,0.14,0.34,0.57,2.2569054340511956,3.51,4.1,11.56,1.5,3.95,0.99,0.25,4.45,1.18,4.24,1.41,0.55
1961-02-28,2.29,7.57,2.49,1.29,2.32,2.65,6.39,13.88,2.55,0.47,1.56,2.98,6.949823314002895,13.44,34.54,28.08,6.07,11.44,2.65,0.66,12.38,5.68,13.77,7.79,1.57
1961-03-31,9.3,7.84,2.58,1.33,2.93,3.35,7.77,9.76,2.53,1.9,1.93,3.12,7.29575890490533,17.44,35.55,30.91,7.42,12.71,3.35,0.84,18.37,5.79,12.91,7.99,1.62
1961-04-30,8.76,4.68,1.54,0.8,1.3,1.49,1.28,3.87,7.38,1.79,8.1,8.07,4.16428558540494,18.07,30.95,50.87,4.82,8.34,1.49,0.37,14.83,17.54,18.74,14.08,0.97
1961-05-31,11.5,3.34,1.1,0.57,0.76,0.87,0.42,4.37,17.56,2.36,14.59,10.43,1.616682385346504,17.67,28.32,62.84,3.22,7.15,0.87,0.22,14.41,28.55,16.91,11.62,0.69
1961-06-30,5.73,2.04,0.67,0.35,0.12,0.14,0.11,3.32,8.37,1.17,7.07,2.87,0.5901633394050521,6.62,10.53,35.17,1.15,4.97,0.14,0.03,7.67,9.91,4.82,3.17,0.42
1961-07-31,0.0,1.34,0.44,0.23,0.0,0.0,0.0,0.0,2.94,0.0,0.45,0.66,0.22049250399514264,2.28,3.38,11.14,0.5,4.4,0.0,0.0,1.36,2.61,1.17,1.06,0.28
1961-08-31,1.28,0.88,0.29,0.15,0.0,0.0,0.0,0.0,1.1,0.26,0.17,0.2,0.4176334875092386,1.68,0.96,8.09,0.31,3.26,0.0,0.0,4.0,0.82,0.74,0.49,0.18
1961-09-30,1.24,0.36,0.12,0.06,0.0,0.0,0.11,0.0,1.23,0.25,0.16,0.14,0.36315541430377957,1.35,2.07,6.28,0.25,4.32,0.0,0.0,2.59,0.73,0.49,0.25,0.08
1961-10-31,0.15,0.7,0.23,0.12,0.03,0.03,0.01,1.61,0.99,0.03,0.24,0.3,0.8831930822022264,1.57,2.85,6.64,0.31,0.99,0.03,0.01,1.73,0.92,0.61,0.63,0.14
1961-11-30,1.65,1.34,0.44,0.23,0.49,0.56,0.05,0.0,1.51,0.34,0.26,0.64,1.368661056064932,2.39,3.82,7.6,0.6,1.94,0.56,0.14,0.49,1.72,0.83,1.52,0.28
1961-12-31,0.98,4.29,1.41,0.73,1.35,1.54,0.99,7.74,0.85,0.2,0.4,0.77,4.710209666422595,6.66,16.47,14.56,2.75,6.34,1.54,0.39,9.41,1.6,4.3,2.01,0.89
1962-01-31,0.83,5.32,1.75,0.9,1.79,2.05,2.34,5.21,0.87,0.17,0.38,0.79,3.152371770171981,4.89,9.25,12.11,1.97,7.94,2.05,0.51,7.1,1.64,2.64,2.03,1.1
1962-02-28,3.73,38.15,12.55,6.48,13.15,15.03,32.68,47.43,2.25,0.76,1.53,2.37,14.519896903391674,44.24,99.76,59.54,17.97,64.66,15.03,3.76,64.68,4.69,28.85,6.48,7.89
1962-03-31,4.88,12.83,4.22,2.18,5.64,6.45,12.15,23.96,1.86,1.0,1.34,2.16,10.105094547541125,23.2,44.88,35.71,8.48,26.47,6.45,1.61,32.94,4.08,9.59,5.86,2.65
1962-04-30,17.84,5.47,1.8,0.93,2.1,2.4,1.21,19.7,16.5,3.65,15.92,18.65,5.489039166883117,41.53,66.48,106.75,8.57,15.22,2.4,0.6,9.79,38.14,39.69,39.87,1.13
1962-05-31,20.29,2.25,0.74,0.38,0.89,1.02,0.43,12.4,24.7,4.16,21.85,15.57,1.9030618733667526,26.0,33.2,98.2,2.95,8.51,1.02,0.25,9.96,41.69,27.48,19.44,0.47
1962-06-30,12.75,1.16,0.38,0.2,0.34,0.39,0.17,1.78,21.7,2.61,15.55,7.94,0.5679933768852051,13.03,15.2,68.37,0.93,4.74,0.39,0.1,0.0,25.77,18.62,9.56,0.24
1962-07-31,2.05,0.91,0.3,0.15,0.0,0.0,0.0,0.52,2.56,0.42,1.51,0.51,0.1660036815464423,3.11,7.12,17.76,0.43,4.37,0.0,0.0,4.73,2.16,1.89,0.99,0.19
1962-08-31,3.15,0.21,0.07,0.04,0.0,0.0,0.0,0.0,0.65,0.65,0.37,0.13,0.7393476890516126,2.19,3.77,10.27,0.29,4.14,0.0,0.0,6.38,0.55,0.8,0.24,0.04
1962-09-30,0.69,0.06,0.02,0.01,0.0,0.0,0.0,0.0,4.25,0.14,0.2,0.63,0.24927974554838528,1.42,2.2,8.06,0.22,3.96,0.0,0.0,0.25,2.84,0.51,1.48,0.01
1962-10-31,18.1,27.06,8.9,4.6,8.42,9.62,37.24,46.83,14.42,3.71,14.28,12.43,15.175892904016914,38.3,67.56,86.51,9.87,41.79,9.62,2.41,21.99,25.58,26.89,33.59,5.6
1962-11-30,2.13,3.56,1.17,0.6,0.8,0.91,1.45,13.44,2.14,0.44,2.36,2.51,2.9542785754607497,5.29,12.58,20.8,1.88,5.8,0.91,0.23,0.14,4.62,3.68,6.75,0.74
1962-12-31,9.03,11.16,3.67,1.89,2.77,3.17,6.92,10.89,6.33,1.85,8.19,7.77,7.251616328684047,20.81,50.03,57.38,7.97,19.32,3.17,0.79,6.51,14.47,16.45,20.87,2.31
1963-01-31,5.34,9.21,3.03,1.56,3.63,4.15,9.79,5.36,8.54,1.09,13.77,10.68,6.539676216945459,19.85,45.85,56.45,5.84,15.97,4.15,1.04,17.47,21.35,19.44,22.59,1.91
1963-02-28,19.43,23.56,7.75,4.0,6.23,7.12,8.18,59.3,13.15,3.98,17.54,11.58,16.481166216241135,61.37,105.28,129.62,15.1,42.85,7.12,1.78,46.89,27.79,32.34,17.66,4.88
1963-03-31,3.47,11.92,3.92,2.02,4.17,4.77,11.65,15.98,3.17,0.71,3.64,2.24,9.257601358741155,18.61,43.36,40.75,5.38,23.37,4.77,1.19,34.83,5.37,8.71,2.67,2.47
1963-04-30,10.27,28.82,9.48,4.89,10.22,11.68,21.04,37.18,8.67,2.1,6.75,5.22,16.21263160808728,58.7,121.8,105.86,19.12,69.25,11.68,2.92,85.39,13.85,39.6,6.32,5.96
1963-05-31,31.68,6.08,2.0,1.03,2.85,3.26,4.28,2.66,41.34,6.49,32.1,20.24,3.0558326580857624,51.47,67.79,157.29,7.59,23.74,3.26,0.81,57.67,59.15,37.73,25.66,1.26
1963-06-30,8.8,1.92,0.63,0.33,0.79,0.9,1.53,10.82,17.1,1.8,12.26,5.43,0.6433871460561278,14.05,19.69,64.44,1.84,9.8,0.9,0.23,10.51,18.81,7.58,7.35,0.4
1963-07-31,1.28,0.4,0.13,0.07,0.13,0.15,0.44,0.84,5.03,0.26,1.63,0.99,0.6465036550537633,4.9,11.08,22.49,0.86,5.24,0.15,0.04,3.81,4.19,1.75,2.03,0.08
1963-08-31,0.59,0.0,0.0,0.0,0.0,0.0,0.06,0.15,2.59,0.12,0.19,0.46,1.0004636166933665,3.16,4.96,13.53,0.54,4.86,0.0,0.0,4.47,1.83,0.92,1.32,0.0
1963-09-30,0.0,0.27,0.09,0.05,0.0,0.0,0.05,0.0,3.34,0.0,0.17,0.37,0.32240612431650106,2.47,3.76,10.9,0.41,5.3,0.0,0.0,4.46,1.93,0.72,0.78,0.06
1963-10-31,2.54,2.61,0.86,0.44,0.44,0.5,0.5,3.45,0.92,0.52,0.12,0.28,1.2206804131578253,2.95,4.45,11.23,0.53,4.09,0.5,0.13,5.26,0.87,0.93,0.58,0.54
1963-11-30,10.87,9.33,3.07,1.59,3.07,3.51,5.16,14.56,5.8,2.23,2.03,5.22,4.48118585361418,17.86,32.1,38.38,4.11,14.93,3.51,0.88,28.47,10.78,13.19,13.81,1.93
1963-12-31,2.96,5.47,1.8,0.93,0.8,0.91,1.09,6.55,2.0,0.61,2.03,2.37,1.380977412262217,6.47,11.89,19.52,1.59,9.73,0.91,0.23,2.67,4.38,4.0,6.18,1.13
1964-01-31,1.91,14.96,4.92,2.54,3.97,4.54,10.65,16.64,1.38,0.39,1.61,1.67,4.171364598880722,12.63,31.1,22.75,4.26,27.62,4.54,1.13,10.47,3.09,6.42,4.4,3.09
1964-02-29,1.69,7.48,2.46,1.27,1.49,1.7,1.48,8.81,1.49,0.35,1.44,1.85,3.4636933522696243,11.28,22.29,22.19,4.13,15.67,1.7,0.43,12.85,3.42,5.43,4.94,1.55
1964-03-31,2.49,2.31,0.76,0.39,1.74,1.99,1.68,11.55,2.1,0.51,2.24,2.76,3.221026664004688,12.11,23.25,24.67,3.88,4.91,1.99,0.5,12.9,5.38,6.67,6.4,0.48
1964-04-30,10.61,3.77,1.24,0.64,1.67,1.91,1.95,3.36,9.85,2.17,10.44,10.02,4.070278428128263,22.43,35.32,58.52,5.72,10.13,1.91,0.48,8.65,22.38,22.87,16.83,0.78
1964-05-31,19.08,4.47,1.47,0.76,0.74,0.85,0.59,2.92,23.92,3.91,19.85,14.04,1.4490988891967935,24.8,27.18,85.84,3.07,15.47,0.85,0.21,14.55,38.36,19.81,16.63,0.92
1964-06-30,9.3,0.52,0.17,0.09,0.31,0.35,1.07,3.25,13.57,1.9,9.55,4.63,0.6369068204436878,11.93,11.89,47.1,1.44,2.5,0.35,0.09,4.48,15.81,5.55,5.54,0.11
1964-07-31,1.53,5.53,1.82,0.94,0.0,0.0,0.64,1.48,3.0,0.31,1.09,0.69,0.25096272093278316,3.76,4.34,15.64,0.57,4.02,0.0,0.0,5.36,2.67,1.39,1.16,1.14
1964-08-31,0.46,0.0,0.0,0.0,0.0,0.0,0.02,1.42,1.87,0.09,0.26,0.37,0.2384012302419407,2.22,1.56,10.11,0.3,2.06,0.0,0.0,3.79,1.59,0.7,0.71,0.0
1964-09-30,0.03,0.0,0.0,0.0,0.0,0.0,0.02,0.0,2.94,0.01,0.22,0.4,0.43023068297978284,1.77,1.25,8.06,0.23,2.25,0.0,0.0,3.19,1.84,0.58,0.99,0.0
1964-10-31,2.8,1.64,0.54,0.28,0.15,0.17,0.03,1.42,1.0,0.57,0.14,0.3,1.0163459866260605,1.82,20.79,6.84,0.3,3.77,0.17,0.04,1.62,0.92,0.54,0.65,0.34
1964-11-30,1.77,5.87,1.93,1.0,1.56,1.78,0.73,3.16,1.18,0.36,1.31,0.36,2.670017008039302,6.25,13.98,12.93,2.1,8.26,1.78,0.45,9.96,1.09,3.87,0.77,1.21
1964-12-31,44.99,55.12,18.13,9.36,15.47,17.68,26.28,169.91,28.5,9.21,38.84,31.92,32.040179607239764,142.0,253.2,235.5,38.15,116.09,17.68,4.42,51.57,62.16,92.38,83.05,11.4
1965-01-31,7.18,43.14,14.19,7.33,14.66,16.75,22.91,45.19,4.82,1.47,6.63,4.67,32.4952051303531,74.77,181.64,132.75,21.06,83.19,16.75,4.19,98.71,10.35,30.58,7.08,8.93
1965-02-28,3.12,2.64,0.87,0.45,2.44,2.79,2.09,19.32,4.19,0.64,3.74,3.68,8.370974690649277,24.54,48.36,57.43,5.24,21.34,2.79,0.7,29.55,8.84,16.46,5.63,0.55
1965-03-31,5.07,5.17,1.7,0.88,1.46,1.67,1.59,11.49,4.86,1.04,4.56,4.27,3.3926698245799973,17.27,38.76,47.94,4.62,17.43,1.67,0.42,20.76,10.26,14.04,6.53,1.07
1965-04-30,16.95,19.21,6.32,3.26,5.53,6.32,9.55,29.5,16.67,3.47,14.89,10.97,5.668902802245626,49.23,77.49,112.64,11.16,37.56,6.32,1.58,52.95,28.14,38.9,14.03,3.98
1965-05-31,20.28,4.1,1.35,0.7,1.17,1.34,1.51,15.06,31.97,4.15,31.04,17.0,1.911344223569472,32.33,44.35,125.19,3.84,12.85,1.34,0.33,17.99,48.12,23.79,21.5,0.85
1965-06-30,13.98,2.1,0.69,0.36,0.42,0.48,0.6,5.22,26.95,2.86,20.66,8.79,0.5410076140530293,15.98,16.62,91.52,1.2,8.78,0.48,0.12,8.33,30.24,7.86,11.69,0.43
1965-07-31,2.75,1.31,0.43,0.22,0.03,0.03,0.34,3.73,5.04,0.56,3.81,0.99,0.8626012431831925,5.27,8.94,28.94,0.64,7.55,0.03,0.01,6.44,4.19,1.83,2.03,0.27
1965-08-31,1.28,0.82,0.27,0.14,0.12,0.14,0.2,0.1,4.45,0.26,1.8,0.78,0.9402703662058656,4.15,6.07,17.24,0.49,4.08,0.14,0.03,3.06,3.16,1.2,1.95,0.17
1965-09-30,1.29,0.49,0.16,0.08,0.0,0.0,0.14,0.0,2.71,0.26,0.69,0.27,0.3237458028783635,2.72,5.84,11.45,0.39,3.2,0.0,0.0,2.91,1.56,0.83,0.65,0.1
1965-10-31,1.14,0.64,0.21,0.11,0.02,0.02,0.04,0.0,1.08,0.23,0.0,0.33,1.0821858043779933,1.97,5.51,10.36,0.36,0.3,0.02,0.01,3.12,1.01,0.68,0.67,0.13
1965-11-30,3.89,6.78,2.23,1.15,1.67,1.91,2.28,7.58,2.4,0.8,0.15,1.83,4.346187585015698,6.69,14.81,19.09,1.43,9.42,1.91,0.48,6.17,4.02,4.1,4.61,1.4
1965-12-31,2.73,10.49,3.45,1.78,2.39,2.73,4.24,10.33,1.31,0.56,1.07,1.41,2.8057877957531705,5.91,12.05,15.08,1.3,10.95,2.73,0.68,10.81,2.8,2.23,3.83,2.17
1966-01-31,2.88,17.57,5.78,2.98,3.59,4.1,8.25,12.65,1.08,0.59,1.02,1.26,4.765640092769713,12.4,28.46,21.72,3.95,17.15,4.1,1.03,15.02,2.4,3.94,3.41,3.64
1966-02-28,1.53,9.27,3.05,1.57,2.32,2.65,4.33,8.08,0.92,0.31,1.02,1.1,5.125914788788563,9.93,23.67,19.38,3.76,13.44,2.65,0.66,10.68,2.02,4.18,2.83,1.92
1966-03-31,6.27,7.63,2.51,1.3,2.56,2.93,2.66,6.78,4.35,1.29,3.2,5.39,6.960598523911855,24.88,44.82,45.19,8.41,20.96,2.93,0.73,20.6,10.08,20.49,13.78,1.58
1966-04-30,16.09,4.1,1.35,0.7,2.05,2.34,1.15,11.67,16.34,3.3,16.5,14.42,6.406370635784878,33.72,58.19,93.36,6.93,18.46,2.34,0.59,20.59,33.58,42.16,22.13,0.85
1966-05-31,15.25,1.52,0.5,0.26,1.07,1.22,0.32,6.83,24.13,3.12,21.52,11.16,1.3268272780179124,18.39,25.93,83.68,1.84,9.38,1.22,0.31,2.35,33.65,19.15,12.93,0.31
1966-06-30,2.73,1.06,0.35,0.18,0.08,0.09,0.09,0.0,2.56,0.56,3.17,0.8,0.3794670090878469,4.42,8.66,23.89,0.65,3.95,0.09,0.02,5.7,2.76,2.47,1.01,0.22
1966-07-31,1.36,0.3,0.1,0.05,0.0,0.0,0.02,0.0,1.71,0.28,0.7,0.34,0.1986609504556469,2.71,4.64,11.81,0.33,3.61,0.0,0.0,2.44,1.46,0.93,0.64,0.06
1966-08-31,0.38,0.0,0.0,0.0,0.0,0.0,0.0,0.0,1.67,0.08,0.01,0.32,0.5206724178064661,1.99,2.65,8.37,0.21,4.44,0.0,0.0,1.5,1.38,0.62,0.68,0.0
1966-09-30,0.0,0.15,0.05,0.03,0.0,0.0,0.0,0.0,2.3,0.0,0.23,0.31,0.2881665135743461,1.81,0.56,7.33,0.2,4.17,0.0,0.0,0.0,1.42,0.47,0.7,0.03
1966-10-31,0.18,1.25,0.41,0.21,0.04,0.05,0.04,0.0,1.64,0.04,3.16,0.28,0.9342108572770226,0.0,3.04,7.24,0.28,5.62,0.05,0.01,1.35,0.87,0.41,1.08,0.26
1966-11-30,7.05,13.86,4.56,2.35,3.01,3.44,3.79,10.79,0.56,1.44,4.56,3.0,4.661563795719256,8.61,18.08,27.96,2.26,12.49,3.44,0.86,10.52,7.12,10.38,8.93,2.87
1966-12-31,9.09,24.72,8.13,4.2,5.78,6.61,10.44,6.18,1.61,1.86,4.96,4.51,13.268386170996724,26.28,65.29,53.51,9.37,27.12,6.61,1.65,33.1,9.04,20.22,13.95,5.11
1967-01-31,7.88,40.22,13.23,6.83,11.28,12.89,26.04,47.13,1.16,1.61,4.65,3.32,13.43784698994461,35.43,84.27,61.03,13.71,46.55,12.89,3.22,54.33,6.3,23.73,14.4,8.32
1967-02-28,5.16,11.92,3.92,2.02,3.47,3.97,5.2,8.01,3.72,1.06,3.85,3.36,11.173255010760926,25.76,63.18,54.26,7.49,22.14,3.97,0.99,29.69,6.18,19.75,9.77,2.47
1967-03-31,11.96,19.94,6.56,3.39,6.35,7.26,12.15,15.6,6.17,2.45,11.4,9.05,16.775071547599026,46.14,84.46,87.25,11.55,42.35,7.26,1.81,47.71,16.76,29.82,21.59,4.13
1967-04-30,5.13,23.26,7.65,3.95,6.72,7.68,18.45,24.91,4.01,1.05,4.21,2.77,14.031165116759801,31.01,64.89,52.57,9.27,45.59,7.68,1.92,42.02,5.48,11.48,7.44,4.81
1967-05-31,27.46,4.35,1.43,0.74,3.8,4.34,3.26,1.5,32.07,5.62,29.21,25.2,6.855030194018852,61.85,99.72,170.75,11.63,39.55,4.34,1.09,45.66,56.86,53.84,37.63,0.9
1967-06-30,30.54,3.25,1.07,0.55,1.52,1.74,1.83,0.0,55.36,6.25,43.86,25.86,1.7859368411642007,48.79,52.16,180.71,4.14,16.43,1.74,0.43,73.3,74.98,28.68,21.98,0.67
1967-07-31,9.0,0.49,0.16,0.08,0.16,0.18,0.59,0.0,22.95,1.84,11.73,6.13,0.7889253216919911,13.04,15.87,61.41,1.32,9.68,0.18,0.05,15.61,21.8,4.76,8.46,0.1
1967-08-31,0.42,0.55,0.18,0.09,0.01,0.01,0.22,1.02,0.38,0.09,0.3,0.62,1.0378752276507017,4.11,6.61,19.08,0.83,7.89,0.01,0.0,3.03,2.62,1.21,4.74,0.11
1967-09-30,1.36,0.94,0.31,0.16,0.0,0.0,0.05,0.0,1.86,0.28,0.0,0.62,0.32485952060433476,3.0,3.65,12.46,0.52,5.85,0.0,0.0,2.01,2.86,0.82,3.16,0.2
1967-10-31,0.46,2.28,0.75,0.39,0.48,0.55,0.18,0.0,0.0,0.09,0.32,0.87,0.0,3.22,4.01,12.35,0.71,6.26,0.55,0.14,2.52,2.38,1.28,0.51,0.47
1967-11-30,1.1,3.31,1.09,0.56,1.33,1.52,0.65,0.0,0.07,0.23,0.61,0.57,0.0,2.75,4.26,10.92,0.61,1.51,1.52,0.38,3.05,1.18,1.09,1.26,0.69
1967-12-31,2.91,4.77,1.57,0.81,1.57,1.79,1.66,4.36,0.08,0.6,0.83,0.67,2.272679609338679,5.56,14.23,16.34,1.68,8.3,1.79,0.45,8.32,1.4,2.74,4.21,0.99
1968-01-31,5.34,10.67,3.51,1.81,3.81,4.35,7.57,13.86,1.49,1.09,2.28,1.92,5.741157416921558,11.27,24.71,28.28,3.68,13.08,4.35,1.09,14.23,3.8,7.82,7.73,2.21
1968-02-29,14.67,19.97,6.57,3.39,6.61,7.55,12.88,15.24,2.88,3.0,8.11,9.52,15.73393693354671,48.14,93.0,87.09,14.55,40.74,7.55,1.89,43.3,17.99,29.88,27.07,4.13
1968-03-31,6.89,6.08,2.0,1.03,3.53,4.03,6.92,16.23,11.4,1.41,6.58,5.58,9.592923586955475,25.01,51.36,56.41,7.01,25.91,4.03,1.01,25.84,11.92,17.89,13.31,1.26
1968-04-30,9.91,2.86,0.94,0.49,2.0,2.29,1.17,3.31,12.25,2.03,12.04,9.57,0.0,18.91,32.82,59.05,3.5,9.42,2.29,0.57,11.1,24.33,19.66,13.17,0.59
1968-05-31,12.03,1.37,0.45,0.23,1.24,1.42,0.46,4.41,18.38,2.46,16.49,9.9,0.35371686844589384,14.24,18.7,64.62,1.35,5.99,1.42,0.35,1.48,29.55,10.94,11.27,0.28
1968-06-30,3.74,0.0,0.0,0.0,0.0,0.0,0.16,1.67,5.53,0.77,4.98,1.88,0.0,5.67,8.79,27.14,0.64,3.66,0.0,0.0,3.36,6.49,3.02,6.68,0.0
1968-07-31,1.17,0.0,0.0,0.0,0.26,0.3,0.01,1.9,0.25,0.24,0.64,0.52,0.0,2.41,1.54,11.3,0.32,4.31,0.3,0.07,1.41,2.19,0.99,4.2,0.0
1968-08-31,2.52,0.0,0.0,0.0,0.0,0.0,0.06,0.0,0.0,0.52,0.0,0.32,0.0,1.97,2.29,9.78,0.3,4.1,0.0,0.0,1.91,1.33,0.81,4.34,0.0
1968-09-30,0.93,0.55,0.18,0.09,0.25,0.29,0.06,0.0,0.0,0.19,0.0,0.25,0.0,0.94,0.0,7.44,0.2,4.96,0.29,0.07,1.18,1.23,0.47,1.94,0.11
1968-10-31,2.85,3.04,1.0,0.52,0.76,0.87,0.15,0.15,1.23,0.58,0.0,0.77,0.0,2.87,3.37,9.83,0.38,5.41,0.87,0.22,1.7,2.34,1.14,1.72,0.63
1968-11-30,5.54,5.87,1.93,1.0,1.51,1.73,1.05,3.78,3.12,1.13,2.35,2.72,1.6457440816237565,7.15,15.67,19.02,1.74,7.63,1.73,0.43,4.65,6.03,4.44,8.48,1.21
1968-12-31,3.53,15.57,5.12,2.64,4.03,4.61,6.73,9.7,0.0,0.72,1.92,1.74,10.467960803987202,12.89,20.75,24.08,5.5,16.0,4.61,1.15,18.14,3.61,6.43,6.13,3.22
1969-01-31,16.78,75.39,24.8,12.8,21.34,24.39,48.8,39.09,2.31,3.44,11.87,9.03,15.18890799801254,110.69,247.29,156.42,37.86,112.44,24.39,6.1,132.55,17.08,64.67,39.07,15.6
1969-02-28,4.16,36.54,12.02,6.21,11.75,13.43,26.19,28.77,1.75,0.85,4.57,2.46,30.390057863987323,36.14,99.21,56.09,12.75,60.62,13.43,3.36,62.22,4.54,12.66,6.98,7.56
1969-03-31,4.16,17.24,5.67,2.93,5.55,6.34,8.18,11.84,0.96,0.85,3.74,4.11,11.849774399560454,34.08,50.86,51.52,11.59,40.65,6.34,1.59,43.27,7.58,13.83,12.31,3.57
1969-04-30,13.31,7.2,2.37,1.22,5.5,6.29,3.75,53.31,11.88,2.73,15.28,14.6,4.353430340137736,61.46,49.26,118.95,16.57,40.34,6.29,1.57,47.03,28.91,40.31,29.43,1.49
1969-05-31,32.24,3.19,1.05,0.54,2.36,2.7,0.71,13.88,50.57,6.6,47.64,31.49,1.1999994453768215,82.44,50.11,218.47,8.13,21.26,2.7,0.67,35.79,81.84,55.79,50.24,0.66
1969-06-30,24.73,0.97,0.32,0.17,0.84,0.96,0.59,3.6,33.01,5.06,28.74,14.95,0.6826317363902917,26.61,20.01,121.8,1.51,12.58,0.96,0.24,8.49,47.53,15.55,21.01,0.2
1969-07-31,4.15,0.15,0.05,0.03,0.4,0.46,0.22,4.68,7.92,0.85,4.78,1.39,0.0,5.46,7.8,31.59,0.49,8.08,0.46,0.11,4.37,5.69,2.61,5.02,0.03
1969-08-31,2.31,1.16,0.38,0.2,0.06,0.07,0.04,3.79,0.0,0.47,1.0,0.5,0.0,1.63,2.86,14.71,0.23,3.39,0.07,0.02,2.37,2.05,1.05,3.78,0.24
1969-09-30,1.61,0.55,0.18,0.09,0.19,0.22,0.01,1.43,0.0,0.33,1.1,0.49,0.14525937844645193,0.43,1.78,10.99,0.19,2.93,0.22,0.05,2.46,2.39,0.67,0.95,0.11
1969-10-31,0.6,3.28,1.08,0.56,0.13,0.15,0.13,2.9,1.59,0.12,0.95,0.94,0.0,2.66,4.06,13.62,0.42,5.86,0.15,0.04,3.06,2.88,1.17,1.44,0.68
1969-11-30,2.25,3.04,1.0,0.52,0.74,0.85,0.17,0.31,1.81,0.46,1.48,0.95,0.0,1.86,7.08,12.73,0.71,4.3,0.85,0.21,3.91,1.98,1.25,2.19,0.63
1969-12-31,15.72,21.43,7.05,3.64,5.46,6.24,12.76,18.37,3.95,3.22,9.29,9.07,13.352421956193826,34.38,76.72,76.68,12.72,29.41,6.24,1.56,28.27,17.6,30.61,24.28,4.43
1970-01-31,30.12,50.1,16.48,8.51,17.07,19.51,39.83,15.15,24.52,6.17,29.91,21.79,9.935911010225047,133.2,356.45,247.86,42.54,113.96,19.51,4.88,105.75,44.29,95.69,51.85,10.37
1970-02-28,5.06,12.04,3.96,2.04,4.62,5.28,13.35,16.69,3.62,1.04,5.79,3.39,11.206875033145412,27.97,51.15,67.14,7.64,30.06,5.28,1.32,32.03,8.14,15.43,7.07,2.49
1970-03-31,6.23,10.03,3.3,1.7,5.37,6.14,13.51,15.16,4.46,1.28,6.56,4.99,12.636335580350146,26.34,64.62,62.78,8.08,29.99,6.14,1.53,28.58,11.98,17.57,7.78,2.08
1970-04-30,6.5,2.89,0.95,0.49,1.55,1.77,1.58,7.81,8.11,1.33,8.33,5.58,1.1265754640430614,14.76,27.13,45.09,2.28,11.72,1.77,0.44,9.93,15.6,8.0,5.51,0.6
1970-05-31,16.23,3.07,1.01,0.52,0.88,1.01,0.54,0.0,25.52,3.32,22.42,14.96,1.0766707893227645,17.09,29.31,78.21,1.46,9.29,1.01,0.25,0.0,44.25,9.4,13.3,0.64
1970-06-30,6.84,1.49,0.49,0.25,0.46,0.53,0.17,0.0,14.95,1.4,8.13,4.42,0.5823345079778749,9.07,17.64,43.34,0.65,6.21,0.53,0.13,1.97,15.63,3.25,6.06,0.31
1970-07-31,3.73,0.0,0.0,0.0,0.32,0.37,0.05,0.0,0.92,0.76,1.19,0.42,0.0,3.06,11.28,15.27,0.31,4.91,0.37,0.09,2.27,1.78,1.04,0.93,0.0
1970-08-31,0.0,0.0,0.0,0.0,0.07,0.08,0.0,0.0,2.27,0.0,0.0,0.33,0.0,2.25,9.27,9.65,0.1,5.47,0.08,0.02,0.69,1.35,0.85,2.34,0.0
1970-09-30,0.32,0.15,0.05,0.03,0.16,0.18,0.0,0.0,0.0,0.07,0.0,0.41,0.0,1.78,7.11,7.96,0.16,5.13,0.18,0.05,0.62,1.97,0.47,0.0,0.03
1970-10-31,1.4,1.06,0.35,0.18,0.37,0.42,0.12,7.67,0.24,0.29,0.22,0.59,0.0,1.71,6.33,9.4,0.22,6.41,0.42,0.11,2.04,1.8,0.85,0.0,0.22
1970-11-30,7.57,15.63,5.14,2.65,2.24,2.56,5.25,27.86,2.34,1.55,4.19,4.0,2.2505524098523026,14.69,27.39,37.52,4.2,19.64,2.56,0.64,14.75,8.7,11.47,12.36,3.23
1970-12-31,5.24,50.74,16.69,8.62,8.23,9.41,21.03,51.49,1.65,1.07,3.65,2.83,28.486750852158448,25.33,63.17,49.33,11.57,41.81,9.41,2.35,37.59,5.47,12.91,9.45,10.5
1971-01-31,5.37,15.66,5.15,2.66,4.33,4.95,9.86,26.78,5.87,1.1,4.37,4.25,13.513936790530654,30.52,50.46,55.27,12.18,30.99,4.95,1.24,33.39,7.91,13.14,11.72,3.24
1971-02-28,4.53,6.51,2.14,1.1,2.47,2.82,1.69,15.33,2.76,0.93,3.98,3.8,2.5348533324810942,22.31,34.17,46.6,9.22,19.38,2.82,0.71,19.55,7.01,13.5,7.95,1.35
1971-03-31,7.05,21.34,7.02,3.62,6.46,7.38,12.79,27.8,2.85,1.44,5.14,4.45,14.180404572783479,40.22,91.38,76.74,17.72,37.56,7.38,1.85,41.71,8.31,32.46,16.24,4.42
1971-04-30,12.88,7.51,2.47,1.28,2.87,3.28,2.97,7.16,8.22,2.64,10.72,9.35,0.4960037093421575,35.28,64.25,83.66,9.94,23.25,3.28,0.82,27.82,18.6,35.35,17.91,1.55
1971-05-31,24.02,5.99,1.97,1.02,1.41,1.61,1.08,5.87,26.57,4.92,32.19,20.68,2.3558894280567038,44.74,56.33,140.19,6.52,15.38,1.61,0.4,19.63,52.36,42.67,28.53,1.24
1971-06-30,23.86,3.34,1.1,0.57,0.63,0.72,0.48,0.54,43.37,4.89,32.58,17.8,0.9953217344111299,33.83,36.62,135.31,1.56,10.74,0.72,0.18,0.0,54.21,22.77,18.99,0.69
1971-07-31,5.47,1.61,0.53,0.27,0.16,0.18,0.24,0.0,13.19,1.12,6.01,2.24,0.6998910076058844,11.45,15.55,47.93,0.51,8.69,0.18,0.05,5.64,8.69,4.25,2.99,0.33
1971-08-31,1.66,0.76,0.25,0.13,0.06,0.07,0.2,2.53,0.0,0.34,0.8,0.33,3.8267010688624317,3.68,8.6,18.22,0.28,5.21,0.07,0.02,1.69,1.25,1.17,0.43,0.16
1971-09-30,0.29,2.28,0.75,0.39,0.0,0.0,0.23,4.75,0.0,0.06,0.0,0.26,0.0,3.0,5.58,12.11,0.17,3.81,0.0,0.0,2.36,1.45,0.81,1.0,0.47
1971-10-31,1.47,1.46,0.48,0.25,0.13,0.15,0.43,6.07,4.1,0.3,0.0,1.58,7.850877225632107,2.87,3.96,11.95,0.29,4.53,0.15,0.04,2.19,3.92,0.7,0.43,0.3
1971-11-30,2.19,1.4,0.46,0.24,0.38,0.43,0.49,3.23,1.97,0.45,0.65,0.81,1.8133296268095305,4.35,5.82,14.72,0.8,5.03,0.43,0.11,3.88,1.69,1.84,2.28,0.29
1971-12-31,2.95,13.47,4.43,2.29,2.99,3.42,4.62,25.09,1.06,0.6,0.53,0.78,4.739803362991448,8.34,11.4,19.99,2.75,11.56,3.42,0.85,13.89,1.63,3.95,3.77,2.79
1972-01-31,3.35,5.11,1.68,0.87,1.79,2.05,1.83,17.36,2.07,0.69,1.75,1.08,1.6381605246386552,14.95,22.3,26.82,7.17,14.68,2.05,0.51,14.86,2.08,8.85,6.06,1.06
1972-02-29,2.95,11.0,3.62,1.87,3.34,3.82,3.48,8.36,2.15,0.6,0.4,1.65,6.323583802496949,20.29,38.13,33.67,10.25,24.18,3.82,0.95,25.44,3.15,11.7,6.39,2.28
1972-03-31,12.39,5.56,1.83,0.94,2.36,2.7,1.36,4.68,9.58,2.54,12.37,12.4,2.968328364906738,44.93,61.14,92.05,12.6,23.51,2.7,0.67,28.42,23.69,38.17,25.26,1.15
1972-04-30,10.06,4.44,1.46,0.75,2.34,2.67,1.05,3.82,8.28,2.06,2.15,8.56,0.0,31.92,42.05,76.17,8.78,19.79,2.67,0.67,22.32,20.21,23.08,15.24,0.92
1972-05-31,16.95,2.8,0.92,0.48,0.63,0.72,0.26,0.3,32.9,3.47,33.65,15.45,4.368217400011528,26.21,26.02,98.07,2.96,11.21,0.72,0.18,3.66,44.01,15.41,15.49,0.58
1972-06-30,7.3,1.4,0.46,0.24,0.5,0.57,0.12,0.0,14.58,1.49,8.92,3.53,0.0,10.36,11.11,48.55,0.84,7.45,0.57,0.14,2.78,12.47,4.23,5.05,0.29
1972-07-31,1.19,0.0,0.0,0.0,0.16,0.18,0.04,0.0,2.45,0.24,0.85,0.21,0.0,3.3,8.6,16.1,0.33,5.21,0.18,0.05,1.9,0.9,1.08,0.0,0.0
1972-08-31,0.66,0.0,0.0,0.0,0.04,0.05,0.0,1.85,1.16,0.13,0.4,0.16,0.8996020672521895,2.16,7.28,10.24,0.17,3.79,0.05,0.01,1.91,0.69,0.6,0.53,0.0
1972-09-30,1.23,0.43,0.14,0.07,0.33,0.38,0.01,10.11,3.04,0.25,0.55,0.43,0.5624563028861924,2.29,2.56,9.79,0.15,3.22,0.38,0.09,1.34,1.95,0.66,0.06,0.09
1972-10-31,1.53,1.25,0.41,0.21,0.59,0.67,0.14,15.86,1.99,0.31,1.14,1.39,5.032636760780911,3.25,3.13,14.32,0.43,4.2,0.67,0.17,1.96,3.73,1.81,2.56,0.26
1972-11-30,5.11,14.81,4.87,2.51,2.62,2.99,4.38,23.57,2.9,1.05,4.42,1.94,6.52505580222981,8.8,14.89,23.43,2.96,11.54,2.99,0.75,11.44,4.03,4.9,6.56,3.06
1972-12-31,11.16,12.95,4.26,2.2,3.01,3.44,6.6,30.38,7.58,2.29,6.26,6.37,8.458403441687574,23.11,29.64,46.63,7.87,18.74,3.44,0.86,17.31,12.19,14.38,12.4,2.68
1973-01-31,8.49,53.63,17.64,9.11,12.07,13.79,38.08,65.7,4.71,1.74,6.51,5.71,14.460329825606507,50.12,103.12,77.17,21.58,58.8,13.79,3.45,66.82,10.53,25.33,13.98,11.1
1973-02-28,2.83,36.42,11.98,6.19,9.62,10.99,24.8,53.17,2.39,0.58,3.31,2.23,27.25731935882928,31.22,79.14,49.53,14.13,47.21,10.99,2.75,52.45,4.22,16.48,4.61,7.54
1973-03-31,4.04,24.87,8.18,4.22,7.05,8.06,13.13,41.61,1.02,0.83,3.06,2.57,15.726028148656614,32.81,63.52,52.44,11.47,38.31,8.06,2.01,42.22,5.1,19.77,5.96,5.15
1973-04-30,11.87,6.02,1.98,1.02,2.4,2.74,3.43,13.03,11.59,2.43,13.28,13.17,3.3856598973985386,35.17,47.59,77.47,8.0,23.01,2.74,0.69,20.68,29.43,30.23,18.78,1.25
1973-05-31,25.86,2.16,0.71,0.37,1.1,1.26,0.81,2.28,40.7,5.3,27.76,22.6,2.481413326068312,35.96,46.53,137.42,4.1,15.31,1.26,0.31,6.48,63.27,45.54,20.61,0.45
1973-06-30,6.7,0.55,0.18,0.09,0.61,0.7,0.24,0.0,16.32,1.37,17.86,4.54,0.0,10.3,16.6,45.06,0.85,8.32,0.7,0.17,5.42,15.86,6.36,3.27,0.11
1973-07-31,2.25,0.0,0.0,0.0,0.46,0.53,0.07,0.0,2.19,0.46,1.05,0.28,0.0,3.82,11.81,15.86,0.3,6.01,0.53,0.13,1.73,1.2,1.52,0.22,0.0
1973-08-31,1.99,1.09,0.36,0.19,0.34,0.39,0.01,0.0,0.0,0.41,0.0,0.23,2.276599480285839,2.72,9.6,11.05,0.21,4.57,0.39,0.1,0.0,0.98,0.78,0.0,0.23
1973-09-30,0.0,1.61,0.53,0.27,0.42,0.48,0.13,2.0,2.34,0.0,0.18,0.74,0.4091588282736248,3.27,8.09,9.6,0.31,1.37,0.48,0.12,1.39,3.33,0.81,0.5,0.33
1973-10-31,0.0,3.16,1.04,0.54,0.62,0.71,0.54,5.28,0.0,0.0,0.46,0.71,1.9387485742785027,4.6,10.28,11.76,0.67,3.98,0.71,0.18,2.38,2.18,1.85,0.15,0.65
1973-11-30,21.42,24.02,7.9,4.08,8.27,9.45,19.38,34.95,17.84,4.39,13.24,12.77,22.180165431199995,51.99,105.49,104.61,16.06,40.7,9.45,2.36,48.3,25.59,44.46,20.36,4.97
1973-12-31,8.2,28.7,9.44,4.87,7.44,8.5,17.41,46.87,4.73,1.68,6.56,6.56,21.158026408577793,41.45,69.82,76.0,16.69,46.95,8.5,2.13,45.0,12.08,23.44,9.24,5.94
1974-01-31,16.51,32.41,10.66,5.5,10.25,11.71,20.88,31.54,11.53,3.38,16.74,12.6,24.7837209589819,70.43,168.71,142.47,22.33,67.97,11.71,2.93,72.14,24.43,48.96,16.77,6.71
1974-02-28,3.53,8.97,2.95,1.52,3.57,4.08,6.17,11.6,2.35,0.72,4.01,3.06,7.838947477541557,20.89,39.58,45.0,5.35,27.14,4.08,1.02,21.77,6.06,8.3,2.33,1.86
1974-03-31,11.09,33.96,11.17,5.77,12.35,14.11,33.25,42.09,0.89,2.27,9.32,6.94,38.872414623974166,71.77,139.76,148.37,23.32,80.44,14.11,3.53,90.64,16.44,50.44,18.63,7.03
1974-04-30,11.66,15.14,4.98,2.57,7.29,8.33,11.56,6.66,4.01,2.39,12.21,8.69,15.303307356420332,53.64,111.92,120.32,14.33,54.2,8.33,2.08,53.28,20.86,31.28,11.47,3.13
1974-05-31,24.79,3.92,1.29,0.67,1.5,1.71,1.3,3.05,36.64,5.08,27.35,22.17,2.052355187499999,42.02,49.04,153.84,3.77,18.06,1.71,0.43,15.95,61.3,31.62,17.46,0.81
1974-06-30,15.66,3.07,1.01,0.52,0.0,0.0,0.39,0.0,52.79,3.21,30.28,11.06,1.124771999999997,22.05,25.47,98.66,1.12,14.04,0.0,0.0,0.0,36.32,11.19,0.0,0.64
1974-07-31,6.48,2.4,0.79,0.41,0.96,1.1,0.48,2.45,9.97,1.33,6.63,2.41,0.7726100034453385,8.18,18.6,35.73,0.94,12.8,1.1,0.27,7.04,9.36,3.48,1.66,0.5
1974-08-31,1.84,0.3,0.1,0.05,0.58,0.66,0.14,0.56,4.47,0.38,0.45,0.3,2.5357766656000007,4.0,10.39,15.57,0.31,7.86,0.66,0.17,0.0,1.23,1.1,0.0,0.06
1974-09-30,0.0,1.82,0.6,0.31,0.49,0.56,0.09,0.0,3.84,0.0,0.0,0.57,0.2908239883813333,2.92,5.75,10.57,0.2,1.1,0.56,0.14,0.0,2.73,0.61,0.0,0.38
1974-10-31,2.99,2.04,0.67,0.35,0.29,0.33,0.17,0.0,3.14,0.61,0.0,0.43,0.0,2.8,6.29,10.43,0.26,3.77,0.33,0.08,2.11,1.33,0.65,0.0,0.42
1974-11-30,0.0,4.1,1.35,0.7,0.59,0.67,0.44,4.02,0.47,0.0,0.86,0.38,1.9696931064857708,3.43,7.44,11.19,0.35,0.0,0.67,0.17,3.22,1.16,1.25,3.76,0.85
1974-12-31,2.04,4.1,1.35,0.7,0.98,1.12,0.97,6.54,0.54,0.42,0.79,0.67,1.773831589018309,4.15,7.19,12.41,0.64,4.11,1.12,0.28,4.84,1.39,2.04,1.33,0.85
1975-01-31,3.23,7.54,2.48,1.28,1.76,2.01,2.39,12.15,1.07,0.66,1.02,0.85,4.703842986081794,8.33,12.78,16.31,2.28,8.43,2.01,0.5,10.21,1.76,4.24,3.97,1.56
1975-02-28,4.12,33.17,10.91,5.63,8.67,9.91,28.93,33.77,2.6,0.84,1.85,1.16,23.252890629911366,25.07,68.65,39.19,14.57,34.29,9.91,2.48,42.38,2.42,13.06,6.03,6.86
1975-03-31,4.87,23.44,7.71,3.98,8.31,9.5,17.53,27.52,0.0,1.0,2.46,2.73,23.474873431264786,45.88,96.85,64.13,24.45,52.36,9.5,2.37,57.47,5.32,25.84,10.5,4.85
1975-04-30,5.0,11.37,3.74,1.93,4.68,5.35,4.84,17.4,3.15,1.02,2.14,3.49,3.1908688736489994,29.38,60.24,52.17,12.35,30.79,5.35,1.34,35.43,6.49,18.71,8.66,2.35
1975-05-31,25.19,3.74,1.23,0.64,2.89,3.3,1.57,1.2,28.97,5.16,31.29,26.19,4.750294612962597,62.56,85.09,157.84,13.64,23.37,3.3,0.83,30.28,55.98,53.12,37.94,0.77
1975-06-30,28.43,1.19,0.39,0.2,1.33,1.52,0.31,0.0,46.45,5.82,35.8,19.79,0.31467619246760226,39.26,34.56,149.65,2.73,8.06,1.52,0.38,9.09,58.65,26.05,12.43,0.25
1975-07-31,4.79,0.85,0.28,0.14,0.94,1.07,0.1,0.0,11.75,0.98,5.83,2.25,0.0,8.39,19.11,37.94,0.73,4.01,1.07,0.27,4.49,8.33,3.17,2.4,0.18
1975-08-31,0.0,1.58,0.52,0.27,1.1,1.26,0.25,0.0,3.94,0.0,0.84,0.21,3.0366080532944513,4.13,16.75,16.29,0.41,3.77,1.26,0.31,1.34,0.91,1.49,0.0,0.33
1975-09-30,1.54,1.34,0.44,0.23,1.02,1.17,0.3,0.0,5.73,0.32,0.0,0.57,0.0,2.98,11.04,11.37,0.15,0.02,1.17,0.29,0.52,2.59,0.75,0.0,0.28
1975-10-31,5.77,1.92,0.63,0.33,1.41,1.61,0.7,4.5,7.79,1.18,2.26,1.74,0.6256539901201047,6.13,12.87,18.16,0.88,6.65,1.61,0.4,5.62,5.47,2.87,1.76,0.4
1975-11-30,3.94,5.81,1.91,0.99,2.19,2.5,0.53,7.14,0.0,0.81,2.19,2.55,0.9840288341974226,7.55,11.46,20.02,1.46,6.96,2.5,0.63,4.96,5.69,3.66,1.83,1.2
1975-12-31,2.37,3.22,1.06,0.55,0.0,0.0,0.7,10.3,3.92,0.48,1.27,1.54,0.42410965319190413,6.11,6.09,16.04,1.31,3.98,0.0,0.0,5.08,3.19,2.79,2.4,0.67
1976-01-31,1.71,1.7,0.56,0.29,0.87,0.99,0.51,4.85,1.13,0.35,0.94,1.46,1.8492352457749555,4.99,5.29,13.47,1.03,2.81,0.99,0.25,4.02,2.74,2.08,1.81,0.35
1976-02-29,2.49,2.68,0.88,0.45,1.64,1.87,1.11,4.08,1.05,0.51,1.51,1.53,0.0,7.52,13.1,17.18,2.45,5.61,1.87,0.47,6.62,3.0,5.14,2.81,0.55
1976-03-31,5.63,2.25,0.74,0.38,1.4,1.6,1.54,3.02,4.01,1.15,3.16,3.27,1.9009560550448368,13.33,20.17,29.67,4.22,7.08,1.6,0.4,10.13,6.91,10.44,8.18,0.47
1976-04-30,6.34,2.31,0.76,0.39,0.9,1.03,1.0,1.87,6.88,1.3,6.72,4.34,0.8926117911680503,11.38,15.66,31.6,3.03,3.17,1.03,0.26,6.2,10.97,8.88,8.92,0.48
1976-05-31,8.57,0.0,0.0,0.0,0.56,0.64,0.32,3.24,13.1,1.76,10.71,5.44,0.3474283992214459,10.44,6.73,41.48,1.18,0.0,0.64,0.16,0.47,16.1,5.12,7.34,0.0
1976-06-30,0.0,0.0,0.0,0.0,0.7,0.8,0.17,1.94,1.33,0.0,1.58,0.41,0.500381580465106,3.22,1.85,12.64,0.5,0.0,0.8,0.2,1.65,1.44,1.18,1.3,0.0
1976-07-31,1.84,0.0,0.0,0.0,0.68,0.78,0.16,2.29,2.89,0.38,0.44,0.09,0.0,1.84,0.48,7.51,0.12,0.0,0.78,0.19,1.6,0.83,0.59,1.13,0.0
1976-08-31,2.51,0.0,0.0,0.0,0.82,0.94,0.77,0.67,0.0,0.51,0.28,0.52,0.0,2.06,2.38,7.83,0.28,1.01,0.94,0.23,1.47,1.78,0.61,0.15,0.0
1976-09-30,0.72,1.16,0.38,0.2,0.61,0.7,0.14,0.89,0.14,0.15,0.0,0.5,0.0,1.62,1.31,6.42,0.19,0.19,0.7,0.17,1.37,1.94,0.43,0.53,0.24
1976-10-31,0.09,1.25,0.41,0.21,0.25,0.29,0.11,1.05,0.99,0.02,0.32,0.1,0.056751612696592915,1.59,1.4,6.24,0.19,1.06,0.29,0.07,1.89,0.58,0.38,0.49,0.26
1976-11-30,0.65,0.88,0.29,0.15,0.4,0.46,0.19,2.43,0.0,0.13,0.31,0.24,0.0,1.79,1.1,6.56,0.24,1.8,0.46,0.11,1.57,0.62,0.45,0.45,0.18
1976-12-31,0.0,0.52,0.17,0.09,0.22,0.25,0.28,3.42,0.03,0.0,0.22,0.19,0.0,1.64,0.29,5.98,0.12,1.07,0.25,0.06,1.49,0.25,0.36,0.5,0.11
1977-01-31,2.46,1.85,0.61,0.31,0.48,0.55,0.45,2.77,0.13,0.5,0.33,0.19,0.816392054882324,2.28,4.32,7.26,0.38,2.6,0.55,0.14,3.06,0.24,0.75,1.47,0.38
1977-02-28,0.58,1.25,0.41,0.21,0.62,0.71,0.36,1.89,0.27,0.12,0.43,0.41,0.5113998318347859,2.57,4.75,7.66,0.59,3.04,0.71,0.18,2.61,0.64,1.42,2.11,0.26
1977-03-31,0.81,1.31,0.43,0.22,0.47,0.54,0.91,1.48,0.97,0.17,0.58,0.77,0.5461263083651117,3.38,5.57,9.28,0.84,2.39,0.54,0.13,2.97,1.41,1.77,3.82,0.27
1977-04-30,4.49,0.0,0.0,0.0,0.21,0.24,0.29,1.9,4.59,0.92,3.22,4.49,0.11439694806509296,4.18,3.09,14.33,0.52,0.0,0.24,0.06,0.0,10.18,1.88,9.98,0.0
1977-05-31,4.37,1.7,0.56,0.29,0.47,0.54,0.97,2.0,6.83,0.9,4.28,4.25,0.3538781383820399,6.26,6.75,20.61,1.41,1.68,0.54,0.13,0.91,11.43,3.7,9.12,0.35
1977-06-30,2.63,0.12,0.04,0.02,0.31,0.35,0.65,1.55,3.95,0.54,2.61,1.1,0.0,2.9,1.3,10.92,0.24,1.46,0.35,0.09,2.06,3.5,0.95,1.64,0.03
1977-07-31,1.58,0.0,0.0,0.0,0.23,0.26,0.6,1.51,0.67,0.32,0.49,0.07,0.08741419598605309,0.99,0.0,5.09,0.11,0.86,0.26,0.07,0.82,0.48,0.32,0.0,0.0
1977-08-31,0.0,0.12,0.04,0.02,0.0,0.0,0.29,0.0,0.09,0.0,0.37,0.06,0.0,0.69,0.0,4.11,0.08,1.16,0.0,0.0,0.0,0.37,0.23,0.02,0.03
1977-09-30,0.29,0.36,0.12,0.06,0.21,0.24,0.61,0.97,0.12,0.06,0.38,0.05,0.0,0.78,0.89,4.22,0.12,0.51,0.24,0.06,0.3,0.26,0.43,0.0,0.08
1977-10-31,1.41,0.33,0.11,0.06,0.17,0.19,0.19,1.05,0.08,0.29,0.42,0.05,0.46986288664634956,0.91,0.08,4.41,0.04,1.47,0.19,0.05,0.43,0.16,0.41,0.0,0.07
1977-11-30,0.56,1.09,0.36,0.19,0.44,0.5,0.37,1.02,0.16,0.11,0.59,0.17,0.32874930302636823,2.42,3.52,6.37,0.56,3.7,0.5,0.13,2.84,0.3,1.2,1.13,0.23
1977-12-31,3.79,9.85,3.24,1.67,2.82,3.22,4.98,5.83,2.69,0.78,3.75,3.62,6.092024041190225,16.63,32.45,33.71,5.03,17.5,3.22,0.81,16.73,6.42,16.72,16.98,2.04
1978-01-31,9.3,57.0,18.75,9.68,15.3,17.49,29.25,52.54,3.43,1.91,6.06,4.76,32.76150458584133,56.23,110.12,87.8,22.02,63.89,17.49,4.37,78.15,7.79,43.12,16.64,11.79
1978-02-28,3.74,17.09,5.62,2.9,5.69,6.5,11.76,0.0,2.06,0.77,3.16,3.37,11.821551864680846,28.64,60.0,52.45,10.9,32.58,6.5,1.63,37.15,5.23,22.54,10.09,3.54
1978-03-31,9.08,21.31,7.01,3.62,7.98,9.12,18.21,39.93,7.29,1.86,10.45,10.61,19.76107209645066,52.89,99.1,100.47,16.61,50.23,9.12,2.28,54.61,19.66,44.9,23.53,4.41
1978-04-30,10.44,12.43,4.09,2.11,5.76,6.58,10.21,32.01,10.61,2.14,13.51,10.37,12.72883368083497,41.67,72.25,91.93,13.61,37.72,6.58,1.65,38.62,22.62,31.9,17.57,2.57
1978-05-31,28.08,3.77,1.24,0.64,2.03,2.32,2.17,10.48,36.1,5.75,33.17,22.82,2.2332302225552465,42.73,48.49,136.2,5.33,18.99,2.32,0.58,14.55,60.21,31.92,21.34,0.78
1978-06-30,20.25,3.59,1.18,0.61,0.61,0.7,0.69,0.0,41.71,4.15,24.1,14.18,2.5953286797174795,23.74,18.34,107.94,1.01,9.47,0.7,0.17,1.58,47.28,15.26,11.41,0.74
1978-07-31,5.8,1.98,0.65,0.34,0.48,0.55,0.3,0.0,13.48,1.19,5.33,1.55,0.0,6.0,16.81,31.2,0.41,6.28,0.55,0.14,3.99,6.68,2.8,0.0,0.41
1978-08-31,0.0,1.64,0.54,0.28,0.27,0.31,0.07,0.0,3.53,0.0,0.75,0.2,0.579759187480545,2.46,14.22,13.2,0.2,4.35,0.31,0.08,1.37,0.39,0.94,0.0,0.34
1978-09-30,0.08,1.76,0.58,0.3,0.56,0.64,0.18,1.78,4.81,0.02,0.95,0.26,2.1983669950308085,2.91,12.09,13.02,0.35,4.15,0.64,0.16,4.89,1.96,1.26,0.05,0.36
1978-10-31,0.0,1.22,0.4,0.21,0.45,0.51,0.26,0.0,1.39,0.0,0.0,0.08,0.0,1.77,5.06,9.18,0.24,1.92,0.51,0.13,2.45,1.42,0.6,2.21,0.25
1978-11-30,0.63,4.65,1.53,0.79,0.91,1.04,0.68,0.0,0.18,0.13,0.51,0.18,1.1543597534596988,2.78,7.32,10.15,0.4,2.65,1.04,0.26,3.74,0.39,0.97,2.36,0.96
1978-12-31,1.53,2.95,0.97,0.5,0.73,0.83,0.48,0.5,0.39,0.31,0.67,0.3,1.9467280326467118,3.2,5.86,10.02,0.52,3.45,0.83,0.21,4.2,0.38,1.28,1.39,0.61
1979-01-31,3.78,16.02,5.27,2.72,3.32,3.79,8.22,14.22,2.24,0.77,1.98,1.81,11.419327394098,12.05,25.09,23.17,3.61,18.21,3.79,0.95,17.52,3.11,6.27,8.34,3.32
1979-02-28,3.53,21.8,7.17,3.7,6.8,7.77,17.7,23.06,1.15,0.72,1.92,1.3,9.152244982432087,13.03,39.79,22.93,4.43,23.02,7.77,1.94,26.79,2.12,7.17,6.38,4.51
1979-03-31,6.51,18.97,6.24,3.22,6.03,6.89,9.68,16.52,3.66,1.33,3.16,5.72,11.250826558476023,33.43,64.99,55.16,15.53,36.9,6.89,1.72,39.58,10.75,20.48,13.24,3.93
1979-04-30,11.42,5.99,1.97,1.02,2.65,3.03,3.28,2.9,6.44,2.34,9.81,9.33,3.3087881762212805,31.72,51.95,66.88,10.15,21.1,3.03,0.76,25.0,21.55,28.57,20.0,1.24
1979-05-31,24.13,4.35,1.43,0.74,1.96,2.24,1.42,0.0,35.67,4.94,30.77,20.8,4.1327842040614255,46.05,61.6,134.9,8.95,21.68,2.24,0.56,18.88,56.57,41.22,24.54,0.9
1979-06-30,6.49,1.55,0.51,0.26,0.41,0.47,0.27,0.0,16.28,1.33,7.29,4.01,0.0,9.88,20.99,44.23,1.15,4.63,0.47,0.12,4.65,13.28,6.03,2.29,0.32
1979-07-31,0.41,0.0,0.0,0.0,0.41,0.47,0.14,0.0,4.52,0.08,1.18,0.17,0.0,3.43,15.64,15.83,0.43,5.01,0.47,0.12,0.42,0.65,1.52,0.0,0.0
1979-08-31,1.1,0.64,0.21,0.11,0.32,0.37,0.06,0.0,1.36,0.23,0.51,0.07,0.3808136442055155,2.18,13.17,10.59,0.18,3.63,0.37,0.09,1.25,0.39,0.65,0.0,0.13
1979-09-30,0.4,0.0,0.0,0.0,0.05,0.06,0.03,0.0,0.2,0.08,0.18,0.03,0.0,1.75,8.3,8.15,0.19,0.31,0.06,0.01,1.92,0.54,0.48,0.65,0.0
1979-10-31,2.35,2.8,0.92,0.48,0.58,0.66,0.62,0.0,0.75,0.48,1.12,0.65,0.0,3.83,13.95,13.58,0.64,4.38,0.66,0.17,4.33,2.33,2.86,0.88,0.58
1979-11-30,3.71,3.53,1.16,0.6,0.78,0.89,1.48,0.0,5.67,0.76,0.71,1.77,1.7291796846216019,7.24,16.62,16.43,1.85,8.62,0.89,0.22,5.77,3.99,5.53,6.03,0.73
1979-12-31,2.84,10.79,3.55,1.83,2.81,3.21,6.94,9.52,3.56,0.58,1.89,2.17,5.498547162338135,10.78,22.74,20.5,3.53,16.91,3.21,0.8,13.67,3.4,5.36,5.52,2.23
1980-01-31,27.7,37.33,12.28,6.34,12.24,13.99,21.8,40.01,19.77,5.67,24.49,22.41,13.631965406487687,96.76,178.46,207.64,34.11,94.7,13.99,3.5,88.27,41.66,71.67,50.74,7.72
1980-02-29,11.1,40.52,13.33,6.88,11.49,13.13,26.75,7.35,7.58,2.27,6.09,7.89,25.97274734510778,66.35,146.94,117.92,20.86,79.83,13.13,3.28,87.19,14.17,44.91,16.59,8.39
1980-03-31,5.15,13.77,4.53,2.34,6.0,6.86,8.33,8.53,5.31,1.06,5.44,3.79,11.335175643374438,35.7,64.75,78.03,12.22,42.45,6.86,1.71,44.23,7.32,17.14,5.29,2.85
1980-04-30,13.54,5.41,1.78,0.92,2.19,2.5,2.11,0.0,15.82,2.77,16.49,12.94,3.642304330992823,33.26,42.56,90.92,6.01,22.4,2.5,0.63,19.62,31.32,21.06,18.37,1.12
1980-05-31,20.75,4.47,1.47,0.76,1.02,1.17,1.03,0.0,30.08,4.25,30.62,17.58,2.6993234021446284,37.82,26.02,129.31,3.61,17.03,1.17,0.29,10.6,50.21,18.85,19.35,0.92
1980-06-30,13.75,3.53,1.16,0.6,0.34,0.39,0.61,0.0,32.44,2.82,18.5,9.6,1.7750874476848852,19.25,18.93,76.82,1.39,10.52,0.39,0.1,2.11,36.11,6.46,6.73,0.73
1980-07-31,4.36,2.64,0.87,0.45,0.36,0.41,0.35,0.0,11.34,0.89,4.5,1.78,1.324538066673251,7.46,16.7,28.94,0.65,6.73,0.41,0.1,4.76,8.5,2.18,2.4,0.55
1980-08-31,0.03,1.09,0.36,0.19,0.0,0.0,0.19,0.0,5.31,0.01,0.66,0.16,0.0,3.04,8.03,13.6,0.0,3.42,0.0,0.0,2.09,0.74,0.92,0.0,0.23
1980-09-30,0.65,0.88,0.29,0.15,0.45,0.51,0.11,3.0,7.01,0.13,0.01,0.12,0.0,2.11,0.0,10.2,0.16,1.52,0.51,0.13,0.0,1.3,0.7,0.0,0.18
1980-10-31,1.01,1.79,0.59,0.3,1.14,1.3,0.28,5.41,1.14,0.21,0.15,0.22,1.2319621210449057,2.12,0.0,9.67,0.24,2.31,1.3,0.33,2.42,1.23,0.72,0.0,0.37
1980-11-30,0.04,0.21,0.07,0.04,0.49,0.56,0.36,4.15,0.33,0.01,0.63,0.19,1.3147601444909995,2.61,0.0,9.94,0.35,2.68,0.56,0.14,2.7,0.42,0.89,0.96,0.04
1980-12-31,1.24,4.04,1.33,0.69,0.73,0.83,1.88,4.9,0.76,0.25,1.38,0.57,3.7206829271234065,5.56,7.33,17.27,0.83,3.85,0.83,0.21,6.06,1.0,5.15,3.98,0.84
1981-01-31,2.92,10.4,3.42,1.77,3.08,3.52,9.28,13.24,0.99,0.6,1.47,0.88,3.01500242847563,8.08,18.91,19.1,2.62,8.92,3.52,0.88,12.04,1.51,5.8,4.4,2.15
1981-02-28,5.82,3.4,1.12,0.58,1.64,1.87,1.96,6.37,3.89,1.19,3.49,4.4,4.636890136323579,16.79,24.63,38.46,5.02,11.53,1.87,0.47,11.46,8.39,14.83,11.7,0.7
1981-03-31,5.95,13.13,4.32,2.23,4.08,4.66,9.34,13.26,3.03,1.22,4.05,3.79,7.135963560267525,24.13,39.9,44.99,9.55,22.89,4.66,1.17,24.48,7.58,17.72,10.68,2.72
1981-04-30,11.72,3.16,1.04,0.54,1.48,1.69,2.19,5.75,14.39,2.4,12.61,10.98,2.7186827049206386,23.27,21.67,63.43,6.57,8.55,1.69,0.42,8.53,27.52,18.64,14.02,0.65
1981-05-31,9.8,0.79,0.26,0.13,0.87,0.99,0.85,2.33,18.23,2.01,13.16,7.85,0.9618951697398153,11.78,14.19,54.87,1.63,5.21,0.99,0.25,2.49,23.14,7.88,8.67,0.16
1981-06-30,1.13,0.0,0.0,0.0,0.76,0.87,0.28,1.19,2.71,0.23,2.63,0.7,0.43146652878201763,3.85,6.84,17.82,0.5,2.82,0.87,0.22,3.88,2.58,2.11,2.45,0.0
1981-07-31,0.0,0.0,0.0,0.0,0.82,0.94,0.19,0.59,0.19,0.0,0.68,0.04,0.23051195275488467,1.74,3.46,9.19,0.2,1.11,0.94,0.23,1.69,0.45,0.76,2.41,0.0
1981-08-31,0.0,0.0,0.0,0.0,0.69,0.79,0.09,1.47,0.1,0.0,0.23,0.05,0.2889018438087092,1.51,1.87,6.65,0.08,1.39,0.79,0.2,1.02,0.31,0.52,0.83,0.0
1981-09-30,1.79,0.0,0.0,0.0,0.69,0.79,0.15,2.14,1.12,0.37,0.23,0.17,0.3924608361367419,1.23,1.86,5.99,0.25,0.92,0.79,0.2,1.36,0.55,0.6,1.77,0.0
1981-10-31,2.25,2.13,0.7,0.36,1.01,1.15,1.14,3.49,4.81,0.46,0.64,0.53,1.640438391727508,3.15,7.49,11.19,1.4,1.59,1.15,0.29,3.62,1.76,3.25,1.72,0.44
1981-11-30,29.11,25.2,8.29,4.28,10.22,11.68,14.7,20.75,24.18,5.96,25.21,21.12,21.24311974838459,59.15,90.3,123.05,10.81,32.48,11.68,2.92,24.76,42.82,48.78,42.84,5.21
1981-12-31,23.3,43.05,14.16,7.31,7.75,8.86,23.5,31.05,21.47,4.77,12.03,18.35,16.139594749912344,102.83,172.41,167.98,31.31,79.84,8.86,2.21,55.83,38.19,59.38,41.57,8.91
1982-01-31,4.02,29.76,9.79,5.05,9.08,10.38,18.48,11.34,3.77,0.82,5.06,3.11,12.303542867160559,41.65,95.55,73.17,12.62,54.8,10.38,2.59,52.77,6.14,15.11,7.01,6.16
1982-02-28,17.85,23.35,7.68,3.97,9.56,10.93,15.5,20.5,16.2,3.66,4.72,15.83,20.92836050080195,90.57,137.12,139.79,23.54,74.72,10.93,2.73,62.69,29.41,45.1,30.81,4.83
1982-03-31,8.65,24.65,8.11,4.19,9.51,10.87,18.72,33.42,6.06,1.77,10.11,6.09,17.20533046913286,51.27,92.14,98.81,15.04,57.11,10.87,2.72,56.6,12.0,26.25,15.62,5.1
1982-04-30,17.94,45.05,14.82,7.65,15.54,17.76,35.52,2.9,17.89,3.67,20.51,13.64,17.662799574426586,97.16,238.08,167.92,29.5,107.78,17.76,4.44,108.54,34.19,49.06,34.71,9.32
1982-05-31,26.49,5.59,1.84,0.95,2.73,3.12,2.18,0.0,43.45,5.42,16.22,21.8,3.0353684901973566,96.26,94.11,185.63,6.87,23.84,3.12,0.78,20.99,66.35,39.61,39.23,1.16
1982-06-30,14.9,3.04,1.0,0.52,1.27,1.45,0.79,0.0,34.82,3.05,6.79,10.39,0.6820218340836561,38.82,33.63,99.73,1.42,12.06,1.45,0.36,3.7,40.64,12.82,15.08,0.63
1982-07-31,5.01,2.4,0.79,0.41,1.2,1.37,0.67,0.0,9.1,1.03,4.55,1.49,1.2902933496951758,7.2,24.34,34.27,0.65,7.35,1.37,0.34,6.11,7.3,3.3,3.67,0.5
1982-08-31,0.4,0.21,0.07,0.04,0.75,0.86,0.39,0.0,1.29,0.08,0.76,0.2,0.9849165720033852,3.18,14.71,16.85,0.27,4.48,0.86,0.21,3.81,0.63,1.13,0.51,0.04
1982-09-30,0.0,2.98,0.98,0.51,1.09,1.25,0.53,23.83,4.21,0.0,1.09,0.65,0.4022406381990038,3.09,8.75,15.02,0.29,2.05,1.25,0.31,3.5,2.96,0.84,2.31,0.62
1982-10-31,7.16,5.41,1.78,0.92,1.81,2.07,0.95,0.0,11.68,1.47,4.21,6.63,2.039025684403719,8.15,9.1,26.48,1.05,9.76,2.07,0.52,2.88,15.03,8.11,11.31,1.12
1982-11-30,4.66,19.33,6.36,3.28,4.36,4.98,9.5,12.83,3.99,0.95,4.52,4.61,4.691891769185659,16.35,31.88,37.11,5.54,25.47,4.98,1.25,18.03,8.39,15.49,11.31,4.0
1982-12-31,5.75,25.78,8.48,4.38,9.01,10.3,17.28,27.4,2.91,1.18,4.98,4.33,15.217647048899252,47.86,66.45,71.45,14.8,53.23,10.3,2.57,50.0,6.89,28.28,13.3,5.33
1983-01-31,4.58,17.36,5.71,2.95,11.18,12.78,16.83,23.98,1.6,0.94,4.06,3.63,14.586963528928237,43.77,51.83,57.52,11.31,42.55,12.78,3.19,41.57,5.32,23.61,10.57,3.59
1983-02-28,5.95,36.97,12.16,6.28,13.93,15.92,27.41,39.1,2.51,1.22,0.0,4.13,25.611953934694718,63.07,151.1,91.03,26.33,87.99,15.92,3.98,79.88,5.57,34.47,12.25,7.65
1983-03-31,13.56,53.05,17.45,9.01,19.8,22.63,43.4,37.49,5.45,2.78,11.47,10.65,48.3050630270928,99.23,256.12,162.33,34.2,122.9,22.63,5.66,124.01,17.0,55.38,27.84,10.98
1983-04-30,7.76,15.05,4.95,2.56,7.06,8.07,12.0,23.51,4.32,1.59,7.41,6.57,6.864623086992025,49.42,89.94,89.14,14.88,52.3,8.07,2.02,49.95,12.47,26.77,17.7,3.11
1983-05-31,28.72,7.08,2.33,1.2,4.56,5.21,7.91,7.51,30.43,5.88,37.88,26.36,4.745298661706457,75.79,96.06,181.76,12.96,42.22,5.21,1.3,32.52,64.38,48.85,51.34,1.47
1983-06-30,32.34,3.68,1.21,0.62,1.56,1.78,1.79,0.0,59.43,6.62,57.09,31.53,1.9663940549443597,63.66,65.28,215.82,3.57,15.5,1.78,0.45,0.0,95.5,41.36,68.54,0.76
1983-07-31,15.6,2.74,0.9,0.46,1.17,1.34,0.75,0.0,38.5,3.2,6.63,10.64,1.5735845897053056,33.42,31.77,85.1,0.83,10.79,1.34,0.33,0.0,40.63,9.82,19.76,0.57
1983-08-31,3.34,0.88,0.29,0.15,0.88,1.01,0.37,0.0,8.98,0.68,2.85,1.76,1.122156101503947,5.33,18.08,25.65,0.41,6.98,1.01,0.25,3.11,4.92,2.31,0.29,0.18
1983-09-30,0.0,2.19,0.72,0.37,1.09,1.25,0.35,0.0,7.53,0.0,1.25,0.48,0.40904328030329395,3.56,13.64,15.24,0.71,2.87,1.25,0.31,2.42,1.1,1.28,0.0,0.45
1983-10-31,2.44,0.49,0.16,0.08,1.67,1.91,0.58,0.0,10.0,0.5,2.13,1.5,1.5869742649091845,4.35,11.62,16.87,0.94,7.63,1.91,0.48,5.46,5.24,1.71,0.62,0.1
1983-11-30,24.88,14.74,4.85,2.5,7.57,8.65,15.62,35.85,17.09,5.1,14.59,18.08,10.306386749384453,56.82,83.6,105.98,13.8,46.94,8.65,2.16,15.91,38.0,30.67,47.51,3.05
1983-12-31,18.03,31.49,10.36,5.35,14.5,16.57,34.51,0.0,10.27,3.69,13.66,14.21,23.889009696023848,89.76,213.48,162.45,33.72,90.19,16.57,4.14,84.92,27.63,51.59,39.85,6.52
1984-01-31,6.11,7.66,2.52,1.3,4.23,4.83,6.38,3.84,6.64,1.25,5.63,5.91,11.579119207457772,35.15,64.72,82.21,9.86,33.27,4.83,1.21,29.42,11.76,16.55,12.01,1.59
1984-02-29,4.15,11.89,3.91,2.02,5.18,5.92,10.8,11.32,3.6,0.85,4.85,3.83,7.951732695003891,24.48,57.55,52.97,6.94,31.2,5.92,1.48,26.44,7.33,14.54,7.75,2.46
1984-03-31,8.41,7.3,2.4,1.24,4.32,4.94,6.65,6.06,6.12,1.72,7.58,7.41,5.969048317471071,33.86,73.93,75.69,7.96,32.95,4.94,1.23,28.45,15.88,20.7,16.88,1.51
1984-04-30,9.13,4.8,1.58,0.82,2.51,2.87,2.82,2.26,10.44,1.87,6.07,8.11,2.1856470861099595,34.1,39.55,69.02,4.5,22.79,2.87,0.72,18.12,20.39,15.47,15.76,0.99
1984-05-31,20.14,2.77,0.91,0.47,1.84,2.1,1.06,0.0,39.48,4.13,18.02,18.45,1.3907944851764356,43.08,35.94,115.41,2.9,17.2,2.1,0.53,0.0,57.48,14.72,25.78,0.57
1984-06-30,9.07,1.67,0.55,0.28,1.19,1.36,0.44,0.0,24.5,1.86,10.67,5.86,0.5817617719672654,12.16,25.12,55.59,0.98,11.43,1.36,0.34,0.11,22.88,4.09,13.74,0.35
1984-07-31,0.0,0.82,0.27,0.14,0.79,0.9,0.18,0.0,2.06,0.0,1.91,0.4,0.25797458640694515,3.82,18.5,19.18,0.23,6.6,0.9,0.23,0.73,1.98,1.48,3.33,0.17
1984-08-31,3.68,0.0,0.0,0.0,0.7,0.8,0.13,0.0,1.07,0.75,0.6,0.11,1.138016797409506,2.59,10.88,12.29,0.19,5.25,0.8,0.2,2.24,0.26,0.84,1.47,0.0
1984-09-30,0.44,1.85,0.61,0.31,0.62,0.71,0.14,0.0,3.59,0.09,0.0,0.15,0.39557543185760835,2.43,4.07,9.97,0.25,4.76,0.71,0.18,2.17,1.41,0.64,1.5,0.38
1984-10-31,1.0,3.34,1.1,0.57,1.02,1.17,0.49,0.07,2.46,0.21,0.97,0.38,1.2976818834584598,2.87,7.84,12.41,0.39,3.6,1.17,0.29,5.11,1.63,1.18,1.27,0.69
1984-11-30,5.45,7.33,2.41,1.24,3.9,4.46,3.84,11.79,3.83,1.12,3.79,3.79,5.037480458993627,15.61,27.99,33.96,5.28,20.83,4.46,1.11,16.84,8.22,9.93,13.13,1.52
1984-12-31,4.26,3.01,0.99,0.51,1.52,1.74,2.32,0.0,1.36,0.87,1.57,1.71,2.283260573883151,9.33,24.05,22.39,3.28,12.39,1.74,0.43,10.1,3.21,5.53,4.95,0.62
1985-01-31,1.43,3.44,1.13,0.58,0.99,1.13,1.07,0.0,1.25,0.29,0.27,1.32,1.5343554350137651,6.35,18.3,15.91,1.91,7.44,1.13,0.28,7.28,2.48,3.2,4.38,0.71
1985-02-28,2.22,10.31,3.39,1.75,3.99,4.56,6.56,15.66,1.55,0.45,1.86,1.91,4.453610593489593,10.88,23.63,21.03,5.14,16.08,4.56,1.14,15.2,3.58,5.43,4.64,2.13
1985-03-31,3.62,12.16,4.0,2.07,3.88,4.43,5.82,15.2,2.58,0.74,3.1,3.49,3.891786269417107,14.64,29.25,29.84,6.01,18.89,4.43,1.11,16.95,6.67,9.92,8.57,2.52
1985-04-30,7.06,3.13,1.03,0.53,2.58,2.95,1.4,0.0,16.93,1.45,18.81,15.02,3.500111876727629,33.49,56.33,85.63,8.28,18.33,2.95,0.74,15.82,35.87,25.75,21.71,0.65
1985-05-31,21.09,1.67,0.55,0.28,1.2,1.37,0.25,0.0,22.6,4.32,18.79,11.63,0.9590567918806165,16.85,26.24,70.9,1.85,7.21,1.37,0.34,2.54,33.46,9.83,10.56,0.35
1985-06-30,3.77,0.33,0.11,0.06,0.89,1.02,0.05,2.15,6.13,0.77,4.28,1.38,0.4474404654515425,4.8,5.84,22.78,0.55,3.96,1.02,0.25,3.4,5.01,2.17,1.22,0.07
1985-07-31,0.2,0.0,0.0,0.0,0.42,0.48,0.01,0.26,1.17,0.04,0.83,0.07,0.262936491494564,2.29,3.59,11.18,0.38,6.08,0.48,0.12,1.17,0.56,0.85,0.0,0.0
1985-08-31,0.19,0.0,0.0,0.0,0.9,1.03,0.03,0.0,0.0,0.04,0.27,0.09,0.1763933614558191,1.8,3.05,8.4,0.24,3.62,1.03,0.26,2.18,0.38,0.55,0.53,0.0
1985-09-30,0.48,0.97,0.32,0.17,0.94,1.07,0.13,1.61,2.91,0.1,0.88,0.17,0.5698149727422681,2.01,2.91,8.75,0.26,3.61,1.07,0.27,3.28,1.84,0.78,0.81,0.2
1985-10-31,0.75,1.76,0.58,0.3,1.64,1.87,0.14,0.0,1.63,0.15,0.58,0.16,1.2750854551508826,1.94,5.49,8.52,0.32,1.01,1.87,0.47,2.72,0.37,0.77,2.15,0.36
1985-11-30,1.2,7.11,2.34,1.21,1.53,1.75,2.04,7.76,1.11,0.25,1.06,0.3,1.956347552850385,4.96,7.54,11.34,1.12,8.41,1.75,0.44,7.97,0.56,1.85,3.53,1.47
1985-12-31,3.01,10.12,3.33,1.72,2.26,2.58,1.47,9.87,1.54,0.62,1.61,1.98,2.824760720134027,11.39,13.94,21.77,2.8,11.45,2.58,0.65,13.71,4.0,8.55,10.66,2.09
1986-01-31,9.74,14.81,4.87,2.51,3.98,4.55,8.89,16.35,5.62,1.99,6.71,8.18,11.899259431954807,25.78,42.32,53.03,7.73,22.76,4.55,1.14,23.22,16.7,27.9,17.52,3.06
1986-02-28,30.16,92.81,30.53,15.76,24.56,28.07,43.36,195.86,20.27,6.18,29.23,24.18,44.74443454456596,128.93,258.8,242.53,46.64,155.6,28.07,7.02,114.03,47.47,104.07,85.14,19.2
1986-03-31,21.98,37.3,12.27,6.34,11.44,13.07,21.36,82.97,19.43,4.5,15.59,19.14,17.081147413228322,84.07,126.31,172.35,12.11,62.78,13.07,3.27,56.91,41.34,43.83,48.03,7.72
1986-04-30,14.79,4.2,1.38,0.71,2.35,2.69,2.23,1.56,19.97,3.03,2.37,12.63,2.813725643381545,47.31,41.94,84.67,4.18,15.63,2.69,0.67,17.03,32.98,16.04,11.11,0.87
1986-05-31,15.54,4.2,1.38,0.71,3.09,3.53,0.83,0.83,36.87,3.18,14.98,15.8,1.64209569455825,30.71,28.73,81.53,2.09,6.66,3.53,0.88,0.0,50.54,10.52,9.59,0.87
1986-06-30,8.42,1.61,0.53,0.27,2.36,2.7,0.24,0.0,20.55,1.73,1.58,5.2,0.4916151862364728,16.71,17.19,42.71,0.85,0.0,2.7,0.67,2.09,20.58,3.15,13.95,0.33
1986-07-31,2.31,0.79,0.26,0.13,1.26,1.44,0.07,0.0,2.7,0.47,0.67,0.21,0.4909678096445162,3.35,7.38,16.6,0.33,5.7,1.44,0.36,3.11,1.08,1.21,0.0,0.16
1986-08-31,0.0,0.0,0.0,0.0,0.61,0.7,0.03,0.0,2.91,0.0,0.25,0.09,1.086098807997132,2.23,5.82,11.49,0.23,2.62,0.7,0.17,0.0,0.51,0.72,0.65,0.0
1986-09-30,1.57,1.88,0.62,0.32,1.1,1.26,0.3,4.48,2.16,0.32,0.71,0.37,0.559844812650681,3.16,4.96,13.65,0.49,5.37,1.26,0.31,5.26,1.51,2.02,3.3,0.39
1986-10-31,1.71,2.19,0.72,0.37,1.77,2.02,0.92,0.0,2.07,0.35,0.46,0.69,1.2034274159368592,3.19,7.07,13.04,0.61,0.0,2.02,0.51,3.61,2.71,1.65,3.43,0.45
1986-11-30,0.42,1.64,0.54,0.28,0.76,0.87,1.1,0.0,0.4,0.09,0.43,0.28,1.566275629156935,2.8,8.17,9.23,0.46,0.45,0.87,0.22,2.91,0.68,1.03,1.34,0.34
1986-12-31,2.27,2.01,0.66,0.34,0.44,0.5,1.38,0.0,0.44,0.46,0.48,0.25,2.198829082525556,1.88,8.39,9.05,0.63,5.95,0.5,0.13,2.91,0.51,1.27,0.95,0.42
1987-01-31,1.39,4.44,1.46,0.75,1.34,1.53,2.16,3.2,0.71,0.28,0.65,0.43,1.8531481149338669,2.85,11.1,11.76,3.82,5.65,1.53,0.38,7.04,0.84,2.55,3.65,0.92
1987-02-28,4.35,11.31,3.72,1.92,3.12,3.57,4.41,13.66,1.9,0.89,2.18,2.52,3.2676976069664803,13.84,25.79,32.41,3.69,11.37,3.57,0.89,15.8,4.84,13.55,10.22,2.34
1987-03-31,5.9,15.53,5.11,2.64,3.74,4.27,8.51,34.05,3.23,1.21,3.83,4.22,11.520155602758612,22.05,23.05,43.33,3.07,14.04,4.27,1.07,20.04,8.75,22.02,11.97,3.21
1987-04-30,12.1,2.46,0.81,0.42,1.43,1.63,1.76,0.0,17.78,2.48,12.88,12.84,1.6239273969275665,10.81,20.19,49.51,1.41,5.02,1.63,0.41,0.0,31.94,10.06,11.28,0.51
1987-05-31,7.37,0.79,0.26,0.13,1.06,1.21,0.36,4.63,12.28,1.51,8.61,5.3,0.7039099391478203,6.52,7.33,32.19,0.99,4.84,1.21,0.3,1.05,15.39,4.4,5.88,0.16
1987-06-30,1.14,0.0,0.0,0.0,0.78,0.89,0.2,2.16,0.88,0.23,1.31,0.36,0.3684306597195715,3.01,1.61,11.26,0.39,3.84,0.89,0.22,1.59,1.12,1.35,1.16,0.0
1987-07-31,0.31,0.0,0.0,0.0,0.53,0.61,0.11,0.84,0.0,0.06,0.64,0.06,0.19563831720251912,1.67,1.67,8.23,0.17,3.63,0.61,0.15,1.88,0.42,0.8,0.94,0.0
1987-08-31,1.84,0.0,0.0,0.0,0.8,0.91,0.08,0.0,0.16,0.38,0.21,0.07,0.24342933416327384,1.32,1.68,6.38,0.13,1.73,0.91,0.23,0.09,0.39,0.46,1.78,0.0
1987-09-30,0.0,0.4,0.13,0.07,0.73,0.83,0.06,0.0,2.87,0.0,0.0,0.05,0.4108474159011024,1.17,1.49,5.65,0.12,1.88,0.83,0.21,0.13,0.52,0.36,1.58,0.08
1987-10-31,0.0,1.16,0.38,0.2,0.32,0.37,0.6,0.0,0.12,0.0,0.15,0.14,0.8270793494944059,1.32,2.86,6.06,0.27,2.04,0.37,0.09,0.8,0.46,0.43,1.24,0.24
1987-11-30,2.45,2.04,0.67,0.35,0.64,0.73,0.96,0.0,0.15,0.5,0.27,0.2,1.2471775053596046,1.88,4.42,6.98,0.53,2.21,0.73,0.18,3.01,0.27,0.72,0.62,0.42
1987-12-31,4.1,9.09,2.99,1.54,2.65,3.03,5.12,17.44,1.97,0.84,2.18,1.77,5.521738661833185,18.47,19.0,29.09,4.12,10.93,3.03,0.76,11.77,3.36,11.97,8.39,1.88
1988-01-31,3.98,16.6,5.46,2.82,4.06,4.64,5.74,33.05,1.2,0.82,1.62,1.56,5.93761839507124,13.05,20.24,23.6,5.97,20.25,4.64,1.16,20.4,2.88,7.45,7.01,3.43
1988-02-29,2.95,2.49,0.82,0.42,1.18,1.35,2.44,7.93,1.97,0.6,1.61,2.96,3.3114069485598616,2.51,13.72,19.67,9.01,5.82,1.35,0.34,6.69,5.71,8.35,5.98,0.52
1988-03-31,5.74,2.49,0.82,0.42,1.6,1.83,2.34,10.94,6.24,1.18,5.09,6.4,3.1768459879657023,11.96,13.41,30.39,3.09,6.66,1.83,0.46,6.55,13.73,14.41,9.03,0.52
1988-04-30,8.06,3.95,1.3,0.67,1.74,1.99,1.51,17.71,10.96,1.65,8.84,7.83,1.824789080544953,9.61,8.71,34.79,2.2,6.17,1.99,0.5,3.67,19.84,10.79,8.72,0.82
1988-05-31,6.68,1.43,0.47,0.24,1.23,1.41,0.82,13.68,11.36,1.37,7.44,4.82,1.0076281918659475,8.04,3.76,29.47,2.01,5.3,1.41,0.35,3.79,14.81,7.25,7.27,0.3
1988-06-30,2.88,0.67,0.22,0.11,0.89,1.02,0.28,7.98,4.15,0.59,2.86,1.21,0.543185392877362,4.34,0.49,15.22,1.2,2.75,1.02,0.25,2.69,4.53,3.17,3.2,0.14
1988-07-31,0.72,0.0,0.0,0.0,0.88,1.01,0.12,4.46,0.0,0.15,0.7,0.08,0.21458595283487017,2.04,1.13,8.04,0.39,2.21,1.01,0.25,1.63,0.54,1.08,1.84,0.0
1988-08-31,0.3,0.0,0.0,0.0,0.63,0.72,0.08,0.0,0.0,0.06,0.26,0.05,0.3301883653584099,1.21,1.26,5.94,0.21,1.78,0.72,0.18,0.64,0.57,0.59,0.89,0.0
1988-09-30,0.53,0.0,0.0,0.0,0.82,0.94,0.05,0.0,3.34,0.11,0.0,0.06,0.2978313359471337,0.94,1.12,5.08,0.08,1.87,0.94,0.23,0.32,0.57,0.42,1.11,0.0
1988-10-31,0.54,0.85,0.28,0.14,0.51,0.58,0.67,0.0,0.26,0.11,0.17,0.06,0.8749612940503046,1.15,3.26,5.28,0.12,0.0,0.58,0.15,0.74,0.36,0.4,2.1,0.18
1988-11-30,2.56,6.9,2.27,1.17,2.78,3.18,2.09,27.17,2.19,0.52,2.41,2.2,2.5204068978314256,11.6,12.66,23.82,3.27,12.78,3.18,0.79,12.49,4.39,8.97,10.73,1.43
1988-12-31,3.18,10.15,3.34,1.72,2.68,3.06,2.1,4.55,1.56,0.65,1.37,1.61,3.08350542768025,6.2,12.87,13.86,0.93,7.77,3.06,0.77,6.42,3.09,3.44,2.95,2.1
1989-01-31,2.5,11.46,3.77,1.95,2.19,2.5,1.9,5.05,1.23,0.51,1.22,1.39,1.998412171562313,9.71,18.37,16.63,2.79,12.21,2.5,0.63,10.26,2.64,3.58,4.28,2.37
1989-02-28,2.54,6.11,2.01,1.04,2.13,2.43,2.33,5.82,2.07,0.52,2.28,2.87,1.6204007893461547,15.11,27.67,27.61,5.96,12.48,2.43,0.61,14.02,5.49,9.86,7.13,1.26
1989-03-31,24.06,51.74,17.02,8.79,15.17,17.34,18.49,95.07,14.55,4.93,20.93,19.36,19.13448255320683,83.39,159.13,163.37,30.69,72.82,17.34,4.33,82.13,39.27,72.96,32.35,10.71
1989-04-30,20.08,9.7,3.19,1.65,3.36,3.84,4.03,0.0,22.31,4.11,27.43,19.94,4.325727255951417,41.76,79.35,127.28,6.12,21.98,3.84,0.96,15.95,47.56,31.46,23.84,2.01
1989-05-31,14.99,8.42,2.77,1.43,2.04,2.33,0.57,0.0,28.27,3.07,22.09,14.84,1.005481540126269,19.18,36.03,85.84,3.38,9.51,2.33,0.58,0.0,43.47,10.46,13.21,1.74
1989-06-30,5.83,1.52,0.5,0.26,1.33,1.52,0.27,0.0,17.64,1.19,8.75,4.58,0.4582731331341065,7.11,13.2,37.48,1.4,7.98,1.52,0.38,1.51,17.71,2.93,5.15,0.31
1989-07-31,1.61,0.4,0.13,0.07,1.22,1.39,0.16,0.0,0.0,0.33,1.0,0.12,0.2418732501084193,2.81,5.36,13.95,0.38,5.75,1.39,0.35,2.43,1.8,1.22,2.06,0.08
1989-08-31,0.53,0.0,0.0,0.0,0.85,0.97,0.1,0.93,0.0,0.11,0.72,0.1,0.4329003886882319,2.04,4.57,10.05,0.24,3.65,0.97,0.24,1.36,0.5,0.76,0.86,0.0
1989-09-30,1.2,1.09,0.36,0.19,1.17,1.34,0.08,2.23,3.66,0.25,0.8,0.2,0.4649113955592483,2.11,3.54,9.29,0.26,3.42,1.34,0.33,1.84,0.72,0.85,0.93,0.23
1989-10-31,2.82,2.71,0.89,0.46,2.24,2.56,1.15,1.63,4.19,0.58,1.94,0.94,1.6185692296841023,5.27,9.47,17.46,0.79,5.68,2.56,0.64,5.01,2.47,3.84,3.31,0.56
1989-11-30,3.52,4.8,1.58,0.82,1.45,1.66,1.32,0.0,1.67,0.72,1.55,1.21,2.268378305748789,4.95,14.64,15.52,1.46,7.44,1.66,0.41,5.94,2.46,2.74,3.63,0.99
1989-12-31,1.6,2.89,0.95,0.49,0.62,0.71,1.17,0.0,1.47,0.33,1.31,1.12,1.1559270634046857,4.31,13.74,13.32,0.52,6.3,0.71,0.18,4.74,2.19,2.05,1.78,0.6
1990-01-31,4.71,13.86,4.56,2.35,3.14,3.59,3.27,14.44,2.94,0.96,2.95,2.92,2.6021594181051855,11.24,24.87,25.2,3.09,12.24,3.59,0.9,10.36,5.78,8.36,5.63,2.87
1990-02-28,2.2,12.04,3.96,2.04,3.16,3.61,2.14,10.08,1.63,0.45,2.08,1.67,2.7847644596803374,9.44,20.41,18.1,2.27,10.33,3.61,0.9,10.21,3.24,3.88,5.15,2.49
1990-03-31,5.68,7.51,2.47,1.28,3.13,3.58,3.26,10.51,5.85,1.16,5.8,7.47,4.72494845262103,23.62,43.59,48.74,7.7,18.38,3.58,0.89,20.14,15.45,18.9,11.12,1.55
1990-04-30,13.29,2.86,0.94,0.49,1.49,1.7,1.44,0.0,16.82,2.72,17.98,13.69,2.1630108771914855,20.59,39.66,64.92,3.33,6.67,1.7,0.43,3.16,33.65,16.98,10.21,0.59
1990-05-31,11.29,3.25,1.07,0.55,1.93,2.21,1.02,14.99,13.64,2.31,11.19,6.45,1.041332600670742,15.26,13.91,48.83,1.68,9.23,2.21,0.55,5.8,19.56,12.62,9.0,0.67
1990-06-30,4.12,3.16,1.04,0.54,1.58,1.81,0.33,21.96,5.36,0.84,5.77,2.19,0.6780247548040633,12.58,3.18,36.83,2.41,7.8,1.81,0.45,7.78,7.81,9.17,3.84,0.65
1990-07-31,0.96,0.0,0.0,0.0,1.18,1.35,0.11,6.34,0.0,0.2,0.91,0.09,0.2038847273404798,3.24,3.05,12.27,0.39,4.22,1.35,0.34,2.82,0.46,1.59,0.0,0.0
1990-08-31,0.0,0.0,0.0,0.0,0.88,1.01,0.07,2.5,0.17,0.0,0.74,0.06,0.15431018986727452,1.91,2.54,7.94,0.26,1.48,1.01,0.25,0.97,0.56,0.81,2.09,0.0
1990-09-30,0.28,0.15,0.05,0.03,0.85,0.97,0.05,0.75,2.23,0.06,0.61,0.06,0.390761743106701,1.63,1.95,6.46,0.18,0.07,0.97,0.24,1.03,1.34,0.61,0.81,0.03
1990-10-31,0.0,1.52,0.5,0.26,1.61,1.84,0.52,0.0,2.15,0.0,0.45,0.1,0.739023073580741,1.53,3.56,6.91,0.17,0.86,1.84,0.46,0.45,0.38,0.59,0.0,0.31
1990-11-30,0.54,0.88,0.29,0.15,0.71,0.81,0.72,0.0,0.0,0.11,0.17,0.09,0.8815410551373196,1.71,5.22,7.01,0.27,2.56,0.81,0.2,2.49,0.12,0.71,0.06,0.18
1990-12-31,1.54,1.4,0.46,0.24,0.69,0.79,0.89,0.0,0.78,0.31,0.34,0.1,1.4967596584040574,1.8,5.93,7.15,0.28,2.36,0.79,0.2,2.06,0.15,0.73,0.0,0.29
1991-01-31,0.3,1.31,0.43,0.22,0.72,0.82,0.9,0.0,0.0,0.06,0.43,0.12,1.4838028029864776,1.9,7.48,7.2,0.34,1.73,0.82,0.21,2.93,0.18,0.86,0.0,0.27
1991-02-28,2.45,2.71,0.89,0.46,0.81,0.93,1.03,0.0,1.21,0.5,0.73,0.31,0.9234440893284921,2.51,7.35,7.9,0.45,2.57,0.93,0.23,4.02,0.49,1.8,0.93,0.56
1991-03-31,8.55,37.67,12.39,6.4,8.98,10.26,8.5,42.49,0.78,1.75,5.58,5.64,8.889573072600886,25.62,55.41,57.45,7.93,26.4,10.26,2.57,38.98,10.07,18.6,15.03,7.79
1991-04-30,8.76,4.26,1.4,0.72,2.57,2.94,3.78,6.09,8.76,1.79,7.82,9.58,5.270751815005648,27.21,42.24,57.25,8.54,17.27,2.94,0.73,19.01,20.83,22.38,12.78,0.88
1991-05-31,15.36,3.4,1.12,0.58,1.73,1.98,1.24,3.79,21.32,3.15,19.44,14.13,1.4151354555129458,25.01,25.71,72.25,5.16,13.94,1.98,0.49,11.12,36.42,21.36,14.59,0.7
1991-06-30,7.41,1.85,0.61,0.31,1.02,1.17,0.23,4.2,15.34,1.52,9.64,5.94,0.4559817979405664,10.69,8.39,40.68,1.42,10.85,1.17,0.29,3.73,18.68,6.38,5.11,0.38
1991-07-31,1.51,0.33,0.11,0.06,1.21,1.38,0.11,2.63,0.09,0.31,1.62,0.45,0.19656901440100327,3.42,2.82,12.83,0.53,6.38,1.38,0.35,2.99,1.07,1.68,2.58,0.07
1991-08-31,0.45,0.06,0.02,0.01,0.56,0.64,0.08,0.0,1.56,0.09,0.45,0.07,0.3256506913755111,2.0,2.57,8.47,0.25,4.23,0.64,0.16,1.99,0.44,0.79,1.04,0.01
1991-09-30,0.0,0.0,0.0,0.0,0.73,0.83,0.04,0.0,2.72,0.0,0.33,0.06,0.2579542500683197,1.44,1.88,6.36,0.16,2.75,0.83,0.21,0.0,0.55,0.55,0.77,0.0
1991-10-31,1.97,1.95,0.64,0.33,0.67,0.77,0.46,1.29,0.28,0.4,0.68,0.12,0.658555359797165,2.02,3.69,7.79,0.43,0.0,0.77,0.19,2.17,0.72,0.94,3.04,0.4
1991-11-30,2.0,1.85,0.61,0.31,0.66,0.75,0.62,0.0,0.93,0.41,0.75,0.32,0.7528319842516432,2.89,6.27,9.07,0.61,3.88,0.75,0.19,2.81,1.06,1.22,2.45,0.38
1991-12-31,2.27,2.64,0.87,0.45,0.81,0.93,1.07,0.0,0.57,0.47,0.73,0.55,1.6895630963183514,3.22,8.33,9.52,0.82,3.97,0.93,0.23,3.89,0.92,1.64,2.47,0.55
1992-01-31,1.12,4.16,1.37,0.71,1.46,1.67,1.58,1.28,0.53,0.23,0.52,0.63,2.1577667212580547,3.71,8.86,9.89,1.16,5.25,1.67,0.42,5.11,1.08,1.9,2.38,0.86
1992-02-29,5.26,25.6,8.42,4.35,6.75,7.71,7.37,50.34,2.68,1.08,2.71,4.19,6.97277870167049,20.75,26.07,35.29,7.9,26.33,7.71,1.93,24.7,8.27,15.94,12.12,5.3
1992-03-31,7.02,9.64,3.17,1.64,2.77,3.17,4.64,21.65,5.13,1.44,4.99,7.01,6.4142546086264876,18.1,21.6,39.59,6.76,16.65,3.17,0.79,12.96,15.27,19.47,9.67,1.99
1992-04-30,12.5,2.86,0.94,0.49,1.44,1.65,2.02,12.24,18.32,2.56,15.02,13.5,2.3368910931651534,18.24,16.16,58.24,3.25,7.7,1.65,0.41,2.15,35.01,18.05,8.49,0.59
1992-05-31,4.53,0.15,0.05,0.03,0.97,1.11,0.34,6.05,9.22,0.93,5.85,3.59,0.66580733766855,6.45,3.84,25.71,0.66,4.22,1.11,0.28,1.52,10.96,4.1,1.81,0.03
1992-06-30,1.14,0.0,0.0,0.0,0.72,0.82,0.18,3.41,0.87,0.23,1.34,0.17,0.34540648470045093,2.67,1.3,10.12,0.31,3.42,0.82,0.21,2.5,0.61,1.27,1.58,0.0
1992-07-31,0.39,0.0,0.0,0.0,0.73,0.83,0.1,1.84,0.21,0.08,0.9,0.12,0.1792887869436548,1.86,1.39,7.52,0.27,3.59,0.83,0.21,2.19,0.55,0.85,1.28,0.0
1992-08-31,0.86,0.0,0.0,0.0,0.69,0.79,0.06,0.0,0.0,0.18,0.32,0.1,0.2981291881638981,1.1,1.25,5.15,0.16,2.07,0.79,0.2,0.0,0.53,0.48,1.22,0.0
1992-09-30,1.06,0.06,0.02,0.01,0.39,0.45,0.05,1.54,1.08,0.22,0.14,0.05,0.2697529374269081,1.05,1.0,4.52,0.12,1.99,0.45,0.11,0.52,0.44,0.39,1.0,0.01
1992-10-31,1.25,1.28,0.42,0.22,1.33,1.52,0.88,0.0,1.87,0.26,0.59,0.21,1.0535634795401831,1.89,3.97,7.0,0.87,0.86,1.52,0.38,2.19,0.63,1.1,2.11,0.26
1992-11-30,0.69,1.28,0.42,0.22,0.64,0.73,0.88,0.0,1.2,0.14,0.55,0.48,1.0260158878869525,1.91,4.73,7.86,0.25,1.75,0.73,0.18,2.07,1.05,1.0,1.55,0.26
1992-12-31,3.11,13.35,4.39,2.27,3.12,3.57,3.25,23.24,1.38,0.64,1.75,1.75,3.3475061464895886,9.74,13.22,18.73,1.89,12.97,3.57,0.89,12.45,2.82,5.89,6.18,2.76
1993-01-31,7.17,55.09,18.12,9.36,13.06,14.93,18.5,95.21,3.06,1.47,4.5,5.73,16.93923749501984,40.57,56.36,64.75,14.61,52.39,14.93,3.73,58.19,9.68,27.98,16.24,11.4
1993-02-28,3.7,28.0,9.21,4.76,8.54,9.76,17.19,45.03,0.88,0.76,2.12,3.35,14.421579415593435,21.32,51.86,46.45,10.97,35.44,9.76,2.44,36.6,5.4,17.75,8.14,5.79
1993-03-31,14.27,17.3,5.69,2.94,7.1,8.11,16.51,10.19,8.73,2.92,13.26,14.27,18.824555185563383,58.17,128.02,121.25,12.38,43.84,8.11,2.03,47.9,26.69,54.65,28.42,3.58
1993-04-30,14.64,8.3,2.73,1.41,3.02,3.45,8.16,0.0,13.34,3.0,18.81,17.3,8.450879241704861,37.1,82.54,101.69,6.77,30.82,3.45,0.86,25.03,39.18,44.14,14.77,1.72
1993-05-31,31.07,4.92,1.62,0.84,3.64,4.16,2.8,0.0,44.32,6.36,44.79,30.27,3.2917678988283257,36.55,94.04,161.04,3.84,15.31,4.16,1.04,4.36,81.78,31.66,16.28,1.02
1993-06-30,16.49,4.65,1.53,0.79,2.53,2.89,0.96,3.35,37.54,3.38,21.35,11.96,1.4744716389300694,20.96,34.72,103.66,3.06,12.63,2.89,0.72,10.43,41.56,15.17,12.48,0.96
1993-07-31,2.3,2.1,0.69,0.36,2.11,2.41,0.22,0.0,7.77,0.47,3.91,1.28,0.5047241548396074,5.83,11.72,29.18,0.0,5.03,2.41,0.6,4.15,5.65,2.83,2.86,0.43
1993-08-31,0.0,0.43,0.14,0.07,2.03,2.32,0.11,1.52,0.0,0.0,0.81,0.14,1.0227600458109836,2.84,6.88,14.41,0.0,4.6,2.32,0.58,2.45,0.42,1.12,1.72,0.09
1993-09-30,0.0,0.73,0.24,0.12,2.12,2.42,0.11,0.0,3.47,0.0,0.45,0.09,0.29301619028308323,1.94,4.26,10.13,0.25,1.16,2.42,0.61,1.92,0.85,0.76,0.39,0.15
1993-10-31,0.68,2.13,0.7,0.36,2.92,3.34,0.71,0.0,3.25,0.14,0.42,0.18,1.0038674963493386,2.37,6.35,11.36,0.15,0.0,3.34,0.83,2.8,1.46,1.1,0.69,0.44
1993-11-30,0.87,2.52,0.83,0.43,0.96,1.1,0.94,0.0,0.42,0.18,0.0,0.17,1.5290337254071606,2.31,8.28,9.84,0.33,2.97,1.1,0.27,2.99,1.01,1.07,1.19,0.52
1993-12-31,2.02,8.24,2.71,1.4,1.81,2.07,2.32,7.77,0.44,0.41,1.15,0.51,2.7358957931287726,5.99,13.88,15.48,0.53,7.08,2.07,0.52,9.4,0.73,2.93,3.06,1.7
1994-01-31,3.45,3.44,1.13,0.58,1.18,1.35,2.02,0.58,0.5,0.71,0.74,0.77,1.62491766658382,4.39,12.85,13.22,0.46,4.14,1.35,0.34,5.68,1.29,3.03,2.58,0.71
1994-02-28,2.86,10.28,3.38,1.75,3.14,3.59,3.58,15.7,0.68,0.59,1.15,0.77,4.537749765326884,9.55,17.47,17.71,1.8,12.77,3.59,0.9,14.44,1.29,4.08,4.58,2.13
1994-03-31,6.44,3.77,1.24,0.64,2.17,2.48,2.52,6.77,4.29,1.32,3.93,5.93,3.7098914137030565,17.87,29.04,38.94,3.88,14.09,2.48,0.62,14.35,12.13,15.64,11.7,0.78
1994-04-30,10.08,2.95,0.97,0.5,1.53,1.75,1.38,1.82,12.6,2.06,11.08,9.95,1.9310731889834933,13.74,21.65,45.35,0.24,5.4,1.75,0.44,1.81,24.09,12.05,9.4,0.61
1994-05-31,10.51,1.4,0.46,0.24,1.02,1.17,0.77,8.19,16.1,2.15,13.11,8.37,0.9816225196484076,12.81,10.95,47.72,0.07,5.3,1.17,0.29,1.63,23.81,8.6,6.72,0.29
1994-06-30,1.78,0.0,0.0,0.0,0.88,1.01,0.18,5.75,2.38,0.36,2.29,0.55,0.38007989566788686,3.64,2.13,15.0,0.4,3.39,1.01,0.25,2.08,1.96,1.85,2.28,0.0
1994-07-31,0.35,0.0,0.0,0.0,0.88,1.01,0.09,2.23,0.45,0.07,0.34,0.04,0.18022371338694043,1.65,1.68,7.96,0.21,3.01,1.01,0.25,1.0,0.28,0.77,1.12,0.0
1994-08-31,0.0,0.0,0.0,0.0,0.57,0.65,0.06,0.15,0.38,0.0,0.27,0.05,0.20509178048997967,1.15,1.54,5.88,0.12,1.72,0.65,0.16,1.15,0.31,0.47,2.2,0.0
1994-09-30,0.54,0.0,0.0,0.0,0.9,1.03,0.04,0.87,0.74,0.11,0.25,0.07,0.29677711102903354,1.1,1.37,5.49,0.12,0.0,1.03,0.26,1.42,0.35,0.43,1.07,0.0
1994-10-31,0.44,1.22,0.4,0.21,1.27,1.45,0.73,0.0,2.65,0.09,0.22,0.13,0.8361787103905267,1.39,4.93,7.12,0.17,1.35,1.45,0.36,1.09,0.39,0.51,0.75,0.25
1994-11-30,2.0,5.99,1.97,1.02,1.13,1.29,1.06,7.66,0.68,0.41,1.5,0.72,1.2217695739562666,4.35,5.92,9.34,0.45,6.84,1.29,0.32,5.23,1.43,1.21,2.79,1.24
1994-12-31,2.91,21.1,6.94,3.58,4.27,4.88,2.83,30.36,0.56,0.6,0.7,1.27,2.990574049121505,13.79,15.09,19.69,2.18,19.51,4.88,1.22,19.81,1.7,3.95,6.31,4.37
1995-01-31,14.34,70.19,23.09,11.92,18.48,21.12,45.0,134.72,5.61,2.94,9.15,11.09,39.2894534526085,79.7,120.69,131.95,23.92,93.55,21.12,5.28,116.04,18.45,55.74,27.46,14.52
1995-02-28,4.45,6.17,2.03,1.05,3.37,3.85,13.34,0.0,3.07,0.91,5.78,6.39,8.033839851587844,24.17,77.67,63.03,4.97,24.58,3.85,0.96,27.53,9.77,21.22,14.43,1.28
1995-03-31,19.86,58.46,19.23,9.93,18.21,20.81,49.24,122.97,14.1,4.07,21.49,18.43,52.593463421428666,105.3,213.24,189.01,25.0,112.93,20.81,5.2,131.14,17.28,81.72,51.98,12.1
1995-04-30,13.37,0.4,0.13,0.07,6.6,7.54,17.24,4.71,11.78,2.74,15.57,14.24,16.88076423940828,53.06,121.19,126.74,12.41,59.63,7.54,1.89,59.55,29.79,45.26,21.82,0.08
1995-05-31,35.05,7.3,2.4,1.24,6.26,7.15,5.49,24.37,36.27,7.18,44.0,27.63,7.144902730572639,63.98,141.18,218.71,13.96,43.88,7.15,1.79,58.6,70.11,53.36,28.42,1.51
1995-06-30,30.54,2.71,0.89,0.46,2.04,2.33,1.1,0.0,57.75,6.25,46.51,24.17,1.670749114861053,36.93,84.53,187.68,9.71,17.31,2.33,0.58,23.13,79.31,24.46,15.08,0.56
1995-07-31,12.3,3.16,1.04,0.54,1.32,1.51,0.2,0.0,38.25,2.52,15.7,8.83,1.9916391001541172,12.43,34.7,78.89,5.56,10.35,1.51,0.38,8.2,36.62,5.9,0.89,0.65
1995-08-31,0.0,0.55,0.18,0.09,0.71,0.81,0.12,0.0,4.48,0.0,1.35,0.85,0.40643938529993306,4.01,11.4,21.85,0.58,6.39,0.81,0.2,1.79,2.48,1.34,0.59,0.11
1995-09-30,1.13,0.91,0.3,0.15,0.98,1.12,0.13,0.83,3.25,0.23,0.05,0.13,0.3526754432568566,2.61,6.18,13.25,0.16,3.42,1.12,0.28,1.14,0.92,0.84,0.0,0.19
1995-10-31,1.42,1.12,0.37,0.19,1.41,1.61,0.99,0.0,2.57,0.29,0.59,0.13,1.1885924160927004,2.34,7.58,11.18,0.21,4.99,1.61,0.4,0.0,11.95,0.7,0.0,0.23
1995-11-30,0.37,8.09,2.66,1.37,0.55,0.63,1.08,0.0,0.94,0.08,0.33,0.19,1.1951967489674085,2.28,8.1,10.25,0.25,5.48,0.63,0.16,2.53,0.7,0.71,0.81,1.67
1995-12-31,11.02,7.87,2.59,1.34,1.86,2.13,4.96,8.38,8.72,2.26,5.96,5.47,5.9429858694229205,16.27,38.42,43.21,3.26,15.9,2.13,0.53,16.79,9.99,10.55,15.8,1.63
1996-01-31,7.69,17.88,5.88,3.04,7.18,8.21,7.31,10.69,5.04,1.57,6.5,4.79,8.005631534587858,30.66,67.1,57.95,12.09,38.63,8.21,2.05,33.46,8.51,13.48,11.03,3.7
1996-02-29,20.11,27.6,9.08,4.69,12.67,14.48,25.42,35.17,14.43,4.12,20.6,19.91,19.928780264165763,75.66,179.82,157.15,26.23,74.38,14.48,3.62,75.06,36.19,64.02,21.6,5.71
1996-03-31,8.22,6.78,2.23,1.15,6.59,7.53,13.98,5.1,7.63,1.68,10.37,10.69,15.999715903105077,39.52,98.34,89.22,13.18,55.25,7.53,1.88,44.7,20.83,28.57,9.02,1.4
1996-04-30,16.9,6.57,2.16,1.12,5.76,6.58,7.63,0.0,16.2,3.46,19.98,15.57,8.346535813076422,44.77,98.16,112.28,11.68,41.48,6.58,1.65,37.95,36.78,28.7,13.02,1.36
1996-05-31,34.64,6.02,1.98,1.02,5.36,6.13,4.04,26.27,54.31,7.1,49.27,23.06,4.397250367526553,60.88,94.69,212.01,12.84,38.84,6.13,1.53,35.48,40.09,39.87,55.57,1.25
1996-06-30,7.36,1.98,0.65,0.34,1.87,2.14,0.61,2.24,21.53,1.51,10.78,6.81,0.9345684915490438,13.46,25.32,65.99,2.93,16.32,2.14,0.53,2.89,24.68,5.71,0.0,0.41
1996-07-31,1.11,0.27,0.09,0.05,1.31,1.5,0.26,0.0,4.93,0.23,1.57,3.55,0.32179010452225043,5.5,10.5,23.38,0.97,9.08,1.5,0.37,0.0,16.62,1.73,0.0,0.06
1996-08-31,2.2,0.0,0.0,0.0,0.69,0.79,0.11,2.1,1.86,0.45,0.16,0.28,1.1128903753569261,3.06,7.06,14.08,0.28,5.68,0.79,0.2,0.94,1.61,0.93,0.0,0.0
1996-09-30,0.11,0.27,0.09,0.05,0.78,0.89,0.13,0.0,0.75,0.02,0.49,0.25,0.40972544673536504,2.58,5.1,11.47,0.25,2.19,0.89,0.22,3.77,1.05,0.75,1.53,0.06
1996-10-31,0.0,2.52,0.83,0.43,1.32,1.51,1.11,0.0,0.79,0.0,0.18,0.21,1.3072857190775549,2.59,7.2,10.72,0.3,2.42,1.51,0.38,1.92,0.97,0.79,0.86,0.52
1996-11-30,3.84,6.32,2.08,1.07,1.01,1.15,2.26,3.24,8.28,0.79,3.57,4.09,2.431078492377268,9.07,17.94,24.09,1.48,11.81,1.15,0.29,8.3,8.46,4.99,8.48,1.31
1996-12-31,27.14,44.78,14.73,7.61,14.49,16.56,35.49,55.43,17.44,5.56,22.72,19.26,30.498190597257896,93.27,184.14,181.76,23.03,102.62,16.56,4.14,90.0,41.14,75.27,44.15,9.27
1997-01-31,28.91,31.43,10.34,5.34,24.99,28.56,50.08,145.24,32.19,5.92,39.23,22.82,51.51771053278552,146.27,304.3,278.29,40.26,190.16,28.56,7.14,95.48,43.61,74.5,75.87,6.5
1997-02-28,3.64,0.0,0.0,0.0,3.58,4.09,4.91,22.86,2.72,0.75,5.5,4.39,4.211553389945024,28.44,34.17,61.92,8.26,25.8,4.09,1.02,24.18,8.57,12.27,3.74,0.0
1997-03-31,9.25,4.16,1.37,0.71,1.9,2.17,1.14,14.85,8.66,1.89,9.4,9.22,1.8007761594326868,14.66,31.17,61.8,8.97,8.5,2.17,0.54,4.01,21.17,11.78,11.43,0.86
1997-04-30,14.16,2.86,0.94,0.49,1.25,1.43,0.88,0.0,20.65,2.9,20.73,14.56,1.373380883405687,16.43,40.66,85.86,6.35,5.81,1.43,0.36,0.0,40.43,12.15,11.59,0.59
1997-05-31,15.11,2.37,0.78,0.4,1.26,1.44,0.51,0.0,35.12,3.09,20.99,12.6,0.7487718562489789,13.06,30.36,78.52,2.52,9.53,1.44,0.36,0.0,41.23,5.95,0.27,0.49
1997-06-30,5.5,1.85,0.61,0.31,0.98,1.12,0.26,2.54,11.52,1.13,5.84,2.51,0.30306749241883324,5.92,13.6,30.7,0.39,6.64,1.12,0.28,0.54,10.23,2.21,3.35,0.38
1997-07-31,0.97,0.15,0.05,0.03,0.79,0.9,0.14,0.0,0.92,0.2,1.09,0.12,1.0570250805846229,2.88,7.52,15.0,0.37,3.1,0.9,0.23,1.86,0.66,0.9,3.57,0.03
1997-08-31,0.15,0.0,0.0,0.0,0.87,0.99,0.11,0.0,0.49,0.03,0.46,0.12,0.8026683736007527,2.09,5.49,11.07,0.24,2.57,0.99,0.25,2.24,0.44,0.64,2.26,0.0
1997-09-30,0.05,1.79,0.59,0.3,0.77,0.88,0.13,0.0,3.86,0.01,0.74,0.14,0.3518690776536317,1.77,4.34,9.5,0.22,2.12,0.88,0.22,1.97,2.43,0.54,0.31,0.37
1997-10-31,2.25,2.61,0.86,0.44,1.2,1.37,1.39,1.15,3.4,0.46,0.33,0.23,1.615955650366378,2.31,6.85,10.34,0.4,0.62,1.37,0.34,2.71,0.94,0.84,0.0,0.54
1997-11-30,2.43,3.1,1.02,0.53,0.81,0.93,3.0,14.25,1.68,0.5,1.27,0.95,3.1633669690709585,4.6,8.49,15.04,1.43,5.81,0.93,0.23,5.19,1.43,4.92,1.29,0.64
1997-12-31,3.09,15.2,5.0,2.58,1.91,2.18,4.25,19.02,7.29,0.63,1.17,1.91,4.457021833641385,7.67,12.73,18.42,1.38,11.79,2.18,0.55,6.43,2.99,6.49,3.43,3.15
1998-01-31,10.76,45.51,14.97,7.73,10.85,12.4,28.25,101.04,0.0,2.2,5.63,9.12,25.53247640671873,50.38,77.24,87.93,18.06,61.98,12.4,3.1,45.63,15.14,42.15,15.06,9.42
1998-02-28,5.75,66.82,21.98,11.35,16.44,18.79,42.21,112.83,2.69,1.18,4.96,4.73,37.00163008684708,50.48,97.35,80.47,14.68,83.6,18.79,4.7,80.2,7.29,26.72,9.09,13.83
1998-03-31,10.56,15.53,5.11,2.64,5.6,6.4,15.9,0.46,6.38,2.16,10.47,13.35,17.66479471711513,46.62,121.87,101.76,11.62,38.3,6.4,1.6,32.42,24.21,35.09,20.27,3.21
1998-04-30,11.27,16.93,5.57,2.88,5.99,6.85,10.75,24.69,12.25,2.31,12.06,11.69,11.739610455437386,40.18,95.71,90.98,8.74,39.9,6.85,1.71,31.34,25.47,27.36,16.86,3.5
1998-05-31,19.76,12.49,4.11,2.12,4.99,5.7,7.58,20.72,20.5,4.05,26.61,20.52,7.066709248536782,51.42,98.31,147.39,7.43,34.46,5.7,1.43,30.7,50.4,44.94,18.27,2.59
1998-06-30,31.63,5.47,1.8,0.93,2.64,3.02,2.0,0.0,49.85,6.48,39.28,26.62,3.0411547935282215,37.92,74.91,184.28,15.12,17.49,3.02,0.75,4.01,85.53,36.4,22.06,1.13
1998-07-31,7.45,3.89,1.28,0.66,1.16,1.33,0.47,0.0,22.66,1.53,8.8,5.98,1.1296844950848026,11.82,24.34,65.42,3.79,7.15,1.33,0.33,6.23,24.4,7.45,4.25,0.81
1998-08-31,1.08,2.25,0.74,0.38,0.95,1.09,0.18,1.74,2.48,0.22,0.95,0.3,1.4791810184445215,4.45,10.05,20.42,0.32,2.71,1.09,0.27,5.19,0.85,1.45,2.14,0.47
1998-09-30,1.32,2.71,0.89,0.46,0.61,0.7,0.16,6.85,0.95,0.27,0.77,0.19,0.4360180801845388,3.23,6.79,15.09,0.37,1.17,0.7,0.17,2.92,1.09,1.05,1.32,0.56
1998-10-31,0.12,2.77,0.91,0.47,1.44,1.65,1.39,0.0,3.06,0.02,0.44,0.29,1.6981662810009328,2.98,8.8,13.55,0.41,4.84,1.65,0.41,4.66,2.5,1.0,0.0,0.57
1998-11-30,2.9,6.93,2.28,1.18,1.41,1.61,4.73,20.17,2.34,0.59,2.31,1.84,5.410384809377783,9.23,16.38,27.03,2.42,10.84,1.61,0.4,12.49,3.58,10.86,6.1,1.43
1998-12-31,5.47,11.73,3.86,1.99,3.1,3.54,7.39,14.29,2.43,1.12,2.37,4.02,8.602094360991913,16.58,38.45,42.0,5.1,14.55,3.54,0.89,17.21,7.46,17.35,7.05,2.43
1999-01-31,9.17,22.47,7.39,3.82,6.53,7.46,9.54,30.85,2.88,1.88,4.17,5.77,6.063332425613128,34.06,78.43,72.49,12.6,40.3,7.46,1.87,38.28,9.89,28.22,15.06,4.65
1999-02-28,6.66,41.34,13.6,7.02,12.26,14.01,22.26,69.36,2.0,1.36,6.03,4.49,20.928118895612293,51.41,103.61,88.58,16.09,78.77,14.01,3.5,76.63,6.91,31.52,14.04,8.55
1999-03-31,6.54,15.38,5.06,2.61,5.46,6.24,12.83,20.57,3.37,1.34,6.06,7.64,15.357358557526531,34.94,78.64,76.31,11.14,41.14,6.24,1.56,41.86,11.5,25.45,14.37,3.18
1999-04-30,11.35,8.39,2.76,1.43,3.32,3.79,5.3,0.0,9.37,2.33,12.37,15.13,4.128591004097274,27.87,64.18,75.75,7.66,25.35,3.79,0.95,17.71,28.08,20.74,12.57,1.74
1999-05-31,23.14,3.86,1.27,0.66,1.85,2.11,1.38,0.0,37.79,4.74,38.18,30.19,2.2544699479905645,34.39,75.15,141.91,4.74,15.94,2.11,0.53,2.81,80.04,23.73,9.48,0.8
1999-06-30,13.72,3.19,1.05,0.54,0.89,1.02,0.57,0.0,33.3,2.81,22.27,8.91,0.8745258199008106,15.47,34.84,92.29,2.39,6.26,1.02,0.25,15.64,45.04,7.12,0.0,0.66
1999-07-31,2.08,0.97,0.32,0.17,0.87,0.99,0.27,0.0,4.42,0.43,2.76,0.47,0.3544948569632709,4.68,11.26,25.91,0.49,3.92,0.99,0.25,3.75,3.87,1.59,4.41,0.2
1999-08-31,0.36,0.06,0.02,0.01,0.68,0.78,0.16,0.0,0.26,0.07,0.71,0.19,1.114376968508125,2.88,7.32,14.58,0.32,3.42,0.78,0.19,3.43,0.76,0.8,2.43,0.01
1999-09-30,0.94,0.36,0.12,0.06,0.27,0.31,0.13,0.0,0.3,0.19,0.28,0.14,0.462609047446108,2.13,4.8,10.9,0.25,2.54,0.31,0.08,2.84,0.89,0.59,1.92,0.08
1999-10-31,1.18,1.64,0.54,0.28,1.31,1.5,1.16,1.2,0.58,0.24,0.55,0.19,1.4114876535255236,2.33,6.91,11.16,0.34,3.17,1.5,0.37,3.06,1.77,0.79,0.7,0.34
1999-11-30,1.43,3.74,1.23,0.64,0.86,0.98,2.17,1.05,2.27,0.29,0.85,0.57,2.2476036201570455,3.68,10.82,13.15,0.72,4.5,0.98,0.25,5.18,1.46,2.05,1.7,0.77
1999-12-31,0.8,2.98,0.98,0.51,0.65,0.74,2.36,0.0,3.58,0.16,0.48,4.02,3.0157551729802448,4.13,11.59,12.65,0.75,3.82,0.74,0.19,0.0,7.46,1.72,0.0,0.62
2000-01-31,8.34,21.52,7.08,3.66,4.47,5.11,6.9,22.78,3.22,1.71,4.0,5.4,7.970347395962053,22.5,47.15,49.68,6.39,22.97,5.11,1.28,26.04,9.89,19.46,14.34,4.45
2000-02-29,9.84,38.7,12.73,6.57,14.23,16.26,25.44,86.18,3.67,2.02,6.75,6.72,20.756550542660886,50.32,97.54,87.2,16.69,87.51,16.26,4.07,69.69,11.96,31.36,15.14,8.01
2000-03-31,7.34,17.33,5.7,2.94,6.61,7.55,15.7,57.59,5.29,1.5,6.64,8.09,18.53833218675988,35.69,73.56,72.06,11.46,47.85,7.55,1.89,42.79,16.4,22.74,11.57,3.59
2000-04-30,16.97,4.07,1.34,0.69,2.09,2.39,4.73,0.0,18.76,3.48,21.28,17.79,4.0483452532475965,31.14,58.53,96.75,6.41,18.81,2.39,0.6,14.28,43.24,31.29,14.66,0.84
2000-05-31,20.18,2.8,0.92,0.48,1.58,1.81,1.06,0.0,32.98,4.13,25.63,23.59,1.7336229343616056,24.86,43.97,105.88,4.85,15.79,1.81,0.45,0.0,69.38,16.45,0.0,0.58
2000-06-30,5.0,1.31,0.43,0.22,1.07,1.22,0.38,2.79,12.36,1.02,6.08,3.22,0.5770957096351168,7.79,12.36,38.36,0.75,8.19,1.22,0.31,3.61,11.7,3.85,3.87,0.27
2000-07-31,0.61,0.21,0.07,0.04,0.74,0.85,0.22,5.0,0.78,0.12,0.89,0.15,0.290788728925925,3.42,6.08,15.56,0.37,2.32,0.85,0.21,3.82,0.81,1.18,3.79,0.04
2000-08-31,0.33,0.0,0.0,0.0,0.38,0.43,0.13,0.0,1.26,0.07,0.28,0.09,0.9023510730809079,2.22,4.77,10.69,0.26,3.23,0.43,0.11,1.92,0.64,0.81,1.89,0.0
2000-09-30,1.23,1.37,0.45,0.23,0.93,1.06,0.13,0.47,2.34,0.25,0.49,0.11,0.5465662415787733,2.1,3.84,9.66,0.29,2.45,1.06,0.27,2.37,0.9,0.74,1.08,0.28
2000-10-31,1.45,3.1,1.02,0.53,1.12,1.28,1.16,0.0,3.84,0.3,0.68,0.21,1.4627259202755931,2.74,5.39,10.24,0.36,3.81,1.28,0.32,2.06,1.86,1.12,0.0,0.64
2000-11-30,0.33,2.13,0.7,0.36,0.43,0.49,1.23,14.0,2.03,0.07,0.43,0.41,1.7803077316412022,2.63,7.81,9.72,0.35,4.18,0.49,0.12,3.7,0.68,1.09,0.43,0.44
2000-12-31,0.82,2.19,0.72,0.37,0.41,0.47,1.57,4.4,0.56,0.17,0.62,0.63,2.434979302814615,3.88,10.23,11.37,0.92,3.81,0.47,0.12,5.04,0.89,1.77,2.12,0.45
2001-01-31,1.28,4.89,1.61,0.83,1.18,1.35,2.15,5.13,0.58,0.26,0.58,0.68,1.6422166066467632,4.18,10.97,10.84,1.0,4.65,1.35,0.34,5.67,0.97,1.56,1.64,1.01
2001-02-28,2.09,11.8,3.88,2.0,3.04,3.47,5.6,21.2,0.89,0.43,0.94,1.09,4.464780918565658,7.61,13.89,13.88,2.55,10.81,3.47,0.87,12.0,1.78,2.57,2.19,2.44
2001-03-31,7.83,6.84,2.25,1.16,2.33,2.66,6.17,20.98,5.68,1.6,3.59,7.75,8.119137045961978,19.23,28.92,39.76,6.11,16.44,2.66,0.67,14.95,16.45,17.38,12.98,1.42
2001-04-30,9.38,4.74,1.56,0.81,1.43,1.63,3.19,15.75,10.08,1.92,8.5,9.85,4.066152439791218,16.78,19.41,44.11,4.11,10.71,1.63,0.41,8.11,24.59,17.13,8.87,0.98
2001-05-31,11.6,1.12,0.37,0.19,0.81,0.93,1.23,14.61,20.81,2.38,14.36,11.84,1.4213064640857773,13.27,9.61,52.73,2.11,6.24,0.93,0.23,0.0,33.79,11.93,5.44,0.23
2001-06-30,0.83,0.0,0.0,0.0,0.72,0.82,0.28,7.34,0.97,0.17,1.15,0.39,0.510675340852007,3.03,1.64,12.55,0.34,3.6,0.82,0.21,2.44,1.3,1.58,1.74,0.0
2001-07-31,0.21,0.0,0.0,0.0,0.28,0.32,0.13,2.26,0.24,0.04,0.34,0.08,0.22811713811666934,1.81,1.57,8.35,0.18,2.61,0.32,0.08,1.67,0.41,0.81,2.41,0.0
2001-08-31,0.37,0.0,0.0,0.0,0.57,0.65,0.09,2.36,0.07,0.08,0.44,0.06,0.28277910257775213,1.35,1.65,6.7,0.11,1.55,0.65,0.16,0.86,0.41,0.5,2.35,0.0
2001-09-30,0.0,0.12,0.04,0.02,0.29,0.33,0.06,2.43,1.03,0.0,0.21,0.08,0.4193355438044222,1.26,1.55,6.09,0.12,2.09,0.33,0.08,1.2,1.01,0.42,0.91,0.03
2001-10-31,0.97,1.12,0.37,0.19,1.04,1.19,0.7,0.0,1.54,0.2,0.3,0.08,0.9038730860025628,1.36,3.54,6.3,0.16,0.42,1.19,0.3,1.77,0.81,0.51,0.13,0.23
2001-11-30,4.17,3.8,1.25,0.65,0.73,0.83,2.38,14.06,1.92,0.85,1.44,1.16,2.857237935851482,4.91,7.96,12.89,0.86,5.46,0.83,0.21,5.91,2.07,3.35,3.23,0.79
2001-12-31,4.63,21.1,6.94,3.58,4.8,5.49,8.95,42.88,1.71,0.95,2.09,2.37,8.533090204329925,16.57,24.57,28.01,5.01,24.41,5.49,1.37,24.68,3.98,8.3,8.24,4.37
2002-01-31,6.48,16.63,5.47,2.82,4.18,4.78,10.01,16.98,2.83,1.33,3.77,5.04,9.325551107312778,22.86,44.25,45.56,6.91,24.42,4.78,1.19,23.03,9.11,17.54,8.75,3.44
2002-02-28,4.39,13.68,4.5,2.32,2.07,2.37,4.59,31.91,4.43,0.9,2.8,4.34,5.607589525504203,18.25,31.77,31.12,5.46,20.25,2.37,0.59,18.93,7.65,12.39,8.59,2.83
2002-03-31,6.76,20.37,6.7,3.46,6.17,7.05,5.45,21.43,6.28,1.38,5.86,6.75,6.846127107001607,27.64,48.52,50.11,9.41,35.93,7.05,1.76,31.81,13.19,18.13,11.3,4.21
2002-04-30,15.91,5.11,1.68,0.87,1.89,2.16,2.57,0.0,13.65,3.26,20.12,18.37,2.308192497268323,28.89,48.94,82.47,6.02,17.5,2.16,0.54,10.84,43.84,25.94,13.61,1.06
2002-05-31,15.74,3.98,1.31,0.68,1.25,1.43,0.63,0.0,28.92,3.22,22.59,17.44,1.09217647563284,19.55,29.73,75.88,3.04,10.35,1.43,0.36,0.0,50.46,11.06,8.09,0.82
2002-06-30,5.24,2.46,0.81,0.42,0.76,0.87,0.25,0.0,15.65,1.07,7.1,4.75,0.4075192871915263,7.24,9.71,33.33,0.4,6.96,0.87,0.22,2.63,16.88,2.98,1.4,0.51
2002-07-31,0.53,0.0,0.0,0.0,0.33,0.38,0.14,3.2,1.65,0.11,0.73,0.15,0.2020484566492513,2.69,4.14,12.0,0.29,4.65,0.38,0.09,2.9,0.78,0.97,1.13,0.0
2002-08-31,0.2,0.0,0.0,0.0,0.6,0.69,0.09,1.92,1.66,0.04,0.2,0.06,0.5961851115635426,1.82,3.45,8.46,0.17,4.29,0.69,0.17,1.37,0.48,0.59,1.05,0.0
2002-09-30,0.54,0.0,0.0,0.0,0.3,0.34,0.08,0.0,2.89,0.11,0.13,0.06,0.32547010877059535,1.51,2.64,7.14,0.11,2.39,0.34,0.09,1.52,1.28,0.44,0.0,0.0
2002-10-31,0.27,1.25,0.41,0.21,1.0,1.14,0.8,0.0,2.23,0.06,0.38,0.07,0.9434011647705425,1.56,4.36,6.82,0.15,2.0,1.14,0.29,1.6,1.53,0.44,1.18,0.26
2002-11-30,4.81,2.43,0.8,0.41,0.66,0.75,1.35,3.87,2.74,0.99,1.91,1.89,1.5451574345002013,5.4,12.04,16.6,0.94,4.19,0.75,0.19,4.82,3.52,2.86,5.82,0.5
2002-12-31,9.84,22.25,7.32,3.78,5.97,6.82,17.59,56.76,4.14,2.02,4.97,5.93,18.59899512998846,22.76,44.41,49.44,5.15,23.24,6.82,1.71,28.72,11.11,16.67,10.22,4.6
2003-01-31,8.65,11.1,3.65,1.88,3.15,3.6,21.49,9.28,4.76,1.77,6.48,8.94,14.278702307852686,31.04,77.59,73.29,10.16,23.35,3.6,0.9,22.85,16.78,29.08,14.42,2.3
2003-02-28,4.6,6.17,2.03,1.05,1.69,1.93,8.16,0.0,4.28,0.94,5.2,5.26,9.12464196053456,17.01,52.58,43.32,4.9,15.43,1.93,0.48,12.85,9.54,13.08,7.52,1.28
2003-03-31,11.07,10.34,3.4,1.76,2.9,3.31,11.11,2.32,7.94,2.27,9.88,11.06,12.521741253456831,24.68,65.55,62.47,5.13,21.54,3.31,0.83,18.07,22.82,22.36,12.56,2.14
2003-04-30,9.69,13.89,4.57,2.36,4.89,5.59,14.68,17.6,7.69,1.98,11.28,8.32,16.144966585826225,33.16,66.51,75.51,8.73,34.47,5.59,1.4,37.26,19.3,18.63,11.98,2.87
2003-05-31,24.24,7.39,2.43,1.25,3.76,4.3,5.4,42.35,29.53,4.96,29.21,19.79,5.892065258867944,44.65,63.38,136.5,7.57,33.23,4.3,1.07,32.67,58.68,31.25,17.72,1.53
2003-06-30,11.73,0.52,0.17,0.09,1.18,1.35,0.63,0.2,25.13,2.4,14.58,9.4,0.8985672459480156,13.64,23.6,71.82,3.68,11.31,1.35,0.34,5.0,33.25,7.23,4.58,0.11
2003-07-31,0.64,0.0,0.0,0.0,0.57,0.65,0.18,5.21,0.0,0.13,1.21,0.27,0.6799938519876463,4.56,7.58,19.29,0.01,6.29,0.65,0.16,5.27,1.17,1.66,1.03,0.0
2003-08-31,0.55,0.0,0.0,0.0,0.55,0.63,0.12,7.89,2.45,0.11,0.45,0.15,1.0038715032600578,3.03,6.2,13.41,0.2,3.88,0.63,0.16,3.84,0.52,0.96,2.68,0.0
2003-09-30,0.79,0.0,0.0,0.0,0.33,0.38,0.11,3.47,2.07,0.16,0.31,0.13,0.3110538343140803,2.04,3.88,9.37,0.18,2.61,0.38,0.09,2.59,1.18,0.6,1.25,0.0
2003-10-31,0.0,0.15,0.05,0.03,1.17,1.34,0.88,0.0,2.44,0.0,0.27,0.1,1.0701371457713107,1.84,4.98,8.38,0.19,1.52,1.34,0.33,0.0,1.01,0.52,1.83,0.03
2003-11-30,0.94,2.86,0.94,0.49,0.37,0.42,1.38,2.39,1.61,0.19,0.56,0.38,1.4892418671268268,2.72,7.59,9.77,0.41,3.8,0.42,0.11,3.63,0.29,1.39,2.44,0.59
2003-12-31,6.72,13.5,4.44,2.29,3.02,3.45,8.21,30.61,2.18,1.38,2.9,2.42,10.182587730538105,16.33,29.74,35.32,4.36,19.48,3.45,0.86,20.6,4.33,11.92,10.89,2.79
2004-01-31,2.88,12.56,4.13,2.13,3.6,4.11,8.69,7.81,1.1,0.59,1.69,1.9,5.661440794458777,14.57,36.04,31.25,5.03,19.34,4.11,1.03,19.91,3.27,6.69,5.79,2.6
2004-02-29,5.8,20.85,6.86,3.54,6.68,7.63,22.13,49.44,2.39,1.19,3.45,4.06,21.83884270923755,25.11,51.62,50.1,7.42,37.94,7.63,1.91,37.32,7.35,20.12,8.47,4.32
2004-03-31,11.45,5.96,1.96,1.01,3.04,3.47,8.91,0.0,9.34,2.34,10.49,14.33,10.273594942376818,30.34,72.94,80.18,8.33,26.82,3.47,0.87,21.65,30.4,27.8,14.88,1.23
2004-04-30,13.43,2.31,0.76,0.39,1.27,1.45,3.03,0.0,16.92,2.75,17.95,15.55,2.662288471260993,22.98,42.88,78.6,4.4,12.15,1.45,0.36,5.66,39.24,20.71,7.98,0.48
2004-05-31,13.78,0.4,0.13,0.07,0.7,0.8,1.01,0.0,25.36,2.82,19.41,13.04,1.6736809236036834,16.58,28.94,76.24,1.6,8.52,0.8,0.2,0.0,39.25,10.43,4.0,0.08
2004-06-30,3.1,0.0,0.0,0.0,0.47,0.54,0.38,4.17,7.15,0.64,4.66,1.6,0.5900118973966287,5.1,8.06,27.38,0.35,5.93,0.54,0.13,2.04,6.06,2.84,1.34,0.0
2004-07-31,0.17,0.0,0.0,0.0,0.42,0.48,0.21,6.8,0.98,0.04,0.8,0.08,0.2719244852616214,2.36,4.29,12.16,0.18,4.96,0.48,0.12,2.82,0.49,1.04,2.37,0.0
2004-08-31,0.0,0.0,0.0,0.0,0.11,0.13,0.11,3.92,0.1,0.0,0.36,0.06,1.0193250299241186,1.65,3.67,8.55,0.11,4.35,0.13,0.03,1.88,0.47,0.58,2.36,0.0
2004-09-30,0.81,0.0,0.0,0.0,0.24,0.27,0.1,1.44,1.9,0.17,0.07,0.09,0.2802471037588461,1.49,2.77,7.37,0.11,3.53,0.27,0.07,1.67,1.1,0.48,0.97,0.0
2004-10-31,4.34,2.92,0.96,0.5,1.28,1.46,1.35,6.31,2.5,0.89,0.82,0.27,1.6318966418082383,3.25,5.34,10.48,0.15,2.44,1.46,0.37,2.14,1.22,2.03,3.11,0.6
2004-11-30,2.06,4.13,1.36,0.7,0.67,0.77,1.43,1.84,1.39,0.42,0.71,0.8,1.482361633745876,3.19,7.51,10.3,0.33,3.97,0.77,0.19,2.56,1.59,2.18,3.08,0.86
2004-12-31,4.01,12.37,4.07,2.1,2.63,3.01,4.56,19.68,1.62,0.82,1.68,2.28,6.156834789903542,8.0,15.55,20.09,1.84,11.91,3.01,0.75,9.32,3.54,5.47,6.23,2.56
2005-01-31,3.79,22.28,7.33,3.78,4.4,5.03,7.57,18.07,1.75,0.78,1.88,2.84,6.0531790872997835,16.8,32.89,30.98,5.46,24.51,5.03,1.26,25.19,4.43,8.45,6.89,4.61
2005-02-28,3.4,11.04,3.63,1.87,2.98,3.41,6.02,9.62,1.51,0.7,1.93,3.46,3.8759187549479583,16.22,33.77,32.66,6.42,19.53,3.41,0.85,17.79,5.43,12.49,9.09,2.28
2005-03-31,8.09,17.36,5.71,2.95,6.73,7.69,11.1,28.62,4.81,1.66,6.2,7.93,11.177132424703645,33.85,69.63,65.3,9.31,46.97,7.69,1.92,45.84,14.09,27.98,16.42,3.59
2005-04-30,11.43,5.29,1.74,0.9,3.74,4.27,8.15,0.0,9.26,2.34,11.8,11.1,9.575612443661033,31.19,81.55,73.43,8.2,33.39,4.27,1.07,27.49,24.3,24.12,16.43,1.09
2005-05-31,39.85,6.69,2.2,1.14,4.92,5.62,8.77,0.0,45.17,8.16,48.74,29.53,9.452659797738228,68.85,132.52,202.72,9.41,48.05,5.62,1.41,46.77,78.44,48.9,32.39,1.38
2005-06-30,15.29,1.28,0.42,0.22,1.73,1.98,0.94,0.0,28.11,3.13,18.47,10.35,1.5584842255609246,20.95,31.25,84.14,3.26,18.6,1.98,0.49,14.36,35.18,7.81,18.59,0.26
2005-07-31,2.24,0.0,0.0,0.0,0.83,0.95,0.32,1.7,4.64,0.46,2.62,0.91,0.48704163449984605,5.93,9.54,25.42,0.59,7.47,0.95,0.24,5.91,3.81,2.51,4.88,0.0
2005-08-31,0.13,0.0,0.0,0.0,0.28,0.32,0.19,3.85,0.37,0.03,0.41,0.1,0.8555448299384095,2.85,5.89,12.94,0.27,4.52,0.32,0.08,2.22,0.53,1.01,3.91,0.0
2005-09-30,0.85,0.0,0.0,0.0,0.41,0.47,0.11,5.12,1.8,0.17,0.33,0.08,0.47857146936203065,2.19,4.13,10.03,0.2,3.32,0.47,0.12,2.62,1.3,0.71,1.34,0.0
2005-10-31,0.95,0.0,0.0,0.0,0.39,0.45,1.15,0.75,3.43,0.2,0.45,0.17,1.3199585832010572,2.27,6.8,10.06,0.24,4.45,0.45,0.11,3.32,1.44,0.84,0.0,0.0
2005-11-30,2.99,2.55,0.84,0.43,0.56,0.64,1.89,24.82,2.93,0.61,1.07,0.56,2.2124218705945218,3.38,7.59,12.72,0.53,4.18,0.64,0.16,2.16,1.14,2.43,2.74,0.53
2005-12-31,37.05,38.37,12.62,6.52,13.15,15.03,32.16,1.09,25.12,7.59,29.0,29.43,32.544280862291416,76.46,169.68,165.96,16.42,84.19,15.03,3.76,31.26,59.69,55.23,46.71,7.94
2006-01-31,11.88,13.19,4.34,2.24,7.93,9.06,29.64,0.0,7.08,2.43,12.38,7.1,17.82764244921733,54.97,156.32,117.2,17.23,56.58,9.06,2.27,53.5,13.54,28.73,16.0,2.73
2006-02-28,12.1,19.55,6.43,3.32,4.82,5.51,17.85,0.0,9.61,2.48,11.18,10.58,18.006702880993757,44.37,111.62,89.47,14.98,41.4,5.51,1.38,39.82,20.79,24.84,20.55,4.04
2006-03-31,7.27,37.3,12.27,6.34,11.33,12.95,29.82,67.94,6.75,1.49,9.3,5.54,32.675288917927205,51.13,98.62,89.03,17.34,66.49,12.95,3.24,74.37,11.03,22.31,10.83,7.72
2006-04-30,18.42,29.34,9.65,4.98,14.48,16.55,24.31,79.75,13.18,3.77,17.12,12.33,24.637096495568983,109.9,122.41,170.24,26.16,113.46,16.55,4.14,121.71,30.54,48.73,34.11,6.07
2006-05-31,36.09,5.59,1.84,0.95,3.08,3.52,2.83,0.0,44.74,7.39,45.28,22.72,4.315290429066295,75.08,91.74,215.88,12.68,27.15,3.52,0.88,37.91,67.61,44.49,36.2,1.16
2006-06-30,13.15,1.16,0.38,0.2,1.09,1.25,0.63,0.0,33.4,2.69,14.43,8.51,0.8036719619306609,15.03,34.19,85.39,1.44,11.16,1.25,0.31,3.27,31.72,7.84,11.89,0.24
2006-07-31,0.63,0.0,0.0,0.0,0.6,0.69,0.24,2.19,3.92,0.13,1.39,0.51,1.6832036979969587,5.12,12.19,25.13,0.16,6.51,0.69,0.17,4.81,2.43,1.85,2.29,0.0
2006-08-31,0.3,0.0,0.0,0.0,0.52,0.59,0.18,4.41,0.1,0.06,0.41,0.13,1.0825296015391643,2.97,7.16,14.24,0.31,4.33,0.59,0.15,3.31,0.74,0.89,3.38,0.0
2006-09-30,0.2,0.0,0.0,0.0,0.27,0.31,0.15,2.28,2.34,0.04,0.28,0.12,0.40220221635959774,2.25,4.95,10.6,0.19,3.78,0.31,0.08,2.28,1.18,0.62,0.72,0.0
2006-10-31,0.77,0.46,0.15,0.08,0.4,0.46,0.99,0.0,2.51,0.16,0.26,0.16,1.2819440455067685,2.38,6.46,10.31,0.22,2.9,0.46,0.11,3.8,0.95,0.66,1.55,0.09
2006-11-30,2.48,2.19,0.72,0.37,0.66,0.75,1.75,0.0,2.67,0.51,1.06,0.59,2.605118781911118,3.89,10.64,13.39,0.69,4.71,0.75,0.19,3.22,1.02,1.85,2.96,0.45
2006-12-31,4.71,6.35,2.09,1.08,1.77,2.02,3.77,0.0,3.92,0.96,1.64,2.31,3.6568783436648586,11.31,26.31,28.43,3.6,11.02,2.02,0.51,8.91,4.44,8.17,8.23,1.31
2007-01-31,2.82,3.62,1.19,0.61,0.85,0.97,2.13,0.0,1.41,0.58,1.4,1.76,1.5630211470278281,9.22,24.52,22.39,2.54,8.51,0.97,0.24,7.29,3.27,5.37,5.18,0.75
2007-02-28,8.25,19.21,6.32,3.26,4.78,5.46,6.36,19.98,3.43,1.69,4.39,5.0,7.465305761221602,23.84,47.64,48.94,5.73,24.1,5.46,1.37,24.65,9.86,17.71,12.28,3.98
2007-03-31,8.37,5.96,1.96,1.01,2.23,2.55,3.51,6.78,7.86,1.72,7.48,8.53,4.703332266516089,24.34,44.96,56.34,5.98,17.62,2.55,0.64,15.99,18.77,16.31,14.11,1.23
2007-04-30,9.84,3.71,1.22,0.63,1.57,1.79,1.62,4.56,13.7,2.02,12.2,9.4,1.857513020541539,20.4,25.16,51.58,0.18,9.73,1.79,0.45,5.08,24.46,9.18,11.8,0.77
2007-05-31,9.62,2.16,0.71,0.37,0.92,1.05,0.72,0.0,18.72,1.97,13.02,7.84,0.9236881993719912,16.47,17.86,52.98,0.79,7.66,1.05,0.26,3.02,23.41,6.36,10.23,0.45
2007-06-30,1.63,0.0,0.0,0.0,0.46,0.53,0.27,8.62,3.32,0.33,2.19,0.61,0.5152691863488384,4.07,4.13,17.39,0.65,3.72,0.53,0.13,2.7,2.32,1.87,3.03,0.0
2007-07-31,0.46,0.0,0.0,0.0,0.34,0.39,0.14,1.59,0.42,0.1,0.73,0.05,0.2524408459789171,2.22,3.03,9.91,0.3,2.99,0.39,0.1,2.76,0.53,0.85,2.06,0.0
2007-08-31,0.2,0.0,0.0,0.0,0.26,0.3,0.09,1.21,0.18,0.04,0.41,0.05,0.2081370352430021,1.59,2.85,7.9,0.17,1.83,0.3,0.07,1.86,0.53,0.53,2.48,0.0
2007-09-30,0.29,0.0,0.0,0.0,0.36,0.41,0.07,0.99,1.82,0.06,0.36,0.06,0.477795640800295,1.52,2.45,7.21,0.17,0.63,0.41,0.1,3.56,0.48,0.48,0.95,0.0
2007-10-31,1.7,1.64,0.54,0.28,1.63,1.86,0.68,4.22,2.17,0.35,0.9,0.26,0.944551959144312,2.57,5.25,9.59,0.42,0.0,1.86,0.47,3.34,0.84,1.17,2.0,0.34
2007-11-30,0.76,1.55,0.51,0.26,0.27,0.31,0.69,0.86,1.92,0.15,0.37,0.36,0.9915547163538162,2.16,6.26,8.34,0.37,2.58,0.31,0.08,2.79,0.53,0.8,1.92,0.32
2007-12-31,1.69,8.09,2.66,1.37,1.29,1.47,1.48,7.28,0.66,0.35,0.85,0.56,2.4807258795528915,4.13,9.65,9.76,1.29,6.61,1.47,0.37,6.65,0.7,1.28,3.49,1.67
2008-01-31,3.59,13.47,4.43,2.29,3.75,4.29,4.23,22.39,1.25,0.74,1.94,1.4,3.372935269432417,11.08,17.16,18.57,3.4,15.95,4.29,1.07,17.97,2.28,4.73,7.12,2.79
2008-02-29,2.55,14.87,4.89,2.52,3.75,4.29,3.97,21.02,1.18,0.52,1.21,1.61,5.029602511127401,14.87,24.76,22.24,4.99,20.7,4.29,1.07,21.1,2.66,4.07,6.2,3.08
2008-03-31,5.59,3.59,1.18,0.61,1.77,2.02,2.5,3.38,3.43,1.14,2.93,5.86,3.5552781025784523,22.17,36.16,38.42,4.86,17.16,2.02,0.51,14.85,11.44,13.98,12.97,0.74
2008-04-30,11.15,1.34,0.44,0.23,1.15,1.31,1.73,0.0,11.87,2.28,10.98,11.18,2.3443180512221993,23.06,38.15,53.75,2.96,11.87,1.31,0.33,9.33,26.65,19.09,15.38,0.28
2008-05-31,18.03,0.0,0.0,0.0,0.93,1.06,0.97,0.0,27.58,3.69,24.53,13.91,1.2614976542698102,25.37,28.21,84.91,1.72,5.55,1.06,0.27,6.47,38.75,19.37,19.01,0.0
2008-06-30,3.75,0.0,0.0,0.0,0.43,0.49,0.15,4.68,7.5,0.77,4.64,2.19,0.2960598952389439,6.24,4.11,23.58,0.18,5.98,0.49,0.12,3.06,7.13,3.43,3.67,0.0
2008-07-31,0.13,0.0,0.0,0.0,0.32,0.37,0.08,4.46,0.41,0.03,0.87,0.07,0.1531030464118608,2.16,2.63,10.04,0.18,3.35,0.37,0.09,3.18,0.49,1.04,2.34,0.0
2008-08-31,0.02,0.0,0.0,0.0,0.22,0.25,0.06,3.55,0.43,0.0,0.28,0.05,0.2532858415085429,1.49,2.51,7.54,0.11,2.71,0.25,0.06,2.62,0.44,0.53,1.89,0.0
2008-09-30,0.62,0.0,0.0,0.0,0.23,0.26,0.04,3.01,1.02,0.13,0.13,0.05,0.28370599383622874,0.97,1.99,6.25,0.08,1.47,0.26,0.07,2.66,0.53,0.39,0.0,0.0
2008-10-31,0.41,1.12,0.37,0.19,1.3,1.49,0.73,0.0,1.82,0.08,1.3,0.13,0.9522810494012157,1.65,3.79,6.87,0.36,0.0,1.49,0.37,4.58,0.56,0.7,0.0,0.23
2008-11-30,3.63,2.49,0.82,0.42,0.6,0.69,1.31,2.24,3.94,0.74,1.76,0.84,1.420128443827721,3.98,7.46,12.47,0.49,4.08,0.69,0.17,4.35,2.52,3.63,4.53,0.52
2008-12-31,1.38,4.62,1.52,0.78,0.78,0.89,1.59,3.26,0.68,0.28,0.99,0.39,2.255982478286649,3.49,7.63,9.16,0.66,4.53,0.89,0.22,5.28,0.79,1.32,2.67,0.96
2009-01-31,3.81,0.52,0.17,0.09,0.82,0.94,1.98,1.99,1.99,0.78,1.43,2.93,2.889528519968292,8.96,16.86,18.8,2.34,7.38,0.94,0.23,7.88,5.82,6.94,8.41,0.11
2009-02-28,7.92,14.29,4.7,2.43,3.9,4.46,12.02,17.65,3.07,1.62,4.27,5.28,9.123123021987581,21.86,37.95,40.37,5.14,22.54,4.46,1.11,28.54,9.87,16.76,13.6,2.96
2009-03-31,10.21,17.24,5.67,2.93,5.1,5.83,11.13,11.49,5.29,2.09,8.67,9.79,13.687151138841145,37.62,77.26,78.27,10.05,32.81,5.83,1.46,40.17,18.12,32.32,17.99,3.57
2009-04-30,12.12,4.44,1.46,0.75,1.39,1.59,2.88,0.0,13.76,2.48,15.07,14.75,3.2436223241449866,24.35,54.79,64.68,3.39,12.54,1.59,0.4,7.36,33.02,18.48,12.85,0.92
2009-05-31,27.05,6.93,2.28,1.18,3.03,3.46,1.8,0.0,39.35,5.54,33.78,21.74,2.169866146112689,40.92,53.66,129.86,5.42,22.79,3.46,0.87,20.53,63.23,26.12,24.86,1.43
2009-06-30,4.05,1.43,0.47,0.24,0.64,0.73,0.3,3.1,10.3,0.83,5.39,2.69,0.49426567313134484,7.28,8.72,29.9,0.69,6.32,0.73,0.18,2.04,10.4,3.05,4.32,0.3
2009-07-31,1.22,0.0,0.0,0.0,0.38,0.43,0.15,2.54,1.03,0.25,0.74,0.11,0.21813393974023398,2.75,4.23,12.27,0.3,4.06,0.43,0.11,1.0,0.52,1.11,3.53,0.0
2009-08-31,0.43,0.0,0.0,0.0,0.16,0.18,0.09,0.3,0.86,0.09,0.4,0.06,0.5792415903316197,1.83,3.68,8.8,0.14,4.17,0.18,0.05,1.51,0.44,0.66,2.04,0.0
2009-09-30,0.72,0.0,0.0,0.0,0.32,0.37,0.07,0.19,1.07,0.15,0.14,0.06,0.3114385030369178,1.4,2.59,6.96,0.12,3.08,0.37,0.09,1.14,0.41,0.45,0.22,0.0
2009-10-31,1.71,1.19,0.39,0.2,0.38,0.43,0.89,0.54,2.14,0.35,0.5,0.18,1.1039954195482196,2.3,4.82,9.11,0.29,3.91,0.43,0.11,2.83,0.75,1.29,2.05,0.25
2009-11-30,1.03,1.25,0.41,0.21,0.32,0.37,1.05,0.0,4.74,0.21,0.46,0.1,1.1350393490787827,2.03,6.14,7.75,0.29,4.44,0.37,0.09,2.57,0.42,1.05,1.73,0.26
2009-12-31,1.86,4.13,1.36,0.7,1.04,1.19,1.98,4.38,0.7,0.38,0.89,0.16,2.349143331684207,4.64,7.88,10.88,1.27,6.91,1.19,0.3,6.4,0.68,2.53,2.76,0.86
2010-01-31,3.9,15.02,4.94,2.55,3.6,4.11,10.35,17.2,1.39,0.8,1.44,1.27,10.089624028512567,12.74,23.16,24.26,3.96,16.96,4.11,1.03,19.92,2.88,7.29,7.39,3.11
2010-02-28,2.78,8.88,2.92,1.51,2.45,2.8,10.31,10.87,0.9,0.57,1.24,1.73,7.535072706402806,14.48,24.72,25.71,5.93,19.54,2.8,0.7,17.51,3.48,9.7,7.66,1.84
2010-03-31,5.93,10.61,3.49,1.8,3.23,3.69,8.03,0.0,3.31,1.22,3.22,6.05,9.414473156211486,20.67,44.3,42.16,7.46,23.61,3.69,0.92,20.57,11.45,16.28,11.33,2.2
2010-04-30,10.38,12.86,4.23,2.18,4.3,4.91,9.49,3.39,7.89,2.13,8.95,13.25,11.7052519808727,32.42,68.7,67.18,8.97,30.65,4.91,1.23,27.08,24.49,26.27,13.05,2.66
2010-05-31,18.47,6.08,2.0,1.03,2.53,2.89,4.16,0.0,19.63,3.78,22.76,21.28,3.659933257390279,35.58,76.12,99.36,7.03,23.31,2.89,0.72,20.05,49.98,28.63,13.63,1.26
2010-06-30,25.11,2.34,0.77,0.4,1.15,1.31,0.98,0.0,42.87,5.14,31.61,21.28,1.615663379958029,29.65,47.97,125.67,3.68,12.39,1.31,0.33,14.98,64.46,20.0,16.82,0.48
2010-07-31,2.54,0.76,0.25,0.13,0.64,0.73,0.26,2.36,6.07,0.52,3.19,1.22,0.37293078511840605,6.07,8.74,27.45,0.56,7.7,0.73,0.18,5.02,5.2,2.99,2.26,0.16
2010-08-31,0.42,0.0,0.0,0.0,0.17,0.19,0.12,1.04,0.28,0.09,0.37,0.1,0.8039385777303069,2.75,4.93,12.22,0.24,3.76,0.19,0.05,3.21,0.59,1.05,2.66,0.0
2010-09-30,0.14,0.0,0.0,0.0,0.37,0.42,0.1,0.14,0.62,0.03,0.17,0.11,0.37596005484883227,1.94,3.55,9.18,0.19,3.61,0.42,0.11,3.96,0.73,0.68,1.71,0.0
2010-10-31,5.74,2.68,0.88,0.45,0.96,1.1,1.24,3.76,7.06,1.17,2.83,2.55,1.460602062258395,6.33,10.39,17.73,0.89,7.27,1.1,0.27,4.74,7.38,2.93,6.73,0.55
2010-11-30,4.05,11.28,3.71,1.92,0.84,0.96,1.77,6.5,7.22,0.83,2.44,3.93,1.8906249400344364,8.94,15.95,19.02,2.07,11.29,0.96,0.24,7.46,7.85,3.52,4.16,2.33
2010-12-31,13.9,33.47,11.01,5.68,7.27,8.31,13.38,41.12,7.76,2.85,9.62,11.23,15.843698838732658,62.67,100.68,102.44,19.07,72.43,8.31,2.08,69.51,21.04,35.29,22.47,6.93
2011-01-31,4.65,16.51,5.43,2.8,3.6,4.11,6.65,0.0,3.49,0.95,4.25,5.73,4.263442777517387,21.82,61.94,47.85,7.14,23.42,4.11,1.03,20.81,10.34,12.28,8.28,3.42
2011-02-28,4.44,24.47,8.05,4.16,4.64,5.3,10.17,6.26,2.22,0.91,3.74,4.45,6.271949759587049,15.79,45.52,37.28,5.06,20.17,5.3,1.33,19.38,8.03,12.3,5.94,5.06
2011-03-31,8.2,57.7,18.98,9.8,15.31,17.5,26.87,56.83,3.07,1.68,6.17,5.72,26.141045509133942,63.59,129.0,100.53,14.36,104.11,17.5,4.37,112.3,10.46,28.76,13.97,11.94
2011-04-30,14.87,11.7,3.85,1.99,5.87,6.71,15.24,0.0,11.64,3.04,15.13,17.85,17.931818181862937,62.78,140.93,138.35,11.06,55.48,6.71,1.68,64.67,35.44,44.16,22.26,2.42
2011-05-31,22.37,6.35,2.09,1.08,2.44,2.79,7.21,5.08,25.41,4.58,30.35,23.92,5.939067690740032,46.03,95.37,144.19,2.02,28.55,2.79,0.7,33.66,58.12,39.65,19.93,1.31
2011-06-30,31.77,4.2,1.38,0.71,1.14,1.3,1.94,0.0,55.12,6.51,48.0,31.67,3.055106923056741,42.27,76.34,182.86,1.62,17.71,1.3,0.33,34.18,90.3,35.99,13.07,0.87
2011-07-31,13.28,0.88,0.29,0.15,0.0,0.0,0.51,0.0,37.97,2.72,16.26,10.79,0.6680688434152273,13.92,33.25,83.32,1.31,10.14,0.0,0.0,8.49,39.44,7.58,0.54,0.18
2011-08-31,1.04,0.0,0.0,0.0,5.74,6.56,0.17,1.29,3.84,0.21,1.41,0.38,1.5574153161693265,4.68,11.13,22.34,0.2,3.53,6.56,1.64,4.69,1.94,1.7,1.31,0.0
2011-09-30,0.69,0.09,0.03,0.02,0.59,0.67,0.13,3.33,2.15,0.14,0.55,0.15,0.3591725032742801,2.71,5.9,13.45,0.34,1.49,0.67,0.17,4.23,1.0,1.08,0.76,0.02
2011-10-31,2.2,2.13,0.7,0.36,1.36,1.55,0.98,3.17,4.47,0.45,0.82,0.6,1.2373910051477888,3.62,9.59,14.78,0.46,1.61,1.55,0.39,3.53,2.13,1.7,3.88,0.44
2011-11-30,1.02,1.73,0.57,0.29,0.53,0.61,1.19,0.0,2.73,0.21,0.53,0.81,1.4548349992219605,3.16,10.78,12.77,0.44,1.84,0.61,0.15,2.95,1.66,1.49,1.97,0.36
2011-12-31,0.37,1.12,0.37,0.19,0.4,0.46,1.4,0.0,0.58,0.08,0.32,0.32,2.098824100197229,2.64,12.79,11.06,0.36,3.96,0.46,0.11,2.6,0.65,1.09,0.93,0.23
2012-01-31,4.05,4.04,1.33,0.69,1.33,1.52,2.52,2.38,2.44,0.83,1.7,2.18,2.8958970517370464,6.42,20.47,19.47,1.51,10.29,1.52,0.38,5.29,4.26,3.97,6.1,0.84
2012-02-29,2.14,1.92,0.63,0.33,0.33,0.38,1.87,0.0,1.61,0.44,1.15,1.93,1.313373479270072,4.53,16.0,14.28,1.15,4.48,0.38,0.09,3.23,3.68,3.7,3.43,0.4
2012-03-31,10.66,30.86,10.15,5.24,8.21,9.38,11.01,44.8,5.57,2.18,5.92,9.88,10.65387208052015,42.25,75.0,75.2,10.75,48.85,9.38,2.35,45.74,18.29,30.49,17.07,6.38
2012-04-30,18.11,22.86,7.52,3.88,5.44,6.22,7.07,10.0,18.32,3.71,19.34,18.58,8.84802019595671,45.32,82.64,106.81,7.82,38.06,6.22,1.55,37.93,44.75,28.98,18.5,4.73
2012-05-31,13.29,3.68,1.21,0.62,1.54,1.76,1.66,0.0,25.35,2.72,18.82,11.97,1.845623522708248,23.72,35.75,89.59,3.49,15.01,1.76,0.44,11.0,36.8,12.37,3.06,0.76
2012-06-30,3.42,0.79,0.26,0.13,0.58,0.66,0.34,6.29,5.81,0.7,3.32,1.18,0.6078342295873433,7.41,7.28,28.15,0.4,7.8,0.66,0.17,5.86,4.86,3.51,2.03,0.16
2012-07-31,0.37,0.0,0.0,0.0,0.16,0.18,0.15,5.56,1.58,0.08,0.76,0.14,0.24347920695965186,3.05,4.41,13.05,0.31,4.32,0.18,0.05,3.49,0.58,1.19,1.79,0.0
2012-08-31,0.51,0.0,0.0,0.0,0.0,0.0,0.08,2.11,0.67,0.1,0.31,0.12,0.4029676807486382,1.91,3.68,9.03,0.2,3.28,0.0,0.0,2.11,0.6,0.65,2.14,0.0
2012-09-30,0.8,0.0,0.0,0.0,0.0,0.0,0.07,1.9,1.95,0.16,0.08,0.08,0.38811609553449244,1.54,2.62,7.14,0.15,1.87,0.0,0.0,1.57,0.54,0.48,0.84,0.0
2012-10-31,1.83,2.19,0.72,0.37,0.27,0.31,0.83,1.43,2.41,0.37,0.57,0.14,1.0688230236866918,2.04,4.38,8.15,0.28,0.97,0.31,0.08,1.94,0.59,0.82,1.69,0.45
2012-11-30,12.65,2.61,0.86,0.44,2.7,3.09,3.58,3.8,5.48,2.59,4.84,6.1,4.626780232843728,14.29,29.34,37.98,1.95,13.56,3.09,0.77,7.78,12.44,12.28,14.57,0.54
2012-12-31,16.01,47.21,15.53,8.02,10.11,11.55,18.83,15.12,11.12,3.28,15.01,14.11,17.35980853940473,42.62,106.21,103.79,9.87,48.81,11.55,2.89,53.41,27.53,33.95,24.41,9.77
2013-01-31,3.48,7.63,2.51,1.3,2.06,2.35,4.48,0.0,3.19,0.71,2.85,2.24,5.485600430595625,14.16,29.61,33.08,5.21,15.27,2.35,0.59,14.85,5.37,7.78,5.91,1.58
2013-02-28,1.62,4.8,1.58,0.82,0.97,1.11,3.12,2.71,3.61,0.33,2.4,2.16,3.8214324413074543,10.36,18.9,26.16,3.34,8.66,1.11,0.28,8.16,5.17,7.36,4.17,0.99
2013-03-31,7.85,4.13,1.36,0.7,1.12,1.28,2.8,20.47,7.81,1.61,7.21,6.21,3.0015018179342126,15.86,11.82,40.48,3.41,10.72,1.28,0.32,8.88,16.36,14.97,8.13,0.86
2013-04-30,9.49,3.16,1.04,0.54,0.0,0.0,1.44,5.42,15.86,1.94,12.66,9.5,1.6644780460599762,16.23,17.54,51.62,2.74,7.7,0.0,0.0,2.94,27.57,10.32,5.6,0.65
2013-05-31,5.33,0.82,0.27,0.14,2.13,2.43,0.39,4.78,12.63,1.09,7.4,3.7,0.6717965506115818,6.98,7.43,29.77,0.81,3.89,2.43,0.61,1.09,13.34,3.39,3.86,0.17
2013-06-30,2.21,0.91,0.3,0.15,0.0,0.0,0.19,7.08,2.77,0.45,1.58,0.42,0.3057942936171827,3.2,3.65,13.71,0.52,4.16,0.0,0.0,1.85,1.82,1.7,2.65,0.19
2013-07-31,1.62,0.0,0.0,0.0,0.11,0.13,0.14,5.32,1.71,0.33,0.57,0.12,0.19490614236938342,1.92,2.79,8.59,0.24,2.56,0.13,0.03,0.07,0.51,0.78,2.28,0.0
2013-08-31,1.01,0.0,0.0,0.0,0.04,0.05,0.09,3.66,1.04,0.21,0.22,0.09,0.5339483092945301,1.41,2.67,6.54,0.14,3.85,0.05,0.01,0.3,0.47,0.42,0.5,0.0
2013-09-30,0.94,0.03,0.01,0.01,0.02,0.02,0.08,4.73,0.7,0.19,0.4,0.08,0.40223403857882545,1.66,2.22,6.75,0.21,0.0,0.02,0.01,1.46,0.53,0.61,3.75,0.01
2013-10-31,0.46,0.0,0.0,0.0,0.65,0.74,0.57,3.36,5.29,0.09,0.0,0.12,0.13138912882232606,1.48,3.19,6.59,0.17,0.0,0.74,0.19,1.11,0.51,0.49,6.4,0.0
2013-11-30,0.71,1.03,0.34,0.18,0.79,0.9,0.78,1.22,0.11,0.15,0.28,0.08,0.11394837911151465,1.73,4.5,6.88,0.25,0.0,0.9,0.23,1.45,0.36,0.57,3.53,0.21
2013-12-31,0.36,0.85,0.28,0.14,0.43,0.49,0.9,0.0,0.12,0.07,0.26,0.04,0.1179911391987469,1.88,6.71,7.21,0.25,0.0,0.49,0.12,1.8,0.19,0.55,3.26,0.18
2014-01-31,1.15,0.91,0.3,0.15,0.39,0.45,0.92,0.0,0.48,0.24,0.56,0.3,0.12346131828419205,1.98,6.96,7.39,0.23,0.0,0.45,0.11,1.35,0.66,0.66,4.14,0.19
2014-02-28,10.23,13.86,4.56,2.35,2.91,3.33,2.35,11.87,5.09,2.1,4.41,7.0,1.1898480556883269,18.84,30.67,34.78,3.68,18.23,3.33,0.83,11.64,13.32,9.4,14.51,2.87
2014-03-31,8.4,12.68,4.17,2.15,3.12,3.57,4.41,28.16,6.78,1.72,6.54,8.47,1.9961023324042455,24.49,31.11,50.06,4.95,18.12,3.57,0.89,16.37,17.88,19.88,11.29,2.62
2014-04-30,8.65,8.94,2.94,1.52,1.6,1.83,1.65,14.76,11.63,1.77,8.9,9.76,0.5527038702217726,19.12,15.02,46.75,2.59,11.17,1.83,0.46,7.28,26.23,10.9,8.82,1.85
2014-05-31,4.99,1.82,0.6,0.31,0.73,0.83,0.27,6.62,11.13,1.02,6.35,4.98,0.1157244842234677,7.82,5.13,26.18,0.71,0.16,0.83,0.21,0.56,16.81,3.33,6.68,0.38
2014-06-30,0.62,0.0,0.0,0.0,0.15,0.17,0.12,5.89,1.38,0.13,0.81,0.31,0.05026807912346687,2.48,1.48,10.12,0.28,0.0,0.17,0.04,1.41,1.34,0.96,6.71,0.0
2014-07-31,0.64,0.12,0.04,0.02,0.08,0.09,0.07,3.48,0.21,0.13,0.46,0.11,0.025824180716181644,1.46,1.55,7.2,0.12,0.0,0.09,0.02,0.63,0.46,0.45,4.19,0.03
2014-08-31,0.86,0.0,0.0,0.0,0.0,0.0,0.07,1.56,0.32,0.18,0.51,0.1,0.020899389426884518,1.29,1.57,6.12,0.11,0.53,0.0,0.0,0.19,0.45,0.33,3.62,0.0
2014-09-30,1.2,0.27,0.09,0.05,0.02,0.02,0.04,2.05,1.39,0.25,0.29,0.06,0.10394798323978627,1.08,1.31,5.24,0.1,0.38,0.02,0.01,0.09,0.41,0.28,1.77,0.06
2014-10-31,0.85,0.58,0.19,0.1,0.27,0.31,0.53,3.0,3.05,0.17,0.34,0.08,0.16194326335846357,1.48,2.54,5.99,0.16,0.0,0.31,0.08,2.96,0.37,0.63,0.92,0.12
2014-11-30,2.16,1.37,0.45,0.23,0.62,0.71,0.81,3.63,0.86,0.44,0.82,0.25,0.3017756427978181,2.67,4.16,7.76,0.54,1.9,0.71,0.18,1.79,0.82,1.51,2.48,0.28
2014-12-31,12.76,22.95,7.55,3.9,4.76,5.44,7.81,25.14,7.75,2.61,6.79,8.06,2.7947908172879106,24.33,38.8,51.14,6.43,25.18,5.44,1.36,19.98,15.45,17.23,16.3,4.75
2015-01-31,3.19,2.71,0.89,0.46,0.58,0.66,1.79,0.0,3.14,0.65,2.8,3.11,0.9249533014012683,7.09,15.0,19.82,1.72,6.87,0.66,0.17,3.02,6.51,6.29,3.55,0.56
2015-02-28,10.14,6.81,2.24,1.16,1.68,1.92,3.16,21.54,10.42,2.08,11.25,7.76,1.2222126875841042,17.8,16.82,49.92,2.99,15.54,1.92,0.48,13.17,20.24,18.97,12.6,1.41
2015-03-31,2.79,2.22,0.73,0.38,0.57,0.65,0.89,8.24,6.0,0.57,4.29,2.83,0.23154142418012924,5.36,4.0,18.76,1.19,5.66,0.65,0.16,2.91,7.98,3.85,3.46,0.46
2015-04-30,2.85,1.37,0.45,0.23,0.63,0.72,0.42,8.96,5.39,0.58,3.28,1.96,0.18197241716084633,4.19,1.93,14.92,0.92,1.68,0.72,0.18,2.6,6.72,2.87,4.91,0.28
2015-05-31,2.71,0.15,0.05,0.03,0.62,0.71,0.2,6.09,4.68,0.55,2.67,1.36,0.10627072649410074,3.62,1.38,12.45,0.52,0.0,0.71,0.18,1.98,5.0,1.4,7.81,0.03
2015-06-30,0.87,0.0,0.0,0.0,0.41,0.47,0.12,4.16,1.16,0.18,0.9,0.25,0.057709508012761646,1.98,1.01,7.43,0.22,0.0,0.47,0.12,1.9,1.1,0.73,7.33,0.0
2015-07-31,0.53,0.91,0.3,0.15,0.0,0.0,0.08,0.0,0.69,0.11,0.84,0.13,0.022171565496208245,1.16,1.12,5.68,0.1,0.0,0.0,0.0,1.32,0.54,0.4,6.04,0.19
2015-08-31,0.6,1.52,0.5,0.26,0.0,0.0,0.05,3.82,0.57,0.12,0.27,0.06,0.10273428517581173,0.91,1.11,4.45,0.05,0.97,0.0,0.0,0.89,0.32,0.26,1.7,0.31
2015-09-30,0.63,0.24,0.08,0.04,0.0,0.0,0.04,0.73,1.14,0.13,0.07,0.04,0.03547124411435387,0.9,0.91,4.12,0.05,0.81,0.0,0.0,2.73,0.29,0.24,0.0,0.05
2015-10-31,1.14,0.06,0.02,0.01,0.71,0.81,0.62,0.0,1.31,0.23,0.28,0.11,0.24582058424854092,1.1,3.09,4.86,0.09,0.0,0.81,0.2,2.16,0.45,0.33,0.0,0.01
2015-11-30,1.58,1.16,0.38,0.2,0.59,0.67,0.83,0.38,1.29,0.32,0.36,0.14,0.6253753838039119,1.71,3.48,5.92,0.25,5.72,0.67,0.17,0.0,0.59,0.68,0.0,0.24
2015-12-31,7.07,8.06,2.65,1.37,2.76,3.15,3.04,16.35,3.22,1.45,2.54,1.88,4.435586742541014,12.39,16.75,24.34,3.44,15.1,3.15,0.79,11.63,4.43,7.02,8.73,1.67
2016-01-31,13.03,26.36,8.67,4.48,7.06,8.07,13.16,34.8,5.9,2.67,6.38,7.09,9.046018986955119,43.42,63.29,68.99,11.22,43.31,8.07,2.02,38.41,13.5,30.55,18.12,5.45
2016-02-29,7.85,10.43,3.43,1.77,2.09,2.39,6.64,0.0,6.24,1.61,7.82,7.97,6.545258286901088,23.7,63.76,55.25,6.54,16.94,2.39,0.6,16.09,14.52,18.56,12.35,2.16
2016-03-31,21.78,41.5,13.65,7.05,13.09,14.96,21.53,35.39,14.13,4.46,21.24,14.96,14.44820855767535,81.35,148.63,163.74,15.65,75.35,14.96,3.74,83.18,32.01,64.43,28.17,8.59
2016-04-30,16.72,8.54,2.81,1.45,0.0,0.0,2.16,0.0,22.51,3.42,23.39,13.82,1.5984176865130877,26.03,54.62,99.61,3.86,15.21,0.0,0.0,21.74,36.37,17.77,13.59,1.77
2016-05-31,15.84,2.25,0.74,0.38,7.94,9.07,0.65,0.0,31.55,3.24,21.66,12.08,1.128330619092857,18.06,36.66,86.82,2.67,6.14,9.07,2.27,9.06,37.04,7.95,12.28,0.47
2016-06-30,4.54,1.49,0.49,0.25,0.0,0.0,0.28,0.0,12.56,0.93,5.5,2.82,0.4926745530423844,6.21,13.16,34.91,0.9,2.88,0.0,0.0,1.92,10.82,2.55,7.49,0.31
2016-07-31,0.0,0.0,0.0,0.0,0.0,0.0,0.14,4.81,1.61,0.0,0.7,0.18,0.3579261350900893,2.61,5.82,13.39,0.27,0.0,0.0,0.0,2.51,0.73,0.89,8.8,0.0
2016-08-31,1.33,0.0,0.0,0.0,0.11,0.13,0.07,4.38,0.42,0.27,0.26,0.1,0.4852639216447372,1.72,4.23,8.96,0.13,0.0,0.13,0.03,0.0,0.59,0.48,7.35,0.0
2016-09-30,2.0,0.0,0.0,0.0,0.24,0.27,0.08,3.95,0.17,0.41,0.01,0.09,0.14398674537399359,1.42,3.09,7.25,0.11,0.0,0.27,0.07,0.0,0.64,0.37,2.29,0.0
2016-10-31,9.22,3.5,1.15,0.59,2.87,3.28,2.1,3.14,11.07,1.89,4.05,4.64,0.8501589945745207,8.41,13.11,23.32,0.26,1.22,3.28,0.82,4.54,11.91,5.04,14.53,0.72
2016-11-30,5.48,7.17,2.36,1.22,1.44,1.65,3.3,8.6,5.86,1.12,3.95,5.06,6.085760880913822,11.58,21.09,27.06,3.86,10.12,1.65,0.41,8.44,9.86,6.52,8.66,1.48
2016-12-31,26.51,26.72,8.79,4.54,7.95,9.09,22.46,0.0,18.48,5.43,20.28,23.44,16.853567627763482,62.02,103.94,106.87,10.96,53.04,9.09,2.27,31.26,42.85,36.2,26.92,5.53
2017-01-31,16.07,64.11,21.09,10.89,24.04,27.47,44.8,70.68,17.69,3.29,27.39,20.07,16.5619641281083,120.53,244.78,191.6,21.63,142.49,27.47,6.87,137.53,37.85,53.6,34.72,13.27
2017-02-28,27.49,57.88,19.04,9.83,26.26,30.01,47.13,10.32,19.32,5.63,35.31,19.13,50.808005414841695,168.4,344.83,292.24,42.45,163.47,30.01,7.5,209.44,44.3,96.3,26.39,11.98
2017-03-31,15.7,30.04,9.88,5.1,7.0,8.0,9.84,0.0,9.79,3.22,19.34,10.26,9.709306765911833,33.15,125.99,135.21,15.62,39.14,8.0,2.0,60.65,24.63,34.73,20.99,6.21
2017-04-30,25.71,35.9,11.81,6.1,8.75,10.0,5.9,33.98,17.24,5.27,30.68,14.14,4.521985634318483,56.08,90.3,185.59,9.34,50.2,10.0,2.5,87.71,38.83,54.51,33.91,7.43
2017-05-31,36.86,11.1,3.65,1.88,2.14,2.45,1.54,0.0,50.97,7.55,53.63,24.06,0.2923055189967272,33.13,98.93,208.07,0.6,15.27,2.45,0.61,33.12,68.73,29.0,23.59,2.3
2017-06-30,21.57,4.16,1.37,0.71,1.12,1.28,0.49,0.0,47.6,4.42,27.67,12.43,3.1110433157154205,16.62,52.57,118.47,3.95,6.22,1.28,0.32,8.27,44.29,7.96,12.4,0.86
2017-07-31,1.11,0.49,0.16,0.08,0.62,0.71,0.17,0.0,7.56,0.23,3.21,1.67,0.05226594309624488,6.5,16.89,32.16,0.01,3.39,0.71,0.18,4.28,7.13,2.02,7.13,0.1
2017-08-31,0.0,0.0,0.0,0.0,0.36,0.41,0.14,0.0,0.16,0.0,0.76,0.11,1.0977464388115123,3.18,8.16,15.81,0.27,3.75,0.41,0.1,3.58,0.75,0.82,3.63,0.0
2017-09-30,0.87,0.0,0.0,0.0,0.05,0.06,0.15,0.0,1.37,0.18,0.7,0.19,0.3923411228767577,2.42,5.89,12.05,0.26,1.94,0.06,0.01,2.18,1.31,0.65,1.78,0.0
2017-10-31,0.14,0.7,0.23,0.12,1.52,1.74,1.01,0.0,2.62,0.03,0.78,0.3,0.12468964879310082,2.57,7.05,11.05,0.05,2.32,1.74,0.43,4.32,1.27,0.6,0.8,0.14
2017-11-30,12.39,7.96,2.62,1.35,2.66,3.04,3.01,0.0,7.65,2.54,7.33,8.97,2.629270600552203,24.78,51.28,53.57,2.11,18.56,3.04,0.76,14.43,17.62,11.45,13.64,1.65
2017-12-31,1.36,4.8,1.58,0.82,0.64,0.73,2.16,0.0,1.52,0.28,2.36,2.48,1.753577755287007,7.77,26.94,21.95,1.38,8.84,0.73,0.18,7.06,4.51,3.53,0.0,0.99
2018-01-31,8.1,17.15,5.64,2.91,3.14,3.59,4.95,0.0,7.0,1.66,7.4,7.71,2.9620379548710876,19.35,54.52,44.01,3.85,19.88,3.59,0.9,14.72,14.47,9.51,9.61,3.55
2018-02-28,2.7,4.71,1.55,0.8,1.04,1.19,2.8,0.0,2.35,0.55,3.22,3.15,1.212856230209404,9.14,28.04,22.57,2.0,6.89,1.19,0.3,5.1,6.05,5.44,4.82,0.98
2018-03-31,16.85,35.33,11.62,6.0,10.97,12.54,12.22,0.0,8.63,3.45,13.49,9.11,10.114996244076693,64.79,107.58,109.69,11.15,66.84,12.54,3.13,61.52,21.7,32.04,25.77,7.31
2018-04-30,22.98,17.6,5.79,2.99,5.96,6.81,7.98,14.86,21.34,4.71,26.57,15.8,5.842998843555225,59.22,62.09,128.17,8.56,39.16,6.81,1.7,38.74,43.07,32.3,21.51,3.64
2018-05-31,6.61,3.22,1.06,0.55,1.39,1.59,0.73,16.31,16.45,1.35,12.94,6.78,0.8703117017973412,14.53,17.87,56.17,2.29,12.73,1.59,0.4,8.24,23.41,5.71,6.2,0.67
2018-06-30,0.49,1.16,0.38,0.2,0.72,0.82,0.33,11.09,3.12,0.1,2.41,0.89,0.5573669243179076,4.67,7.48,21.37,1.44,6.85,0.82,0.21,5.17,3.84,1.89,1.63,0.24
2018-07-31,0.0,2.37,0.78,0.4,0.5,0.57,0.18,4.46,0.0,0.0,0.95,0.18,0.32989656215550767,2.4,4.78,11.76,0.66,5.71,0.57,0.14,2.99,0.74,0.82,1.88,0.49
2018-08-31,0.0,1.22,0.4,0.21,0.6,0.69,0.1,2.63,0.0,0.0,0.51,0.1,0.32644615582143643,1.94,3.82,8.42,0.22,3.42,0.69,0.17,2.25,0.6,0.49,1.93,0.25
2018-09-30,0.0,0.0,0.0,0.0,0.77,0.88,0.08,0.02,0.12,0.0,0.3,0.08,0.3482433528850031,1.63,2.73,6.8,0.16,0.79,0.88,0.22,2.37,0.55,0.39,0.64,0.0
2018-10-31,0.0,0.88,0.29,0.15,1.83,2.09,0.91,0.0,2.37,0.0,0.36,0.16,0.5955678603797033,1.79,4.74,7.11,0.21,0.0,2.09,0.52,2.5,0.69,0.47,0.98,0.18
2018-11-30,1.13,2.89,0.95,0.49,0.76,0.87,1.52,0.0,1.65,0.23,0.96,0.14,1.215258364074979,3.34,7.35,11.45,0.8,4.4,0.87,0.22,4.97,0.61,1.8,3.71,0.6
2018-12-31,1.98,6.57,2.16,1.12,0.86,0.98,2.96,1.86,0.51,0.41,0.77,0.26,4.023040514428784,5.32,10.23,14.01,2.99,7.45,0.98,0.25,6.4,1.1,4.21,4.7,1.36
2019-01-31,6.57,22.89,7.53,3.89,6.66,7.61,13.06,34.91,1.58,1.35,2.73,2.51,6.613167629577354,27.16,37.54,45.86,6.3,35.28,7.61,1.9,39.27,5.46,19.9,15.71,4.74
2019-02-28,11.07,44.23,14.55,7.51,14.72,16.82,27.52,64.34,5.0,2.27,7.31,7.3,8.598406097283878,45.64,81.97,74.09,11.54,73.23,16.82,4.21,79.4,14.05,26.05,16.99,9.15
2019-03-31,8.18,22.34,7.35,3.79,11.01,12.58,24.17,40.64,3.5,1.67,6.09,6.75,18.32760294758379,60.03,118.71,103.67,16.1,69.87,12.58,3.15,83.31,12.21,41.74,21.54,4.62
2019-04-30,30.54,15.99,5.26,2.72,4.77,5.45,12.54,0.0,22.3,6.25,28.67,24.71,4.120238538156876,58.08,150.57,160.9,6.74,31.72,5.45,1.36,38.81,49.65,55.25,31.37,3.31
2019-05-31,29.88,7.3,2.4,1.24,2.69,3.07,4.38,0.0,33.8,6.12,40.51,24.98,0.901009153805056,34.72,76.66,147.94,2.1,14.28,3.07,0.77,25.87,64.97,35.17,16.9,1.51
2019-06-30,22.61,5.17,1.7,0.88,1.79,2.05,1.16,0.0,53.37,4.63,31.27,17.11,1.5274714121889374,20.35,47.97,123.29,3.49,8.22,2.05,0.51,12.23,54.0,14.17,19.84,1.07
2019-07-31,2.26,0.0,0.0,0.0,0.75,0.86,0.34,8.82,10.76,0.46,3.28,1.88,0.689163858553961,5.11,12.6,30.35,1.43,5.5,0.86,0.21,5.23,7.99,2.75,3.37,0.0
2019-08-31,0.05,0.0,0.0,0.0,0.53,0.61,0.15,9.59,0.0,0.01,0.83,0.14,0.36220825237845133,2.79,7.47,15.05,0.65,2.66,0.61,0.15,3.89,0.89,1.06,5.97,0.0
2019-09-30,0.5,0.0,0.0,0.0,1.01,1.15,0.15,11.8,2.15,0.1,0.8,0.11,1.183324089557516,2.53,5.14,11.89,0.56,0.0,1.15,0.29,3.24,0.74,0.84,3.39,0.0
2019-10-31,0.0,0.0,0.0,0.0,0.71,0.81,0.77,4.69,2.43,0.0,0.34,0.19,0.6663636326675919,2.36,6.84,10.86,0.48,0.0,0.81,0.2,3.76,0.81,0.75,2.6,0.0
2019-11-30,0.25,0.52,0.17,0.09,0.46,0.53,0.99,2.27,0.71,0.05,0.5,0.14,0.3876747452611402,2.11,7.32,9.1,0.41,2.69,0.53,0.13,2.79,0.61,0.61,1.67,0.11
2019-12-31,5.11,8.0,2.63,1.36,2.24,2.56,2.88,15.15,1.18,1.05,2.28,1.56,2.301188845242417,13.03,25.93,31.24,2.11,15.16,2.56,0.64,14.13,3.19,11.41,10.01,1.65
2020-01-31,3.3,5.65,1.86,0.96,1.73,1.98,2.85,11.84,1.08,0.68,1.45,1.5,2.3438471376511814,9.5,22.72,23.86,3.98,9.77,1.98,0.49,9.94,2.92,8.92,7.29,1.17
2020-02-29,2.51,2.19,0.72,0.37,0.72,0.82,1.59,0.0,1.48,0.51,1.23,2.56,1.3285930595459092,6.0,20.62,19.97,2.5,5.15,0.82,0.21,4.24,4.81,6.36,4.04,0.45
2020-03-31,4.29,8.06,2.65,1.37,2.08,2.38,1.43,2.06,3.17,0.88,2.97,4.49,2.093101545113112,9.17,24.54,22.94,2.37,10.56,2.38,0.59,9.17,8.22,5.61,6.23,1.67
2020-04-30,13.71,10.88,3.58,1.85,3.95,4.51,1.8,3.48,14.49,2.81,12.96,13.52,6.48289528998305,30.56,53.54,71.58,7.99,24.06,4.51,1.13,22.57,29.98,21.95,21.88,2.25
2020-05-31,14.53,3.22,1.06,0.55,1.77,2.02,0.99,0.0,24.4,2.98,19.55,13.05,1.0566615668126325,21.63,27.29,78.83,3.19,11.42,2.02,0.51,6.62,38.67,12.85,14.87,0.67
2020-06-30,1.82,0.55,0.18,0.09,0.64,0.73,0.21,8.43,4.82,0.37,3.61,1.74,0.574819293821772,5.47,5.45,25.13,1.7,6.6,0.73,0.18,3.77,6.67,3.05,3.32,0.11
2020-07-31,0.0,2.19,0.72,0.37,0.4,0.46,0.15,7.39,0.09,0.0,1.17,0.17,0.21947888874707644,2.41,3.36,11.17,0.5,4.91,0.46,0.11,2.41,0.71,0.95,2.0,0.45
2020-08-31,0.0,2.13,0.7,0.36,0.78,0.89,0.09,2.89,0.08,0.0,0.64,0.11,0.18735383387548055,1.69,2.78,7.71,0.17,1.32,0.89,0.22,1.59,0.49,0.54,3.01,0.44
2020-09-30,0.0,0.85,0.28,0.14,0.42,0.48,0.05,2.65,0.0,0.0,0.42,0.08,0.26385902966690367,1.36,1.93,5.95,0.13,0.0,0.48,0.12,1.52,0.56,0.41,5.05,0.18
2020-10-31,0.0,0.46,0.15,0.08,1.41,1.61,0.26,0.0,3.85,0.0,0.36,0.11,0.11480107395211261,1.37,2.25,5.79,0.12,0.0,1.61,0.4,6.87,0.46,0.4,6.12,0.09
2020-11-30,0.59,0.43,0.14,0.07,0.46,0.53,0.49,2.02,2.56,0.12,0.64,0.11,0.2289073849697101,2.22,4.33,7.6,0.47,0.14,0.53,0.13,3.44,0.38,0.99,2.76,0.09
2020-12-31,0.84,1.22,0.4,0.21,0.5,0.57,0.62,3.12,0.0,0.17,0.51,0.16,0.48020842000618674,2.75,6.39,8.85,0.87,2.52,0.57,0.14,3.69,0.33,1.29,2.45,0.25
2021-01-31,1.74,6.96,2.29,1.18,1.11,1.27,0.91,6.67,0.38,0.36,0.91,0.37,0.4347172844807129,3.97,8.6,11.27,1.24,5.01,1.27,0.32,6.38,0.78,2.31,4.64,1.44
2021-02-28,2.16,5.53,1.82,0.94,1.33,1.52,1.26,10.96,0.6,0.44,0.84,0.7,1.1996294456420449,9.18,11.79,17.02,3.66,7.69,1.52,0.38,10.3,1.42,5.27,8.27,1.14
2021-03-31,3.29,5.32,1.75,0.9,2.16,2.47,1.13,11.48,0.89,0.67,1.33,2.04,1.5201859320858886,8.73,12.14,19.81,3.54,1.47,2.47,0.62,8.96,3.92,6.38,12.58,1.1
2021-04-30,10.01,1.06,0.35,0.18,0.65,0.74,0.64,2.56,11.37,2.05,8.01,10.46,0.5257251732588779,10.32,12.54,36.49,2.45,2.5,0.74,0.19,0.0,23.62,8.38,12.73,0.22
2021-05-31,6.17,0.36,0.12,0.06,0.51,0.58,0.34,0.0,13.76,1.26,8.97,6.15,0.17878860637369431,6.43,5.53,29.32,1.03,3.9,0.58,0.15,1.39,19.19,2.38,5.7,0.08
2021-06-30,0.4,0.0,0.0,0.0,0.24,0.27,0.09,0.0,1.83,0.08,1.45,0.29,0.033774349153771865,1.81,0.57,8.93,0.15,2.14,0.27,0.07,6.55,1.27,0.69,1.5,0.0
2021-07-31,0.0,0.12,0.04,0.02,0.26,0.3,0.06,0.0,0.0,0.0,0.45,0.1,0.014484103121779057,1.07,0.61,5.85,0.07,1.69,0.3,0.07,6.6,0.45,0.36,1.42,0.03
2021-08-31,0.0,1.09,0.36,0.19,0.2,0.23,0.04,0.0,0.14,0.0,0.43,0.08,0.00950058894107464,0.89,0.67,4.81,0.05,2.82,0.23,0.06,6.38,0.41,0.28,0.93,0.23
2021-09-30,0.0,2.68,0.88,0.45,0.18,0.21,0.03,0.0,0.59,0.0,0.51,0.03,0.11062928325354271,0.94,0.66,4.65,0.01,0.0,0.21,0.05,7.1,0.2,0.29,0.63,0.55
