Date,11389800,11390000,11407800,11407800_I_ENGLB,11407800_I_MFY013,11407800_I_NFY029,11407900,11408000,11408500,11408550,11408870,11408880,11409000,11409300,11409350,11409400,11409500,11410000,11411500,11412000,11412500,11413000,11413250,11413300,11413500,11413510,11413515,11413515_I_NBLDB,11413517,11413520,11414000,11414090,11414090_I_ENGLB,11414090_I_SFY007,11414090_I_SPLDG,11414100,11414140,11414140_I_ENGLB,11414140_I_SPLDG,11414170,11414196,11414200,11414205,11414205_I_CMBIE,11414205_I_RLLNS,11414250,11414400,11414400_I_BOWMN,11414400_I_FRNCH,11414440,11414440_I_BOWMN,11414440_I_ENGLB,11414440_I_FRNCH,11414465,11414465_I_BOWMN,11414465_I_ENGLB,11414465_I_FRNCH,11415500,11416000,11416100,11416200,11416500,11416700,11417500,11418000,11418500,11418500_I_DER001,11419000,11420700,11421720,11421725,11421750,11421760,11421770,11421800,11421800_I_RLLNS,11422000,11422500,11423500,11424000,11426190,CAMP_FAR,CAMP_FAR_I_RLLNS,CHANGE_IN,ENGLEBRIGHT_DAM,LAKE_COMBIE,LAKE_COMBIE_I_RLLNS,LAKE_MERLE,OLD_BULLARDS,OLD_BULLARDS_I_NBLDB,SCOTTS_FLAT,SCOTTS_FLAT_I_DER001,WILSON_CREEK,YB-184,TOWLE_CANAL,NID_COMBIE_DIVERSIONS,CFWID_DIVERSIONS,SSWD_DIVERSIONS,DC-145,TARR_DITCH,DC-102,DS_CANAL_SPILLS_I_RLLNS,MERLC_RELEASE,DRY_CREEK_DIV_I_MERLC,EXCELSIOR_DITCH
1921-09-30,,,,,,,,,,,,,,,,,,,,,,,,,,,,,,,,,,,,,,,,,,,,,,,4.3,4.3,4.3,0.0,0.0,0.0,0.0,,,,,0.0,,,,,,,,,,,,,,,,,,,,,,,,,,,,,,,,,0.0,0.0,,,,,,,,,,,,,
1921-10-31,2.0,9.6,,,,,,0.0,,,,,,,,,0.500509090909091,2.889917355371901,8.768132231404959,0.086697520661157,0.5134214876033057,,0.0,,,,,,,,,,,,,,,,,18.1,,3.4,,2.3,2.3,,3.1,3.1,3.1,0.0,0.0,0.0,0.0,,,,,0.0,,,,,,,,2.677882227865574,,19.337851239669423,,1.9,,,,,,,13.588760330578513,,1.4449586776859504,,1.0,,,-20.05,,,,,,,0.0,0.0,,,0.6,0.9,0.3,0.0,0.0,0.8,2.0,0.0,,,2.2
1921-11-30,1.0,9.6,,,,,,0.0,,,,,,,,,0.9282644628099174,3.5107438016528927,9.990743801652892,0.1588760330578512,0.6188429752066116,,0.0,,,,,,,,,,,,,,,,,13.2,,2.6,,2.2,2.2,,2.8,2.8,2.8,0.0,0.0,0.0,0.0,,,,,0.0,,,,,,,,2.924750670935688,,25.61652892561984,,1.3,,,,,,,12.079338842975206,,1.3745454545454543,,0.0,,,-13.42,,,,,,,0.0,0.0,,,0.4,0.9,0.0,0.0,0.0,0.0,1.8,0.0,,,1.6
1921-12-31,2.0,24.9,,,,,,0.0,,,,,,,,,4.888264462809916,12.912396694214875,15.193586776859505,0.8731239669421488,1.3527272727272728,,0.0,,,,,,,,,,,,,,,,,8.3,,3.9,,2.5,2.5,,2.9,2.9,2.9,0.0,0.0,0.0,0.0,,,,,0.0,,,,,,,,4.549696534156447,,110.06280991735537,,1.0,,,,,,,9.530578512396694,,27.146776859504133,,0.0,,,-9.68,,,,,,,0.0,0.0,,,0.2,0.4,0.0,0.0,0.0,0.0,1.9,0.0,,,1.3
1922-01-31,2.0,20.5,,,,,,0.0,,,,,,,,,5.1895537190082655,12.72793388429752,19.55920661157025,0.8731239669421488,1.0821818181818184,,0.0,,,,,,,,,,,,,,,,,9.3,,3.7,,2.6,2.6,,3.3,3.3,3.3,0.0,0.0,0.0,0.0,,,,,0.0,,,,,,,,6.800452039216529,,112.3993388429752,,1.3,,,,,,,7.132561983471074,,22.123239669421487,,0.0,,,-4.83,,,,,,,0.0,0.0,,,0.2,0.3,0.0,0.0,0.0,0.0,1.9,0.0,,,1.1
1922-02-28,2.0,50.1,,,,,,0.0,,,,,,,,,16.57785123966942,43.09685950413223,25.102809917355373,2.565818181818182,2.360330578512397,,0.0,,,,,,,,,,,,,,,,,5.1,,3.0,,0.6,0.6,,4.1,4.1,4.1,0.0,0.0,0.0,0.0,,,,,0.0,,,,,,,,9.61683205528021,,310.45289256198345,,1.4,,,,,,,11.718347107438015,,149.78380165289255,,0.0,,,-2.01,,,,,,,0.0,0.0,,,0.2,0.1,0.0,0.0,0.0,0.0,1.8,0.0,,,1.0
1922-03-31,3.0,38.7,,,,,,0.0,,,,,,,,,16.15894214876033,41.811570247933886,34.5683305785124,3.3695206611570248,2.846876033057851,,0.0,,,,,,,,,,,,,,,,,7.0,,3.3,,0.9,0.9,,5.5,5.5,5.5,0.0,0.0,0.0,0.0,,,,,0.0,,,,,,,,16.352307697453508,,251.97619834710744,,1.4,,,,,,,15.802314049586776,,96.53553719008264,,0.0,,,-2.39,,,,,,,0.0,0.0,,,0.1,0.0,0.0,0.0,0.0,0.0,1.3,0.0,,,1.3
1922-04-30,2.0,42.3,,,,,,0.0,,,,,,,,,20.90380165289256,69.08429752066115,66.82314049586776,4.659173553719008,5.694545454545454,,0.0,,,,,,,,,,,,,,,,,14.5,,4.9,,3.7,3.7,,7.3,7.3,7.3,0.0,0.0,0.0,0.0,,,,,0.0,,,,,,,,31.816681970700664,,379.9933884297521,,1.7,,,,,,,10.115702479338845,,60.51570247933884,,0.0,,,21.08,,,,,,,0.0,0.0,,,0.1,0.1,4.3,0.0,0.0,0.0,1.1,0.0,,,1.9
1922-05-31,2.0,57.9,,,,,,0.0,,,,,,,,,21.735867768595043,162.51173553719008,193.0710743801653,8.325421487603306,11.516628099173555,,0.0,,,,,,,,,,,,,,,,,15.8,,2.5,,1.8,1.8,,9.3,9.3,9.3,0.0,0.0,0.0,0.0,,,,,0.0,,,,,,,,51.80120780164032,,776.5884297520661,,2.0,,,,,,,16.970578512396695,,34.64826446280992,,1.0,,,68.98,,,,,,,0.0,0.0,,,0.2,1.0,2.6,0.0,0.0,0.8,1.3,0.0,,,2.5
1922-06-30,3.0,35.3,,,,,,0.0,,,,,,,,,5.361322314049587,110.08264462809916,184.22479338842976,3.6773553719008265,4.784132231404959,,0.0,,,,,,,,,,,,,,,,,17.7,,7.4,,6.5,6.5,,10.8,10.8,10.8,0.0,0.0,0.0,0.0,,,,,0.0,,,,,,,,11.665258568421194,,606.9421487603306,,2.3,,,,,,,16.244628099173553,,11.127272727272729,,1.0,,,13.02,,,,,,,0.0,0.0,,,0.4,1.1,1.5,0.0,0.0,1.6,2.1,0.0,,,2.8
1922-07-31,2.0,14.5,,,,,,0.0,,,,,,,,,0.971504132231405,14.695537190082645,40.90155371900827,0.3670809917355372,0.7378512396694215,,0.0,,,,,,,,,,,,,,,,,17.800000000000004,,7.7,,5.7,5.7,,8.9,8.9,8.9,0.0,0.0,0.0,0.0,,,,,0.0,,,,,,,,2.506211052967416,,87.37388429752066,,2.6,,,,,,,14.511074380165288,,2.490247933884297,,2.0,,,-14.61,,,,,,,0.0,0.0,,,0.6,1.1,0.7,0.0,0.0,1.9,2.8,0.0,,,2.9
1922-08-31,2.0,9.3,,,,,,0.0,,,,,,,,,0.2773090909090909,4.242644628099174,17.173487603305784,0.1180561983471074,0.3689256198347107,,0.0,,,,,,,,,,,,,,,,,18.4,,7.3,,5.7,5.7,,6.5,6.5,6.5,0.0,0.0,0.0,0.0,,,,,0.0,,,,,,,,1.7890232475733967,,29.91371900826446,,2.6,,,,,,,15.064462809917355,,0.8362314049586776,,1.0,,,-24.98,,,,,,,0.0,0.0,,,0.6,1.0,0.3,0.0,0.0,1.7,2.8,0.0,,,2.7
1922-09-30,1.0,7.7,,,,,,0.0,,,,,,,,,0.1475702479338843,2.618181818181818,10.472727272727273,0.0595041322314049,0.3570247933884297,,0.0,,,,,,,,,,,,,,,,,17.299999999999997,,6.3,,5.2,5.2,,4.3,4.3,4.3,0.0,0.0,0.0,0.0,,,,,0.0,,,,,,,,1.470503094320094,,16.607603305785123,,2.3,,,,,,,16.482644628099173,,1.1127272727272728,,1.0,,,-23.05,,,,,,,0.0,0.0,,,0.5,1.1,0.3,0.0,0.0,2.0,2.3,0.0,,,2.7
1922-10-31,2.0,8.8,,,,,,0.0,,,,,,,,,0.5884363636363635,3.873719008264463,12.039272727272728,0.2164363636363636,0.5238743801652893,,0.0,,,,,,,,,,,,,,,,,15.8,,5.0,,4.4,4.4,,3.1,3.1,3.1,0.0,0.0,0.0,0.0,,,,,0.0,,,,,,,,3.441648442348938,,21.053355371900825,,2.3,,,,,,,14.818512396694215,,3.1604628099173557,,0.0,,,-18.01,,,,,,,0.0,0.0,,,0.6,1.1,0.3,0.0,0.0,0.8,2.0,0.0,,,2.2
1922-11-30,1.0,15.4,,,,,,0.0,,,,,,,,,1.92198347107438,7.79504132231405,13.828760330578511,0.4992396694214876,1.0175206611570249,,0.0,,,,,,,,,,,,,,,,,9.099999999999998,,2.5,,2.1,2.1,,2.8,2.8,2.8,0.0,0.0,0.0,0.0,,,,,0.0,,,,,,,,3.917844962710844,,51.96495867768595,,0.9,,,,,,,10.175206611570248,,10.294214876033058,,0.0,,,-8.86,,,,,,,0.0,0.0,,,0.4,0.6,0.0,0.0,0.0,0.0,1.8,0.0,,,1.6
1922-12-31,2.0,45.8,,,,,,0.0,,,,,,,,,13.877752066115702,46.607603305785126,33.049586776859506,2.8714710743801657,3.750743801652893,,0.0,,,,,,,,,,,,,,,,,10.6,,3.1,,3.0,3.0,,2.9,2.9,2.9,0.0,0.0,0.0,0.0,,,,,0.0,,,,,,,,12.594541682666431,,283.1504132231405,,1.8,,,,,,,8.423801652892562,,102.99173553719008,,0.0,,,-0.32,,,,,,,0.0,0.0,,,0.2,0.1,0.0,0.0,0.0,0.0,1.8,0.0,,,1.3
1923-01-31,2.0,27.4,,,,,,0.0,,,,,,,,,6.456198347107441,25.886280991735536,28.751603305785125,2.06598347107438,3.000595041322314,,0.0,,,,,,,,,,,,,,,,,13.8,,3.9,,3.8,3.8,,3.3,3.3,3.3,0.0,0.0,0.0,0.0,,,,,0.0,,,,,,,,13.207230807946704,,158.7609917355372,,1.9,,,,,,,0.1106776859504132,,69.35801652892562,,0.0,,,-10.58,,,,,,,0.0,0.0,,,0.2,0.1,0.0,0.0,0.0,0.0,1.9,0.0,,,1.1
1923-02-28,2.0,17.3,,,,,,0.0,,,,,,,,,4.226380165289256,18.771570247933884,22.042710743801653,1.249586776859504,2.177057851239669,,0.0,,,,,,,,,,,,,,,,,5.6,,2.0,,1.7,1.7,,4.1,4.1,4.1,0.0,0.0,0.0,0.0,,,,,0.0,,,,,,,,10.123982262912875,,104.74314049586776,,1.4,,,,,,,0.216595041322314,,36.543471074380165,,0.0,,,-0.26,,,,,,,0.0,0.0,,,0.2,0.1,0.0,0.0,0.0,0.0,1.7,0.0,,,1.0
1923-03-31,3.0,17.3,,,,,,0.0,,,,,,,,,4.476297520661157,24.28760330578512,31.512396694214875,1.6355702479338845,3.3695206611570248,,0.0,,,,,,,,,,,,,,,,,12.9,,2.7,,2.4,2.4,,5.5,5.5,5.5,0.0,0.0,0.0,0.0,,,,,0.0,,,,,,,,13.97389655365189,,133.12066115702478,,1.6,,,,,,,11.805619834710743,,29.04674380165289,,0.0,,,9.92,,,,,,,0.0,0.0,,,0.1,0.7,0.0,0.0,0.0,0.0,1.8,0.0,,,1.3
1923-04-30,2.0,31.7,,,,,,0.0,,,,,,,,,10.919008264462809,73.01157024793389,64.8,4.010578512396695,6.313388429752066,,0.0,,,,,,,,,,,,,,,,,12.1,,1.9,,1.9,1.9,,7.3,7.3,7.3,0.0,0.0,0.0,0.0,,,,,0.0,,,,,,,,19.584891265797182,,374.2809917355372,,2.0,,,,,,,14.04297520661157,,68.31074380165289,,0.0,,,41.38,,,,,,,0.0,0.0,,,0.1,0.4,4.3,0.0,0.0,0.0,1.6,0.0,,,1.9
1923-05-31,2.0,19.3,,,,,,0.0,,,,,,,,,2.988297520661157,80.73322314049587,111.29256198347107,2.207404958677686,2.64396694214876,,0.0,,,,,,,,,,,,,,,,,17.6,,7.3,,6.1,6.1,,9.3,9.3,9.3,0.0,0.0,0.0,0.0,,,,,0.0,,,,,,,,11.72839147073853,,377.2879338842975,,2.2,,,,,,,16.90909090909091,,20.241719008264464,,1.0,,,50.85,,,,,,,0.0,0.0,,,0.2,1.1,2.6,0.0,0.0,0.8,2.4,0.0,,,2.5
1923-06-30,3.0,13.3,,,,,,0.0,,,,,,,,,1.2257851239669422,35.583471074380164,59.50413223140496,0.468297520661157,1.0056198347107437,,0.0,,,,,,,,,,,,,,,,,17.5,,8.2,,6.3,6.3,,10.8,10.8,10.8,0.0,0.0,0.0,0.0,,,,,0.0,,,,,,,,3.2331569678865293,,184.5223140495868,,2.3,,,,,,,15.530578512396694,,13.340826446280992,,1.0,,,6.59,,,,,,,0.0,0.0,,,0.4,1.2,1.5,0.0,0.0,1.6,2.3,0.0,,,2.8
1923-07-31,2.0,8.4,,,,,,0.0,,,,,,,,,0.4556231404958676,10.145454545454545,27.761652892561983,0.1973752066115703,0.4500892561983471,,0.0,,,,,,,,,,,,,,,,,18.2,,6.2,,4.4,4.4,,8.9,8.9,8.9,0.0,0.0,0.0,0.0,,,,,0.0,,,,,,,,1.4216379318859254,,67.14446280991736,,2.5,,,,,,,13.957685950413223,,5.755239669421487,,1.0,,,-14.35,,,,,,,0.0,0.0,,,0.6,1.2,0.7,0.0,0.0,1.9,2.9,0.0,,,2.9
1923-08-31,2.0,6.3,,,,,,0.0,,,,,,,,,0.1979900826446281,3.320330578512397,16.31266115702479,0.0462386776859504,0.3129719008264462,,0.0,,,,,,,,,,,,,,,,,16.6,,4.9,,4.4,4.4,,6.5,6.5,6.5,0.0,0.0,0.0,0.0,,,,,0.0,,,,,,,,1.3020409711573393,,26.390479338842976,,1.6,,,,,,,14.63404958677686,,2.93295867768595,,1.0,,,-21.6,,,,,,,0.0,0.0,,,0.6,0.9,0.3,0.0,0.0,1.7,2.7,0.0,,,2.7
1923-09-30,1.0,6.9,,,,,,0.0,,,,,,,,,0.3582148760330578,3.272727272727273,12.168595041322314,0.0737851239669421,0.3076363636363636,,0.0,,,,,,,,,,,,,,,,,16.100000000000005,,6.3,,5.0,5.0,,4.3,4.3,4.3,0.0,0.0,0.0,0.0,,,,,0.0,,,,,,,,1.5057249215947195,,22.5699173553719,,1.8,,,,,,,15.23305785123967,,2.023140495867769,,1.0,,,-21.36,,,,,,,0.0,0.0,,,0.5,1.0,0.3,0.0,0.0,2.0,2.3,0.0,,,2.7
1923-10-31,2.0,8.5,,,,,,0.0,,,,,,,,,0.7378512396694215,4.058181818181819,11.86095867768595,0.1654016528925619,0.2342677685950413,,0.0,,,,,,,,,,,,,,,,,16.1,,5.7,,5.0,5.0,,3.1,3.1,3.1,0.0,0.0,0.0,0.0,,,,,0.0,,,,,,,,2.4739315909837787,,28.29044628099173,,1.9,,,,,,,15.679338842975207,,2.3365289256198345,,1.0,,,-18.25,,,,,0.0,0.0,0.0,0.0,,,0.6,0.9,0.3,0.0,0.0,0.8,2.0,0.0,,,2.2
1923-11-30,1.0,7.3,,,,,,0.0,,,,,,,,,0.9639669421487604,3.2132231404958675,8.366280991735538,0.1261487603305785,0.3707107438016529,,0.0,,,,,,,,,,,,,,,,,12.8,,4.5,,3.4,3.4,,2.8,2.8,2.8,0.0,0.0,0.0,0.0,,,,,0.0,,,,,,,,2.044395983277239,,20.07074380165289,,1.5,,,,,,,12.25785123966942,,1.6066115702479338,,0.0,,,-15.75,,,,,0.0,0.0,0.0,0.0,,,0.4,0.6,0.0,0.0,0.0,0.0,1.9,0.0,,,1.6
1923-12-31,2.0,8.5,,,,,,0.0,,,,,,,,,1.4080661157024792,4.79603305785124,8.884958677685951,0.1469553719008264,0.4648462809917354,,0.0,,,,,,,,,,,,,,,,,6.1,,3.8,,3.0,3.0,,2.9,2.9,2.9,0.0,0.0,0.0,0.0,,,,,0.0,,,,,,,,2.735453600918734,,32.02889256198347,,1.3,,,,,,,7.747438016528926,,2.348826446280992,,0.0,,,-6.67,,,,,19.7,19.7,0.0,0.0,,,0.2,0.6,0.0,0.0,0.0,0.0,1.9,0.0,,,1.3
1924-01-31,3.0,9.7,,,,,,0.0,,,,,,,,,1.44495867768595,5.472396694214876,10.114710743801654,0.326499173553719,0.707107438016529,,0.0,,,,,,,,,,,,,,,,,1.6,,3.7,,2.6,2.6,,3.3,3.3,3.3,0.0,0.0,0.0,0.0,,,,,0.0,,,,,,,,3.256364443909044,,37.759537190082646,,1.4,,,,,,,5.226446280991736,,3.4986446280991736,,0.0,,,-3.6,,,,,19.7,19.7,0.0,0.0,,,0.2,0.5,0.0,0.0,0.0,0.0,1.9,0.0,,,1.1
1924-02-29,5.0,22.9,,,,,,0.0,,,,,,,,,4.083966942148759,19.21190082644628,21.622016528925617,1.34598347107438,1.955702479338843,,0.0,,,,,,,,,,,,,,,,,4.1,,2.7,,2.1,2.1,,4.1,4.1,4.1,0.0,0.0,0.0,0.0,,,,,0.0,,,,,,,,6.344598670501021,,102.27173553719008,,1.2,,,,,,,9.83603305785124,,5.625520661157023,,0.0,,,6.36,,,,,30.8,30.8,0.0,0.0,,,0.2,0.6,0.0,0.0,0.0,0.0,1.8,0.0,,,1.0
1924-03-31,4.0,14.9,,,,,,0.0,,,,,,,,,0.7317024793388428,7.132561983471074,12.697190082644628,0.4156561983471074,0.5644561983471075,,0.0,,,,,,,,,,,,,,,,,1.5,,3.7,,2.0,2.0,,5.5,5.5,5.5,0.0,0.0,0.0,0.0,,,,,0.0,,,,,,,,1.9134353040844336,,48.163239669421486,,0.9,,,,,,,6.271735537190082,,3.418710743801653,,0.0,,,8.89,,,,,30.3,30.3,0.0,0.0,,,0.1,0.4,0.0,0.0,0.0,0.0,2.0,0.0,,,1.3
1924-04-30,6.0,13.7,,,,,,0.0,,,,,,,,,2.106446280991735,18.74380165289256,27.27074380165289,0.7259504132231405,1.416198347107438,,0.0,,,,,,,,,,,,,,,,,1.6,,3.8,,1.9,1.9,,7.3,7.3,7.3,0.0,0.0,0.0,0.0,,,,,0.0,,,,,,,,2.251563464761244,,88.60165289256199,,1.0,,,,,,,4.403305785123967,,3.052561983471074,,1.0,,,38.49,,,,,30.8,30.8,0.0,0.0,,,0.1,0.4,4.3,0.0,0.0,0.0,2.0,0.0,,,1.9
1924-05-31,4.0,8.3,,,,,,0.0,,,,,,,,,0.516495867768595,11.067768595041322,19.565355371900825,0.1094479338842975,0.2779239669421487,,0.0,,,,,,,,,,,,,,,,,6.8,,6.6,,2.6,2.6,,9.3,9.3,9.3,0.0,0.0,0.0,0.0,,,,,0.0,,,,,,,,0.8731117911722421,,45.8144132231405,,2.3,,,,,,,11.682644628099174,,0.3308033057851239,,1.0,,,10.55,,,,,30.5,30.5,0.0,0.0,,,0.2,0.7,2.6,0.0,0.0,0.8,2.4,0.0,,,2.5
1924-06-30,1.0,5.2,,,,,,0.0,,,,,,,,,0.1350743801652892,2.677685950413223,8.282975206611571,0.0513520661157024,0.1868429752066115,,0.0,,,,,,,,,,,,,,,,,13.8,,4.8,,2.9,2.9,,10.8,10.8,10.8,0.0,0.0,0.0,0.0,,,,,0.0,,,,,,,,0.2760354218788841,,10.811900826446282,,1.3,,,,,,,12.079338842975206,,0.4105785123966942,,1.0,,,-17.88,,,,,28.4,28.4,0.0,0.0,,,0.4,0.9,0.4,0.0,0.0,1.6,2.6,0.0,,,2.8
1924-07-31,1.0,5.0,,,,,,0.0,,,,,,,,,0.1063735537190083,1.5986776859504133,5.902809917355372,0.0142651239669421,0.1512595041322314,,0.0,,,,,,,,,,,,,,,,,14.3,,3.8,,2.6,2.6,,8.9,8.9,8.9,0.0,0.0,0.0,0.0,,,,,0.0,,,,,,,,0.229461404716627,,9.192396694214876,,1.2,,,,,,,14.203636363636363,,0.1783140495867768,,2.0,,,-18.36,,,,,25.1,25.1,0.0,0.0,,,0.6,1.0,0.1,0.0,0.0,1.9,2.2,0.0,,,2.9
1924-08-31,0.0,4.6,,,,,,0.0,,,,,,,,,0.1008396694214875,1.475702479338843,4.95590082644628,0.0144495867768595,0.1131371900826446,,0.0,,,,,,,,,,,,,,,,,11.7,,3.4,,2.6,2.6,,6.5,6.5,6.5,0.0,0.0,0.0,0.0,,,,,0.0,,,,,,,,0.2714632193562316,,6.031933884297521,,1.2,,,,,,,13.035371900826446,,0.1721652892561983,,1.0,,,-14.2,,,,,20.8,20.8,0.0,0.0,,,0.6,0.9,0.1,0.0,0.0,1.7,2.1,0.0,,,2.7
1924-09-30,0.0,4.5,,,,,,0.0,,,,,,,,,0.0981818181818181,1.487603305785124,4.760330578512397,0.0164826446280991,0.192198347107438,,0.0,,,,,,,,,,,,,,,,,5.3,,3.0,,2.0,2.0,,4.3,4.3,4.3,0.0,0.0,0.0,0.0,,,,,0.0,,,,,,,,0.4296956818331878,,13.79305785123967,,1.1,,,,,,,5.593388429752066,,0.1648264462809917,,1.0,,,-7.02,,,,,14.9,14.9,0.0,0.0,,,0.5,0.5,0.1,0.0,0.0,2.0,1.9,0.0,,,2.7
1924-10-31,2.0,6.1,,,,,,0.0,,,,,,,,,0.5097322314049586,3.812231404958678,9.555173553719008,0.4906710743801654,0.731702479338843,,0.0,,,,,,,,,,,,,,,,,0.6,,2.1,,1.5,1.5,,3.1,3.1,3.1,0.0,0.0,0.0,0.0,,,,,0.0,,,,,,,,2.907867118439064,,28.03219834710744,,0.9,,,,,,,2.459504132231405,,1.6786115702479338,,1.0,,,-0.54,,,,,13.9,13.9,0.0,0.0,,,0.6,0.4,0.3,0.0,0.0,0.8,1.4,0.0,,,2.2
1924-11-30,3.0,10.8,,,,,,0.0,,,,,,,,,1.511404958677686,8.86611570247934,12.644628099173554,0.3522644628099173,0.7259504132231405,,0.0,,,,,,,,,,,,,,,,,4.6,,1.8,,1.3,1.3,,2.8,2.8,2.8,0.0,0.0,0.0,0.0,,,,,0.0,,,,,,,,3.427925809277983,,47.28793388429752,,0.8,,,,,,,6.24793388429752,,2.505123966942149,,0.0,,,4.74,,,,,8.2,8.2,0.0,0.0,,,0.4,0.7,0.0,0.0,0.0,0.0,1.2,0.0,,,1.6
1924-12-31,4.0,15.0,,,,,,0.0,,,,,,,,,3.6585123966942135,17.155041322314048,15.728528925619834,0.6456198347107438,1.272793388429752,,0.0,,,,,,,,,,,,,,,,,10.7,,2.8,,2.0,2.0,,2.9,2.9,2.9,0.0,0.0,0.0,0.0,,,,,0.0,,,,,,,,5.333669020904851,,97.5193388429752,,1.0,,,,,,,17.27801652892562,,8.645157024793388,,0.0,,,-0.45,,,,,17.4,17.4,0.0,0.0,,,0.2,0.5,0.0,0.0,0.0,0.0,1.7,0.0,,,1.3
1925-01-31,4.0,12.7,,,,,,0.0,,,,,,,,,4.70995041322314,18.446280991735534,18.18803305785124,1.0022479338842976,1.7831404958677686,,0.0,,,,,,,,,,,,,,,,,7.2,,2.5,,1.8,1.8,,3.3,3.3,3.3,0.0,0.0,0.0,0.0,,,,,0.0,,,,,,,,6.658402545157074,,95.9206611570248,,1.0,,,,,,,15.802314049586776,,5.8659173553719,,0.0,,,3.89,,,,,18.0,18.0,0.0,0.0,,,0.2,0.7,0.0,0.0,0.0,0.0,1.8,0.0,,,1.1
1925-02-28,5.0,56.0,,,,,,0.0,,,,,,,,,19.98228099173553,96.6902479338843,77.52991735537191,5.992462809917355,8.330578512396695,,0.0,,,,,,,,,,,,,,,,,12.1,,4.0,,1.3,1.3,,4.1,4.1,4.1,0.0,0.0,0.0,0.0,,,,,0.0,,,,,,,,35.57775984711944,,512.9970247933884,,1.5,,,,,,,14.717355371900826,,90.63669421487604,,0.0,,,33.47,,,,,18.0,18.0,0.0,0.0,,,0.2,0.1,0.0,0.0,0.0,0.0,1.4,0.0,,,1.0
1925-03-31,6.0,24.8,,,,,,0.0,,,,,,,,,4.777586776859505,34.740495867768594,40.176,3.0989752066115703,3.775338842975207,,0.0,,,,,,,,,,,,,,,,,18.3,,6.8,,5.5,5.5,,5.5,5.5,5.5,0.0,0.0,0.0,0.0,,,,,0.0,,,,,,,,14.621725583536955,,199.09685950413223,,1.9,,,,,,,15.433388429752066,,40.803173553719006,,0.0,,,10.81,,,,,18.0,18.0,0.0,0.0,,,0.1,0.2,0.0,0.0,0.0,0.0,1.8,0.0,,,1.3
1925-04-30,6.0,37.0,,,,,,0.0,,,,,,,,,8.723305785123967,69.44132231404959,75.27272727272727,4.236694214876033,5.39702479338843,,0.0,,,,,,,,,,,,,,,,,18.1,,5.4,,1.6,1.6,,7.3,7.3,7.3,0.0,0.0,0.0,0.0,,,,,0.0,,,,,,,,11.869759357540232,,337.92396694214875,,2.0,,,,,,,17.01818181818182,,50.97719008264463,,0.0,,,38.24,,,,,18.0,18.0,0.0,0.0,,,0.1,0.0,4.3,0.0,0.0,0.0,1.8,0.0,,,1.9
1925-05-31,6.0,20.1,,,,,,0.0,,,,,,,,,2.93295867768595,59.39702479338843,88.54214876033058,1.8876694214876035,2.914512396694215,,0.0,,,,,,,,,,,,,,,,,19.2,,8.3,,6.9,6.9,,9.3,9.3,9.3,0.0,0.0,0.0,0.0,,,,,0.0,,,,,,,,5.668085204375984,,356.0132231404959,,2.0,,,,,,,17.093553719008263,,17.831404958677687,,0.0,,,8.89,,,,,18.0,18.0,0.0,0.0,,,0.2,0.9,2.6,0.0,0.0,0.8,2.3,0.0,,,2.5
1925-06-30,6.0,12.7,,,,,,0.0,,,,,,,,,1.3031404958677686,20.469421487603302,34.33388429752066,0.672396694214876,1.029421487603306,,0.0,,,,,,,,,,,,,,,,,19.8,,8.3,,6.8,6.8,,10.8,10.8,10.8,0.0,0.0,0.0,0.0,,,,,0.0,,,,,,,,1.594801268260781,,99.43140495867767,,2.0,,,,,,,16.958677685950413,,9.163636363636364,,1.0,,,-4.3,,,,,18.0,18.0,0.0,0.0,,,0.4,1.1,1.5,0.0,0.0,1.6,2.2,0.0,,,2.8
1925-07-31,3.0,7.7,,,,,,0.0,,,,,,,,,0.3308033057851239,5.349421487603306,13.88390082644628,0.0983801652892562,0.3787636363636364,,0.0,,,,,,,,,,,,,,,,,20.8,,8.4,,6.7,6.7,,8.9,8.9,8.9,0.0,0.0,0.0,0.0,,,,,0.0,,,,,,,,0.958088218072362,,39.1737520661157,,2.3,,,,,,,17.52396694214876,,5.638413223140496,,0.0,,,-25.41,,,,,9.0,9.0,0.0,0.0,,,0.6,1.1,0.7,0.0,0.0,1.9,2.7,0.0,,,2.9
1925-08-31,2.0,5.9,,,,,,0.0,,,,,,,,,0.1746247933884297,3.135867768595041,10.077818181818182,0.0750148760330578,0.416885950413223,,0.0,,,,,,,,,,,,,,,,,18.2,,7.0,,6.6,6.6,,6.5,6.5,6.5,0.0,0.0,0.0,0.0,,,,,0.0,,,,,,,,0.9868062650205188,,20.58604958677686,,2.0,,,,,,,15.802314049586776,,3.996694214876033,,0.0,,,-25.06,,,,,8.4,8.4,0.0,0.0,,,0.6,1.2,0.3,0.0,0.0,1.7,2.4,0.0,,,2.7
1925-09-30,2.0,6.0,,,,,,0.0,,,,,,,,,0.2017190082644628,3.0347107438016527,8.52099173553719,0.0708099173553719,0.3939173553719008,,0.0,,,,,,,,,,,,,,,,,13.1,,4.1,,3.0,3.0,,4.3,4.3,4.3,0.0,0.0,0.0,0.0,,,,,0.0,,,,,,,,1.116976351379776,,16.3398347107438,,1.8,,,,,,,14.63801652892562,,1.8565289256198347,,0.0,,,-19.12,,,,,8.5,8.5,0.0,0.0,,,0.5,0.8,0.3,0.0,0.0,2.0,2.9,0.0,,,2.7
1925-10-31,2.0,6.8,,,,,,0.0,,,,,,,,,0.3922909090909091,3.812231404958678,9.370710743801652,0.1352727272727273,0.4839074380165289,,0.0,,,,,,,,,,11.58134328358209,,,,,,,9.7,,3.0,,2.4,2.4,,3.1,3.1,3.1,0.0,0.0,0.0,0.0,,,,,0.0,,,,,,,,2.499045963591668,,17.62234710743802,,1.1,,,,,,,11.375206611570247,,1.7216528925619834,,0.0,,,-11.62,,,,,9.5,9.5,0.0,0.0,,,0.6,0.5,0.3,0.0,0.0,0.8,1.9,0.0,,,2.2
1925-11-30,2.0,9.3,,,,,,0.0,,,,,,,,,0.8092561983471075,4.998347107438017,10.264462809917354,0.2463471074380165,1.1246280991735538,,0.0,,,,,,,,,,10.764626865671644,,,,,,,6.6,,3.1,,2.1,2.1,,2.8,2.8,2.8,0.0,0.0,0.0,0.0,,,,,0.0,,,,,,,,2.927178916517572,,25.741487603305785,,1.1,,,,,,,9.223140495867767,,2.0528925619834717,,0.0,,,-4.97,,,,,14.4,14.4,0.0,0.0,,,0.4,0.3,0.0,0.0,0.0,0.0,1.7,0.0,,,1.6
1925-12-31,3.0,12.3,,,,,,0.0,,,,,,,,,1.1067768595041323,7.56297520661157,13.361256198347109,0.471609917355372,1.2789421487603303,,0.0,,,,,,,,,,12.10373134328358,,,,,,,4.4,,3.5,,2.1,2.1,,2.9,2.9,2.9,0.0,0.0,0.0,0.0,,,,,0.0,,,,,,,,4.3678127802786975,,44.58466115702479,,0.8,,,,,,,8.17785123966942,,3.480198347107438,,0.0,,,2.6,,,,,18.1,18.1,0.0,0.0,,,0.2,0.4,0.0,0.0,0.0,0.0,1.7,0.0,,,1.3
1926-01-31,3.0,15.5,,,,,,0.0,,,,,,,,,2.047537190082644,12.850909090909092,13.004628099173551,0.6702148760330578,1.1436694214876035,,0.0,,,,,,,,,,13.419402985074626,,,,,,,5.9,,3.3,,2.4,2.4,,3.3,3.3,3.3,0.0,0.0,0.0,0.0,,,,,0.0,,,,,,,,4.984130795178601,,53.26056198347107,,0.9,,,,,,,8.362314049586777,,10.077818181818182,,0.0,,,0.07,,,,,18.1,18.1,0.0,0.0,,,0.2,0.3,0.0,0.0,0.0,0.0,1.9,0.0,,,1.1
1926-02-28,4.0,43.5,,,,,,0.0,2.6102479338842977,,,,,,,,11.16297520661157,50.1500826446281,39.98122314049587,3.3433388429752067,4.420760330578513,,0.0,,,,,,,,,,14.13955223880597,,,,,,,2.7,,3.0,,3.0,3.0,,4.1,4.1,4.1,0.0,0.0,0.0,0.0,,,,,0.0,,,,,,,,17.723807441764606,,380.76297520661154,,1.4,,,,,,,4.387438016528925,,92.80264462809916,,0.0,,,14.97,,,,,18.1,18.1,0.0,0.0,,,0.2,0.0,0.0,0.0,0.0,0.0,1.9,0.0,,,1.0
1926-03-31,5.0,20.6,,,,,,0.0,8.239338842975206,,,,,,,,3.640066115702479,29.575537190082645,38.23299173553718,1.5494876033057852,2.889917355371901,,0.0,,,,,,,,,,16.376567164179104,,,,,,,4.0,,2.9,,2.4,2.4,,5.5,5.5,5.5,0.0,0.0,0.0,0.0,,,,,0.0,,,,,,,,12.966100955665404,,175.48561983471075,,1.3,,,,,,,2.7054545454545456,,19.21487603305785,,0.0,,,36.01,,,,,18.1,18.1,0.0,0.0,,,0.1,1.0,0.0,0.0,0.0,0.0,2.1,0.0,,,1.3
1926-04-30,5.0,49.8,,,,,,0.0,20.64198347107438,,,,,,,,8.40198347107438,72.05950413223141,81.40165289256198,3.1299173553719006,4.504462809917356,,0.0,,,,,,,,,,24.529850746268657,,,,,,,10.9,,3.3,,1.2,1.2,,7.3,7.3,7.3,0.0,0.0,0.0,0.0,,,,,0.0,,,,,,,,9.800312882833287,,403.3785123966942,,1.5,,,,,,,10.056198347107438,,67.1801652892562,,0.0,,,31.1,,,,,18.1,18.1,0.0,0.0,,,0.1,0.8,4.3,0.0,0.0,0.0,2.0,0.0,,,1.9
1926-05-31,5.0,15.4,,,,,,0.0,12.672595041322314,,,,,,,,1.7032066115702482,29.329586776859504,45.90664462809917,0.5841322314049586,1.2543471074380164,,0.0,,,,,,,,,,40.405970149253726,,,,,,,15.3,,4.9,,3.3,3.3,,9.3,9.3,9.3,0.0,0.0,0.0,0.0,,,,,0.0,,,,,,,,2.454479730163804,,182.3107438016529,,2.1,,,,,,,16.109752066115703,,16.17123966942149,,1.0,,,3.77,,,,,18.1,18.1,0.0,0.0,,,0.2,1.2,2.6,0.0,0.0,0.8,2.2,0.0,,,2.5
1926-06-30,5.0,9.0,,,,,,0.0,1.5828099173553718,,,,,,,,0.4385454545454545,7.2,16.095867768595042,0.1142479338842975,0.4540165289256198,,0.0,,,,,,,,,,41.810447761194034,,,,,,,17.299999999999997,,4.2,,2.4,2.4,,10.8,10.8,10.8,0.0,0.0,0.0,0.0,,,,,0.0,,,,,,,,0.7415268534894324,,58.61157024793389,,1.4,,,,,,,17.01818181818182,,1.8862809917355368,,1.0,,,-15.22,,,,,16.2,16.2,0.0,0.0,,,0.4,1.1,1.5,0.0,0.0,1.6,2.4,0.0,,,2.8
1926-07-31,2.0,6.2,,,,,,0.0,0.2121322314049586,,,,,,,,0.1174413223140495,2.7669421487603305,8.682049586776857,0.02976,0.2717752066115703,,0.0,,,,,,,,,,32.31641791044776,,,,,,,19.9,,4.5,,3.1,3.1,,8.9,8.9,8.9,0.0,0.0,0.0,0.0,,,,,0.0,,,,,,,,0.565341430247301,,17.241123966942148,,1.3,,,,,,,18.2003305785124,,1.1559669421487604,,1.0,,,-24.44,,,,,12.5,12.5,0.0,0.0,,,0.6,1.2,0.7,0.0,0.0,1.9,2.8,0.0,,,2.9
1926-08-31,1.0,5.1,,,,,,0.0,0.0965355371900826,,,,,,,,0.0780892561983471,1.7831404958677686,6.732892561983471,0.0307438016528925,0.1986049586776859,,0.0,,,,,,,,,,21.487910447761195,,,,,,,24.2,,3.6,,3.1,3.1,,6.5,6.5,6.5,0.0,0.0,0.0,0.0,,,,,0.0,,,,,,,,0.6320584324539666,,15.033719008264464,,1.6,,,,,,,18.446280991735534,,3.9167603305785126,,1.0,,,-27.1,,,,,7.2,7.2,0.0,0.0,,,0.6,1.2,0.3,0.0,0.0,1.7,2.3,0.0,,,2.7
1926-09-30,1.0,5.1,,,,,,0.0,0.0922314049586776,,,,,,,,0.0958016528925619,1.7851239669421488,5.902809917355372,0.0337388429752066,0.2195702479338843,,0.0,,,,,,,,,,14.653283582089552,,,,,,,22.1,,2.6,,2.2,2.2,,4.3,4.3,4.3,0.0,0.0,0.0,0.0,,,,,0.0,,,,,,,,0.7250777629747205,,8.901818181818182,,1.4,,,,,,,17.49421487603306,,2.868099173553719,,2.0,,,-21.9,,,,,7.0,7.0,0.0,0.0,,,0.5,1.1,0.3,0.0,0.0,2.0,1.9,0.0,,,2.7
1926-10-31,2.0,6.7,,,,,,0.0,0.1973752066115703,,,,,,,,0.3627768595041322,3.935206611570248,7.72899173553719,0.1666314049586777,0.5294082644628099,,0.0,,,,,,,,,,11.58134328358209,,,,,,,13.1,,2.3,,1.9,1.9,,3.1,3.1,3.1,0.0,0.0,0.0,0.0,,,,,0.0,,,,,,,,2.423298664405145,,22.252363636363636,,1.1,,,,,,,13.650247933884298,,1.1805619834710743,,0.0,,,-11.87,,,,,7.0,7.0,0.0,0.0,,,0.6,0.5,0.3,0.0,0.0,0.8,1.6,0.0,,,2.2
1926-11-30,3.0,32.1,,,,,,0.0,4.206942148760331,,,,,,,,6.676363636363637,46.35371900826446,43.741487603305785,2.7074380165289256,3.9094214876033058,,0.0,,,,,,,,,,10.764626865671644,,,,,,,1.6,,2.1,,2.0,2.0,,2.8,2.8,2.8,0.0,0.0,0.0,0.0,,,,,0.0,,,,,,,,14.38786640673014,,274.6115702479339,,0.5,,,,,,,6.188429752066115,,33.060495867768594,,0.0,,,22.01,,,,,18.1,18.1,0.0,0.0,,,0.4,0.3,0.0,0.0,0.0,0.0,1.4,0.0,,,1.6
1926-12-31,5.0,21.8,,,,,,0.0,4.156561983471073,,,,,,,,2.711603305785124,21.27471074380165,28.610181818181815,1.574082644628099,2.053685950413223,,0.0,,,,,,,,,,12.10373134328358,,,,,,,4.9,,4.0,,2.9,2.9,,2.9,2.9,2.9,0.0,0.0,0.0,0.0,,,,,1.2,,,,,,,,10.3870549756401,,174.19438016528926,,2.2,,,,,,,11.559669421487603,,9.167801652892562,,0.0,,,17.81,,,,,18.1,18.1,0.0,0.0,,,0.2,0.6,0.0,0.0,0.0,0.0,1.8,0.0,,,1.3
1927-01-31,5.0,32.9,,,,,,0.0,5.915107438016529,,,,,,,,7.89500826446281,36.093223140495866,34.21170247933884,2.1951074380165294,3.0190413223140498,,0.0,,,,,,,,,,13.419402985074626,,,,,,,0.0,,8.1,,2.9,2.9,,3.3,3.3,3.3,0.0,0.0,0.0,0.0,,,,,2.76,,,,,,,,15.444669704284902,,202.17123966942148,,2.7,,,,,,,14.75702479338843,,40.88310743801653,,0.0,,,16.09,,,,,18.1,18.1,0.0,0.0,,,0.2,0.6,0.0,0.0,0.0,0.0,2.8,0.0,,,1.1
1927-02-28,4.0,80.0,,,,,,0.0,8.758214876033058,,,,,,,,31.00641322314049,163.39041322314048,99.35603305785123,7.508628099173554,11.612826446280993,,0.0,,,,,,,,,,14.13955223880597,,,,,,,0.0,,7.8,,2.3,2.3,,4.1,4.1,4.1,0.0,0.0,0.0,0.0,,,,,11.2,,,,5.470413223140496,,,,48.64981190348073,,710.3206611570248,,2.5,,,,,,,7.164297520661157,,203.37719008264463,,0.0,,,26.47,,,,,18.1,18.1,0.0,0.0,,,0.2,0.3,0.0,0.0,0.0,0.0,2.8,0.0,,,1.0
1927-03-31,1.0,36.7,,,,,,0.0,9.825719008264464,,,,,,,,11.57196694214876,71.32561983471075,70.15735537190082,4.304132231404958,6.677553719008264,,0.0,,,,,,,,,,16.376567164179104,,,,,,,0.0,,8.1,,0.8,0.8,,5.5,5.5,5.5,0.0,0.0,0.0,0.0,,,,,12.3,,,,10.213090909090909,,,,26.53500179071726,,386.2036363636364,,2.5,,,,,,,6.702148760330578,,48.335404958677685,,0.0,,,14.53,,,,,18.1,18.1,0.0,0.0,,,0.1,0.5,0.0,0.0,0.0,0.0,3.2,0.0,,,1.3
1927-04-30,0.0,42.3,,,,,,0.0,16.292231404958677,,,,,,,,14.86413223140496,98.00330578512396,92.94545454545457,5.349421487603306,8.03900826446281,,0.0,,,,,,,,,,24.529850746268657,,,,,,,0.0,,2.8,,0.8,0.8,,7.3,7.3,7.3,0.0,0.0,0.0,0.0,,,,,13.1,,,,14.62611570247934,,,,17.52258572827627,,569.6330578512396,,2.2,,,,,,,14.99504132231405,,87.88760330578512,,0.0,,,9.51,,,,,18.1,18.1,0.0,0.0,,,0.1,1.1,4.3,0.0,0.0,0.0,3.0,0.0,,,1.9
1927-05-31,6.0,31.1,,,,,,0.0,35.1401652892562,,,,,,,,4.937454545454545,89.28,132.6287603305785,2.840727272727273,4.525487603305784,,0.0,,,,,,,,,,40.405970149253726,,,,,,,3.4,,7.1,,2.7,2.7,,9.3,9.3,9.3,0.0,0.0,0.0,0.0,,,,,28.6,,,,12.168396694214875,,,,10.40695443048432,,487.53520661157023,,2.4,,,,,,,16.048264462809918,,5.718347107438016,,0.0,,,16.26,,,,,18.1,18.1,0.0,0.0,,,0.2,1.1,2.6,0.0,0.0,0.8,3.3,0.0,,,2.5
1927-06-30,6.0,15.6,,,,,,0.0,28.139504132231405,,,,,,,,1.475702479338843,54.74380165289256,105.97685950413224,0.6188429752066116,1.1900826446280992,,0.0,,,,,,,,,,41.810447761194034,,,,,,,13.1,,6.9,,2.8,2.8,,10.8,10.8,10.8,0.0,0.0,0.0,0.0,,,,,49.7,,,,0.4635371900826445,,,,5.4209023096387625,,305.7917355371901,,2.7,,,,,,,17.85123966942149,,3.11801652892562,,1.0,,,10.46,,,,,18.1,18.1,0.0,0.0,,,0.4,1.1,1.5,0.0,0.0,1.6,3.7,0.0,,,2.8
1927-07-31,6.0,11.5,,,,,,0.0,3.5785785123966942,,,,,,,,0.3584727272727272,10.637355371900826,27.73705785123967,0.1617123966942149,0.5214148760330578,,0.0,,,,,,,,,,32.31641791044776,,,,,,,19.8,,6.2,,4.1,4.1,,8.9,8.9,8.9,0.0,0.0,0.0,0.0,,,,,46.9,,,,0.3609322314049586,,,,2.1009722096885355,,53.37738842975207,,2.0,,,,,,,18.2003305785124,,4.746842975206612,,1.0,,,-13.99,,,,,15.4,15.4,0.0,0.0,,,0.6,1.1,0.7,0.0,0.0,1.9,4.1,0.0,,,2.9
1927-08-31,2.0,7.0,,,,,,0.0,0.4445553719008265,,,,,,,,0.1537190082644628,3.135867768595041,13.656396694214877,0.0376919008264462,0.2877619834710743,,0.0,,,,,,,,,,21.487910447761195,,,,,,,22.3,,6.2,,4.1,4.1,,6.5,6.5,6.5,0.0,0.0,0.0,0.0,,,,,40.3,,,,0.2951404958677686,,,,1.568025301208337,,20.665983471074384,,1.8,,,,,,,18.01586776859504,,4.888264462809917,,1.0,,,-25.96,,,,,14.6,14.6,0.0,0.0,,,0.6,1.2,0.3,0.0,0.0,1.7,3.6,0.0,,,2.7
1927-09-30,2.0,6.8,,,,,,0.0,0.2540826446280991,,,,,,,,0.1469752066115702,2.618181818181818,10.187107438016527,0.0440330578512396,0.1755371900826446,,0.0,,,,,,,,,,14.653283582089552,,,,,,,25.0,,5.1,,3.4,3.4,,4.3,4.3,4.3,0.0,0.0,0.0,0.0,,,,,31.9,,,,0.1606611570247934,,,,1.4135891637749012,,16.22677685950413,,1.6,,,,,,,17.85123966942149,,7.3249586776859505,,1.0,,,-19.3,,,,,13.7,13.7,0.0,0.0,,,0.5,1.3,0.3,0.0,0.0,2.0,2.9,0.0,,,2.7
1927-10-31,3.0,8.3,,,,,,0.0,0.2877619834710743,,,,,,,,0.2871471074380166,3.320330578512397,10.858710743801652,0.0971504132231405,0.2164363636363636,,0.0,,,,,,,,,,11.58134328358209,,,,,,,24.0,,4.0,,3.5,3.5,,3.1,3.1,3.1,0.0,0.0,0.0,0.0,,,,,22.4,12.783272727272728,,,0.0750148760330578,,,,3.139374933472584,,16.995173553719006,,2.9,,,,,,,18.13884297520661,,8.1,,0.0,,,-15.5,,,,,12.1,12.1,0.0,0.0,,,0.6,1.4,0.3,0.0,0.0,0.8,3.0,0.0,,,2.2
1927-11-30,4.0,23.0,,,,,,0.0,2.975206611570248,,,,,,,,2.856198347107438,20.17190082644628,27.82413223140496,0.8568595041322314,1.7315702479338844,,0.0,,,,,,,,,,10.764626865671644,,,,,,,13.0,,3.9,,3.1,3.1,,2.8,2.8,2.8,0.0,0.0,0.0,0.0,,,,,22.0,10.008595041322314,,,0.1606611570247934,,,,8.345443837907611,,119.12727272727273,,2.5,,,,,,,14.16198347107438,,12.4,,0.0,,,7.7,,,,,17.7,17.7,0.0,0.0,,,0.4,1.3,0.0,0.0,0.0,0.0,2.3,0.0,,,1.6
1927-12-31,4.0,17.2,,,,,,0.0,1.703206611570248,,,,,,,,2.275041322314049,13.834710743801653,17.579305785123964,0.4396363636363636,0.8915702479338843,,0.0,,,,,,,,,,12.10373134328358,,,,,,,11.4,,4.0,,3.2,3.2,,2.9,2.9,2.9,0.0,0.0,0.0,0.0,,,,,17.4,12.23603305785124,,,0.0651768595041322,,,,5.951785830131641,,131.39900826446282,,2.3,,,,,,,12.35900826446281,,19.4,,0.0,,,-3.06,,,,,14.2,14.2,0.0,0.0,,,0.2,0.9,0.0,0.0,0.0,0.0,2.3,0.0,,,1.3
1928-01-31,4.0,18.4,,,,,,0.0,1.4449586776859504,,,,,,,,4.254942148760331,19.79900826446281,22.47986776859504,1.03299173553719,2.1459173553719006,,0.0,,,,,,,,,,13.419402985074626,,,,,,,13.7,,3.9,,3.1,3.1,,3.3,3.3,3.3,0.0,0.0,0.0,0.0,,,,,13.6,8.202446280991735,,,0.1524892561983471,,,,8.935644993341114,,166.87735537190082,,2.3,,,,,,,4.673057851239669,,18.0,,0.0,,,-3.18,,,,,17.3,17.3,0.0,0.0,,,0.2,0.8,0.0,0.0,0.5,0.0,2.6,0.3,,,1.1
1928-02-29,0.0,26.9,,,,,,0.0,1.472528925619835,,,,,,,,4.969785123966943,24.561322314049587,24.561322314049587,1.4322644628099173,2.4446280991735536,,0.0,,,,,,,,,,14.13955223880597,,,,,,,8.0,,3.5,,3.1,3.1,,4.1,4.1,4.1,0.0,0.0,0.0,0.0,,,,,18.4,1.092892561983471,,,0.0920330578512396,,,,11.337863313583188,,136.32396694214876,,1.7,,,,,,,12.884628099173554,,58.8,,0.0,,,1.22,,,,,18.0,18.0,0.0,0.0,,,0.2,0.5,0.0,0.0,0.2,0.0,2.7,0.12,,,1.0
1928-03-31,0.0,77.6,,,,,,0.0,23.371438016528927,,,,,,,,27.491107438016527,183.54049586776856,165.6476033057851,10.760330578512397,13.693289256198348,,0.0,,,,,,,,,,16.376567164179104,,,,,,,14.6,,3.3,,3.2,3.2,,5.5,5.5,5.5,0.0,0.0,0.0,0.0,,,,,39.7,0.9223140495867768,,,0.3461752066115702,,,,59.200197534803856,,733.5471074380165,,1.4,,,,,,,15.248925619834711,,112.6,,0.0,,,24.62,,,,,18.0,18.0,0.0,0.0,,,0.1,0.6,0.0,0.0,0.2,0.0,3.0,0.12,,,1.3
1928-04-30,0.0,31.3,,,,,,0.0,15.042644628099174,,,,,,,,9.931239669421483,68.19173553719008,91.1603305785124,4.177190082644628,5.873057851239669,,0.0,,,,,,,,,,24.529850746268657,,,,,,,2.1,,1.4,,0.5,0.5,,7.3,7.3,7.3,0.0,0.0,0.0,0.0,,,,,49.5,0.0,,,0.240396694214876,,,,10.166791666555568,,419.6231404958677,,1.0,,,,,,,10.889256198347107,,40.7,,0.0,,,23.57,,,,,18.0,18.0,0.0,0.0,,,0.1,0.6,4.3,0.0,0.7,0.0,2.8,0.42,,,1.9
1928-05-31,3.0,19.1,,,,,,4.3963636363636365,20.124892561983472,,,,,,,,1.9368595041322316,45.56231404958677,106.6809917355372,0.7501487603305785,1.9491570247933885,,0.0,,,,,,,,,,40.405970149253726,,,,,,,17.200000000000003,,7.4,,6.1,6.1,,9.3,9.3,9.3,0.0,0.0,0.0,0.0,,,,,66.8,0.0,,,2.490247933884297,,,,6.004721207065884,,314.9395041322314,,2.3,,,,,,,16.048264462809918,,4.1,,0.0,,,14.24,,,,,18.0,18.0,0.0,0.0,,,0.2,1.1,2.6,0.0,1.4,0.8,3.1,0.84,,,2.5
1928-06-30,4.0,12.0,,,,,,2.975206611570248,0.9401652892561984,,,,,,,,0.6188429752066114,7.616528925619835,23.0697520661157,0.1570909090909091,0.563504132231405,,0.0,,,,,,,,,,41.810447761194034,,,,,,,15.1,,6.6,,5.7,5.7,,10.8,10.8,10.8,0.0,0.0,0.0,0.0,,,,,62.1,5.0935537190082645,,,2.9454545454545453,,,,1.439118476538752,,79.37851239669422,,2.0,,,,,,,16.720661157024793,,1.7,,1.0,,,-15.39,,2.2,2.2,,17.3,17.3,0.0,0.0,,,0.4,1.2,1.5,0.0,2.0,1.6,3.4,1.2,,,2.8
1928-07-31,3.0,8.1,,,,,,0.6148760330578512,0.0,,,,,,,,0.2465652892561982,3.2588429752066115,11.854809917355372,0.0694809917355371,0.3197355371900826,,0.0,,,,,,,,,,32.31641791044776,,,,,,,21.7,,7.9,,6.1,6.1,,10.4,10.4,10.4,0.0,0.0,0.0,0.0,,,,,47.9,15.617851239669422,,,0.0633322314049586,,,,1.023177292118774,,33.54148760330578,,2.4,,,,,,,18.13884297520661,,4.8,,1.0,,,-17.47,,5.3,5.3,,11.9,11.9,0.0,0.0,,,0.6,1.5,0.7,0.0,2.6,1.9,3.9,1.56,,,2.9
1928-08-31,5.0,9.4,,,,,,0.4611570247933884,0.0,,,,,,,,0.1432661157024793,2.2135537190082646,8.208595041322313,0.0414426446280991,0.2207404958677686,,0.0,,,,,,,,,,21.487910447761195,,,,,,,24.5,,8.2,,6.1,6.1,,10.1,10.1,10.1,0.0,0.0,0.0,0.0,,,,,34.6,15.138247933884298,,,0.2004495867768594,,,,0.9453511767800222,,20.41388429752066,,2.4,,,,,,,18.446280991735534,,5.7,,2.0,,,-23.21,,8.8,8.8,,7.1,7.1,0.0,0.0,,,0.6,1.4,0.3,0.0,2.6,1.7,3.3,1.56,,,2.7
1928-09-30,3.0,7.3,,,,,,0.2975206611570248,0.0,,,,,,,,0.1398347107438016,1.904132231404959,7.4201652892561984,0.0351074380165289,0.1368595041322314,,0.0,,,,,,,,,,14.653283582089552,,,,,,,28.4,,8.2,,6.4,6.4,,9.8,9.8,9.8,0.0,0.0,0.0,0.0,,,,,23.3,11.347438016528926,,,0.4272396694214875,,,,1.00679783003595,,14.239338842975206,,2.3,,,,,,,17.791735537190082,,12.5,,1.0,,,-25.79,,8.8,8.8,,6.9,6.9,0.0,0.0,,,0.5,1.3,0.3,0.0,3.1,2.0,2.7,1.86,,,2.7
1928-10-31,2.0,7.6,,,,,,0.1844628099173553,0.0,,,,,,,,0.23180826446281,2.2135537190082646,8.22089256198347,0.0499894214876033,0.2453355371900827,,0.0,,,,,,,,,,11.58134328358209,,,,,,,30.1,,7.9,,6.5,6.5,,9.7,9.7,9.7,0.0,0.0,0.0,0.0,,,,,8.91,15.341157024793388,,,0.0376919008264462,,,,1.9528967089409643,,16.69388429752066,,2.3,,,,,,,18.446280991735534,,6.1,17.6,0.0,,,-24.13,,8.8,8.8,,6.9,6.9,0.0,0.0,,,0.6,1.2,0.1,0.0,1.2,0.8,2.6,0.72,,,2.2
1928-11-30,2.0,10.1,,,,,,0.2380165289256198,0.0,,,,,,,,0.5581487603305785,4.1652892561983474,8.681652892561983,0.1225785123966942,0.3403636363636363,,0.0,,,,,,,,,,10.764626865671644,,,,,,,20.500000000000004,,4.0,,3.4,3.4,,7.0,7.0,7.0,0.0,0.0,0.0,0.0,,,,,1.22,13.81090909090909,,,0.04659173553719,,,,2.212120909187922,,24.896528925619837,,1.2,,,,,,,16.958677685950413,,,12.0198347107438,0.0,,,-9.48,,8.8,8.8,,10.6,10.6,0.0,0.0,,,0.4,0.9,0.0,0.0,0.5,0.0,2.3,0.3,,,1.6
1928-12-31,3.0,12.1,,,,,,0.6763636363636364,0.0,,,,,,,,1.315834710743801,9.161652892561984,11.45514049586777,0.3111272727272727,0.5853619834710744,,0.0,,,,,,,,,,12.10373134328358,,,,,,,12.0,,4.0,,3.4,3.4,,6.1,6.1,6.1,0.0,0.0,0.0,0.0,,,,,1.3133333333333332,2.6501157024793387,,,0.1291239669421487,,,,3.3014831980127277,,38.40515702479339,,0.9,,,,,,,13.465785123966942,,,8.915702479338844,0.0,,,-10.1,,8.8,8.8,,15.0,15.0,0.0,0.0,,,0.2,0.7,0.0,0.0,0.4,0.0,2.3,0.24,,,1.3
1929-01-31,3.0,10.0,,,,,,0.4919008264462809,0.0,,,,,,,,0.8608264462809917,5.226446280991736,9.469090909090909,0.2059834710743801,0.4291834710743802,,0.0,,,,,,,,,,13.419402985074626,,,,,,,6.7,,3.3,,2.7,2.7,,5.0,5.0,5.0,0.0,0.0,0.0,0.0,,,,,1.4066666666666667,2.1151735537190084,,,0.4279537190082644,,,,3.356322637408316,,44.36330578512397,,1.0,,,,,,,10.20694214876033,,,5.656859504132232,0.0,,,-6.04,,8.8,8.8,,8.6,8.6,0.0,0.0,,,0.2,0.6,0.0,0.0,0.5,0.0,2.6,0.3,,,1.1
1929-02-28,3.0,18.5,,,,,,0.444297520661157,0.0,,,,,,,,2.415867768595042,15.272727272727272,11.490644628099172,0.755305785123967,0.9496859504132232,,0.0,,,,,,,,,,14.13955223880597,,,,,,,5.4,,2.8,,2.2,2.2,,3.8,3.8,3.8,0.0,0.0,0.0,0.0,,,,,1.5,2.937917355371901,,,0.98300826446281,,,,4.46973489465012,,72.97586776859504,,1.6,,,,,,,10.885289256198346,,,25.102809917355373,0.0,,,1.22,,8.8,8.8,,9.5,9.5,0.0,0.0,,,0.2,0.5,0.1,0.0,0.2,0.0,2.6,0.12,,,1.0
1929-03-31,5.0,18.1,,,,,,3.012892561983471,0.0,,,,,,,,3.4125619834710745,18.13884297520661,20.444628099173556,1.1129256198347108,1.77699173553719,,0.0,,,,,,,,,,16.376567164179104,,,,,,,4.9,,3.0,,2.3,2.3,,3.8,3.8,3.8,0.0,0.0,0.0,0.0,,,,,2.01,9.942545454545453,,,0.156793388429752,,,,8.073557658995082,,94.38347107438015,,0.8,,,,,,,9.899504132231405,,,13.896198347107438,0.0,,,30.85,,8.8,8.8,,18.4,18.4,0.0,0.0,,,0.1,0.6,0.1,0.0,0.2,0.0,3.0,0.12,,,1.3
1929-04-30,4.0,16.7,,,,,,6.188429752066115,0.0,,,,,,,,5.664793388429752,24.813223140495868,29.341487603305787,2.023140495867769,2.665785123966942,,0.0,,,,,,,,,,24.529850746268657,,,,,,,11.8,,1.2,,0.2,0.2,,5.9,5.9,5.9,0.0,0.0,0.0,0.0,,,,,14.7,,,,0.0773553719008264,,,,8.398895466254235,,128.4694214876033,,1.2,,,,,,,15.11404958677686,,,8.74710743801653,0.0,,,25.94,,8.8,8.8,,18.9,18.9,0.0,0.0,,,0.1,0.8,0.6,0.0,0.6,0.0,2.8,0.36,,,1.9
1929-05-31,4.0,13.6,,,,,,16.35570247933884,0.3904462809917355,,,,,,,,2.152066115702479,24.47206611570248,60.09798347107438,1.82003305785124,2.2565950413223144,,0.0,,,,,,,,,,40.405970149253726,,,,,,,15.7,,5.4,,3.1,3.1,,7.7,7.7,7.7,0.0,0.0,0.0,0.0,,,,,47.9,,,,0.144495867768595,,,,5.836214462222248,,154.0879338842975,,1.4,,,,,,,17.03206611570248,,,2.275041322314049,0.0,,,57.04,,8.7,8.7,,18.2,18.2,0.0,0.0,,,0.2,1.4,1.7,0.0,1.3,0.8,3.0,0.78,,,2.5
1929-06-30,5.0,11.1,,,,,,7.08099173553719,0.2261157024793388,,,,,,,,1.0413223140495869,12.971900826446282,29.710413223140492,0.5123305785123966,1.2317355371900829,,0.0,,,,,,,,,,41.810447761194034,,,,,,,12.1,,5.7,,5.0,5.0,,9.3,9.3,9.3,0.0,0.0,0.0,0.0,,,,,59.3,0.4938842975206612,,,0.3826115702479338,,,,1.4048438734098028,,76.64132231404959,,1.1,,,,,,,15.47107438016529,,,2.201652892561984,0.0,,,4.53,,8.7,8.7,,17.3,17.3,0.0,0.0,,,0.4,1.5,2.2,0.0,1.6,1.6,3.3,0.96,,,2.8
1929-07-31,5.0,8.8,,,,,,0.8608264462809917,0.0,,,,,,,,0.2539438016528926,3.381818181818182,10.846413223140496,0.0762446280991735,0.2613223140495868,,0.0,,,,,,,,,,32.31641791044776,,,,,,,17.6,,7.8,,5.9,5.9,,7.9,7.9,7.9,0.0,0.0,0.0,0.0,,,,,50.3,14.517223140495869,,,0.0513421487603305,,,,0.50989536463414,,20.887338842975208,,1.1,,,,,,,16.478677685950412,,,1.1067768595041323,0.0,,,-15.88,,8.8,8.8,,15.4,15.4,0.0,0.0,,,0.6,1.6,2.5,0.0,2.2,1.9,4.2,1.32,,,2.9
1929-08-31,5.0,7.9,,,,,,0.4058181818181818,0.0,,,,,,,,0.0922314049586776,1.906115702479339,7.378512396694215,0.027177520661157,0.1451107438016529,,0.0,,,,,,,,,,21.487910447761195,,,,,,,22.0,,7.8,,5.9,5.9,,3.6,3.6,3.6,0.0,0.0,0.0,0.0,,,,,41.3,13.674842975206612,,,0.0521414876033057,,,,0.5138981486837295,,16.238876033057853,,1.1,,,,,,,16.601652892561983,,,4.427107438016529,1.0,,,-19.85,,8.8,8.8,,7.6,7.6,0.0,0.0,,,0.6,1.5,2.0,0.0,2.2,1.7,3.2,1.32,,,2.7
1929-09-30,2.0,6.0,,,,,,0.3153719008264463,0.0,,,,,,,,0.0827107438016528,1.487603305785124,6.00396694214876,0.0293355371900826,0.1838677685950412,,0.0,,,,,,,,,,14.653283582089552,,,,,,,26.1,,7.5,,6.0,6.0,,0.0,0.0,0.0,0.0,0.0,0.0,0.0,,,,,30.7,13.79900826446281,,,0.0454016528925619,,,,0.6460400785553873,,8.806611570247934,,1.2,,,,,,,16.601652892561983,,,12.49586776859504,2.0,,,-19.21,,8.8,8.8,,6.7,6.7,0.0,0.0,,,0.5,1.5,1.0,0.0,2.2,2.0,2.7,1.32,,,2.7
1929-10-31,0.0,4.3,,,,,,0.1844628099173553,0.0,,,,,,,,0.1051438016528925,2.152066115702479,6.57302479338843,0.04464,0.2250446280991735,,0.0,,,,,,,,,,11.58134328358209,,,,,,,13.0,,5.4,,4.9,4.9,,1.3,1.3,1.3,0.0,0.0,0.0,0.0,,,,,16.3,15.29811570247934,,,0.0344945454545454,,,,1.8505217931870637,,11.442842975206611,,2.0,,,,,,,0.0,,,10.514380165289255,2.0,,,-4.64,,8.8,8.8,,3.4,3.4,0.0,0.0,,,1.9,1.5,0.3,0.0,1.5,0.8,3.1,0.9,,,2.2
1929-11-30,1.0,5.0,,,,,,0.1190082644628099,0.0,,,,,,,,0.1743471074380165,1.5471074380165288,5.789752066115702,0.0892561983471074,0.2999008264462809,,0.0,,,,,,,,,,10.764626865671644,,,,,,,11.2,,3.2,,2.6,2.6,,1.9,1.9,1.9,0.0,0.0,0.0,0.0,,,,,3.2,13.745454545454546,,,0.0210049586776859,,,,1.566688811723991,,8.74710743801653,,1.6,,,,,,,0.0,,,8.50909090909091,1.0,,,-2.43,,8.8,8.8,,3.2,3.2,0.0,0.0,,,1.8,1.3,0.0,0.0,0.0,0.0,3.0,0.0,,,1.6
1929-12-31,3.0,43.5,,,,,,6.148760330578512,0.429798347107438,,,,,,,,7.575272727272727,36.58512396694215,55.52945454545455,3.129719008264463,5.675305785123967,,0.0,,,,,,,,,,12.10373134328358,,,,,,,21.6,,3.6,,2.8,2.8,,1.7,1.7,1.7,0.0,0.0,0.0,0.0,,,,,15.8,8.386909090909091,,,0.2361123966942148,,,,20.624429286823933,,216.49785123966944,,1.7,,,,,,,0.0,,,51.83404958677686,0.0,,,26.36,,8.8,8.8,,14.3,14.3,0.0,0.0,,,0.7,1.0,0.0,0.0,0.0,0.0,2.0,0.0,,,1.3
1930-01-31,6.0,31.6,,,,,,2.889917355371901,0.0,,,,,,,,5.158809917355374,25.57884297520661,21.95722314049587,1.3527272727272728,2.06598347107438,,0.0,,,,,,,,,,13.419402985074626,,,,,,,29.9,,4.2,,3.7,3.7,,2.2,2.2,2.2,0.0,0.0,0.0,0.0,,,,,9.4,13.410446280991737,,,0.1272793388429751,,,,9.80474861518659,,158.88396694214876,,1.7,,,,,,,0.0,,,70.58776859504133,0.0,,,-8.04,,8.8,8.8,,14.5,14.5,0.0,0.0,,,0.3,0.8,0.0,0.0,0.0,0.0,2.0,0.0,,,1.1
1930-02-28,5.0,33.7,,,,,,5.1094214876033055,0.0,,,,,,,,7.386446280991736,28.49057851239669,34.53302479338843,2.5324958677685947,3.643239669421488,,0.0,,,,,,,,,,14.13955223880597,,,,,,,26.6,,4.2,,1.6,1.6,,3.2,3.2,3.2,0.0,0.0,0.0,0.0,,,,,7.53,11.707239669421488,,,0.1221818181818181,,,,15.54153195984977,,181.10677685950407,,1.7,,,,,,,0.0,,,44.263140495867766,0.0,,,-1.32,,8.8,8.8,,14.9,14.9,0.0,0.0,,,0.1,0.7,0.1,0.0,0.0,0.0,1.2,0.0,,,1.0
1930-03-31,5.0,44.4,,,,,,7.993388429752066,0.0,,,,,,,,12.285223140495868,45.74677685950413,47.677487603305785,3.609322314049587,4.673057851239669,,0.0,,,,,,,,,,16.376567164179104,,,,,,,28.9,,4.4,,2.2,2.2,,4.3,4.3,4.3,0.0,0.0,0.0,0.0,,,,,11.2,8.602115702479338,,,0.2570181818181817,,,,15.592810215009536,,278.41586776859504,,1.7,,,,,,,0.0,,,95.18280991735536,0.0,,,4.37,,8.8,8.8,,15.4,15.4,0.0,0.0,,,0.1,0.7,0.1,0.0,0.0,0.0,1.3,0.0,,,1.3
1930-04-30,6.0,32.2,,,,,,16.482644628099173,0.6247933884297521,,,,,,,,6.396694214876033,37.30909090909091,74.32066115702479,3.2429752066115705,4.903140495867769,,0.0,,,,,,,,,,24.529850746268657,,,,,,,24.3,,1.8,,1.7,1.7,,6.4,6.4,6.4,0.0,0.0,0.0,0.0,,,,,40.4,,,,0.3248925619834711,,,,9.85513266830003,,251.70247933884295,,1.6,,,,,,,7.79504132231405,,,33.203305785123966,0.0,,,30.39,,8.8,8.8,,15.1,15.1,0.0,0.0,,,0.0,0.0,0.6,0.0,0.7,0.0,1.3,0.42,,,1.9
1930-05-31,6.0,23.0,,,,,,19.79900826446281,0.3105123966942149,,,,,,,,3.0620826446281,24.47206611570248,66.03768595041322,1.2850909090909088,2.6009256198347104,,0.0,,,,,,,,,,40.405970149253726,,,,,,,25.9,,3.3,,3.3,3.3,,9.4,9.4,9.4,0.0,0.0,0.0,0.0,,,,,67.4,,,,3.738446280991736,,,,4.157442626866384,,186.61487603305784,,1.5,,,,,,,16.232727272727274,,,12.912396694214875,1.0,,,17.24,,8.7,8.7,,14.8,14.8,0.0,0.0,,,0.2,1.3,1.7,0.0,1.5,0.8,3.2,0.9,,,2.5
1930-06-30,6.0,12.0,,,,,,9.877685950413223,0.0,,,,,,,,0.7914049586776859,8.74710743801653,34.2803305785124,0.3028760330578512,0.7795041322314049,,0.0,,,,,,,,,,41.810447761194034,,,,,,,26.7,,6.1,,6.1,6.1,,10.0,10.0,10.0,0.0,0.0,0.0,0.0,,,,,66.6,2.5348760330578517,,,11.561652892561984,,,,1.5657815015669456,,82.23471074380166,,1.4,,,,,,,16.54214876033058,,,10.532231404958678,0.0,,,-9.1,,8.5,8.5,,13.3,13.3,0.0,0.0,,,0.0,1.4,2.2,0.0,1.9,1.6,4.6,1.14,,,2.8
1930-07-31,5.0,9.3,,,,,,1.2297520661157024,0.0,,,,,,,,0.1869223140495867,3.012892561983471,12.740231404958678,0.1229752066115702,0.3074380165289256,,0.0,,,,,,,,,,32.31641791044776,,,,,,,22.0,,7.3,,4.2,4.2,,9.3,9.3,9.3,0.0,0.0,0.0,0.0,,,,,55.3,15.494876033057851,,,0.0307438016528925,,,,0.8692109205648251,,21.360793388429748,,1.9,,,,,,,15.494876033057851,,,2.7054545454545456,2.0,,,-19.02,,8.3,8.3,,12.8,12.8,0.0,0.0,,,0.0,1.5,2.5,0.0,2.1,1.9,4.6,1.26,,,2.9
1930-08-31,4.0,8.0,,,,,,0.4181157024793388,0.0,,,,,,,,0.1063735537190083,1.906115702479339,8.798876033057851,0.0922314049586776,0.2281190082644628,,0.0,,,,,,,,,,21.487910447761195,,,,,,,23.0,,7.6,,4.2,4.2,,5.3,5.3,5.3,0.0,0.0,0.0,0.0,,,,,43.2,15.494876033057851,,,0.0267471074380165,,,,0.8579276952144284,,17.204231404958676,,1.6,,,,,,,16.66314049586777,,,9.038677685950413,2.0,,,-15.25,,8.4,8.4,,8.7,8.7,0.0,0.0,,,0.0,1.6,2.0,0.0,2.0,1.7,4.2,1.2,,,2.7
1930-09-30,2.0,6.4,,,,,,0.1785123966942148,0.0,,,,,,,,0.1362644628099173,1.725619834710744,8.068760330578513,0.0981818181818181,0.2421818181818182,,0.0,,,,,,,,,,14.653283582089552,,,,,,,24.5,,6.7,,4.8,4.8,,3.4,3.4,3.4,0.0,0.0,0.0,0.0,,,,,31.9,14.99504132231405,,,0.0321322314049586,,,,1.032365216018377,,15.465123966942146,,1.5,,,,,,,17.25619834710744,,,5.593388429752066,2.0,,,-16.08,,8.8,8.8,,4.9,4.9,0.0,0.0,,,0.7,1.6,1.0,0.0,1.9,2.0,3.8,1.14,,,2.7
1930-10-31,0.615,5.841322314049587,,,,,,0.0307438016528925,0.0,,,,,,,,0.2502545454545455,1.967603305785124,7.040330578512397,0.115596694214876,0.3049785123966942,7.993388429752066,0.0,,,,,,,,,,11.58134328358209,,,,,,,25.4,,4.4,,3.8,3.8,,3.4,3.4,3.4,0.0,0.0,0.0,0.0,,,,,15.6,15.273520661157026,,,0.0444555371900826,,,,1.56567755315657,,14.972231404958675,,2.6,,,,,,,10.20694214876033,,,19.737520661157024,1.0,,,-25.37,,4.3,4.3,,2.7,2.7,0.0,0.0,,,2.5,1.3,0.3,0.0,0.7,1.0,2.7,0.42,,,2.2
1930-11-30,0.0,5.533884297520661,,,,,,0.0297520661157024,0.0,,,,,,,,1.2912396694214876,4.700826446280992,9.449256198347108,0.4587768595041323,0.6664462809917355,11.30578512396694,0.0,,,,,,,,,,10.764626865671644,,,,,,,27.2,,4.0,,3.5,3.5,,2.8,2.8,2.8,0.0,0.0,0.0,0.0,,,,,5.7,14.227438016528923,,,0.0379041322314049,,,,2.5270740772124047,,26.67570247933884,,1.6,,,,,,,0.0,,,25.170247933884298,0.0,,,-6.55,,0.0,0.0,,6.9,6.9,0.0,0.0,,,0.6,1.0,0.0,0.0,0.0,0.0,2.1,0.0,,,1.6
1930-12-31,0.8609999999999999,6.191801652892562,,,,,,0.0430413223140495,0.0,,,,,,,,0.2963702479338843,2.39801652892562,7.427702479338843,0.1082181818181818,0.364006611570248,7.993388429752066,0.0,,,,,,,,,,12.10373134328358,,,,,,,24.3,,3.5,,3.3,3.3,,2.4,2.4,2.4,0.0,0.0,0.0,0.0,,,,,1.02,9.30307438016529,,,0.0344945454545454,,,,2.0967223699404194,,14.517223140495869,,2.0,,,,,,,0.0,,,29.63702479338843,0.0,,,-16.89,,0.0,0.0,,3.6,3.6,0.0,0.0,,,1.1,0.8,0.0,0.0,0.0,0.0,1.7,0.0,,,1.3
1931-01-31,2.58,13.791669421487605,,,,,,0.0614876033057851,0.0,,,,,,,,2.1766611570247933,8.485289256198348,11.28912396694215,0.8731239669421488,0.8731239669421488,12.949289256198346,0.0,,,,,,,,,,13.419402985074626,,,,,,,11.9,,2.5,,2.3,2.3,,2.0,2.0,2.0,0.0,0.0,0.0,0.0,,,,,1.53,0.6886611570247934,,,0.0768595041322314,,,,3.786652484680245,,47.41309090909091,,1.9,,,,,,,0.0,,,19.98347107438017,0.0,,,-8.74,,0.0,0.0,,9.9,9.9,0.0,0.0,,,0.5,0.7,0.0,0.0,0.0,0.0,1.7,0.0,,,1.1
1931-02-28,2.89,11.801652892561984,,,,,,0.2388099173553719,0.0,,,,,,,,2.099305785123967,8.77487603305785,11.407338842975204,0.7219834710743802,0.9274710743801652,13.323371900826446,0.0,,,,,,,,,,14.13955223880597,,,,,,,18.8,,2.3,,1.4,1.4,,1.9,1.9,1.9,0.0,0.0,0.0,0.0,,,,,1.01,2.7157685950413226,,,0.0583140495867768,,,,3.989317075488808,,53.926611570247935,,1.9,,,,,,,0.0,,,20.32661157024793,0.0,,,-11.64,,8.8,8.8,,8.1,8.1,0.0,0.0,,,0.0,0.5,0.1,0.0,0.0,0.0,1.3,0.0,,,1.0
1931-03-31,4.06,18.13269421487603,,,,,,3.1973553719008265,0.0,,,,,,,,3.707702479338843,16.540165289256198,25.48661157024793,1.9368595041322316,2.5947768595041327,29.61242975206612,0.0,,,,,,,,,,16.376567164179104,,,,,,,16.1,,3.6,,2.6,2.6,,2.5,2.5,2.5,0.0,0.0,0.0,0.0,,,,,1.07,8.362314049586777,,,0.1186710743801653,,,,6.590139042098224,,105.32826446280993,,1.7,,,,,,,0.0,,,26.62413223140496,0.0,,,16.74,,8.8,8.8,,14.1,14.1,0.0,0.0,,,0.0,0.6,0.1,0.0,0.0,0.0,1.6,0.0,,,1.3
1931-04-30,4.52,12.525619834710744,,,,,,9.520661157024794,0.0,,,,,,,,1.1067768595041323,9.758677685950412,29.63900826446281,0.6188429752066116,0.850909090909091,34.04826446280992,0.0,,,,,,,,,,24.529850746268657,,,,,,,1.0000000000000002,,4.0,,3.0,3.0,,4.3,4.3,4.3,0.0,0.0,0.0,0.0,,,,,15.2,0.010294214876033,,,0.0380826446280991,,,,3.0671364605566644,,70.33388429752065,,1.4,,,,,,,3.1537190082644626,,,1.428099173553719,0.0,,,43.58,,8.2,8.2,,14.3,14.3,0.0,0.0,,,1.1,0.8,0.6,0.0,0.7,0.0,2.0,0.42,,,1.9
1931-05-31,3.07,9.161652892561984,,,,,,9.100165289256198,0.0,,,,,,,,0.4802181818181817,6.579173553719008,24.39213223140496,0.2170512396694214,0.4802181818181817,27.54644628099173,0.0,,,,,,,,,,40.405970149253726,,,,,,,9.5,,5.6,,5.3,5.3,,5.2,5.2,5.2,0.0,0.0,0.0,0.0,,,,,30.7,,,,0.0495590082644628,,,,1.257797550901376,,48.73507438016529,,1.1,,,,,,,9.71504132231405,,,0.4857520661157025,0.0,,,9.32,,7.5,7.5,,13.7,13.7,0.0,0.0,,,0.8,0.6,1.7,0.0,2.1,0.4,2.8,1.26,,,2.5
1931-06-30,1.49,6.182479338842975,,,,,,2.796694214876033,0.0,,,,,,,,0.2927603305785123,3.1537190082644626,10.942809917355373,0.1713719008264463,0.2612231404958677,12.406611570247934,0.0,,,,,,,,,,41.810447761194034,,,,,,,11.6,,5.6,,4.8,4.8,,5.4,5.4,5.4,0.0,0.0,0.0,0.0,,,,,35.0,0.1249586776859504,,,0.0672396694214876,,,,0.4076308803783774,,20.77884297520661,,0.8,,,,,,,11.305785123966942,,,0.5176859504132232,0.0,,,-11.37,,6.1,6.1,,13.7,13.7,0.0,0.0,,,0.4,0.4,2.2,0.0,1.6,0.9,2.8,0.96,,,2.8
1931-07-31,0.738,4.125818181818181,,,,,,0.6148760330578512,0.0,,,,,,,,0.0916165289256198,1.2912396694214876,6.068826446280991,0.0525719008264462,0.1371173553719008,6.665256198347107,0.0,,,,,,,,,,32.31641791044776,,,,,,,19.2,,7.6,,5.8,5.8,,1.8,1.8,1.8,0.0,0.0,0.0,0.0,,,,,25.7,13.545719008264465,,,0.0194300826446281,,,,0.2908045275073938,,9.327669421487602,,1.0,,,,,,,19.491570247933883,,,0.7378512396694215,2.0,,,-18.58,,4.6,4.6,,12.0,12.0,0.0,0.0,,,0.4,0.5,2.5,0.0,2.5,1.9,2.9,1.5,,,2.9
1931-08-31,0.0,2.834578512396694,,,,,,0.3381818181818182,0.0,,,,,,,,0.0541705785123967,0.9223140495867768,5.00509090909091,0.036892561983471,0.1125223140495867,4.691504132231405,0.0,,,,,,,,,,21.487910447761195,,,,,,,17.9,,7.8,,6.2,6.2,,0.0,0.0,0.0,0.0,0.0,0.0,0.0,,,,,14.5,12.8201652892562,,,0.0150644628099173,,,,0.2846161588240719,,8.595966942148761,,1.2,,,,,,,18.384793388429756,,,0.3689256198347107,2.0,,,-13.68,,2.8,2.8,,8.1,8.1,0.0,0.0,,,0.6,0.4,2.0,0.0,2.1,0.9,3.8,1.26,,,2.7
1931-09-30,1.31,4.331900826446281,,,,,,0.0595041322314049,0.0,,,,,,,,0.0719999999999999,0.9520661157024792,4.926942148760331,0.1529256198347107,0.1130578512396694,4.617520661157025,0.0,,,,,,,,,,14.653283582089552,,,,,,,14.9,,7.0,,5.9,5.9,,0.0,0.0,0.0,0.0,0.0,0.0,0.0,,,,,3.92,12.103140495867768,,,0.0269553719008264,,,,0.4144863282185902,,8.699504132231406,,1.0,,,,,,,15.173553719008265,,,0.0892561983471074,2.0,,,-9.45,,1.3,1.3,,4.5,4.5,0.0,0.0,,,0.6,0.3,1.0,0.0,2.1,1.9,3.2,1.26,,,2.7
1931-10-31,1.88,6.628363636363637,,,,,,0.3935206611570248,0.0,,,,,,,,0.4199603305785122,2.828429752066116,,0.2754644628099174,0.388601652892562,7.72899173553719,0.0,,,,,,,,,,11.58134328358209,,,,,,,6.2,,4.8,,4.0,4.0,,0.0,0.0,0.0,0.0,0.0,0.0,0.0,,,,,1.01,5.2325950413223135,,,0.0418730578512396,,,,2.07206799630704,,12.912396694214875,,0.9,,,,,,,7.360066115702479,,,0.8608264462809917,2.0,,,-3.31,,0.0,0.0,,9.2,9.2,0.0,0.0,,,0.7,0.3,0.3,0.0,0.5,3.1,2.9,0.3,,,1.2
1931-11-30,2.28,7.848595041322314,,,,,,0.5236363636363637,0.0,,,,,,,,1.1246280991735538,4.879338842975207,,0.4998347107438016,0.5890909090909091,7.937851239669421,0.0,,,,,,,,,,10.764626865671644,,,,,,,4.3,,3.5,,2.9,2.9,,0.6,0.6,0.6,0.0,0.0,0.0,0.0,,,,,1.495,1.0770247933884298,,,0.0178512396694214,,,,2.0004010834863566,,31.269421487603307,,1.2,,,,,,,6.36694214876033,,,4.760330578512397,0.0,,,-4.81,,0.0,0.0,,9.3,9.3,0.0,0.0,,,0.5,0.3,0.0,0.0,0.0,2.1,2.1,0.0,,,0.0
1931-12-31,2.12,28.05064462809917,,,,,,0.7378512396694215,0.0,,,,,,,,8.380760330578514,23.180826446280992,,2.127471074380165,2.010644628099174,22.516760330578517,0.0,,,,,,,,,,12.10373134328358,,,,,,,6.9,,3.5,,3.0,3.0,,1.9,1.9,1.9,0.0,0.0,0.0,0.0,,,,,1.98,0.0,,,0.1678611570247934,,,,6.056835255147101,,150.27570247933883,,1.0,,,,,,,10.840264462809918,,,41.50413223140496,0.0,,,-5.25,,8.8,8.8,,14.7,14.7,0.0,0.0,,,0.0,0.3,0.0,0.0,0.0,0.0,2.0,0.0,,,0.0
1932-01-31,4.13,22.11709090909091,,,,,,0.983801652892562,0.0,,,,,,,,7.403107438016529,20.84429752066116,,1.524892561983471,1.955305785123967,22.633586776859502,0.0,,,,,,,,,,13.419402985074626,,,,,,,4.999999999999999,,2.9,,2.2,2.2,,3.2,3.2,3.2,0.0,0.0,0.0,0.0,,,,,4.5,0.0,,,0.1235900826446281,,,,6.796231694328517,,131.27603305785124,,1.4,,,,,,,17.591603305785128,,,25.2099173553719,0.0,,,1.97,,8.8,8.8,,14.3,14.3,0.0,0.0,,,0.0,0.3,0.0,0.0,0.0,0.0,2.1,0.0,,,0.0
1932-02-29,3.48,17.538049586776857,,,,,,1.3229752066115703,0.0,,,,,,,,8.639603305785123,31.40628099173554,,1.8866776859504133,2.657454545454546,27.19001652892561,0.0,,,,,,,,,,14.13955223880597,,,,,,,5.1,,3.0,,2.0,2.0,,4.6,4.6,4.6,0.0,0.0,0.0,0.0,,,,,11.5,0.0,,,0.4538380165289256,,,,9.88930917703044,,176.7609917355372,,1.3,,,,,,,19.925157024793386,,,54.414545454545454,0.0,,,5.75,,8.8,8.8,,14.7,14.7,0.0,0.0,,,0.0,0.2,0.1,0.0,0.0,0.0,1.7,0.0,,,0.0
1932-03-31,1.06,27.263603305785125,,,,,,4.1811570247933885,0.5613818181818183,,,,,,,,10.317619834710747,44.27107438016529,,3.4986446280991736,5.460099173553719,56.4579173553719,0.0,,,,,,,,,,16.376567164179104,,,,,,,6.7,,3.2,,2.8,2.8,,6.0,6.0,6.0,0.0,0.0,0.0,0.0,,,,,13.6,9.167801652892562,,,0.2416462809917355,,,,21.76791593350062,,228.4264462809917,,1.7,,,,,,,1.3096859504132232,,,25.517355371900827,0.0,,,35.9,,8.8,8.8,,15.4,15.4,0.0,0.0,,,0.0,0.3,0.1,0.0,0.0,0.0,2.0,0.0,,,0.0
1932-04-30,0.03,28.68694214876033,,,,,,11.305785123966942,2.320661157024793,,,,,,,,9.23504132231405,47.06776859504132,,3.861818181818183,5.605289256198347,74.499173553719,0.0,,,,,,,,,,24.529850746268657,,,,,,,18.5,,2.7,,0.2,0.2,,7.2,7.2,7.2,0.0,0.0,0.0,0.0,,,,,35.6,0.0,,,0.2600330578512396,,,,24.37590780080757,,254.91570247933885,,1.9,,,,,,,2.64198347107438,,,33.5603305785124,0.0,,,40.52,,8.8,8.8,,15.7,15.7,0.0,0.0,,,0.0,0.6,0.6,0.0,0.6,1.6,1.8,0.36,,,0.8
1932-05-31,0.412,27.15907438016529,,,,,,20.84429752066116,13.18294214876033,,,,,,,,7.249388429752066,69.23504132231405,,4.064330578512396,5.933553719008264,143.0201652892562,0.0,,,,,,,,,,40.405970149253726,,,,,,,28.9,,5.6,,0.0,0.0,,8.6,8.6,8.6,0.0,0.0,0.0,0.0,,,,,64.4,0.8546776859504133,,,16.466380165289255,,,,16.97956504930208,,423.6495867768595,,1.7,,,,,,,11.848661157024791,,,31.85057851239669,0.0,,,39.18,,8.8,8.8,,15.1,15.1,0.0,0.0,,,0.0,1.3,1.7,0.0,1.7,2.8,1.7,1.02,,,1.5
1932-06-30,3.52,13.81090909090909,,,,,,14.459504132231404,6.884628099173554,,,,,,,,2.2373553719008266,31.477685950413225,,1.1127272727272728,1.7553719008264463,93.24297520661158,0.0,,,,,,,,,,41.810447761194034,,,,,,,26.0,,5.3,,0.2,0.2,,12.5,12.5,12.5,0.0,0.0,0.0,0.0,,,,,68.2,1.5292561983471074,,,24.206280991735536,,,,4.778372565053985,,255.3322314049587,,1.1,,,,,,,14.41190082644628,,,14.578512396694215,0.0,,,3.81,,8.8,8.8,,14.4,14.4,0.0,0.0,,,0.0,1.5,2.2,0.0,2.2,3.0,3.0,1.32,,,1.6
1932-07-31,2.43,7.483041322314049,,,,,,2.0905785123966942,0.0,,,,,,,,0.516495867768595,5.410909090909091,,0.3086677685950413,0.6271735537190082,22.74426446280992,0.0,,,,,,,,,,32.31641791044776,,,,,,,22.2,,7.6,,5.9,5.9,,8.2,8.2,8.2,0.0,0.0,0.0,0.0,,,,,60.8,14.80006611570248,,,0.0561381818181818,,,,1.4110895382024182,,37.101619834710746,,1.1,,,,,,,23.168528925619835,,,0.4611570247933884,1.0,,,-10.58,,7.6,7.6,,13.6,13.6,0.0,0.0,,,0.0,1.7,2.5,0.0,2.7,3.1,3.4,1.62,,,2.0
1932-08-31,1.51,5.429355371900827,,,,,,0.5533884297520661,0.0,,,,,,,,0.2059834710743801,2.5209917355371902,,0.1309685950413223,0.3769190082644628,11.11080991735537,0.0,,,,,,,,,,21.487910447761195,,,,,,,20.1,,7.6,,6.0,6.0,,4.6,4.6,4.6,0.0,0.0,0.0,0.0,,,,,50.1,14.95993388429752,,,0.0281613223140495,,,,1.098234495573564,,15.636297520661158,,1.2,,,,,,,20.985719008264464,,,0.3197355371900826,2.0,,,-12.63,,6.3,6.3,,13.2,13.2,0.0,0.0,,,0.0,1.6,2.0,0.0,2.7,2.8,3.5,1.62,,,2.8
1932-09-30,1.62,5.1173553719008265,,,,,,0.4403305785123967,0.0,,,,,,,,0.1707768595041322,1.725619834710744,,0.084495867768595,0.287404958677686,8.098512396694215,0.0,,,,,,,,,,14.653283582089552,,,,,,,19.0,,7.4,,6.1,6.1,,4.5,4.5,4.5,0.0,0.0,0.0,0.0,,,,,36.2,14.751074380165289,,,0.0309421487603305,,,,1.023598742548259,,12.739834710743802,,1.1,,,,,,,21.01090909090909,,,0.7735537190082644,0.0,,,-15.92,,4.3,4.3,,11.2,11.2,0.0,0.0,,,0.2,1.5,1.0,0.0,2.6,3.2,3.4,1.56,,,2.9
1932-10-31,3.44,7.040330578512397,,,,,,0.264396694214876,0.0,,,,,,,,0.1604826446280991,2.152066115702479,,0.0737851239669421,0.2459504132231404,7.765884297520661,0.0,,,,,,,,,,11.58134328358209,,,,,,,21.6,,5.7,,5.0,5.0,,4.4,4.4,4.4,0.0,0.0,0.0,0.0,,,,,21.5,15.08905785123967,,,0.036892561983471,,,,1.8408995213866484,,16.749223140495864,,1.2,,,,,,,22.541355371900828,,,4.1811570247933885,0.0,,,-14.05,,0.9,0.9,,5.5,5.5,0.0,0.0,,,0.2,1.4,0.3,0.0,1.9,2.1,3.1,1.14,,,1.4
1932-11-30,1.67,6.349090909090909,,,,,,0.2915702479338843,0.0,,,,,,,,0.2392066115702479,2.201652892561984,,0.0714049586776859,0.2380165289256198,7.812892561983473,0.0,,,,,,,,,,10.764626865671644,,,,,,,25.6,,4.3,,3.5,3.5,,3.8,3.8,3.8,0.0,0.0,0.0,0.0,,,,,9.76,13.578842975206612,,,0.0357024793388429,,,,1.7305332957351838,,16.399338842975208,,1.3,,,,,,,26.1996694214876,,,1.309090909090909,0.0,,,-16.63,,0.8,0.8,,3.6,3.6,0.0,0.0,,,0.0,0.7,0.0,0.0,1.1,0.0,2.6,0.66,,,0.0
1932-12-31,1.29,6.880462809917355,,,,,,0.3197355371900826,0.0,,,,,,,,0.3652363636363637,2.828429752066116,,0.1537190082644628,0.3271140495867769,8.239338842975206,0.0,,,,,,,,,,12.10373134328358,,,,,,,24.8,,4.1,,3.2,3.2,,1.2,1.2,1.2,0.0,0.0,0.0,0.0,,,,,6.24,8.288528925619836,,,0.0307438016528925,,,,2.214093144918372,,19.362446280991733,,1.3,,,,,,,26.27980165289256,,,4.6115702479338845,0.0,,,-18.43,,0.9,0.9,,4.5,4.5,0.0,0.0,,,0.0,0.3,0.0,0.0,0.5,0.0,2.6,0.3,,,0.0
1933-01-31,0.799,9.579768595041324,,,,,,0.3381818181818182,0.0,,,,,,,,0.5275636363636366,3.935206611570248,,0.14019173553719,0.3787636363636364,8.540628099173555,0.0,,,,,,,,,,13.419402985074626,,,,,,,8.4,,4.7,,3.7,3.7,,1.6,1.6,1.6,0.0,0.0,0.0,0.0,,,,,2.78,5.521586776859504,,,0.0307438016528925,,,,2.319615082832538,,32.15801652892562,,1.3,,,,,,,9.469090909090909,,,10.698842975206611,0.0,,,-6.37,,0.9,0.9,,6.4,6.4,0.0,0.0,,,0.4,0.2,0.0,0.0,0.0,0.0,2.9,0.0,,,0.0
1933-02-28,0.0,7.764099173553719,,,,,,0.3110082644628099,0.0,,,,,,,,0.9330247933884298,6.164628099173553,,0.2032661157024793,0.4215272727272727,8.691570247933887,0.0,,,,,,,,,,14.13955223880597,,,,,,,7.5,,2.9,,2.4,2.4,,2.5,2.5,2.5,0.0,0.0,0.0,0.0,,,,,2.18,1.0774214876033057,,,0.0277685950413223,,,,2.6132549596738244,,33.66664462809917,,1.3,,,,,,,11.329586776859504,,,8.663801652892563,0.0,,,-10.14,,2.2,2.2,,10.5,10.5,0.0,0.0,,,0.5,0.2,0.1,0.0,0.0,0.0,1.8,0.0,,,0.0
1933-03-31,0.615,23.174677685950414,,,,,,0.565685950413223,0.0,,,,,,,,6.197950413223141,22.19702479338843,,1.4203636363636365,2.0905785123966942,23.96786776859504,0.0,,,,,,,,,,16.376567164179104,,,,,,,5.9,,2.4,,2.2,2.2,,3.4,3.4,3.4,0.0,0.0,0.0,0.0,,,,,1.19,4.039735537190083,,,0.1094479338842975,,,,8.251912819449103,,116.02710743801651,,1.1,,,,,,,20.87504132231405,,,11.805619834710743,0.0,,,11.58,,8.1,8.1,,14.9,14.9,0.0,0.0,,,0.0,0.2,0.1,0.0,0.0,0.0,2.2,0.0,,,0.0
1933-04-30,2.68,20.701487603305782,,,,,,6.24793388429752,0.0,,,,,,,,5.64694214876033,27.014876033057853,,2.314710743801653,4.647272727272727,47.57950413223141,0.0,,,,,,,,,,24.529850746268657,,,,,,,2.3,,1.3,,0.2,0.2,,4.3,4.3,4.3,0.0,0.0,0.0,0.0,,,,,13.8,0.3141818181818182,,,0.2380165289256198,,,,15.245464401822137,,145.1900826446281,,1.5,,,,,,,12.186446280991737,,,2.0826446280991737,1.0,,,50.51,,8.8,8.8,,15.1,15.1,0.0,0.0,,,0.0,0.5,0.6,0.0,0.0,0.0,2.4,0.0,,,0.7
1933-05-31,4.92,22.916429752066115,,,,,,10.883305785123968,4.728396694214877,,,,,,,,5.195702479338843,34.986446280991736,,3.1543140495867767,5.306380165289256,68.80462809917356,0.0,,,,,,,,,,40.405970149253726,,,,,,,14.4,,2.5,,0.1,0.1,,5.2,5.2,5.2,0.0,0.0,0.0,0.0,,,,,36.9,0.0,,,0.2619371900826446,,,,10.39892591592617,,194.48528925619837,,1.6,,,,,,,24.25071074380165,,,5.103471074380165,2.0,,,33.84,,8.8,8.8,,15.8,15.8,0.0,0.0,,,0.0,0.7,1.7,0.0,0.8,1.1,3.5,0.48,,,2.1
1933-06-30,4.05,13.852561983471077,,,,,,16.244628099173553,3.3024793388429754,,,,,,,,1.5411570247933883,22.730578512396693,,0.9996694214876032,2.8621487603305784,70.51239669421487,0.0,,,,,,,,,,41.810447761194034,,,,,,,20.4,,5.6,,3.8,3.8,,8.5,8.5,8.5,0.0,0.0,0.0,0.0,,,,,64.8,0.8092561983471075,,,0.3165619834710744,,,,3.564899097319717,,169.70578512396693,,1.6,,,,,,,22.80198347107438,,,0.8925619834710744,2.0,,,10.58,,6.0,6.0,,14.4,14.4,0.0,0.0,,,0.0,1.6,2.2,0.0,1.4,2.1,3.8,0.84,,,2.2
1933-07-31,1.17,5.460099173553719,,,,,,1.2297520661157024,0.0,,,,,,,,0.2988297520661157,3.566280991735537,,0.0830082644628099,0.3904462809917355,14.228231404958676,0.0,,,,,,,,,,32.31641791044776,,,,,,,18.3,,7.5,,5.7,5.7,,5.5,5.5,5.5,0.0,0.0,0.0,0.0,,,,,56.5,14.990677685950413,,,0.0130968595041322,,,,0.69659422198621,,25.855537190082643,,1.8,,,,,,,18.046611570247933,,,0.2520991735537189,1.0,,,-10.35,,3.7,3.7,,12.3,12.3,0.0,0.0,,,0.2,1.5,2.5,0.0,2.0,2.1,2.8,1.2,,,2.5
1933-08-31,2.34,5.810578512396694,,,,,,0.3197355371900826,0.0,,,,,,,,0.1137520661157024,1.6601652892561984,,0.054355041322314,0.2379570247933884,8.085619834710744,0.0,,,,,,,,,,21.487910447761195,,,,,,,21.5,,7.7,,5.6,5.6,,2.0,2.0,2.0,0.0,0.0,0.0,0.0,,,,,46.8,15.033719008264464,,,0.0105143801652892,,,,0.6029419047602431,,15.691636363636364,,1.6,,,,,,,22.283107438016525,,,0.1414214876033057,2.0,,,-17.57,,2.9,2.9,,6.4,6.4,0.0,0.0,,,0.4,1.4,2.0,0.0,2.0,1.8,3.5,1.2,,,2.5
1933-09-30,1.79,5.313719008264463,,,,,,0.3629752066115702,0.0,,,,,,,,0.1148429752066115,1.428099173553719,,0.0476033057851239,0.1190082644628099,6.563305785123967,0.0,,,,,,,,,,14.653283582089552,,,,,,,21.2,,7.3,,5.7,5.7,,0.0,0.0,0.0,0.0,0.0,0.0,0.0,,,,,35.2,14.209586776859505,,,0.0164826446280991,,,,0.705746373406754,,11.894876033057852,,1.6,,,,,,,12.888595041322317,,,0.9520661157024792,1.0,,,-14.75,,8.8,8.8,,2.7,2.7,0.0,0.0,,,0.5,1.3,1.0,0.0,2.0,2.1,3.3,1.2,,,2.4
1933-10-31,1.48,5.939702479338843,,,,,,0.3935206611570248,0.0,,,,,,,,0.3074380165289256,2.7669421487603305,,,,8.860363636363637,0.0,,,,,,,,,,11.58134328358209,,,,,,,18.6,,5.4,,4.9,4.9,,0.6,0.6,0.6,0.0,0.0,0.0,0.0,,,,,21.4,14.812363636363637,,,0.0645619834710743,,,,2.0009324322976503,,13.92694214876033,,1.5,,,,,,,16.712330578512397,,,5.28793388429752,1.0,,,-12.59,,5.2,5.2,,8.3,8.3,0.0,0.0,,,0.4,1.3,0.3,0.0,1.6,1.5,2.9,0.96,,,1.2
1933-11-30,0.9519999999999998,5.188760330578512,,,,,,0.6545454545454545,0.0,,,,,,,,0.3034710743801653,2.856198347107438,,,,8.497190082644629,0.0,,,,,,,,,,10.764626865671644,,,,,,,16.100000000000005,,4.9,,3.6,3.6,,1.2,1.2,1.2,0.0,0.0,0.0,0.0,,,,,10.0,14.209586776859505,,,0.0416528925619834,,,,1.9769572902929111,,21.772561983471075,,1.3,,,,,,,15.518677685950411,,,5.414876033057851,0.0,,,-4.47,,2.7,2.7,,6.6,6.6,0.0,0.0,,,0.7,0.5,0.0,0.0,0.5,0.2,2.6,0.3,,,0.0
1933-12-31,1.72,19.177983471074377,,,,,,1.0452892561983471,0.0,,,,,,,,1.7462479338842976,11.682644628099174,,,,18.34790082644628,0.0,,,,,,,,,,12.10373134328358,,,,,,,13.1,,4.4,,3.4,3.4,,1.7,1.7,1.7,0.0,0.0,0.0,0.0,,,,,3.42,11.23993388429752,,,0.1537190082644628,,,,5.0036136763464985,,72.80132231404959,,1.3,,,,,,,14.418842975206612,,,26.747107438016528,0.0,,,3.46,,1.4,1.4,,15.0,15.0,0.0,0.0,,,0.0,0.5,0.0,0.0,0.2,0.0,2.5,0.12,,,0.0
1934-01-31,3.2,23.451371900826445,,,,,,1.537190082644628,0.0,,,,,,,,2.9821487603305785,15.925289256198347,,,,23.96786776859504,0.0,,,,,,,,,,13.419402985074626,,,,,,,21.0,,2.2,,1.9,1.9,,0.7,0.7,0.7,0.0,0.0,0.0,0.0,,,,,2.6,7.224793388429752,,,0.1106776859504132,,,,8.002284723488929,,107.0499173553719,,1.3,,,,,,,14.01302479338843,,,27.915371900826447,0.0,,,-1.16,,7.1,7.1,,14.0,14.0,0.0,0.0,,,0.0,0.5,0.0,0.0,0.4,0.0,2.1,0.24,,,0.0
1934-02-28,3.05,29.745719008264462,,,,,,2.4991735537190083,0.0,,,,,,,,4.815074380165288,19.1603305785124,,,,29.32919008264463,0.0,,,,,,,,,,14.13955223880597,,,,,,,14.8,,3.6,,2.6,2.6,,0.0,0.0,0.0,0.0,0.0,0.0,0.0,,,,,1.05,10.168859504132232,,,0.1038545454545454,,,,9.462621709923392,,122.90380165289255,,1.1,,,,,,,13.24006611570248,,,27.49090909090909,0.0,,,9.7,,8.8,8.8,,15.0,15.0,0.0,0.0,,,0.0,0.4,0.1,0.0,0.3,0.0,2.0,0.18,,,0.0
1934-03-31,3.44,24.31834710743801,,,,,,10.452892561983472,0.0,,,,,,,,3.197355371900825,22.50446280991736,,,,55.66472727272727,0.0,,,,,,,,,,16.376567164179104,,,,,,,20.0,,1.8,,1.6,1.6,,3.2,3.2,3.2,0.0,0.0,0.0,0.0,,,,,10.4,10.25613223140496,,,0.0903867768595041,,,,10.381406473857524,,162.38876033057852,,1.1,,,,,,,15.150545454545457,,,15.494876033057851,0.0,,,36.53,,8.8,8.8,,15.0,15.0,0.0,0.0,,,0.0,0.5,0.1,0.0,0.6,0.0,1.2,0.36,,,0.0
1934-04-30,1.07,13.638347107438015,,,,,,12.793388429752063,0.0,,,,,,,,1.4340495867768597,13.626446280991736,,,,46.81785123966942,0.0,,,,,,,,,,24.529850746268657,,,,,,,23.8,,3.8,,2.9,2.9,,5.6,5.6,5.6,0.0,0.0,0.0,0.0,,,,,33.0,0.2433719008264462,,,0.027193388429752,,,,2.982255728816994,,109.01157024793388,,1.2,,,,,,,9.282644628099174,,,14.102479338842976,0.0,,,7.12,,8.8,8.8,,13.8,13.8,0.0,0.0,,,0.2,1.2,0.6,0.0,0.8,0.0,2.4,0.48,,,1.7
1934-05-31,1.91,9.979438016528928,,,,,,5.595371900826446,0.0,,,,,,,,0.9469090909090908,7.747438016528926,,,,26.11378512396694,0.0,,,,,,,,,,40.405970149253726,,,,,,,17.6,,5.2,,4.0,4.0,,6.4,6.4,6.4,0.0,0.0,0.0,0.0,,,,,42.2,0.1481851239669421,,,0.0291451239669421,,,,1.1168635052867302,,54.45342148760331,,1.5,,,,,,,17.259570247933883,,,2.889917355371901,0.0,,,-5.06,,7.4,7.4,,13.5,13.5,0.0,0.0,,,0.3,1.4,1.7,0.0,0.8,0.6,3.4,0.48,,,1.9
1934-06-30,2.14,7.693884297520663,,,,,,1.487603305785124,0.0,,,,,,,,0.4117685950413223,3.629752066115703,,,,12.293553719008264,0.0,,,,,,,,,,41.810447761194034,,,,,,,11.4,,5.3,,4.0,4.0,,6.5,6.5,6.5,0.0,0.0,0.0,0.0,,,,,44.69,0.1963636363636363,,,0.0737851239669421,,,,0.4902012498264625,,22.86743801652893,,0.9,,,,,,,13.44198347107438,,,0.1428099173553719,1.0,,,-10.47,,5.9,5.9,,13.1,13.1,0.0,0.0,,,0.5,1.4,2.2,0.0,1.2,1.5,3.3,0.72,,,2.0
1934-07-31,1.35,5.25104132231405,,,,,,0.3381818181818182,0.0,,,,,,,,0.1199008264462809,1.7216528925619834,,,,7.101818181818182,0.0,,,,,,,,,,32.31641791044776,,,,,,,18.2,,7.5,,5.7,5.7,,6.5,6.5,6.5,0.0,0.0,0.0,0.0,,,,,31.86,13.404297520661157,,,0.0023980165289256,,,,0.4063847351962906,,13.650247933884298,,1.3,,,,,,,19.657586776859503,,,0.1168264462809917,1.0,,,-15.79,,4.2,4.2,,9.5,9.5,0.0,0.0,,,0.8,1.4,2.5,0.0,2.0,1.6,3.7,1.2,,,2.3
1934-08-31,1.23,4.297983471074381,,,,,,0.1721652892561983,0.0,,,,,,,,0.0627173553719008,1.2297520661157024,,,,5.367867768595041,0.0,,,,,,,,,,21.487910447761195,,,,,,,24.1,,7.4,,5.8,5.8,,5.7,5.7,5.7,0.0,0.0,0.0,0.0,,,,,18.0,13.791669421487605,,,0.0,,,,0.4316856053028957,,10.145454545454545,,1.2,,,,,,,25.222214876033057,,,0.1229752066115702,2.0,,,-19.56,,3.7,3.7,,5.4,5.4,0.0,0.0,,,0.4,1.4,2.0,0.0,2.1,1.4,3.8,1.26,,,2.4
1934-09-30,1.31,4.415206611570248,,,,,,0.1190082644628099,0.0,,,,,,,,0.0767603305785124,1.309090909090909,,,,5.206611570247934,0.0,,,,,,,,,,14.653283582089552,,,,,,,17.5,,6.9,,5.5,5.5,,5.2,5.2,5.2,0.0,0.0,0.0,0.0,,,,,6.12,13.257520661157026,,,0.0077355371900826,,,,0.5508315815525577,,9.907438016528925,,1.1,,,,,,,19.60661157024793,,,0.1368595041322314,2.0,,,-12.87,,1.6,1.6,,2.7,2.7,0.0,0.0,,,0.6,1.3,1.0,0.0,2.4,2.0,3.6,1.44,,,2.2
1934-10-31,1.78,6.068826446280991,,,,,,0.2029090909090909,,,,,,,,,0.2508694214876033,1.967603305785124,,,,6.400859504132232,0.0,,,,,,,,,,11.58134328358209,,,,,,,9.7,,4.3,,3.7,3.7,,2.0,2.0,2.0,0.0,0.0,0.0,0.0,,,,,3.85,6.480793388429752,,,0.0079319008264462,,,,1.729900702329612,,12.039272727272728,,0.8,,,,,,,11.49203305785124,,,0.4796033057851239,2.0,,,-9.06,,0.9,0.9,,2.6,2.6,0.0,0.0,,,0.5,0.9,0.3,0.0,1.1,0.0,2.8,0.66,,,1.9
1934-11-30,2.4399999999999995,11.9900826446281,,,,,,0.8330578512396695,,,,,,,,,1.4459504132231402,7.79504132231405,,,,14.233388429752068,0.0,,,,,,,,,,10.764626865671644,,,,,,,15.600000000000003,,2.9,,2.4,2.4,,0.2,0.2,0.2,0.0,0.0,0.0,0.0,,,,,5.91,5.444628099173554,,,0.0815206611570248,,,,3.618973224800604,,40.74842975206612,,1.0,,,,,,,20.850247933884297,,,3.986776859504132,1.0,,,-3.81,,3.1,3.1,,11.7,11.7,0.0,0.0,,,0.2,0.5,0.0,0.0,0.6,0.0,2.1,0.36,,,0.0
1934-12-31,2.83,11.424396694214876,,,,,,1.0452892561983471,,,,,,,,,1.5986776859504126,8.116363636363637,,,,14.929190082644627,0.0,,,,,,,,,,12.10373134328358,,,,,,,20.4,,3.3,,2.7,2.7,,0.2,0.2,0.2,0.0,0.0,0.0,0.0,,,,,3.62,7.501487603305785,,,0.0670214876033058,,,,3.970995919410632,,55.59709090909091,,0.7,,,,,,,24.410578512396693,,,5.595371900826446,0.0,,,-4.2,,8.8,8.8,,9.5,9.5,0.0,0.0,,,0.0,0.6,0.0,0.0,0.6,0.0,2.3,0.36,,,0.0
1935-01-31,1.97,30.725355371900825,,,,,,1.2297520661157024,,,,,,,,,4.568528925619835,25.57884297520661,,,,21.79120661157025,0.0,,,,,,,,,,13.419402985074626,,,,,,,26.8,,2.8,,2.5,2.5,,0.2,0.2,0.2,0.0,0.0,0.0,0.0,,,,,2.98,4.759140495867769,,,0.0670214876033058,,,,6.598687240401098,,133.92,,0.8,,,,,,,24.83484297520661,,,50.97322314049587,0.0,,,-14.92,,8.8,8.8,,13.8,13.8,0.0,0.0,,,0.0,0.6,0.0,0.0,0.6,0.0,2.2,0.36,,,0.0
1935-02-28,1.22,21.34294214876033,,,,,,1.666115702479339,,,,,,,,,5.986909090909091,22.881322314049587,,,,28.94042975206612,0.0,,,,,,,,,,14.13955223880597,,,,,,,21.0,,2.3,,2.2,2.2,,0.2,0.2,0.2,0.0,0.0,0.0,0.0,,,,,1.04,6.947702479338843,,,0.0323226446280991,,,,9.97418541461443,,128.62413223140496,,0.4,,,,,,,16.433454545454545,,,41.15305785123967,0.0,,,-0.91,,8.8,8.8,,14.1,14.1,0.0,0.0,,,0.0,0.5,0.1,0.0,0.0,0.0,2.4,0.0,,,0.3
1935-03-31,4.12,39.39510743801653,,,,,,2.0905785123966942,,,,,,,,,6.843570247933885,29.26809917355372,,,,32.834380165289254,0.0,,,,,,,,,,16.376567164179104,,,,,,,21.0,,2.8,,2.5,2.5,,1.6,1.6,1.6,0.0,0.0,0.0,0.0,,,,,2.18,5.546181818181818,,,0.035478347107438,,,,12.5957384209269,,174.93223140495869,,0.7,,,,,,,6.468495867768595,,,81.0406611570248,1.0,,,-3.46,,8.8,8.8,,14.8,14.8,0.0,0.0,,,0.0,0.6,0.1,0.0,0.0,0.0,2.6,0.0,,,1.0
1935-04-30,4.17,84.91239669421488,,,,,,13.92396694214876,,,,,,,,,26.52099173553719,109.01157024793388,,,,135.13388429752067,0.0,,,,,,,,,,24.529850746268657,,,,,,,9.4,,0.5,,0.5,0.5,,4.3,4.3,4.3,0.0,0.0,0.0,0.0,,,,,29.6,0.0737851239669421,,,0.287404958677686,,,,44.34027315671074,,572.8462809917355,,0.6,,,,,,,6.051570247933884,,,115.79504132231403,1.0,,,52.13,,8.8,8.8,,16.1,16.1,0.0,0.0,,,0.0,0.6,0.6,0.0,0.0,0.0,1.8,0.0,,,0.8
1935-05-31,4.609999999999999,45.531570247933885,,,,,,19.122644628099174,,,,,,,,,7.114115702479339,68.49719008264462,,,,151.13652892561987,0.0,,,,,,,,,,40.405970149253726,,,,,,,16.4,,4.9,,3.3,3.3,,8.5,8.5,8.5,0.0,0.0,0.0,0.0,,,,,65.2,0.0836231404958677,,,9.991735537190085,,,,15.523559222111231,,450.0277685950413,,0.6,,,,,,,13.465785123966942,,,24.349090909090908,0.0,,,44.58,,8.8,8.8,,14.9,14.9,0.0,0.0,,,0.3,1.0,1.7,0.0,0.0,0.0,3.3,0.0,,,1.4
1935-06-30,4.05,16.8099173553719,,,,,,13.983471074380166,,,,,,,,,1.1067768595041323,22.730578512396693,,,,89.19669421487603,0.0,,,,,,,,,,41.810447761194034,,,,,,,19.7,,6.8,,5.4,5.4,,11.2,11.2,11.2,0.0,0.0,0.0,0.0,,,,,69.3,2.6122314049586777,,,19.67206611570248,,,,4.404707706207304,,226.47272727272727,,1.3,,,,,,,19.469752066115703,,,7.735537190082645,1.0,,,8.72,,8.8,8.8,,14.0,14.0,0.0,0.0,,,1.0,1.4,2.2,0.0,1.3,1.8,3.7,0.78,,,2.0
1935-07-31,2.64,8.448396694214876,,,,,,1.475702479338843,,,,,,,,,0.314201652892562,4.242644628099174,,,,19.94657851239669,0.0,,,,,,,,,,32.31641791044776,,,,,,,18.9,,6.5,,5.3,5.3,,10.1,10.1,10.1,0.0,0.0,0.0,0.0,,,,,58.4,14.732429752066116,,,0.0017831404958677,,,,1.3536750252722811,,37.01553719008265,,1.4,,,,,,,17.511669421487603,,,1.414214876033058,2.0,,,-10.75,,7.8,7.8,,13.0,13.0,0.0,0.0,,,1.3,1.5,2.5,0.0,2.0,1.8,3.6,1.2,,,2.8
1935-08-31,1.97,6.111867768595041,,,,,,0.3812231404958677,,,,,,,,,0.1235900826446281,2.152066115702479,,,,10.63735537190083,0.0,,,,,,,,,,21.487910447761195,,,,,,,28.4,,6.7,,5.6,5.6,,5.0,5.0,5.0,0.0,0.0,0.0,0.0,,,,,48.9,14.923041322314049,,,0.0011682644628099,,,,1.10932551696186,,17.179636363636362,,1.9,,,,,,,21.71127272727273,,,9.100165289256198,1.0,,,-22.08,,6.8,6.8,,11.1,11.1,0.0,0.0,,,0.2,1.6,2.0,0.0,2.0,1.7,3.3,1.2,,,2.3
1935-09-30,2.3799999999999994,5.88495867768595,,,,,,0.3986776859504132,,,,,,,,,0.1106776859504132,1.725619834710744,,,,7.949752066115702,0.0,,,,,,,,,,14.653283582089552,,,,,,,26.9,,6.6,,5.5,5.5,,0.2,0.2,0.2,0.0,0.0,0.0,0.0,,,,,40.9,14.51900826446281,,,0.0047603305785123,,,,1.0147386927892512,,15.726942148760331,,1.7,,,,,,,20.27900826446281,,,12.793388429752063,2.0,,,-21.46,,6.0,6.0,,6.1,6.1,0.0,0.0,,,0.0,1.5,1.0,0.0,2.5,2.0,3.6,1.5,,,2.3
1935-10-31,2.71,7.280132231404958,,,,,,0.2459504132231404,0.0,,,,,,,,0.3726148760330578,3.012892561983471,,,,9.413752066115702,0.0,,,,,,,,,,11.58134328358209,,,,,,,22.4,,4.6,3.8,3.8,3.8,,0.2,0.2,0.2,0.0,0.0,0.0,0.0,,,,,28.6,14.369652892561984,,,0.0184462809917355,,,20.806175206611574,1.2880595041322318,0.5976595041322315,21.403834710743805,,1.1,,,,,,,19.491570247933883,,,13.650247933884298,1.0,,,-13.48,,6.8,6.8,,5.6,5.6,0.0,0.0,,,0.0,1.2,0.3,0.0,1.3,0.0,2.8,0.78,,,1.9
1935-11-30,1.96,6.497851239669422,,,,,,0.2975206611570248,0.0,,,,,,,,0.3939173553719009,3.2132231404958675,,,,9.193388429752064,0.0,,,,,,,,,,10.764626865671644,,,,,,,29.0,,3.7,2.8,2.8,2.8,,0.2,0.2,0.2,0.0,0.0,0.0,0.0,,,,,16.8,13.751404958677686,,,0.0297520661157024,,,24.973884297520662,0.7294991735537184,0.708099173553719,25.68198347107438,,1.3,,,,,,,18.773553719008262,,,14.28099173553719,0.0,,,-16.71,,2.6,2.6,,4.7,4.7,0.0,0.0,,,0.0,0.8,0.0,0.0,0.3,0.0,2.5,0.18,,,1.6
1935-12-31,1.97,8.657454545454547,,,,,,0.3627768595041322,0.0,,,,,,,,0.8608264462809917,4.673057851239669,,,,10.219239669421489,0.0,,,,,,,,,,12.10373134328358,,,,,,,30.4,,3.5,3.0,3.0,3.0,,0.2,0.2,0.2,0.0,0.0,0.0,0.0,,,,,9.16,8.909553719008265,,,0.0184462809917355,,,29.200462809917354,0.8114644628099172,1.1682644628099172,30.368727272727277,,1.5,,,,,,,19.15953719008265,,,21.27471074380165,0.0,,,-20.38,,3.7,3.7,,6.7,6.7,0.0,0.0,,,0.0,0.7,0.0,0.0,0.4,0.0,2.4,0.24,,,1.6
1936-01-31,3.57,54.15213223140496,,,,,,2.275041322314049,0.0,,,,,,,,16.232727272727267,57.859834710743804,,,,63.94710743801653,0.0,,,,,,,,,,13.419402985074626,,,,,,,22.0,,2.2,2.2,2.2,2.2,,1.9,1.9,1.9,0.0,0.0,0.0,0.0,,,,,10.2,9.161652892561984,,,0.3689256198347107,,,259.5699173553719,34.79332727272727,34.83272727272728,294.40264462809915,,1.6,,,,,,,13.779371900826446,,,91.37057851239668,0.0,,,15.18,,4.6,4.6,,14.0,14.0,0.0,0.0,,,0.0,1.1,0.0,0.0,0.2,0.0,1.9,0.12,,,1.2
1936-02-29,3.68,81.79438016528925,,,,,,2.9335537190082643,0.0,,,,,,,,25.32634710743802,92.95338842975208,,,,80.87404958677686,0.0,,,,,,,,,,14.13955223880597,,,,,,,19.4,,2.7,2.7,2.7,2.7,,3.5,3.5,3.5,0.0,0.0,0.0,0.0,,,,,8.67,8.61084297520661,,,0.3451239669421487,,,432.5093553719007,53.37392396694214,54.63312396694214,487.142479338843,,1.6,,,,,,,6.16621487603306,,,193.2694214876033,0.0,,,14.67,,8.2,8.2,,14.8,14.8,0.0,0.0,,,0.0,0.9,0.1,0.0,0.1,0.0,1.6,0.06,,,1.5
1936-03-31,1.41,31.653818181818178,,,,,,7.747438016528926,0.4267239669421488,,,,,,,,9.143206611570246,44.08661157024793,,,,72.98578512396695,0.0,,,,,,,,,,16.376567164179104,,,,,,,11.7,,2.2,2.099999999999999,2.1,2.1,,5.3,5.3,5.3,0.0,0.0,0.0,0.0,,,,,19.3,10.09011570247934,,,0.1844628099173553,,,263.2960661157025,8.740890909090908,8.725090909090909,272.0211570247934,,1.6,,,,,,,12.365157024793389,,,38.36826446280992,0.0,,,35.26,,8.6,8.6,,14.8,14.8,0.0,0.0,,,0.0,0.8,0.1,0.0,0.1,0.0,2.1,0.06,,,1.3
1936-04-30,4.7,39.15966942148761,,,,,,17.49421487603306,3.7725619834710735,,,,,,,,10.264462809917354,62.89586776859504,,,,119.24628099173552,0.0,,,,,,,,,,24.529850746268657,,,,,,,22.6,,0.7,0.1,0.1,0.1,,8.3,8.3,8.3,0.0,0.0,0.0,0.0,,,,,54.2,0.2808595041322314,,,0.4480661157024793,,,397.7553719008265,7.8174446280991745,5.682644628099173,403.4380165289256,,1.8,,,,,,,10.395371900826447,,,55.75537190082645,0.0,,,28.65,,8.3,8.3,,14.8,14.8,0.0,0.0,,,0.0,0.7,0.6,0.0,0.6,0.0,1.6,0.36,,,1.8
1936-05-31,1.41,18.01586776859504,,,,,,2.828429752066116,35.50294214876033,,,,,,,,3.012892561983471,69.35801652892562,,,,130.59966942148756,0.0,,,,,,,,,,40.405970149253726,,,,,,,26.9,,4.1,2.5,2.5,2.5,,12.6,12.6,12.6,0.0,0.0,0.0,0.0,,,,,67.7,0.0608727272727272,,,12.07001652892562,,,395.3837355371901,4.054783471074381,2.8099834710743803,398.19371900826445,,1.7,,,,,,,15.16899173553719,,,22.873388429752065,1.0,,,10.01,,8.1,8.1,,14.4,14.4,0.0,0.0,,,0.1,1.3,1.7,0.0,1.1,0.0,2.4,0.66,,,2.4
1936-06-30,4.05,14.38809917355372,,,,,,2.2611570247933885,15.893553719008269,,,,,,,,1.7315702479338844,31.83471074380165,,,,68.60826446280994,0.0,,,,,,,,,,41.810447761194034,,,,,,,24.9,,5.2,4.2,4.2,4.2,,12.6,12.6,12.6,0.0,0.0,0.0,0.0,,,,,69.8,5.920661157024793,,,8.63404958677686,,,190.09190082644628,2.5761504132231425,2.1659504132231406,192.25785123966944,,1.6,,,,,,,21.14181818181818,,,8.330578512396695,1.0,,,-3.71,,8.0,8.0,,13.7,13.7,0.0,0.0,,,0.1,1.4,2.2,0.0,1.4,1.3,3.1,0.84,,,2.8
1936-07-31,3.26,8.725090909090909,,,,,,1.6601652892561984,0.0,,,,,,,,0.4777586776859503,4.673057851239669,,,,20.32165289256198,0.0,,,,,,,,,,32.31641791044776,,,,,,,25.7,,7.0,5.6,5.6,5.6,,11.9,11.9,11.9,0.0,0.0,0.0,0.0,,,,,59.8,14.59100826446281,,,0.0434102479338842,,,35.301262809917354,0.5521024793388425,0.582902479338843,35.884165289256195,,1.3,,,,,,,24.828694214876037,,,0.6148760330578512,1.0,,,-9.09,,8.0,8.0,,13.4,13.4,0.0,0.0,,,0.4,1.5,2.5,0.0,1.9,2.1,3.6,1.14,,,3.2
1936-08-31,3.38,7.56297520661157,,,,,,0.4119669421487603,0.0,,,,,,,,0.1795438016528926,2.5209917355371902,,,,11.608859504132232,0.0,,,,,,,,,,21.487910447761195,,,,,,,29.0,,7.6,5.900000000000001,5.9,5.9,,10.1,10.1,10.1,0.0,0.0,0.0,0.0,,,,,46.8,14.787768595041324,,,0.0269930578512396,,,18.24890578512397,0.5387570247933862,0.5355570247933885,18.784462809917358,,1.7,,,,,,,27.33123966942149,,,0.8608264462809917,2.0,,,-24.35,,7.9,7.9,,11.6,11.6,0.0,0.0,,,0.0,1.6,2.0,0.0,1.9,2.1,3.8,1.14,,,3.1
1936-09-30,2.3799999999999994,6.384793388429752,,,,,,0.2558677685950413,0.0,,,,,,,,0.1707768595041322,2.0826446280991737,,,,9.407603305785123,0.0,,,,,,,,,,14.653283582089552,,,,,,,28.0,,7.3,5.8,5.8,5.8,,8.6,8.6,8.6,0.0,0.0,0.0,0.0,,,,,35.7,14.370247933884295,,,0.0119008264462809,,,16.68912396694215,0.5641256198347111,0.5849256198347107,17.274049586776858,,1.4,,,,,,,26.467438016528927,,,1.071074380165289,2.0,,,-21.3,,7.9,7.9,,7.8,7.8,0.0,0.0,,,0.0,1.6,1.0,0.0,1.9,2.0,3.6,1.14,,,2.6
1936-10-31,1.84,5.896661157024793,,,,,,0.3996694214876033,0.0,,,,,,,,0.1666314049586777,2.0905785123966942,,,,8.288528925619836,0.0,,,,,,,,,,11.58134328358209,,,,,,,25.2,,5.8,4.7,4.7,4.7,,8.3,8.3,8.3,0.0,0.0,0.0,0.0,,,,,22.2,14.769322314049589,,,0.012297520661157,,,17.081256198347106,1.293262809917355,0.9284628099173554,18.00971900826446,,1.2,,,,,,,26.50115702479339,,,1.6601652892561984,1.9,,,-16.88,,7.3,7.3,,1.8,1.8,0.0,0.0,,,0.1,1.2,0.3,0.0,1.6,1.0,3.2,0.96,,,2.3
1936-11-30,1.39,5.783801652892562,,,,,,0.1844628099173553,0.0,,,,,,,,0.2219504132231405,2.1421487603305787,,,,8.181818181818182,0.0,,,,,,,,,,10.764626865671644,,,,,,,23.4,,4.2,3.2,3.2,3.2,,5.4,5.4,5.4,0.0,0.0,0.0,0.0,,,,,10.2,14.233388429752068,,,0.0119008264462809,,,14.38809917355372,1.0598132231404962,0.910413223140496,15.298512396694218,,1.0,,,,,,,24.95603305785124,,,1.666115702479339,1.8,,,-13.32,,7.0,7.0,,0.8,0.8,0.0,0.0,,,0.0,1.1,0.0,0.0,0.8,0.0,2.7,0.48,,,2.1
1936-12-31,1.5,6.714446280991735,,,,,,0.1660165289256198,0.0,,,,,,,,0.3535537190082645,2.951404958677686,,,,8.817322314049587,0.0,,,,,,,,,,12.10373134328358,,,,,,,22.2,,4.3,3.5,3.5,3.5,,0.4,0.4,0.4,0.0,0.0,0.0,0.0,,,,,6.9,9.850314049586776,,,0.012297520661157,,,16.288066115702478,1.4449404958677683,1.7831404958677686,18.071206611570243,,1.1,,,,,,,24.25071074380165,,,7.993388429752066,0.0,,,-15.05,,6.9,6.9,,3.5,3.5,0.0,0.0,,,0.0,1.1,0.0,0.0,0.6,0.0,2.7,0.36,,,1.9
1937-01-31,0.44,7.243239669421488,,,,,,0.1967603305785124,0.0,,,,,,,,0.5195702479338842,3.443305785123967,,,,8.884958677685951,0.0,,,,,,,,,,13.419402985074626,,,,,,,14.0,,5.0,4.0,4.0,4.0,,0.0,0.0,0.0,0.0,0.0,0.0,0.0,,,,,5.16,4.420958677685952,,,0.012297520661157,,,27.44806611570248,4.697651239669421,4.457851239669422,31.9059173553719,,1.1,,,,,,,15.550214876033058,,,8.977190082644627,0.0,,,-18.6,,7.0,7.0,,2.5,2.5,0.0,0.0,,,0.7,0.9,0.0,0.0,1.1,0.0,2.9,0.66,,,1.3
1937-02-28,0.0,20.07114049586777,,,,,,1.055206611570248,0.0,,,,,,,,6.514512396694215,28.76826446280992,,,,27.274314049586778,0.0,,,,,,,,,,14.13955223880597,,,,,,,14.8,,2.9,2.8,2.8,2.8,,0.0,0.0,0.0,0.0,0.0,0.0,0.0,,,,,2.5,7.108760330578512,,,0.1938247933884297,,,166.78928925619834,37.0431867768595,36.8655867768595,203.65487603305783,,0.8,,,,,,,18.07180165289256,,,88.69289256198347,0.0,,,1.19,,6.9,6.9,,13.8,13.8,0.0,0.0,,,0.4,0.7,0.1,0.0,0.7,0.0,1.8,0.42,,,0.0
1937-03-31,1.53,44.64,,,,,,2.39801652892562,0.0,,,,,,,,9.807272727272728,38.798677685950416,,,,43.86525619834711,0.0,,,,,,,,,,16.376567164179104,,,,,,,12.9,,4.3,3.9,3.9,3.9,,0.9,0.9,0.9,0.0,0.0,0.0,0.0,,,,,1.15,9.364561983471075,,,0.1789289256198347,,,211.88628099173556,35.22138677685951,36.76958677685951,248.65586776859504,,0.7,,,,,,,22.41838016528926,,,85.03735537190083,0.0,,,13.74,,8.0,8.0,,14.4,14.4,0.0,0.0,,,0.1,0.7,0.1,0.0,0.6,0.0,1.7,0.36,,,1.4
1937-04-30,4.22,52.0899173553719,,,,,,9.461157024793389,0.0,,,,,,,,15.95900826446281,63.01487603305785,,,,83.90082644628097,0.0,,,,,,,,,,24.529850746268657,,,,,,,13.8,,0.8,0.6,0.6,0.6,,2.9,2.9,2.9,0.0,0.0,0.0,0.0,,,,,19.0,1.0056198347107437,,,0.3403636363636363,,,312.521652892562,20.40674710743802,18.678347107438015,331.2,,1.2,,,,,,,21.647603305785125,,,49.626446280991736,0.0,,,45.68,,6.6,6.6,,14.9,14.9,0.0,0.0,,,0.0,0.8,0.6,0.0,0.3,0.0,1.6,0.18,,,1.2
1937-05-31,5.18,38.15305785123967,,,,,,25.45586776859504,11.350611570247931,,,,,,,,8.534479338842978,66.09917355371901,,,,150.76760330578517,0.0,,,,,,,,,,40.405970149253726,,,,,,,10.6,,4.0,1.5,1.5,1.5,,8.7,8.7,8.7,0.0,0.0,0.0,0.0,,,,,67.2,0.4433256198347106,,,2.6685619834710743,,,426.1459834710744,7.565664462809921,4.144264462809918,430.2902479338843,,1.3,,,,,,,17.843702479338845,,,11.375206611570247,1.1,,,58.52,,6.1,6.1,,14.8,14.8,0.0,0.0,,,0.1,1.5,1.7,0.0,1.8,1.1,2.9,1.08,,,2.4
1937-06-30,4.94,20.445619834710744,,,,,,11.067768595041322,0.9282644628099174,,,,,,,,1.309090909090909,15.23305785123967,,,,60.69421487603306,0.0,,,,,,,,,,41.810447761194034,,,,,,,11.3,,7.5,3.7,3.7,3.7,,11.0,11.0,11.0,0.0,0.0,0.0,0.0,,,,,70.0,7.8902479338842975,,,8.669752066115702,,,164.16,2.504983471074381,1.2019834710743802,165.36198347107438,,2.2,,,,,,,18.571239669421487,,,0.3986776859504132,0.9,,,3.7,,5.2,5.2,,13.6,13.6,0.0,0.0,,,0.0,1.4,2.2,0.0,1.5,1.6,3.3,0.9,,,2.6
1937-07-31,3.97,9.555173553719008,,,,,,1.414214876033058,0.0,,,,,,,,0.4279537190082643,4.242644628099174,,,,17.493223140495875,0.0,,,,,,,,,,32.31641791044776,,,,,,,25.0,,7.0,5.099999999999999,5.1,5.1,,5.6,5.6,5.6,0.0,0.0,0.0,0.0,,,,,63.6,14.332760330578513,,,0.0737851239669421,,,33.2057652892562,0.4435256198347113,0.0713256198347107,33.27709090909092,,1.4,,,,,,,26.37818181818182,,,0.2152066115702479,0.5,,,-18.25,,5.0,5.0,,13.4,13.4,0.0,0.0,,,0.7,1.2,2.5,0.0,1.9,1.8,3.5,1.14,,,3.2
1937-08-31,3.01,7.071074380165289,,,,,,0.2029090909090909,0.0,,,,,,,,0.1838479338842975,2.3365289256198345,,,,10.065520661157022,0.0,,,,,,,,,,21.487910447761195,,,,,,,20.3,,7.5,5.4,5.4,5.4,,0.0,0.0,0.0,0.0,0.0,0.0,0.0,,,,,56.3,14.54181818181818,,,0.0360932231404958,,,16.93565355371901,0.2466274380165283,0.0226274380165289,16.95828099173554,,1.1,,,,,,,23.482115702479337,,,0.1844628099173553,1.8,,,-16.11,,3.4,3.4,,9.9,9.9,0.0,0.0,,,0.9,1.3,2.0,0.0,2.0,1.7,3.4,1.2,,,2.9
1937-09-30,2.17,5.88495867768595,,,,,,0.0892561983471074,0.0,,,,,,,,0.1517355371900826,1.904132231404959,,,,7.806942148760329,0.0,,,,,,,,,,14.653283582089552,,,,,,,22.1,,7.5,5.400000000000001,5.4,5.4,,0.0,0.0,0.0,0.0,0.0,0.0,0.0,,,,,42.7,14.28694214876033,,,0.0119008264462809,,,15.443285950413228,0.251687603305784,0.0158876033057851,15.459173553719008,,1.1,,,,,,,25.73553719008265,,,0.1130578512396694,1.9,,,-18.9,,2.1,2.1,,4.1,4.1,0.0,0.0,,,0.8,1.3,1.0,0.0,2.1,1.6,3.3,1.26,,,2.7
1937-10-31,2.28,7.366214876033058,,,,,,0.3627768595041322,0.0,,,,,,,,0.3123570247933884,2.7054545454545456,,,,,0.0,,,,,,,,,,11.58134328358209,,,,,,,21.2,,5.4,3.9,3.9,3.9,,0.0,0.0,0.0,0.0,0.0,0.0,0.0,,,,,30.42,14.517223140495869,,,0.0335107438016529,,,19.54076033057851,1.8357966942148765,1.008396694214876,20.549157024793388,,0.6,,,,,,,25.88013223140496,,,1.6601652892561984,1.8,,,-14.42,,1.4,1.4,,1.8,1.8,0.0,0.0,,,0.2,1.403186777,0.3,0.0,1.3,0.4,2.9,0.78,,,1.8
1937-11-30,3.31,26.95537190082645,,,,,,1.249586776859504,0.0,,,,,,,,1.8267768595041325,10.353719008264465,,,,,0.0,,,,,,,,,,10.764626865671644,,,,,,,21.3,,3.5,2.6,2.6,2.6,,0.2,0.2,0.2,0.0,0.0,0.0,0.0,,,,,21.2,13.031404958677689,,,0.1701818181818181,,,70.51834710743802,10.66087272727273,10.407272727272728,80.92561983471074,,0.6,,,,,,,25.051239669421488,,,14.16198347107438,1.4,,,-5.45,,0.0,0.0,,13.6,13.6,0.0,0.0,,,0.0,1.097970248,0.0,0.0,0.7,0.0,2.6,0.42,,,2.7
1937-12-31,4.62,74.7689256198347,,,,,,5.656859504132232,13.576462809917356,,,,,,,,8.780429752066118,70.83371900826447,,,,,0.0,,,,,,,,,,12.10373134328358,,,,,,,31.899999999999995,,3.9,3.0,3.0,3.0,,5.4,5.4,5.4,0.0,0.0,0.0,0.0,,,,,37.0,9.690446280991736,,,0.3295735537190083,,,378.8804628099173,27.01776859504132,26.69176859504132,405.5722314049587,,0.9,,,,,,,22.74426446280992,,,56.01520661157025,0.0,,,29.9,,2.5,2.5,,14.4,14.4,0.0,0.0,,,0.0,0.956033058,0.0,0.0,0.5,0.0,2.6,0.3,,,1.0
1938-01-31,4.879999999999999,28.425719008264466,,,,,,2.889917355371901,0.0,,,,,,,,5.761388429752066,19.18413223140496,,,,,0.0,,,,,,,,,,13.419402985074626,,,,,,,23.9,,4.3,3.4,3.4,3.4,,5.6,5.6,5.6,0.0,0.0,0.0,0.0,,,,,30.3,13.379702479338842,,,0.0916165289256198,,,110.66538842975208,11.219203305785122,10.895603305785125,121.5609917355372,,1.0,,,,,,,22.0617520661157,,,29.145123966942148,0.0,,,-2.62,,6.7,6.7,,14.8,14.8,0.0,0.0,,,0.0,1.104079339,0.0,0.0,0.2,0.0,2.8,0.12,,,0.0
1938-02-28,3.98,106.63140495867768,,,,,,2.221487603305785,0.0,,,,,,,,14.239735537190082,54.03768595041322,,,,,0.0,,,,,,,,,,14.13955223880597,,,,,,,26.4,,2.3,0.5999999999999999,0.6,0.6,,5.7,5.7,5.7,0.0,0.0,0.0,0.0,,,,,29.1,7.330909090909091,,,1.6161322314049589,,,338.55471074380165,69.87978347107438,67.92198347107438,406.476694214876,,1.3,,,,,,,16.761123966942147,,,175.2198347107438,0.0,,,-13.02,,8.3,8.3,,15.0,15.0,0.0,0.0,,,1.0,0.951272727,0.1,0.0,0.1,0.0,1.7,0.06,,,0.0
1938-03-31,5.09,115.90413223140496,,,,,,1.6601652892561984,2.1582148760330577,,,,,,,,31.9612561983471,118.73256198347109,,,,,0.0,,,,,,,,,,16.376567164179104,,,,,,,33.6,,2.7,1.9,1.9,1.9,,5.9,5.9,5.9,0.0,0.0,0.0,0.0,,,,,16.9,6.929652892561983,,,12.77097520661157,,,625.820826446281,70.3945950413223,71.44859504132232,697.2694214876033,,0.8,,,,,,,17.683834710743806,,,179.42082644628098,0.0,,,-11.98,,8.2,8.2,,15.4,15.4,0.0,0.0,,,0.5,1.016013223,0.1,0.0,0.0,0.0,0.8,0.0,,,1.3
1938-04-30,4.65,70.33388429752065,,,,,,1.1900826446280992,12.47801652892562,,,,,,,,19.713719008264466,102.46611570247934,,,,,0.0,,,,,,,,,,24.529850746268657,,,,,,,30.0,,0.2,0.0,0.0,0.0,,9.0,9.0,9.0,0.0,0.0,0.0,0.0,,,,,11.4,0.6069421487603306,,,17.41685950413223,,,500.7094214876034,22.83329752066116,20.84429752066116,521.5537190082645,,0.2,,,,,,,16.58380165289256,,,83.42479338842975,0.0,,,35.76,,8.2,8.2,,16.1,16.1,0.0,0.0,,,0.0,1.018710744,0.6,0.0,0.0,0.2,1.7,0.0,,,1.3
1938-05-31,0.0,62.4099173553719,,,,,,5.16495867768595,44.71993388429752,,,,,,,,13.361256198347109,136.19504132231404,,,,,0.0,,,,,,,,,,40.405970149253726,,,,,,,32.2,,1.4,1.1,1.1,1.1,,12.5,12.5,12.5,0.0,0.0,0.0,0.0,,,,,53.1,0.0,,,0.7255537190082645,,,720.0813223140495,9.34674876033058,6.702148760330578,726.7834710743801,,0.3,,,,,,,22.2646611570248,,,34.12561983471075,0.0,,,29.81,,8.8,8.8,,15.9,15.9,0.0,0.0,,,0.1,1.574042975,1.7,0.0,0.7,1.6,2.9,0.42,,,2.4
1938-06-30,3.46,27.03272727272727,,,,,,14.935537190082645,25.87239669421488,,,,,,,,2.868099173553719,62.65785123966942,,,,,0.0,,,,,,,,,,41.810447761194034,,,,,,,23.8,,5.7,4.3,4.3,4.3,,13.1,13.1,13.1,0.0,0.0,0.0,0.0,,,,,70.0,3.540495867768595,,,23.88495867768595,,,472.444958677686,2.1816214876033064,1.029421487603306,473.4743801652892,,1.0,,,,,,,21.11801652892562,,,0.8925619834710744,0.0,,,3.27,,8.8,8.8,,14.3,14.3,0.0,0.0,,,0.8,1.707054545,2.2,0.0,1.9,1.9,3.5,1.14,,,2.7
1938-07-31,4.19,13.4780826446281,,,,,,5.595371900826446,0.0,,,,,,,,0.7009586776859504,8.300826446280992,,,,,0.0,,,,,,,,,,32.31641791044776,,,,,,,25.1,,6.8,5.299999999999999,5.3,5.3,,12.4,12.4,12.4,0.0,0.0,0.0,0.0,,,,,65.6,14.332760330578513,,,2.084429752066116,,,86.45894876033057,0.6817719008264471,0.2385719008264462,86.69752066115703,,0.9,,,,,,,23.42677685950413,,,0.3566280991735537,0.7,,,-4.54,,7.4,7.4,,12.6,12.6,0.0,0.0,,,0.8,1.759338843,2.5,0.0,2.4,2.0,3.6,1.44,,,3.3
1938-08-31,3.44,9.512132231404957,,,,,,0.7378512396694215,0.0,,,,,,,,0.3031338842975206,3.812231404958678,,,,,0.0,,,,,,,,,,21.487910447761195,,,,,,,23.4,,7.2,5.7,5.7,5.7,,8.1,8.1,8.1,0.0,0.0,0.0,0.0,,,,,56.7,14.830809917355372,,,0.0372614876033057,,,29.406569256198352,0.2909927272727268,0.0459927272727272,29.452561983471075,,1.0,,,,,,,25.12998347107438,,,0.3320330578512397,1.8,,,-16.58,,5.6,5.6,,11.1,11.1,0.0,0.0,,,0.8,1.720006612,2.0,0.0,2.5,1.9,3.5,1.5,,,2.9
1938-09-30,1.6,7.176198347107438,,,,,,0.3272727272727272,0.0,,,,,,,,0.2528925619834711,2.856198347107438,,,,,0.0,,,,,,,,,,14.653283582089552,,,,,,,23.8,,7.1,5.6,5.6,5.6,,1.4,1.4,1.4,0.0,0.0,0.0,0.0,,,,,50.9,14.560661157024793,,,0.013090909090909,,,20.29209917355372,0.850914049586778,0.0583140495867768,20.350413223140496,,0.7,,,,,,,25.58677685950413,,,0.2380165289256198,1.9,,,-18.16,,4.2,4.2,,7.6,7.6,0.0,0.0,,,0.4,1.525646281,1.0,0.0,2.7,2.3,3.5,1.62,,,2.4
1938-10-31,3.27,10.397553719008265,,,,,,0.3873719008264463,0.0,,,,,,,,0.4937454545454545,3.873719008264463,,,,13.834710743801653,0.0,,,,,,,,,,11.58134328358209,,,,,,,25.7,,4.8,3.8,3.8,3.8,,0.1,0.1,0.1,0.0,0.0,0.0,0.0,,,,,39.3,15.03986776859504,,,0.0341256198347107,,,29.29884297520661,1.4830000000000003,0.744,30.04284297520661,,0.5,,,,,,,26.2121652892562,,,7.747438016528926,1.9,,,-15.21,,1.7,1.7,,3.1,3.1,0.0,0.0,,,0.0,1.176198347,0.3,0.0,1.5,0.7,3.1,0.9,,,2.6
1938-11-30,3.96,11.014214876033058,,,,,,0.5593388429752066,0.0,,,,,,,,0.6961983471074382,4.581818181818182,,,,13.685950413223146,0.0,,,,,,,,,,10.764626865671644,,,,,,,24.8,,4.3,2.8,2.8,2.8,,0.1,0.1,0.1,0.0,0.0,0.0,0.0,,,,,26.9,14.066776859504133,,,0.0361190082644628,,,36.05593388429752,0.6301057851239666,0.5153057851239671,36.57123966942149,,0.5,,,,,,,23.914710743801653,,,8.74710743801653,1.8,,,-18.6,,2.8,2.8,,3.2,3.2,0.0,0.0,,,0.0,0.73642314,0.0,0.0,1.1,0.0,2.4,0.66,,,2.8
1938-12-31,3.69,12.752528925619837,,,,,,0.4181157024793388,0.0,,,,,,,,1.0452892561983471,5.718347107438016,,,,13.170644628099174,0.0,,,,,,,,,,12.10373134328358,,,,,,,17.200000000000003,,3.6,2.8,2.8,2.8,,1.1,1.1,1.1,0.0,0.0,0.0,0.0,,,,,14.4,13.982280991735538,,,0.0412581818181818,,,38.55887603305785,0.8506528925619843,0.9776528925619836,39.53652892561984,,0.5,,,,,,,19.098049586776863,,,9.83801652892562,0.2,,,-5.74,,0.3,0.3,,2.5,2.5,0.0,0.0,,,0.0,0.659305785,0.0,0.0,1.0,0.0,2.5,0.6,,,3.1
1939-01-31,3.23,12.094611570247936,,,,,,0.4242644628099173,0.0,,,,,,,,1.2420495867768595,6.517685950413223,,,,12.844760330578517,0.0,,,,,,,,,,13.419402985074626,,,,,,,19.7,,3.3,2.6,2.6,2.6,,1.7,1.7,1.7,0.0,0.0,0.0,0.0,,,,,5.97,11.344462809917356,,,0.0499894214876033,,,38.5158347107438,3.424757024793389,3.437157024793388,41.95299173553718,,0.6,,,,,,,21.08409917355372,,,7.747438016528926,0.0,,,-6.16,,2.4,2.4,,2.7,2.7,0.0,0.0,,,0.1,0.477738843,0.0,0.0,0.7,0.0,2.8,0.42,,,2.9
1939-02-28,2.95,11.829421487603303,,,,,,0.3832066115702479,0.0,,,,,,,,1.571702479338843,8.052892561983471,,,,11.518413223140495,0.0,,,,,,,,,,14.13955223880597,,,,,,,22.4,,2.8,2.2,2.2,2.2,,2.1,2.1,2.1,0.0,0.0,0.0,0.0,,,,,1.98,5.52595041322314,,,0.0716429752066115,,,43.53004958677686,4.890763636363636,4.276363636363636,47.806413223140495,,0.8,,,,,,,21.05970247933885,,,17.383140495867767,0.0,,,-16.2,,4.2,4.2,,2.7,2.7,0.0,0.0,,,0.1,0.344171901,0.1,0.0,0.8,0.0,2.2,0.48,,,1.3
1939-03-31,3.28,23.14393388429752,,,,,,2.459504132231405,0.0,,,,,,,,7.458446280991735,29.329586776859504,,,,38.24528925619835,0.0,,,,,,,,,,16.376567164179104,,,,,,,25.0,,2.6,2.4,2.4,2.4,,3.3,3.3,3.3,0.0,0.0,0.0,0.0,,,,,1.88,8.171702479338842,,,0.1930710743801652,,,145.70102479338843,11.052388429752066,10.969388429752064,156.67041322314049,,1.1,,,,,,,24.54585123966942,,,29.206611570247933,0.0,,,11.1,,7.9,7.9,,14.3,14.3,0.0,0.0,,,0.1,0.57877686,0.1,0.0,1.0,0.0,2.5,0.6,,,3.3
1939-04-30,3.67,18.4998347107438,,,,,,14.75702479338843,0.0,,,,,,,,4.68297520661157,26.479338842975206,,,,63.13388429752066,0.0,,,,,,,,,,24.529850746268657,,,,,,,6.8,,2.5,1.1000000000000003,1.1,1.1,,4.6,4.6,4.6,0.0,0.0,0.0,0.0,,,,,29.3,0.0,,,0.1630413223140496,,,160.23867768595042,3.314024793388429,1.0770247933884298,161.31570247933885,,1.1,,,,,,,15.096198347107435,,,4.105785123966943,0.5,,,68.0,,8.8,8.8,,13.9,13.9,0.0,0.0,,,0.0,0.995166942,0.6,0.0,1.5,0.0,2.5,0.9,,,3.3
1939-05-31,4.36,13.55801652892562,,,,,,8.300826446280992,0.0,,,,,,,,1.1436694214876038,10.08396694214876,,,,34.86961983471075,0.0,,,,,,,,,,40.405970149253726,,,,,,,11.9,,4.7,3.6,3.6,3.6,,6.3,6.3,6.3,0.0,0.0,0.0,0.0,,,,,43.8,0.0,,,0.2121322314049586,,,64.57428099173553,2.0567669421487604,1.1559669421487604,65.7302479338843,,0.8,,,,,,,15.033719008264464,,,0.1475702479338843,0.1,,,19.6,,8.2,8.2,,18.3,18.3,0.0,0.0,,,0.4,1.550578512,1.7,0.0,1.6,1.9,3.0,0.96,,,3.4
1939-06-30,2.59,8.461487603305786,,,,,,1.7851239669421488,0.0,,,,,,,,0.396892561983471,3.8677685950413214,,,,13.91801652892562,0.0,,,,,,,,,,41.810447761194034,,,,,,,12.6,,5.8,4.5,4.5,4.5,,6.5,6.5,6.5,0.0,0.0,0.0,0.0,,,,,46.9,0.3748760330578512,,,0.480793388429752,,,26.121719008264467,0.9692082644628096,0.1910082644628099,26.312727272727276,,0.8,,,,,,,14.007272727272728,,,0.1844628099173553,1.1,,,-13.5,,6.9,6.9,,18.7,18.7,0.0,0.0,,,0.7,1.516839669,2.2,0.0,1.9,1.9,3.3,1.14,,,3.2
1939-07-31,1.39,5.275636363636363,,,,,,0.2582479338842975,0.0,,,,,,,,0.1408066115702479,1.906115702479339,,,,8.374611570247932,0.0,,,,,,,,,,32.31641791044776,,,,,,,12.8,,7.0,5.4,5.4,5.4,,6.0,6.0,6.0,0.0,0.0,0.0,0.0,,,,,34.6,13.281322314049588,,,0.0057798347107438,,,14.601891570247936,1.201009256198347,0.0260092561983471,14.62790082644628,,1.0,,,,,,,14.677090909090907,,,0.0983801652892562,1.2,,,-8.8,,4.8,4.8,,15.7,15.7,0.0,0.0,,,1.1,1.617461157,2.5,0.0,2.5,1.9,3.5,1.5,,,2.0
1939-08-31,1.49,4.746842975206612,,,,,,0.1783140495867768,0.0,,,,,,,,0.0891570247933884,1.3527272727272728,,,,6.400859504132232,0.0,,,,,,,,,,21.487910447761195,,,,,,,16.0,,7.7,6.3,6.3,6.3,,4.4,4.4,4.4,0.0,0.0,0.0,0.0,,,,,22.2,12.56806611570248,,,0.0142651239669421,,,12.118222809917356,0.796978842975206,0.0255788429752066,12.14380165289256,,1.1,,,,,,,16.281917355371903,,,0.0399669421487603,1.5,,,-13.7,,3.8,3.8,,8.2,8.2,0.0,0.0,,,1.2,1.853553719,2.0,0.0,2.8,2.1,3.5,1.68,,,1.6
1939-09-30,2.03,5.64694214876033,,,,,,0.0892561983471074,0.0,,,,,,,,0.1059173553719008,1.368595041322314,,,,5.962314049586777,0.0,,,,,,,,,,14.653283582089552,,,,,,,12.4,,6.7,5.6,5.6,5.6,,1.4,1.4,1.4,0.0,0.0,0.0,0.0,,,,,15.3,11.383140495867767,,,0.00339173553719,,,12.09855867768595,0.96818347107438,0.0283834710743801,12.12694214876033,,0.9,,,,,,,11.930578512396696,,,0.0178512396694214,0.0,,,-10.89,,1.9,1.9,,1.7,1.7,0.0,0.0,,,1.0,1.829732231,1.0,0.0,2.6,2.4,3.3,1.56,,,1.7
1939-10-31,3.02,6.972694214876033,,,,,,0.3812231404958677,0.0,,,,,,,,0.5490842975206611,3.012892561983471,,,,7.839669421487604,0.0,,,,,,,,,,11.58134328358209,,,,,,,9.9,,3.8,3.1,3.1,3.1,,0.6,0.6,0.6,0.0,0.0,0.0,0.0,,,,,13.0,5.779834710743802,,,0.0216436363636363,,,15.828138842975209,1.0734429752066124,0.1340429752066116,15.96218181818182,,0.6,,,,,,,10.194644628099176,,,0.6763636363636364,0.0,,,-7.93,,0.8,0.8,,0.7,0.7,0.0,0.0,,,0.6,1.21233719,0.3,0.0,0.8,1.7,2.7,0.48,,,1.8
1939-11-30,1.8,5.492231404958678,,,,,,0.2380165289256198,0.0,,,,,,,,0.4064132231404959,2.1421487603305787,,,,6.462148760330579,0.0,,,,,,,,,,10.764626865671644,,,,,,,16.8,,3.3,2.6,2.6,2.6,,1.4,1.4,1.4,0.0,0.0,0.0,0.0,,,,,10.4,3.1299173553719006,,,0.0111272727272727,,,12.195371900826446,0.1100842975206612,0.1338842975206611,12.329256198347109,,0.5,,,,,,,16.327933884297522,,,1.309090909090909,0.0,,,-16.95,,0.0,0.0,,3.6,3.6,0.0,0.0,,,0.4,0.868363636,0.0,0.0,0.4,1.0,2.3,0.24,,,1.9
1939-12-31,2.88,10.594314049586778,,,,,,0.4734545454545454,0.0,,,,,,,,0.5626115702479338,3.381818181818182,,,,9.223140495867767,0.0,,,,,,,,,,12.10373134328358,,,,,,,15.8,,3.2,2.6,2.6,2.6,,2.2,2.2,2.2,0.0,0.0,0.0,0.0,,,,,9.0,3.289586776859504,,,0.0360932231404958,,,18.40569917355372,0.0153537190082642,0.4279537190082644,18.833652892561982,,0.4,,,,,,,15.851504132231405,,,1.906115702479339,0.0,,,-12.06,,0.4,0.4,,6.4,6.4,0.0,0.0,,,0.2,0.598433058,0.0,0.0,0.3,0.7,2.3,0.18,,,2.3
1940-01-31,4.11,57.804495867768594,,,,,,6.763636363636364,0.3750743801652892,,,,,,,,11.602710743801651,53.67867768595041,,,,73.90809917355374,0.0,,,,,,,,,,13.419402985074626,,,,,,,20.8,,4.9,4.0,4.0,4.0,,2.4,2.4,2.4,0.0,0.0,0.0,0.0,,,,,19.1,10.059371900826449,,,0.3006743801652892,,,280.5064462809917,27.02302148760331,27.669421487603305,308.175867768595,,0.8,,,,,,,22.49831404958677,,,67.02148760330579,0.0,,,39.37,,5.0,5.0,,12.1,12.1,0.0,0.0,,,0.0,0.252912397,0.0,0.0,1.2,0.0,2.4,0.72,,,2.3
1940-02-29,0.793,99.10809917355373,,,,,,6.787438016528926,0.71900826446281,,,,,,,,22.944991735537187,93.7011570247934,,,,108.77157024793388,0.0,,,,,,,,,,14.13955223880597,,,,,,,24.9,,4.9,4.499999999999998,4.5,4.5,,2.5,2.5,2.5,0.0,0.0,0.0,0.0,,,,,30.0,7.627239669421487,,,0.2830016528925619,,,487.8787438016529,38.40712892561984,40.44852892561984,528.3272727272728,,0.8,,,,,,,8.955966942148759,,,136.6690909090909,0.0,,,7.14,,8.3,8.3,,11.1,11.1,0.0,0.0,,,0.0,0.144,0.1,0.0,0.7,0.0,2.1,0.42,,,1.8
1940-03-31,0.044,91.8009917355372,,,,,,13.096859504132231,5.798280991735537,,,,,,,,24.50895867768595,119.10148760330578,,,,155.87107438016525,0.0,,,,,,,,,,16.376567164179104,,,,,,,23.9,,5.4,4.9,4.9,4.9,,7.9,7.9,7.9,0.0,0.0,0.0,0.0,,,,,57.2,6.400859504132232,,,0.4832925619834711,,,597.026181818182,38.56481652892561,41.83001652892561,638.8561983471075,,1.0,,,,,,,15.138247933884298,,,131.76793388429752,0.0,,,21.69,,8.2,8.2,,12.1,12.1,0.0,0.0,,,0.0,0.373923967,0.1,0.0,0.1,0.0,1.8,0.06,,,1.5
1940-04-30,0.428,56.62413223140496,,,,,,12.73388429752066,9.800330578512396,,,,,,,,9.544462809917356,68.07272727272728,,,,122.75702479338842,0.0,,,,,,,,,,24.529850746268657,,,,,,,22.5,,1.7,0.7,0.7,0.7,,10.4,10.4,10.4,0.0,0.0,0.0,0.0,,,,,65.3,0.0386776859504132,,,19.368595041322315,,,430.7325619834711,13.696085950413224,12.037685950413223,442.7702479338843,,0.8,,,,,,,1.0948760330578513,,,64.85950413223141,0.7,,,14.04,,8.8,8.8,,12.1,12.1,0.0,0.0,,,0.0,0.636158678,0.6,0.0,0.8,1.0,1.4,0.48,,,2.1
1940-05-31,2.87,21.360793388429748,,,,,,14.572561983471074,20.49381818181818,,,,,,,,1.8938181818181816,45.13190082644629,,,,115.47371900826448,0.0,,,,,,,,,,40.405970149253726,,,,,,,8.900000000000002,,6.9,3.5,3.5,3.5,,12.7,12.7,12.7,0.0,0.0,0.0,0.0,,,,,70.0,3.929057851239669,,,28.89302479338843,,,363.6253884297521,3.259062809917355,1.6724628099173553,365.2978512396694,,1.2,,,,,,,17.247272727272726,,,5.103471074380165,0.8,,,7.5,,8.2,8.2,,12.1,12.1,0.0,0.0,,,0.0,1.71292562,1.7,0.0,1.7,2.0,3.1,1.02,,,2.8
1940-06-30,3.15,11.716363636363637,,,,,,9.10413223140496,0.1231735537190082,,,,,,,,0.7378512396694215,6.902479338842976,,,,41.92066115702478,0.0,,,,,,,,,,41.810447761194034,,,,,,,23.8,,5.6,4.8,4.8,4.8,,12.3,12.3,12.3,0.0,0.0,0.0,0.0,,,,,69.3,9.34214876033058,,,6.8429752066115705,,,95.40119008264465,0.8178545454545454,0.2814545454545455,95.68264462809915,,0.8,,,,,,,23.664793388429757,,,0.2796694214876033,0.2,,,-6.21,,8.6,8.6,,17.6,17.6,0.0,0.0,,,0.8,1.657209917,2.2,0.0,1.8,2.3,3.4,1.08,,,2.9
1940-07-31,2.07,7.636760330578513,,,,,,0.7993388429752066,0.0,,,,,,,,0.2760793388429752,3.135867768595041,,,,14.88,0.0,,,,,,,,,,32.31641791044776,,,,,,,27.2,,7.0,6.0,6.0,6.0,,11.6,11.6,11.6,0.0,0.0,0.0,0.0,,,,,58.1,14.17289256198347,,,0.0081163636363636,,,23.92697851239669,-0.0595570247933881,0.0224429752066115,23.949421487603303,,0.9,,,,,,,27.220561983471075,,,0.3935206611570248,0.7,,,-22.32,,7.6,7.6,,17.5,17.5,0.0,0.0,,,0.9,1.734882645,2.5,0.0,2.0,2.4,3.6,1.2,,,2.7
1940-08-31,2.2,6.917355371900826,,,,,,0.1598677685950413,0.0,,,,,,,,0.1531041322314049,2.275041322314049,,,,9.74578512396694,0.0,,,,,,,,,,21.487910447761195,,,,,,,25.9,,7.1,6.0,6.0,6.0,,10.7,10.7,10.7,0.0,0.0,0.0,0.0,,,,,44.6,14.34505785123967,,,0.0301289256198347,,,17.362131570247932,0.1884138842975216,0.0204138842975206,17.382545454545454,,1.1,,,,,,,27.10988429752066,,,0.2705454545454546,1.8,,,-19.38,,5.9,5.9,,13.7,13.7,0.0,0.0,,,1.1,1.775702479,2.0,0.0,2.0,2.5,3.6,1.2,,,2.2
1940-09-30,2.21,7.039338842975207,,,,,,0.2142148760330578,0.0,,,,,,,,0.1850578512396694,2.1421487603305787,,,,9.163636363636364,0.0,,,,,,,,,,14.653283582089552,,,,,,,24.0,,6.0,5.2,5.2,5.2,,8.8,8.8,8.8,0.0,0.0,0.0,0.0,,,,,33.3,13.828760330578511,,,0.0779504132231405,,,21.01923966942149,0.4315223140495861,0.0333223140495867,21.05256198347108,,0.8,,,,,,,25.253553719008263,,,0.3451239669421487,1.8,,,-15.8,,4.0,4.0,,5.9,5.9,0.0,0.0,,,0.7,1.741229752,1.0,0.0,1.9,2.6,3.3,1.14,,,2.2
1940-10-31,3.23,8.798876033057851,,,,,,0.3197355371900826,0.0,,,,,,,,0.2920661157024793,2.39801652892562,,,,9.481388429752064,0.0,,18.144991735537197,,,,,,,,11.58134328358209,,,,,,,17.200000000000003,,5.5,3.9,3.9,3.9,,1.6,1.6,1.6,0.0,0.0,0.0,0.0,,,,,28.4,11.86095867768595,,,0.1518743801652892,,1.6478677685950414,20.21589421487603,1.1992214876033065,0.2902214876033058,20.506115702479335,,0.4,,,,,,,20.063404958677687,,,0.7993388429752066,1.8,,,-9.53,,2.3,2.3,,2.0,2.0,0.0,0.0,,,0.2,1.578168595,0.3,0.0,1.5,2.0,3.1,0.9,,,2.6
1940-11-30,3.65,10.21685950413223,,,,,,1.1900826446280992,0.1303140495867769,,,,,,,,0.9223140495867768,6.0099173553719005,,,,18.11900826446281,0.0,,31.3705785123967,,,,,,,,10.764626865671644,,,,,,,16.2,,3.1,2.6,2.6,2.6,,2.5,2.5,2.5,0.0,0.0,0.0,0.0,,,,,22.7,12.644628099173554,,,0.120198347107438,,6.188429752066115,48.53752066115703,2.6838082644628103,2.27900826446281,50.81652892561984,,0.2,,,,,,,18.91636363636364,,,9.163636363636364,0.6,,,0.53,,0.0,0.0,,0.6,0.6,0.0,0.0,,,0.0,0.412958678,0.0,0.0,1.1,0.0,2.4,0.66,,,2.8
1940-12-31,2.5,61.19246280991736,,,,,,3.1973553719008265,1.512595041322314,,,,,,,,10.28072727272727,45.37785123966942,,,,60.89732231404959,0.0,,145.72561983471076,,,,,,,,12.10373134328358,,,,,,,19.5,,3.1,2.8,2.8,2.8,,3.5,3.5,3.5,0.0,0.0,0.0,0.0,,,,,21.2,12.131504132231404,,,0.2637818181818182,,40.92,180.85963636363635,21.454603305785124,21.311603305785127,202.17123966942148,,0.4,,,,,,,20.87504132231405,,,58.16727272727272,0.0,,,13.42,,5.1,5.1,,13.9,13.9,0.0,0.0,,,0.0,0.0,0.0,0.0,1.0,0.0,2.5,0.6,,,3.1
1941-01-31,3.07,84.23801652892563,,,,,,3.2588429752066115,0.0,,,,,,,,15.519471074380164,55.64628099173554,,,,59.34168595041322,0.0,,162.20429752066116,,,,,,,,13.419402985074626,,,,,,,30.1,,2.1,2.0,2.0,2.0,,4.5,4.5,4.5,0.0,0.0,0.0,0.0,,,,,18.7,12.863206611570249,,,0.0891570247933884,,61.979504132231405,311.9020165289257,33.73155041322313,32.98195041322314,344.8839669421488,,0.8,,,,,,,21.754314049586775,,,111.6,0.0,,,5.0,,5.7,5.7,,13.4,13.4,0.0,0.0,,,0.2,0.140945455,0.0,0.0,1.2,0.0,2.2,0.72,,,2.4
1941-02-28,2.59,99.46710743801653,,,,,,6.109090909090909,0.0,,,,,,,,19.96006611570248,82.69487603305785,,,,87.58214876033058,0.0,,240.75371900826443,,,,,,,,14.13955223880597,,,,,,,27.8,,0.5,0.5,0.5,0.5,,5.4,5.4,5.4,0.0,0.0,0.0,0.0,,,,,23.2,9.080330578512395,,,0.2143735537190082,,69.8102479338843,423.6099173553719,33.75449917355372,32.62809917355372,456.2380165289256,,0.4,,,,,,,19.78790082644628,,,112.62942148760332,0.0,,,8.35,,5.8,5.8,,14.3,14.3,0.0,0.0,,,0.0,0.232740496,0.1,0.0,0.8,0.0,1.8,0.48,,,2.0
1941-03-31,4.8,71.69454545454545,,,,,,8.054876033057852,0.0,,,,,,,,12.555768595041322,57.49090909090909,,,,82.82380165289256,0.0,,208.13553719008263,,,,,,,,16.376567164179104,,,,,,,32.3,,1.2,0.9,0.9,0.9,,6.4,6.4,6.4,0.0,0.0,0.0,0.0,,,,,30.5,11.66419834710744,,,0.1524892561983471,,58.90512396694215,348.10591735537184,22.254115702479343,21.25011570247934,369.3560330578512,,0.6,,,,,,,24.42287603305785,,,80.24132231404958,0.0,,,10.56,,5.2,5.2,,13.6,13.6,0.0,0.0,,,0.0,0.241745455,0.1,0.0,0.5,0.0,2.0,0.3,,,2.5
1941-04-30,1.81,76.34380165289257,,,,,,10.948760330578512,0.5950413223140496,,,,41.87900826446281,,,,10.698842975206611,,,,,83.66280991735539,0.0,,198.9223140495868,,,,,,,,24.529850746268657,,,,,,,32.70000000000001,,0.5,0.0,0.0,0.0,,9.6,9.6,9.6,0.0,0.0,0.0,0.0,,,,,34.9,9.324297520661156,,,8.282975206611571,,64.44297520661156,333.9193388429752,19.47457024793388,17.571570247933884,351.4909090909091,,0.5,,,,,,,19.588760330578516,,,85.0909090909091,0.0,,,20.4,,5.8,5.8,,13.9,13.9,0.0,0.0,,,0.0,0.446618182,0.6,0.0,1.0,0.0,1.5,0.6,,,3.6
1941-05-31,0.264,43.20733884297521,,,,,,21.70512396694215,21.846545454545456,,,,67.3289256198347,,,,7.827371900826447,,,,,177.63768595041327,0.0,,312.29553719008265,,,,,,,,40.405970149253726,,,,,,,34.5,,2.8,0.4,0.4,0.4,,12.7,12.7,12.7,0.0,0.0,0.0,0.0,,,,,65.7,0.0,,,23.59894214876033,,165.7705785123967,553.4253223140496,9.5605173553719,5.8659173553719,559.2912396694215,,1.3,,,,,,,20.4323305785124,,,33.26479338842975,0.7,,,5.13,,7.2,7.2,,13.6,13.6,0.0,0.0,,,0.0,1.536158678,1.7,0.0,1.7,1.0,2.5,1.02,,,3.8
1941-06-30,3.4,21.3500826446281,,,,,,8.806611570247934,9.181487603305785,,,,24.551404958677686,,,,1.7732231404958678,,,,,77.05785123966942,0.0,,114.90247933884298,,,,,,,,41.810447761194034,,,,,,,30.5,,6.5,5.1,5.1,5.1,,12.7,12.7,12.7,0.0,0.0,0.0,0.0,,,,,70.0,2.4039669421487604,,,16.012561983471077,,47.68661157024793,187.2,2.251028099173554,1.8446280991735535,189.0446280991736,,1.1,,,,,,,26.336528925619834,,,11.127272727272729,0.7,,,14.62,,7.2,7.2,,12.6,12.6,0.0,0.0,,,0.2,1.648760331,2.2,0.0,2.3,2.4,3.2,1.38,,,3.7
1941-07-31,3.19,10.969388429752064,,,,,,2.7669421487603305,0.0719404958677685,,,,6.007338842975207,,,,0.768595041322314,,,,,26.568793388429757,0.0,,39.53652892561984,,,,,,,,32.31641791044776,,,,,,,21.1,,6.9,5.7,5.7,5.7,,12.7,12.7,12.7,0.0,0.0,0.0,0.0,,,,,64.6,13.84700826446281,,,0.0436561983471074,,5.884363636363636,95.73066446280993,1.0364347107438012,0.4974347107438016,96.22809917355372,,0.8,,,,,,,22.799603305785123,,,0.7993388429752066,0.7,,,-6.77,5.0,5.7,5.7,,11.1,11.1,0.0,0.0,,,0.8,1.98517686,2.5,0.0,2.5,2.5,3.7,1.5,,,3.6
1941-08-31,2.53,8.669752066115702,,,,,,0.5779834710743802,0.0,,,,3.3695206611570248,,,,0.3904462809917355,,,,,14.092958677685951,0.0,,26.16297520661157,,,,,,,,21.487910447761195,,,,,,,20.9,,6.9,5.8,5.8,5.8,,12.4,12.4,12.4,0.0,0.0,0.0,0.0,,,,,51.9,13.68099173553719,,,0.0061487603305785,,1.3342809917355372,26.520218181818187,0.9896330578512408,0.2576330578512397,26.77785123966942,,1.1,,,,,,,22.922578512396694,,,0.8608264462809917,1.8,,,-14.61,10.0,4.2,4.2,,4.6,4.6,0.0,0.0,,,1.1,2.005527273,2.0,0.0,2.5,2.4,3.6,1.5,,,3.0
1941-09-30,2.77,8.205619834710744,,,,,,0.3451239669421487,0.0,,,,2.4991735537190083,,,,0.3278677685950413,,,,,10.502479338842976,0.0,,18.065454545454543,,,,,,,,14.653283582089552,,,,,,,18.4,,6.7,5.6,5.6,5.6,,12.0,12.0,12.0,0.0,0.0,0.0,0.0,,,,,38.3,14.298842975206613,,,0.0126743801652892,,0.8925619834710744,20.476561983471075,0.7947190082644631,0.1297190082644628,20.606280991735535,,0.8,,,,,,,19.285289256198347,,,0.6545454545454545,0.9,,,-12.29,15.0,2.1,2.1,,1.7,1.7,0.0,0.0,,,0.9,1.977758678,1.0,0.0,2.5,2.8,3.5,1.5,,,2.8
1941-10-31,3.66,9.26003305785124,,,,,,0.3873719008264463,0.0,,,,2.514842975206612,,,,0.3836826446280991,,,,,9.88720661157025,0.0,,16.81071074380165,,,,,,,,11.58134328358209,,,,,,,18.6,,4.8,4.0,4.0,4.0,,4.4,4.4,4.4,0.0,0.0,0.0,0.0,,,,,30.3,14.904595041322311,,,0.0176469421487603,,1.6048264462809918,20.961123966942147,1.1173752066115692,0.2717752066115703,,,0.6,,,,,,,19.442380165289254,,,2.459504132231405,0.0,,,-9.91,21.0,1.5,1.5,,0.6,0.6,0.0,0.0,,,0.6,1.479352066,0.3,0.0,1.7,2.4,2.8,1.02,,,2.7
1941-11-30,3.15,10.56793388429752,,,,,,0.7140495867768595,0.0,,,,4.07603305785124,,,,0.7676033057851241,,,,,13.031404958677689,0.0,,20.582479338842976,,,,,,,,10.764626865671644,,,,,,,20.500000000000004,,2.9,2.2999999999999994,2.3,2.3,,4.7,4.7,4.7,0.0,0.0,0.0,0.0,,,,,22.4,14.304793388429752,,,0.0642644628099173,,4.748429752066116,2.457520661157025,2.247152066115703,1.4697520661157024,,,0.6,,,,,,,22.70677685950413,,,5.652892561983471,0.0,,,-0.02,66.0,0.3,0.3,,1.7,1.7,0.0,0.0,,,0.4,0.745269421,0.0,0.0,0.8,1.3,2.1,0.48,,,2.2
1941-12-31,4.85,69.35801652892562,,,,,,7.009586776859504,2.127471074380165,,,,39.69639669421488,,,,10.360661157024794,,,,,78.27371900826448,0.0,,174.56330578512396,,,,,,,,12.10373134328358,,,,,,,29.7,,6.6,5.299999999999999,5.3,5.3,,6.4,6.4,6.4,0.0,0.0,0.0,0.0,,,,,31.6,12.31596694214876,,,0.2508694214876033,,53.254413223140496,270.7299173553719,22.503813223140504,24.982413223140497,,,0.7,,,,,,,23.9801652892562,,,64.99239669421488,0.0,,,9.86,71.2,5.0,5.0,,12.9,12.9,0.0,0.0,,,0.2,0.277864463,0.0,0.0,0.8,0.0,2.3,0.48,,,1.3
1942-01-31,5.46,72.12495867768595,,,,,,7.624462809917356,0.0,,,,59.19411570247934,,,,18.667636363636365,,,,,98.01123966942149,0.0,,239.801652892562,,,,,,,,13.419402985074626,,,,,,,25.8,,6.1,5.4,5.4,5.4,,7.6,7.6,7.6,0.0,0.0,0.0,0.0,,,,,40.6,10.846413223140496,,,0.2754644628099174,,91.18611570247934,420.2062809917355,26.62248099173554,29.606280991735535,,,1.0,,,,,,,23.5497520661157,,,94.93685950413224,0.0,,,3.37,72.3,6.1,6.1,,13.5,13.5,0.0,0.0,,,0.2,0.0,0.0,0.0,0.9,0.0,2.1,0.54,,,2.1
1942-02-28,4.7,95.30181818181818,,,,,,4.776198347107438,0.0,,,,58.258512396694215,,,,19.90452892561984,,,,,88.69289256198347,0.0,,246.97388429752067,,,,,,,,14.13955223880597,,,,,,,25.7,,3.6,3.2,3.2,3.2,,8.3,8.3,8.3,0.0,0.0,0.0,0.0,,,,,36.0,10.013355371900827,,,7.247603305785124,,92.02512396694216,454.6274380165289,40.60798842975207,42.16938842975207,,,0.8,,,,,,,19.6601652892562,,,124.6809917355372,0.0,,,-6.86,70.9,4.2,4.2,,12.2,12.2,0.0,0.0,,,0.2,0.0,0.1,0.0,0.7,0.0,1.1,0.42,,,0.6
1942-03-31,4.29,27.40502479338843,,,,,,4.365619834710744,0.0,,,,26.07074380165289,,,,7.181752066115703,,,,,49.98327272727273,0.0,,106.18909090909092,,,,,,,,16.376567164179104,,,,,,,28.1,,2.7,2.2999999999999994,2.3,2.3,,9.0,9.0,9.0,0.0,0.0,0.0,0.0,,,,,28.3,12.32211570247934,,,4.759140495867769,,40.40965289256199,197.6826446280992,11.46326611570248,11.82406611570248,,,1.1,,,,,,,25.01930578512397,,,49.92793388429752,0.0,,,-0.11,70.9,2.7,2.7,,12.4,12.4,0.0,0.0,,,0.1,0.313666116,0.1,0.0,1.4,0.0,1.8,0.84,,,3.1
1942-04-30,0.065,55.148429752066114,,,,,,14.75702479338843,0.0952066115702479,,,,57.87371900826447,,,,14.310743801652892,,,,,114.90247933884298,0.0,,252.95206611570248,,,,,,,,24.529850746268657,,,,,,,28.3,,3.8,3.1,3.1,3.1,,10.6,10.6,10.6,0.0,0.0,0.0,0.0,,,,,44.0,2.2254545454545456,,,12.10909090909091,,98.59834710743802,441.10413223140495,23.35147603305785,25.57487603305785,,,1.0,,,,,,,12.698181818181816,,,95.32561983471076,0.7,,,14.49,71.7,5.5,5.5,,13.0,13.0,0.0,0.0,,,0.1,0.302479339,0.6,0.0,0.7,0.0,1.5,0.42,,,3.8
1942-05-31,4.16,39.53038016528926,,,,,,11.313719008264464,16.878347107438017,,,,70.6492561983471,,,,12.076165289256195,,,,,137.9781818181818,0.0,,260.64595041322315,,,,,,,,40.405970149253726,,,,,,,31.3,,7.4,6.3,6.3,6.3,,12.2,12.2,12.2,0.0,0.0,0.0,0.0,,,,,58.8,0.2871471074380166,,,19.66373553719008,,121.80694214876031,470.441652892562,14.046639669421491,17.65923966942149,,,1.1,,,,,,,20.143338842975208,,,57.73685950413224,1.4,,,9.45,72.0,5.3,5.3,,13.4,13.4,0.0,0.0,,,0.2,1.0008,1.7,0.0,0.8,1.6,2.1,0.48,,,3.7
1942-06-30,4.61,28.08595041322314,,,,,,8.568595041322315,20.219504132231403,,,,52.16727272727272,,,,4.046280991735538,,,,,128.23140495867764,0.0,,191.54380165289257,,,,,,,,41.810447761194034,,,,,,,24.1,,7.0,6.3,6.3,6.3,,12.7,12.7,12.7,0.0,0.0,0.0,0.0,,,,,70.1,1.0770247933884298,,,18.07140495867769,,104.90578512396694,358.03636363636366,4.17679173553719,6.36099173553719,,,1.1,,,,,,,20.350413223140496,,,14.51900826446281,1.0,,,12.86,70.9,7.3,7.3,,12.3,12.3,0.0,0.0,,,0.4,1.904568595,2.2,0.0,2.6,2.2,2.1,1.56,,,4.4
1942-07-31,4.38,13.23213223140496,,,,,,3.996694214876033,0.0,,,,8.313123966942147,,,,1.1252231404958677,,,,,38.89090909090909,0.0,,54.742413223140495,,,,,,,,32.31641791044776,,,,,,,22.6,,6.4,5.6,5.6,5.6,,12.7,12.7,12.7,0.0,0.0,0.0,0.0,,,,,63.4,14.17289256198347,,,1.3711735537190082,,11.787173553719008,84.11504132231406,1.4167256198347105,1.1129256198347108,,,0.8,,,,,,,23.68502479338843,,,2.7054545454545456,0.7,,,-5.04,66.0,5.6,5.6,,11.3,11.3,0.0,0.0,,,0.6,2.045375207,2.5,0.0,2.6,2.5,3.5,1.56,,,3.9
1942-08-31,3.68,9.76423140495868,,,,,,0.4857520661157025,0.0,,,,3.609322314049587,,,,0.5109619834710744,,,,,16.71847933884297,0.0,,23.56204958677686,,,,,,,,21.487910447761195,,,,,,,23.4,,6.6,5.7,5.7,5.7,,6.8,6.8,6.8,0.0,0.0,0.0,0.0,,,,,56.3,14.17289256198347,,,0.0106988429752066,,1.6417190082644628,33.76284297520661,1.3217652892561984,0.3209652892561983,,,0.6,,,,,,,25.320595041322317,,,1.475702479338843,2.0,,,-16.08,61.0,3.9,3.9,,9.4,9.4,0.0,0.0,,,0.6,2.096687603,2.0,0.0,3.1,2.6,3.4,1.86,,,3.1
1942-09-30,3.4,8.812561983471074,,,,,,0.2499173553719008,0.0,,,,2.737190082644628,,,,0.3439338842975207,,,,,11.567603305785122,0.0,,19.642314049586776,,,,,,,,14.653283582089552,,,,,,,18.9,,6.0,5.1,5.1,5.1,,6.3,6.3,6.3,0.0,0.0,0.0,0.0,,,,,45.5,14.16198347107438,,,0.0263603305785124,,0.9877685950413224,25.134545454545453,1.2751355371900837,0.1517355371900826,,,0.5,,,,,,,19.886280991735536,,,1.5471074380165288,0.2,,,-11.01,53.0,2.3,2.3,,5.6,5.6,0.0,0.0,,,0.5,2.135385124,1.0,0.0,2.8,2.4,3.1,1.68,,,2.7
1942-10-31,2.4800000000000004,8.091768595041323,,,,,,0.3504793388429752,0.0,,,,2.6193719008264464,,,,0.364006611570248,,,,,10.311471074380163,0.0,,19.288661157024794,,,,,,1.3957685950413223,,11.58134328358209,,,,,,,15.4,,4.5,3.8,3.8,3.8,,6.7,6.7,6.7,0.0,0.0,0.0,0.0,,,,,32.5,14.455735537190083,,,0.0464231404958677,,1.6355702479338845,24.164628099173555,0.6488347107438004,0.2742347107438017,,,0.6,,,,,,,16.275768595041324,,,1.1682644628099172,0.0,,,-5.62,45.0,0.9,0.9,,3.3,3.3,0.0,0.0,,,0.6,2.112297521,0.3,0.0,1.7,1.6,2.5,1.02,,,3.1
1942-11-30,3.3,12.25785123966942,,,,,,2.1421487603305787,0.0,,,,15.35206611570248,,,,3.7606611570247934,,,,,31.549090909090918,0.0,,50.47735537190083,,,,,,4.706776859504132,,10.764626865671644,,,,,,,22.0,,2.7,2.2999999999999994,2.3,2.3,,7.7,7.7,7.7,0.0,0.0,0.0,0.0,,,,,24.9,13.394380165289256,,,0.2505123966942149,,14.471404958677686,87.94710743801653,4.540548760330581,5.742148760330578,,,0.6,,,,,,,21.71900826446281,,,19.10082644628099,0.0,,,5.58,70.6,0.1,0.1,,13.6,13.6,0.0,0.0,,,0.4,1.295761983,0.0,0.0,0.8,0.0,1.4,0.48,,,3.9
1942-12-31,4.53,21.95722314049587,,,,,,4.1811570247933885,0.0,,,,33.283239669421484,,,,9.794975206611571,,,,,59.64297520661157,0.0,,125.92661157024791,,,,,,9.702743801652892,,12.10373134328358,,,,,,,35.00000000000001,,6.0,4.9,4.9,4.9,,8.8,8.8,8.8,0.0,0.0,0.0,0.0,,,,,26.2,12.537322314049586,,,0.2613223140495868,,31.45090909090909,211.82479338842973,11.767413223140496,15.310413223140497,,,1.3,,,,,,,24.527404958677685,,,40.27438016528926,0.0,,,7.73,71.9,4.9,4.9,,14.7,14.7,0.0,0.0,,,0.2,0.0,0.0,0.0,1.0,0.0,1.7,0.6,,,4.0
1943-01-31,4.53,59.40932231404959,,,,,,6.025785123966942,4.550082644628099,,,,71.44859504132232,,,,23.537454545454544,,,,,108.03371900826453,0.0,,270.23801652892564,,,,,,13.822413223140495,,13.419402985074626,,,,,,,35.1,,4.9,3.7,3.7,3.7,,9.8,9.8,9.8,0.0,0.0,0.0,0.0,,,,,34.2,10.692694214876033,,,0.3031338842975206,,95.73619834710745,495.9590082644628,41.63448099173553,44.48628099173554,,,1.1,,,,,,,22.356892561983475,,,144.49586776859505,0.0,,,-4.15,72.9,6.4,6.4,,14.7,14.7,0.0,0.0,,,0.2,0.0,0.0,0.0,0.9,0.0,0.7,0.54,,,2.7
1943-02-28,4.47,37.526479338842975,,,,,,4.720661157024794,0.0,,,,35.78261157024794,,,,11.068561983471074,,,,,61.20198347107438,0.0,,149.06181818181818,,,,,,7.219834710743801,,14.13955223880597,,,,,,,31.0,,5.6,4.599999999999999,4.6,4.6,,10.7,10.7,10.7,0.0,0.0,0.0,0.0,,,,,35.2,10.735338842975208,,,0.1838280991735537,,42.52482644628099,252.91636363636363,18.479238016528928,21.859438016528927,,,0.6,,,,,,,21.29851239669421,,,71.86512396694215,0.0,,,-3.01,71.4,5.4,5.4,,14.1,14.1,0.0,0.0,,,0.2,0.0,0.1,0.0,0.6,0.0,1.1,0.36,,,1.6
1943-03-31,5.18,65.91471074380165,,,,,,7.68595041322314,4.6115702479338845,,,,77.7203305785124,,,,23.56204958677686,,,,,124.51239669421484,0.0,,293.35735537190084,,,,,,20.321652892561985,,16.376567164179104,,,,,,,33.1,,6.4,5.5,5.5,5.5,,11.7,11.7,11.7,0.0,0.0,0.0,0.0,,,,,39.2,7.630611570247934,,,8.866512396694214,,109.81685950413222,532.9745454545455,39.39919504132232,43.92059504132231,,,1.3,,,,,,,23.752661157024797,,,140.25322314049586,0.0,,,10.5,72.1,5.3,5.3,,14.6,14.6,0.0,0.0,,,0.1,0.0,0.1,0.0,0.7,0.0,1.1,0.42,,,2.1
1943-04-30,4.21,41.22446280991736,,,,,,8.62809917355372,23.80760330578513,,,,64.85950413223141,,,,7.68198347107438,,,,,130.25454545454545,0.0,,226.11570247933884,,,,,,45.8895867768595,,24.529850746268657,,,,,,,33.9,,5.8,4.8,4.8,4.8,,12.1,12.1,12.1,0.0,0.0,0.0,0.0,,,,,49.9,4.5639669421487605,,,15.500826446280993,,117.4611570247934,421.1702479338843,10.759059504132228,13.096859504132231,,,1.4,,,,,,,23.605289256198347,,,40.522314049586775,0.3,,,11.22,72.0,6.9,6.9,,14.6,14.6,0.0,0.0,,,0.1,0.473057851,0.6,0.0,1.9,0.1,1.5,1.14,,,2.1
1943-05-31,5.34,26.09533884297521,,,,,,15.617851239669422,11.971636363636364,,,,39.07537190082645,,,,3.191206611570247,,,,,107.5418181818182,0.0,,157.83867768595042,,,,,,44.40019834710744,,40.405970149253726,,,,,,,34.9,,7.4,6.599999999999999,6.6,6.6,,12.6,12.6,12.6,0.0,0.0,0.0,0.0,,,,,70.2,2.3303801652892564,,,16.94598347107438,,81.16363636363636,278.9077685950413,4.596494214876036,6.228694214876033,,,1.9,,,,,,,27.724760330578512,,,21.397685950413223,1.3,,,10.27,71.4,7.5,7.5,,14.1,14.1,0.0,0.0,,,0.2,1.953699174,1.7,0.0,2.6,2.2,2.7,1.56,,,3.5
1943-06-30,4.77,16.530247933884297,,,,,,9.10413223140496,0.5159008264462811,,,,14.191735537190082,,,,2.6122314049586777,,,,,57.028760330578514,0.0,,88.12561983471075,,,,,,15.32826446280992,,41.810447761194034,,,,,,,23.1,,6.0,5.3,5.3,5.3,,12.8,12.8,12.8,0.0,0.0,0.0,0.0,,,,,70.0,0.743801652892562,,,16.94082644628099,,44.08066115702479,151.497520661157,3.735971900826447,3.195371900826446,,,1.7,,,,,,,22.29619834710744,,,10.115702479338845,0.6,,,-1.32,70.3,3.6,3.6,,13.0,13.0,0.0,0.0,,,0.4,1.869123967,2.2,0.0,3.2,2.4,2.7,1.92,,,3.3
1943-07-31,3.54,10.262280991735537,,,,,,1.5986776859504133,0.0,,,,4.91900826446281,,,,0.8116363636363636,,,,,21.28700826446281,0.0,,32.42856198347108,,,,,,3.4310082644628097,,32.31641791044776,,,,,,,17.4,,6.4,5.7,5.7,5.7,,12.8,12.8,12.8,0.0,0.0,0.0,0.0,,,,,59.2,14.25897520661157,,,0.0404588429752066,,2.8038347107438018,45.13804958677686,1.68347438016529,0.5238743801652893,,,0.6,,,,,,,18.686082644628097,,,2.275041322314049,1.0,,,-5.33,65.2,1.1,1.1,,12.5,12.5,0.0,0.0,,,0.6,2.110909091,2.5,0.0,3.7,2.4,3.2,2.22,,,3.4
1943-08-31,3.35,8.645157024793388,,,,,,0.3812231404958677,0.0,,,,3.0682314049586776,,,,0.4058181818181818,,,,,12.660297520661157,0.0,,22.32,,,,,,2.8161322314049584,,21.487910447761195,,,,,,,17.200000000000003,,7.3,6.3,6.3,6.3,,10.2,10.2,10.2,0.0,0.0,0.0,0.0,,,,,48.1,14.46803305785124,,,0.0087312396694214,,1.1006280991735535,28.917619834710745,1.6030578512396685,0.2090578512396694,,,0.6,,,,,,,18.981223140495867,,,1.7831404958677686,1.6,,,-9.44,61.7,0.0,0.0,,9.2,9.2,0.0,0.0,,,0.6,0.942347107,2.0,0.0,4.0,2.4,3.6,2.4,,,3.1
1943-09-30,2.31,7.158347107438017,,,,,,0.2261157024793388,0.0,,,,2.267107438016529,,,,0.2683636363636363,,,,,9.443305785123966,0.0,,21.22512396694215,,,,,,0.4165289256198347,,14.653283582089552,,,,,,,17.4,,7.4,6.4,6.4,6.4,,8.0,8.0,8.0,0.0,0.0,0.0,0.0,,,,,36.8,14.120330578512396,,,0.0138644628099173,,0.6009917355371901,30.162644628099173,1.1931190082644625,0.1297190082644628,,,0.8,,,,,,,17.274049586776858,,,0.2975206611570248,0.0,,,-11.7,54.8,0.3,0.3,,2.2,2.2,0.0,0.0,,,0.5,0.505190083,1.0,0.0,3.8,2.4,3.7,2.28,,,3.0
1943-10-31,2.18,7.298578512396694,,,,,,0.4611570247933884,0.0,,,,2.6870082644628104,,,,0.4002842975206611,,,,,10.262280991735537,0.0,,14.437289256198348,,,,,,0.5066578512396694,,11.58134328358209,,,,,,,18.5,,4.9,4.199999999999998,4.2,4.2,,3.3,3.3,3.3,0.0,0.0,0.0,0.0,,,,,29.1,14.554115702479338,,,0.0287761983471074,,1.4388099173553717,38.93395041322314,0.9425388429752082,0.7993388429752066,,,0.7,,,,,,,19.399338842975208,,,1.5986776859504133,0.0,,,-8.15,33.9,0.3,0.3,,2.8,2.8,0.0,0.0,,,0.6,0.40488595,0.3,0.0,1.9,2.2,2.8,1.14,,,3.2
1943-11-30,2.24,8.050909090909093,,,,,,0.4343801652892562,0.0,,,,2.915702479338843,,,,0.4891239669421488,,,,,10.234710743801651,0.0,,16.637355371900828,,,,,,0.4343801652892562,,10.764626865671644,,,,,,,18.9,,4.7,3.7,3.7,3.7,,3.4,3.4,3.4,0.0,0.0,0.0,0.0,,,,,17.4,13.638347107438015,,,0.0309421487603305,,2.8859504132231404,27.95504132231405,0.2377834710743802,2.64198347107438,,,0.5,,,,,,,19.856528925619838,,,2.023140495867769,0.0,,,-7.76,27.2,0.2,0.2,,2.3,2.3,0.0,0.0,,,0.4,0.0,0.0,0.0,0.1,1.1,2.1,0.06,,,3.3
1943-12-31,2.78,9.413752066115702,,,,,,0.4488595041322314,0.0,,,,3.744595041322314,,,,0.744,,,,,10.901752066115703,0.0,,16.21428099173554,,,,,,0.244105785123967,,12.10373134328358,,,,,,,21.9,,5.2,4.199999999999998,4.2,4.2,,1.4,1.4,1.4,0.0,0.0,0.0,0.0,,,,,9.72,10.91404958677686,,,0.0331418181818181,,4.636165289256199,27.33123966942149,1.903320661157026,4.857520661157025,,,0.8,,,,,,,22.246214876033054,,,6.763636363636364,0.0,,,-15.01,28.2,0.0,0.0,,5.0,5.0,0.0,0.0,,,0.2,0.0,0.0,0.0,0.1,0.5,2.1,0.06,,,3.4
1944-01-31,3.18,12.56806611570248,,,,,,0.4673057851239669,0.0,,,,7.286280991735537,,,,2.0782809917355367,,,,,14.381950413223144,0.0,,25.185322314049586,,,,,,0.4347173553719008,,13.419402985074626,,,,,,,20.2,,2.4,2.099999999999999,2.1,2.1,,1.0,1.0,1.0,0.0,0.0,0.0,0.0,,,,,6.39,5.0419834710743805,,,0.0523874380165289,,9.579768595041324,32.86512396694215,4.182576859504132,4.8267768595041325,,,1.0,,,,,,,23.002512396694215,,,13.404297520661157,0.0,,,-17.15,44.2,0.3,0.3,,9.1,9.1,0.0,0.0,,,0.2,0.0,0.0,0.0,0.6,0.0,1.9,0.36,,,3.4
1944-02-29,3.74,21.857851239669422,,,,,,0.529190082644628,0.0,,,,12.832859504132228,,,,4.636165289256198,,,,,20.48310743801653,0.0,,49.25494214876032,,,,,,0.8973223140495866,,14.13955223880597,,,,,,,15.7,,2.1,1.7999999999999996,1.8,1.8,,0.6,0.6,0.6,0.0,0.0,0.0,0.0,,,,,3.28,7.029024793388431,,,0.0736264462809917,,18.74598347107438,77.59537190082645,18.0342694214876,18.567669421487604,,,0.8,,,,,,,21.74856198347108,,,37.503471074380165,0.0,,,1.63,70.9,7.3,7.3,,9.4,9.4,0.0,0.0,,,0.2,0.0,0.1,0.0,0.7,0.0,1.5,0.42,,,3.2
1944-03-31,4.86,32.3609256198347,,,,,,1.475702479338843,0.0,,,,22.24006611570248,,,,7.593719008264463,,,,,35.67510743801654,0.0,,84.42247933884298,,,,,,5.99504132231405,,16.376567164179104,,,,,,,26.9,,7.1,5.900000000000001,5.9,5.9,,0.5,0.5,0.5,0.0,0.0,0.0,0.0,,,,,1.43,8.386909090909091,,,0.1340429752066116,,31.87517355371901,158.45355371900826,16.72056694214876,21.24396694214876,,,1.0,,,,,,,26.31054545454545,,,55.523305785123966,0.0,,,-3.72,70.7,5.0,5.0,,13.3,13.3,0.0,0.0,,,0.1,0.238016529,0.1,0.0,1.2,0.0,1.3,0.72,,,3.4
1944-04-30,4.74,25.271404958677685,,,,,,5.414876033057851,0.0,,,,21.308429752066115,,,,6.497851239669422,,,,,47.662809917355375,0.0,,106.21487603305783,,,,,,12.680330578512397,,24.529850746268657,,,,,,,26.7,,7.0,6.2,6.2,6.2,,3.8,3.8,3.8,0.0,0.0,0.0,0.0,,,,,1.11,0.6545454545454545,,,0.1624462809917355,,19.469752066115703,149.53388429752067,8.075752066115703,10.829752066115702,,,1.0,,,,,,,26.91371900826446,,,17.196694214876032,0.0,,,2.08,71.2,7.2,7.2,,14.0,14.0,0.0,0.0,,,0.1,1.785123967,0.6,0.0,2.5,0.0,1.8,1.5,,,3.7
1944-05-31,4.51,25.351338842975206,,,,,,24.59504132231405,3.4494545454545453,,,,36.19160330578512,,,,4.740694214876032,,,,,107.35735537190078,0.0,,189.13586776859503,,,,,,47.11180165289256,,40.405970149253726,,,,,,,29.4,,7.3,6.5,6.5,6.5,,7.4,7.4,7.4,0.0,0.0,0.0,0.0,,,,,53.3,2.06598347107438,,,0.1291239669421487,,25.05619834710744,252.8370247933884,3.8906429752066094,5.490842975206611,,,1.2,,,,,,,28.677818181818186,,,9.653553719008263,0.2,,,72.8,71.2,7.4,7.4,,13.7,13.7,0.0,0.0,,,0.2,1.844628099,1.7,0.0,3.1,2.2,2.1,1.86,,,4.0
1944-06-30,4.6,14.28694214876033,,,,,,10.591735537190084,0.0,,,,11.335537190082643,,,,1.3031404958677686,,,,,47.57950413223141,0.0,,71.40495867768595,,,,,,14.304793388429752,,41.810447761194034,,,,,,,22.8,,6.5,5.6,5.6,5.6,,11.6,11.6,11.6,0.0,0.0,0.0,0.0,,,,,69.6,1.7553719008264463,,,0.2368264462809917,,17.87504132231405,106.03636363636365,1.7017421487603326,2.0469421487603308,,,1.0,,,,,,,22.510413223140496,,,4.284297520661157,0.5,,,0.18,70.1,5.6,5.6,,12.7,12.7,0.0,0.0,,,0.4,1.862479339,2.2,0.0,3.1,2.2,2.6,1.86,,,3.9
1944-07-31,3.47,9.020231404958675,,,,,,1.414214876033058,0.0,,,,3.467900826446281,,,,0.4107371900826446,,,,,16.429487603305784,0.0,,24.041652892561984,,,,,,3.30803305785124,,32.31641791044776,,,,,,,19.8,,7.2,6.2,6.2,6.2,,8.3,8.3,8.3,0.0,0.0,0.0,0.0,,,,,59.7,14.240528925619834,,,0.0370770247933884,,1.5310413223140495,38.52198347107438,0.1114429752066124,0.1340429752066116,,,0.7,,,,,,,21.293157024793388,,,0.4734545454545454,1.3,,,-10.25,60.0,3.8,3.8,,11.7,11.7,0.0,0.0,,,0.6,1.931504132,2.5,0.0,3.3,2.3,3.1,1.98,,,3.6
1944-08-31,2.96,7.415404958677686,,,,,,0.3012892561983472,0.0,,,,2.084429752066116,,,,0.2047537190082644,,,,,9.678148760330576,0.0,,15.550214876033058,,,,,,1.9983471074380168,,21.487910447761195,,,,,,,20.8,,7.7,6.5,6.5,6.5,,3.1,3.1,3.1,0.0,0.0,0.0,0.0,,,,,51.0,14.197487603305785,,,0.0105143801652892,,0.4605421487603305,20.063404958677687,0.3963818181818179,0.1149818181818182,,,0.7,,,,,,,21.40998347107438,,,0.3320330578512397,1.7,,,-12.5,55.7,2.3,2.3,,9.1,9.1,0.0,0.0,,,0.6,2.037619835,2.0,0.0,3.3,2.3,3.3,1.98,,,2.6
1944-09-30,2.4399999999999995,6.563305785123967,,,,,,0.0714049586776859,0.0,,,,1.67801652892562,,,,0.1636363636363636,,,,,7.66413223140496,0.0,,11.805619834710743,,,,,,1.0829752066115703,,14.653283582089552,,,,,,,22.4,,7.4,6.2,6.2,6.2,,0.6,0.6,0.6,0.0,0.0,0.0,0.0,,,,,42.3,13.816859504132232,,,0.0087471074380165,,0.1505454545454545,18.35107438016529,0.5997057851239669,0.1553057851239669,,,0.7,,,,,,,23.42677685950413,,,0.1666115702479338,1.0,,,-15.55,48.0,1.3,1.3,,7.5,7.5,0.0,0.0,,,0.5,1.842247934,1.0,0.0,3.3,2.2,3.2,1.98,,,2.5
1944-10-31,2.59,7.802776859504132,,,,,,0.3012892561983472,0.0,,,,1.992198347107438,,,,0.268700826446281,,,,,8.55292561983471,0.0,,16.1958347107438,,,,,,0.5189553719008264,,11.58134328358209,,,,,,,24.3,,5.0,4.300000000000001,4.3,4.3,,0.2,0.2,0.2,0.0,0.0,0.0,0.0,,,,,29.4,14.351206611570248,,,0.0218280991735537,,0.7194049586776858,28.579438016528925,1.032786776859504,0.6111867768595042,,,0.8,,,,,,,26.009256198347103,,,0.3381818181818182,1.8,,,-14.96,38.2,1.0,1.0,,3.1,3.1,0.0,0.0,,,0.6,1.420581818,0.3,0.0,2.2,2.2,2.4,1.32,,,2.8
1944-11-30,3.44,15.73289256198347,,,,,,1.368595041322314,0.0,,,,9.467107438016528,,,,2.243305785123967,,,,,21.082314049586778,0.0,,42.98578512396694,,,,,,2.362314049586777,,10.764626865671644,,,,,,,21.1,,5.7,4.5,4.5,4.5,,1.0,1.0,1.0,0.0,0.0,0.0,0.0,,,,,21.0,13.66214876033058,,,0.1350743801652892,,13.858512396694216,41.313719008264464,7.368319008264461,10.353719008264465,,,1.0,,,,,,,23.075702479338844,,,25.289256198347108,1.4,,,-2.46,70.2,0.0,0.0,,6.5,6.5,0.0,0.0,,,0.4,0.379140496,0.0,0.0,0.7,1.9,1.9,0.42,,,3.3
1944-12-31,4.01,21.926479338842977,,,,,,2.64396694214876,0.0682512396694215,,,,13.459636363636363,,,,3.4125619834710745,,,,,33.53533884297521,0.0,,67.75933884297521,,,,,,6.726743801652892,,12.10373134328358,,,,,,,24.5,,7.6,6.2,6.2,6.2,,1.9,1.9,1.9,0.0,0.0,0.0,0.0,,,,,17.4,11.41209917355372,,,0.1082181818181818,,14.855404958677688,103.42214876033056,6.10094214876033,10.95094214876033,,,0.9,,,,,,,25.603438016528926,,,21.028760330578518,0.3,,,-1.82,70.5,0.0,0.0,,13.1,13.1,0.0,0.0,,,0.2,0.0,0.0,0.0,0.5,0.2,1.8,0.3,,,3.4
1945-01-31,3.66,16.460231404958677,,,,,,2.152066115702479,0.0,,,,8.823471074380166,,,,2.5455867768595035,,,,,23.55590082644628,0.0,,48.0156694214876,,,,,,3.652363636363636,,13.419402985074626,,,,,,,26.7,,7.7,6.4,6.4,6.4,,2.8,2.8,2.8,0.0,0.0,0.0,0.0,,,,,9.36,14.06221487603306,,,0.0688661157024793,,10.040925619834711,72.06347107438016,3.0087933884297504,7.968793388429752,,,1.0,,,,,,,23.168528925619835,,,14.941487603305784,0.0,,,-4.0,70.4,1.1,1.1,,11.6,11.6,0.0,0.0,,,0.2,0.0,0.0,0.0,0.5,0.0,1.8,0.3,,,3.4
1945-02-28,3.1,62.0905785123967,,,,,,5.942479338842976,2.4380826446280994,,,,52.01613223140496,,,,17.521983471074382,,,,,81.41752066115703,0.0,,220.5937190082645,,,,,,12.212628099173552,,14.13955223880597,,,,,,,24.0,,5.5,4.9,4.9,4.9,,5.0,5.0,5.0,0.0,0.0,0.0,0.0,,,,,15.6,8.791537190082645,,,0.2332561983471074,,61.86842975206611,365.10148760330577,33.13680330578512,37.48760330578512,,,1.0,,,,,,,18.69381818181818,,,110.46347107438017,0.0,,,24.55,70.8,5.3,5.3,,13.3,13.3,0.0,0.0,,,0.2,0.0,0.1,0.0,0.4,0.0,1.2,0.24,,,3.1
1945-03-31,4.51,31.83213223140496,,,,,,3.504793388429752,0.0,,,,20.622942148760327,,,,5.982743801652891,,,,,38.638809917355374,0.0,,95.49024793388428,,,,,,5.386314049586776,,16.376567164179104,,,,,,,30.3,,6.8,6.3,6.3,6.3,,7.3,7.3,7.3,0.0,0.0,0.0,0.0,,,,,14.1,10.932495867768596,,,0.0799338842975206,,29.39107438016529,156.67041322314049,13.829819834710744,19.245619834710745,,,1.0,,,,,,,5.779834710743802,,,73.1702479338843,0.0,,,-11.15,71.0,5.7,5.7,,13.6,13.6,0.0,0.0,,,0.1,0.0,0.1,0.0,0.4,0.0,1.7,0.24,,,3.4
1945-04-30,4.49,28.72264462809917,,,,,,13.209917355371902,1.2019834710743802,,,,30.829090909090908,,,,7.705785123966942,,,,,73.36859504132231,0.0,,151.37851239669422,,,,,,27.97289256198347,,24.529850746268657,,,,,,,29.6,,6.7,6.2,6.2,6.2,,9.6,9.6,9.6,0.0,0.0,0.0,0.0,,,,,34.2,0.2933553719008264,,,0.1356694214876033,,28.83570247933884,220.46280991735537,9.462636363636369,13.483636363636364,,,1.1,,,,,,,7.759338842975207,,,46.175206611570246,0.0,,,23.59,71.7,6.8,6.8,,14.4,14.4,0.0,0.0,,,0.1,0.813282645,0.6,0.0,0.0,0.8,2.7,0.0,,,3.4
1945-05-31,4.16,27.58333884297521,,,,,,22.32,10.059371900826449,,,,43.02902479338842,,,,4.00899173553719,,,,,122.7907438016529,0.0,,212.00925619834712,,,,,,48.38459504132232,,40.405970149253726,,,,,,,35.1,,7.4,6.3,6.3,6.3,,11.5,11.5,11.5,0.0,0.0,0.0,0.0,,,,,68.4,4.703801652892562,,,5.9581487603305785,,79.01157024793389,333.4472727272727,4.678094214876031,6.972694214876033,,,1.5,,,,,,,28.72700826446281,,,13.158347107438017,0.5,,,26.63,70.9,7.4,7.4,,13.5,13.5,0.0,0.0,,,0.2,2.841957025,1.7,0.0,0.8,2.3,3.5,0.48,,,3.6
1945-06-30,4.25,16.298181818181817,,,,,,8.687603305785125,3.796363636363637,,,,19.33289256198347,,,,1.7494214876033058,,,,,58.129586776859504,0.0,,87.17355371900827,,,,,,20.86214876033058,,41.810447761194034,,,,,,,29.5,,7.0,5.9,5.9,5.9,,12.0,12.0,12.0,0.0,0.0,0.0,0.0,,,,,69.7,0.2546776859504133,,,16.78611570247934,,45.83603305785124,151.0809917355372,2.3350099173553724,3.022809917355372,,,1.3,,,,,,,27.312396694214875,,,7.140495867768595,0.7,,,-2.03,70.2,6.2,6.2,,12.7,12.7,0.0,0.0,,,0.4,2.840667769,2.2,0.0,2.4,2.5,3.3,1.44,,,3.6
1945-07-31,3.56,9.74578512396694,,,,,,1.1682644628099172,0.0,,,,4.728396694214877,,,,0.4851371900826446,,,,,18.778314049586776,0.0,,29.249652892561983,,,,,,4.96204958677686,,32.31641791044776,,,,,,,26.0,,7.4,6.3,6.3,6.3,,5.4,5.4,5.4,0.0,0.0,0.0,0.0,,,,,67.2,13.84700826446281,,,0.0903867768595041,,2.3057851239669422,42.998280991735534,0.0835586776859522,0.2545586776859503,,,0.7,,,,,,,27.28204958677686,,,0.6148760330578512,1.4,,,-15.67,62.5,4.7,4.7,,11.5,11.5,0.0,0.0,,,0.6,2.642161983,2.5,0.0,3.0,2.3,3.5,1.8,,,3.7
1945-08-31,3.36,8.128661157024792,,,,,,0.4673057851239669,0.0,,,,2.613223140495868,,,,0.2152066115702479,,,,,10.86485950413223,0.0,,22.670479338842974,,,,,,2.4656528925619834,,21.487910447761195,,,,,,,26.6,,7.6,6.2,6.2,6.2,,0.4,0.4,0.4,0.0,0.0,0.0,0.0,,,,,60.0,14.037619834710744,,,0.0160482644628099,,0.7562975206611571,36.136264462809926,0.86307438016529,0.1518743801652892,,,0.8,,,,,,,24.521256198347107,,,0.7993388429752066,1.8,,,-19.89,50.8,4.7,4.7,,4.7,4.7,0.0,0.0,,,0.6,3.156099174,2.0,0.0,3.4,2.2,3.6,2.04,,,3.3
1945-09-30,2.93,7.188099173553719,,,,,,0.2439669421487602,0.0,,,,1.91603305785124,,,,0.1719669421487603,,,,,8.128264462809915,0.0,,15.709090909090907,,,,,,0.4956694214876033,,14.653283582089552,,,,,,,22.2,,7.4,6.1,6.1,6.1,,0.4,0.4,0.4,0.0,0.0,0.0,0.0,,,,,46.6,13.715702479338844,,,0.0123173553719008,,0.3939173553719008,31.572892561983476,0.8588297520661172,0.1404297520661157,,,0.6,,,,,,,24.61090909090909,,,0.8330578512396695,1.8,,,-16.29,34.7,2.5,2.5,,2.2,2.2,0.0,0.0,,,0.5,2.967094215,1.0,0.0,3.3,2.3,3.4,1.98,,,2.9
1945-10-31,2.1500000000000004,8.854214876033058,,,,,,0.6087272727272727,0.0,,,,4.095074380165289,,,,0.4746842975206612,,,,,11.94704132231405,0.0,,12.875504132231406,,,,,,1.1867107438016529,,11.58134328358209,,,,,,,17.6,,4.9,4.1,4.1,4.1,,0.4,0.4,0.4,0.0,0.0,0.0,0.0,,,,,36.5,11.78102479338843,,,0.0731702479338843,,3.1973553719008265,25.3820826446281,1.4418429752066129,1.0268429752066115,,,0.8,,,,,,,20.49996694214876,,,3.1973553719008265,1.7,,,-9.25,26.2,2.4,2.4,,9.8,9.8,0.0,0.0,,,0.6,2.766743802,0.3,0.0,2.0,2.0,2.7,1.2,,,3.4
1945-11-30,3.67,16.411239669421487,,,,,,1.904132231404959,0.0,,,,12.031735537190082,,,,2.8621487603305784,,,,,23.29586776859504,0.0,,45.91338842975207,,,,,,3.4333884297520663,,10.764626865671644,,,,,,,16.2,,2.4,2.0000000000000004,2.0,2.0,,1.9,1.9,1.9,0.0,0.0,0.0,0.0,,,,,29.6,13.507438016528926,,,0.0981818181818181,,14.108429752066115,38.06479338842975,4.7260297520661165,5.468429752066116,,,1.0,,,,,,,23.117355371900825,,,13.804958677685953,1.0,,,7.56,70.7,0.7,0.7,,13.4,13.4,0.0,0.0,,,0.4,1.128595041,0.0,0.0,0.2,0.1,2.0,0.12,,,4.1
1945-12-31,4.22,71.87900826446281,,,,,,3.627768595041322,1.2051570247933887,,,,59.157223140495866,,,,22.596694214876027,,,,,84.60694214876031,0.0,,232.79206611570248,,,,,,10.25613223140496,,12.10373134328358,,,,,,,19.8,,5.4,3.7,3.7,3.7,,3.7,3.7,3.7,0.0,0.0,0.0,0.0,,,,,28.4,11.436694214876033,,,0.2748495867768595,,82.20892561983472,413.2581818181818,35.9162561983471,39.4012561983471,,,1.3,,,,,,,13.379702479338842,,,113.07570247933884,0.0,,,7.95,72.7,5.4,5.4,,15.0,15.0,0.0,0.0,,,0.2,1.041322314,0.0,0.0,0.0,0.2,1.5,0.0,,,4.1
1946-01-31,4.78,37.08932231404959,,,,,,4.550082644628099,0.0319120661157024,,,,30.75609917355372,,,,9.26003305785124,,,,,51.76641322314048,0.0,,122.54479338842977,,,,,,5.687603305785124,,13.419402985074626,,,,,,,28.3,,7.5,6.0,6.0,6.0,,5.6,5.6,5.6,0.0,0.0,0.0,0.0,,,,,26.8,12.838611570247934,,,0.0848528925619834,,44.68919008264462,214.5917355371901,13.85698181818182,18.938181818181818,,,1.2,,,,,,,0.5318677685950414,,,70.95669421487604,0.0,,,-8.74,70.6,4.8,4.8,,13.4,13.4,0.0,0.0,,,0.2,0.775140496,0.0,0.0,0.6,0.1,1.8,0.36,,,4.1
1946-02-28,3.86,20.654280991735536,,,,,,2.443636363636364,0.0,,,,14.028694214876031,,,,3.859834710743802,,,,,26.296859504132232,0.0,,58.53619834710744,,,,,,3.565487603305785,,14.13955223880597,,,,,,,26.6,,6.8,5.5,5.5,5.5,,7.4,7.4,7.4,0.0,0.0,0.0,0.0,,,,,18.6,12.645818181818182,,,0.0666446280991735,,26.746710743801653,111.35206611570248,7.566295867768597,11.268495867768594,,,1.4,,,,,,,1.5439338842975208,,,48.53950413223141,0.0,,,-6.26,71.2,5.1,5.1,,13.9,13.9,0.0,0.0,,,0.2,0.969520661,0.1,0.0,0.6,0.1,2.5,0.36,,,3.7
1946-03-31,4.15,24.26300826446281,,,,,,5.410909090909091,0.0,,,,28.745454545454542,,,,8.19629752066116,,,,,49.04866115702478,0.0,,116.70347107438016,,,,,,11.018578512396694,,16.376567164179104,,,,,,,22.8,,4.2,3.6,3.6,3.6,,9.2,9.2,9.2,0.0,0.0,0.0,0.0,,,,,16.6,13.004628099173551,,,0.1346578512396694,,33.41236363636364,197.00628099173557,12.990616528925615,15.79001652892562,,,1.3,,,,,,,11.32601652892562,,,55.277355371900825,0.0,,,14.11,71.5,5.4,5.4,,13.8,13.8,0.0,0.0,,,0.1,1.30353719,0.1,0.0,0.2,0.1,1.9,0.12,,,4.1
1946-04-30,1.0000000000000002,24.349090909090908,,,,,,14.340495867768595,4.206942148760331,,,,44.93752066115702,,,,8.300826446280992,,,,,94.49256198347108,0.0,,186.12892561983472,,,,,,35.43471074380165,,24.529850746268657,,,,,,,22.2,,1.1,0.5000000000000001,0.5,0.5,,11.1,11.1,11.1,0.0,0.0,0.0,0.0,,,,,36.7,6.509752066115703,,,1.7077685950413224,,72.23801652892563,312.3371900826446,8.010826446280992,7.580826446280992,,,1.4,,,,,,,14.025123966942148,,,32.90578512396694,0.0,,,32.41,72.2,7.4,7.4,,14.1,14.1,0.0,0.0,,,0.1,1.96522314,0.6,0.0,0.0,1.2,2.0,0.0,,,4.0
1946-05-31,0.0,16.417190082644627,,,,,,24.533553719008264,9.038677685950413,,,,44.51702479338843,,,,2.7239008264462807,,,,,128.69355371900826,0.0,,192.1487603305785,,,,,,51.95702479338843,,40.405970149253726,,,,,,,34.10000000000001,,7.2,4.300000000000001,4.3,4.3,,13.0,13.0,13.0,0.0,0.0,0.0,0.0,,,,,65.9,0.0531867768595041,,,17.18578512396694,,108.09520661157023,344.7609917355372,3.489132231404958,2.8161322314049584,,,1.4,,,,,,,18.827504132231404,,,21.27471074380165,0.0,,,18.25,71.3,7.5,7.5,,13.3,13.3,0.0,0.0,,,0.2,2.992661157,1.7,0.0,3.0,2.6,2.7,1.8,,,4.1
1946-06-30,3.62,11.03801652892562,,,,,,9.044628099173554,0.0,,,,11.234380165289256,,,,0.8390082644628103,,,,,51.292561983471074,0.0,,69.85785123966942,,,,,,13.840661157024794,,41.810447761194034,,,,,,,28.4,,7.2,6.0,6.0,6.0,,11.4,11.4,11.4,0.0,0.0,0.0,0.0,,,,,70.1,2.064793388429752,,,10.53818181818182,,25.78909090909091,110.73719008264464,1.4907173553718989,1.689917355371901,,,0.7,,,,,,,21.1299173553719,,,8.15206611570248,0.0,,,-6.53,70.2,7.2,7.2,,12.2,12.2,0.0,0.0,,,0.4,2.723900826,2.2,0.0,3.1,2.5,3.4,1.86,,,4.0
1946-07-31,2.65,8.116363636363637,,,,,,1.2912396694214876,0.0,,,,3.947504132231405,,,,0.3676958677685951,,,,,18.292561983471074,0.0,,26.94386776859504,,,,,,3.855272727272727,,32.31641791044776,,,,,,,26.7,,7.1,5.8,5.8,5.8,,9.7,9.7,9.7,0.0,0.0,0.0,0.0,,,,,61.8,13.822413223140495,,,0.2164363636363636,,1.9245619834710743,45.494677685950414,0.4242909090909102,0.3922909090909091,,,0.8,,,,,,,27.81084297520661,,,0.6763636363636364,1.5,,,-16.32,57.9,5.0,5.0,,10.2,10.2,0.0,0.0,,,0.6,2.522975207,2.5,0.0,3.0,2.3,3.4,1.8,,,4.1
1946-08-31,2.55,6.960396694214876,,,,,,0.2459504132231404,0.0,,,,2.3734214876033057,,,,0.1893818181818182,,,,,10.938644628099173,0.0,,19.829752066115702,,,,,,1.5494876033057852,,21.487910447761195,,,,,,,25.7,,7.8,6.4,6.4,6.4,,9.5,9.5,9.5,0.0,0.0,0.0,0.0,,,,,48.4,14.701685950413223,,,0.1026842975206611,,0.7808925619834711,35.54598347107438,0.184671074380164,0.2674710743801652,,,0.8,,,,,,,26.57494214876033,,,0.2582479338842975,1.6,,,-19.85,44.8,3.2,3.2,,5.5,5.5,0.0,0.0,,,0.6,2.813355372,2.0,0.0,2.9,2.3,3.6,1.74,,,3.5
1946-09-30,1.55,5.5279338842975205,,,,,,0.0892561983471074,0.0,,,,2.207603305785124,,,,0.1814876033057851,,,,,8.883966942148758,0.0,,13.602644628099174,,,,,,1.2674380165289256,,14.653283582089552,,,,,,,25.3,,7.5,6.1,6.1,6.1,,5.1,5.1,5.1,0.0,0.0,0.0,0.0,,,,,35.8,14.28099173553719,,,0.1404297520661157,,0.6902479338842975,28.550082644628095,-0.093520661157024,0.2784793388429751,,,0.7,,,,,,,27.098181818181818,,,0.1785123966942148,1.6,,,-19.7,31.7,2.0,2.0,,4.5,4.5,0.0,0.0,,,0.5,2.769719008,1.0,0.0,2.5,2.2,3.4,1.5,,,3.5
1946-10-31,1.58,6.191801652892562,,,,,,0.1106776859504132,0.0,,,,2.1889586776859504,,,,0.3055933884297521,,,,,9.247735537190083,0.0,,16.017520661157025,,,,,,1.1867107438016529,,11.58134328358209,,,,,,,24.3,,7.7,6.3,6.3,6.3,,3.8,3.8,3.8,0.0,0.0,0.0,0.0,,,,,29.0,14.781619834710744,,,0.0731702479338843,,,23.49441322314049,0.1400181818181813,1.8938181818181816,,,1.0,,,,,,,26.679471074380164,,,2.5209917355371902,1.6,,,-16.36,26.7,1.1,1.1,,2.1,2.1,0.0,0.0,,,0.6,2.905269421,0.3,0.0,2.4,2.2,2.5,1.44,,,4.1
1946-11-30,1.7,11.698512396694214,,,,,,1.487603305785124,0.0815206611570248,,,,8.788760330578512,,,,1.8089256198347108,,,,,22.91504132231405,0.0,,35.113388429752064,,,,,,3.040661157024793,,10.764626865671644,,,,,,,15.499999999999996,,6.3,5.3,5.3,5.3,,2.6,2.6,2.6,0.0,0.0,0.0,0.0,,,,,21.4,13.81090909090909,,,0.1392396694214875,,,24.438347107438016,4.167828099173554,6.884628099173554,,,0.8,,,,,,,19.630413223140497,,,6.8429752066115705,0.8,,,2.21,61.7,3.7,3.7,,11.8,11.8,0.0,0.0,,,0.4,1.991464463,0.0,0.0,1.4,1.2,2.0,0.84,,,4.0
1946-12-31,2.98,14.830809917355372,,,,,,1.5986776859504133,0.0,,,,8.682049586776857,,,,2.5209917355371894,,,,,20.97957024793388,0.0,,48.476826446281,,,,,,2.4718016528925624,,12.10373134328358,,,,,,,25.5,,7.2,5.8,5.8,5.8,,1.4,1.4,1.4,0.0,0.0,0.0,0.0,,,,,12.8,14.621752066115702,,,0.0817785123966942,,,71.75603305785124,5.040547107438016,9.438347107438016,,,0.4,,,,,,,25.744859504132236,,,20.41388429752066,0.0,,,-7.81,70.3,0.0,0.0,,5.5,5.5,0.0,0.0,,,0.2,2.209864463,0.0,0.0,0.9,0.1,1.9,0.54,,,4.1
1947-01-31,2.94,9.438347107438016,,,,,,0.9223140495867768,0.0,,,,4.113520661157025,,,,0.8116363636363636,,,,,12.684892561983473,0.0,,19.9158347107438,,,,,,1.389619834710744,,13.419402985074626,,,,,,,19.6,,3.2,2.6,2.6,2.6,,0.9,0.9,0.9,0.0,0.0,0.0,0.0,,,,,6.8,10.735735537190084,,,0.0327114049586776,,,44.81216528925619,0.6828859504132239,2.053685950413223,,,0.7,,,,,,,21.735867768595043,,,4.1811570247933885,0.0,,,-5.13,58.2,0.0,0.0,,7.2,7.2,0.0,0.0,,,0.2,1.103444628,0.0,0.0,0.9,0.1,2.0,0.54,,,4.1
1947-02-28,2.99,23.819900826446283,,,,,,3.3877685950413223,0.2893487603305785,,,,18.643834710743803,,,,4.903933884297522,,,,,36.22690909090909,0.0,,81.25090909090909,,,,,,7.503074380165289,,14.13955223880597,,,,,,,12.7,,2.1,1.8,1.8,1.8,,2.8,2.8,2.8,0.0,0.0,0.0,0.0,,,,,7.53,8.202842975206611,,,0.1349553719008264,,,120.01586776859504,7.69890743801653,8.74710743801653,,,0.8,,,,,,,17.888528925619834,,,21.49289256198347,0.1,,,16.25,70.5,4.7,4.7,,12.7,12.7,0.0,0.0,,,0.2,2.134175207,0.1,0.0,0.6,0.1,1.7,0.36,,,3.7
1947-03-31,3.71,31.63537190082645,,,,,,6.702148760330578,0.0,,,,29.5878347107438,,,,9.92409917355372,,,,,58.58538842975207,0.0,,144.7418181818182,,,,,,11.750280991735536,,16.376567164179104,,,,,,,22.0,,2.6,2.099999999999999,2.1,2.1,,4.7,4.7,4.7,0.0,0.0,0.0,0.0,,,,,16.9,4.777586776859504,,,0.1813884297520661,,32.871272727272725,230.51702479338843,14.97763305785124,15.95603305785124,,,1.1,,,,,,,4.144264462809918,,,64.13157024793388,1.1,,,11.76,71.9,4.9,4.9,,14.2,14.2,0.0,0.0,,,0.1,3.247438017,0.1,0.0,0.7,0.1,2.0,0.42,,,4.1
1947-04-30,2.98,29.39504132231405,,,,,,13.804958677685953,0.0,,,,21.058512396694216,,,,5.87900826446281,,,,,59.41487603305785,0.0,,124.48264462809918,,,,,,23.51603305785124,,24.529850746268657,,,,,,,16.4,,3.3,2.1,2.1,2.1,,6.6,6.6,6.6,0.0,0.0,0.0,0.0,,,,,38.4,0.1844628099173553,,,0.0678347107438016,,19.612561983471075,178.57190082644627,6.359861157024797,6.640661157024794,,,0.9,,,,,,,3.84396694214876,,,26.657851239669423,1.1,,,29.48,70.7,6.3,6.3,,13.1,13.1,0.0,0.0,,,0.1,2.660826446,0.6,0.0,0.9,0.2,2.0,0.54,,,4.0
1947-05-31,4.38,13.5641652892562,,,,,,14.572561983471074,0.4550082644628099,,,,9.83801652892562,,,,0.996099173553719,,,,,46.44773553719008,0.0,,68.00528925619835,,,,,,24.244561983471076,,40.405970149253726,,,,,,,25.4,,5.9,4.599999999999999,4.6,4.6,,8.6,8.6,8.6,0.0,0.0,0.0,0.0,,,,,61.0,0.2195107438016529,,,0.0265626446280991,,14.351206611570248,94.13752066115704,1.1336528925619849,0.9776528925619836,,,0.8,,,,,,,20.45077685950413,,,4.058181818181819,0.3,,,20.85,70.2,5.9,5.9,,12.3,12.3,0.0,0.0,,,0.2,3.024416529,1.7,0.0,2.5,2.0,2.8,1.5,,,4.1
1947-06-30,3.35,10.80595041322314,,,,,,3.8677685950413214,0.0,,,,6.277685950413223,,,,1.0234710743801654,,,,,26.72925619834711,0.0,,41.218512396694216,,,,,,7.509421487603306,,41.810447761194034,,,,,,,19.2,,6.5,5.5,5.5,5.5,,9.4,9.4,9.4,0.0,0.0,0.0,0.0,,,,,68.8,0.564099173553719,,,0.048793388429752,,5.03404958677686,57.71305785123967,1.6299735537190063,1.0591735537190083,,,0.7,,,,,,,20.51702479338843,,,0.3094214876033058,0.7,,,-9.15,68.9,4.0,4.0,,12.0,12.0,0.0,0.0,,,0.4,2.559808264,2.2,0.0,3.1,2.3,3.4,1.86,,,4.0
1947-07-31,2.53,7.575272727272727,,,,,,0.6087272727272727,0.0,,,,2.275041322314049,,,,0.2896066115702479,,,,,10.372958677685949,0.0,,19.233322314049587,,,,,,3.2219504132231407,,32.31641791044776,,,,,,,24.8,,7.7,6.5,6.5,6.5,,8.4,8.4,8.4,0.0,0.0,0.0,0.0,,,,,56.0,14.308165289256198,,,0.0212132231404958,,0.7132561983471074,28.093685950413224,0.5435818181818188,0.3381818181818182,,,0.8,,,,,,,23.77110743801653,,,0.1844628099173553,1.5,,,-18.08,62.5,3.0,3.0,,9.1,9.1,0.0,0.0,,,0.6,2.413130579,2.5,0.0,3.3,2.2,3.5,1.98,,,3.5
1947-08-31,2.13,5.927404958677686,,,,,,0.2705454545454546,0.0,,,,1.5679338842975206,,,,0.1549487603305785,,,,,7.304727272727272,0.0,,13.373553719008264,,,,,,1.2973884297520664,,21.487910447761195,,,,,,,25.4,,7.7,6.599999999999999,6.6,6.6,,7.5,7.5,7.5,0.0,0.0,0.0,0.0,,,,,44.1,14.338909090909093,,,0.0168476033057851,,0.1875371900826446,27.189818181818183,0.4681537190082649,0.2791537190082644,,,0.8,,,,,,,24.63193388429752,,,0.0922314049586776,1.5,,,-18.81,50.1,2.4,2.4,,6.6,6.6,0.0,0.0,,,0.6,2.478882645,2.0,0.0,3.5,2.8,3.3,2.1,,,2.8
1947-09-30,1.86,5.64099173553719,,,,,,0.1190082644628099,0.0,,,,1.44,,,,0.1261487603305785,,,,,6.039669421487603,0.0,,11.073719008264463,,,,,,1.0413223140495869,,14.653283582089552,,,,,,,19.8,,7.5,6.3,6.3,6.3,,6.9,6.9,6.9,0.0,0.0,0.0,0.0,,,,,32.3,13.876363636363635,,,0.0196363636363636,,0.084495867768595,23.474380165289254,0.7022082644628098,0.1190082644628099,,,0.7,,,,,,,19.939834710743803,,,0.0773553719008264,1.5,,,-13.54,39.3,1.1,1.1,,4.2,4.2,0.0,0.0,,,0.5,2.594201653,1.0,0.0,3.4,2.8,3.2,2.04,,,2.4
1947-10-31,2.55,11.45514049586777,,,,,,0.0922314049586776,0.0,,,,4.580826446280992,,,,0.9100165289256198,,,,,12.795570247933885,0.0,,18.858247933884297,,,,,,2.797685950413223,,11.58134328358209,,,,,,,11.7,,4.6,3.8,3.8,3.8,,5.3,5.3,5.3,0.0,0.0,0.0,0.0,,,,,21.6,14.025322314049587,,,0.0842380165289256,,3.732297520661157,27.78009917355372,1.5021917355371888,1.77699173553719,,,0.9,,,,,,,14.185190082644628,,,3.750743801652893,1.5,,,4.64,42.4,1.3,1.3,,10.0,10.0,0.0,0.0,,,0.6,2.979431405,0.3,0.0,1.9,2.4,2.4,1.14,,,3.7
1947-11-30,3.37,10.978512396694216,,,,,,0.7140495867768595,0.0,,,,3.457190082644628,,,,0.7438016528925618,,,,,12.097190082644628,0.0,,21.058512396694216,,,,,,2.0707438016528927,,10.764626865671644,,,,,,,14.8,,3.2,2.4,2.4,2.4,,3.6,3.6,3.6,0.0,0.0,0.0,0.0,,,,,15.6,13.953719008264462,,,0.04659173553719,,4.468760330578513,22.35570247933884,0.4151057851239668,2.243305785123967,,,0.8,,,,,,,16.3100826446281,,,5.0578512396694215,0.2,,,0.76,55.7,1.5,1.5,,9.9,9.9,0.0,0.0,,,0.4,0.0,0.0,0.0,0.1,0.9,1.9,0.06,,,4.0
1947-12-31,3.38,8.399206611570248,,,,,,0.565685950413223,0.0,,,,2.342677685950413,,,,0.4746842975206612,,,,,9.186247933884298,0.0,,16.995173553719006,,,,,,1.1621157024793387,,12.10373134328358,,,,,,,20.8,,3.4,2.6,2.6,2.6,,3.8,3.8,3.8,0.0,0.0,0.0,0.0,,,,,8.85,9.702743801652892,,,0.0406433057851239,,3.781487603305785,25.941619834710743,-0.4807933884297513,1.703206611570248,,,0.7,,,,,,,20.49996694214876,,,3.689256198347108,0.0,,,-8.33,55.7,3.6,3.6,,10.7,10.7,0.0,0.0,,,0.2,0.0,0.0,0.0,0.0,0.2,1.8,0.0,,,4.1
1948-01-31,4.27,24.8102479338843,,,,,,4.058181818181819,1.4203636363636365,,,,19.70677685950413,,,,6.284033057851239,,,,,45.82671074380165,0.0,,100.47074380165289,,,,,,11.596561983471076,,13.419402985074626,,,,,,,21.8,,4.0,3.2,3.2,3.2,,4.0,4.0,4.0,0.0,0.0,0.0,0.0,,,,,11.0,11.116958677685952,,,0.1807735537190082,,15.611702479338843,140.6221487603306,7.661289256198349,8.485289256198348,,,1.0,,,,,,,23.32839669421488,,,16.109752066115703,0.0,,,17.49,70.0,4.3,4.3,,11.2,11.2,0.0,0.0,,,0.2,0.0,0.0,0.0,0.0,0.0,1.8,0.0,,,0.0
1948-02-29,3.61,11.458115702479338,,,,,,1.553057851239669,0.0,,,,5.608264462809918,,,,1.41500826446281,,,,,15.058909090909095,0.0,,30.658512396694213,,,,,,2.335338842975207,,14.13955223880597,,,,,,,25.0,,3.6,2.999999999999999,3.0,3.0,,4.2,4.2,4.2,0.0,0.0,0.0,0.0,,,,,3.3,11.228033057851238,,,0.0655735537190082,,6.718413223140495,48.932826446281005,1.8410608098165704,1.8751735537190088,,,0.8,,,,,,,24.5785785123967,,,12.942148760330578,0.0,,,-7.88,70.2,3.1,3.1,,9.5,9.5,2.5,2.5,,,0.2,0.0,0.1,0.0,0.0,0.0,1.6,0.0,,,3.8
1948-03-31,3.92,30.682314049586772,,,,,,1.5986776859504133,0.0,,,,11.559669421487603,,,,3.7814876033057865,,,,,20.954975206611568,0.0,,43.6684958677686,,,,,,2.8222809917355374,,16.376567164179104,,,,,,,14.4,,2.4,1.9,1.9,1.9,,4.4,4.4,4.4,0.0,0.0,0.0,0.0,,,,,2.96,4.254942148760331,,,0.0694809917355371,,14.75702479338843,86.94347107438017,14.46866227961432,9.044826446280991,,,0.8,,,,,,,23.131636363636364,,,19.30710743801653,0.0,,,-1.08,70.9,7.3,7.3,,14.6,14.6,9.1,9.1,,,0.1,0.0,0.1,0.0,0.0,0.0,1.9,0.0,,,3.9
1948-04-30,4.31,68.84628099173554,,,,,,10.770247933884296,1.0889256198347108,,,,59.17090909090909,,,,19.86247933884297,,,,,96.45619834710745,0.0,,241.70578512396693,,,,,,20.118347107438016,,24.529850746268657,,,,,,,20.500000000000004,,3.6,3.3,3.3,3.3,,4.7,4.7,4.7,0.0,0.0,0.0,0.0,,,,,19.8,1.0532231404958678,,,0.2380165289256198,,55.30909090909091,395.1074380165289,22.45542316410862,14.28099173553719,,,0.6,,,,,,,3.0942148760330577,,,88.00661157024794,0.0,,,36.26,72.0,6.8,6.8,,15.7,15.7,20.8,20.8,,,0.1,0.0,0.6,0.0,0.2,0.5,1.0,0.12,,,4.0
1948-05-31,4.77,52.53500826446281,,,,,,19.553057851239668,5.546181818181818,,,,50.069355371900826,,,,9.74578512396694,,,,,121.0690909090909,0.0,,240.7239669421488,,,,,,43.69309090909091,,40.405970149253726,,,,,,,32.60000000000001,,6.1,5.299999999999999,5.3,5.3,,4.9,4.9,4.9,0.0,0.0,0.0,0.0,,,,,64.4,1.3527272727272728,,,0.1561785123966942,,81.96297520661157,394.8733884297521,9.5887351975038,8.608264462809917,,,0.8,,,,,,,17.812958677685952,,,45.00892561983471,0.0,,,20.95,71.9,7.3,7.3,,15.5,15.5,24.1,24.1,,,0.2,3.695404959,1.7,0.0,1.8,2.6,1.8,1.08,,,3.9
1948-06-30,4.43,26.925619834710744,,,,,,14.221487603305786,3.1894214876033056,,,,23.76595041322314,,,,2.4515702479338843,,,,,89.73223140495865,0.0,,137.7520661157025,,,,,,37.4102479338843,,41.810447761194034,,,,,,,32.4,,6.9,5.6,5.6,5.6,,10.8,10.8,10.8,0.0,0.0,0.0,0.0,,,,,69.9,2.7907438016528925,,,24.938181818181818,,84.37685950413223,258.0694214876033,-0.0455033871647857,2.796694214876033,,,1.6,,,,,,,26.57454545454545,,,12.85289256198347,0.0,,,6.04,70.5,7.5,7.5,,14.3,14.3,22.2,22.2,,,0.4,3.869157025,2.2,0.0,2.5,2.8,2.7,1.5,,,4.0
1948-07-31,3.86,12.291371900826446,,,,,,2.152066115702479,0.0,,,,5.0419834710743805,,,,0.707107438016529,,,,,24.21996694214876,0.0,,34.67900826446281,,,,,,3.492495867768595,,32.31641791044776,,,,,,,21.4,,4.7,4.1,4.1,4.1,,8.0,8.0,8.0,0.0,0.0,0.0,0.0,,,,,64.6,13.201388429752068,,,1.1006280991735535,,4.058181818181819,48.181685950413225,0.3129278748524226,0.8608264462809917,,,0.9,,,,,,,23.500561983471076,,,0.7378512396694215,0.9,,,-6.74,70.1,3.5,3.5,,13.8,13.8,18.5,18.5,,,0.6,4.29461157,2.5,0.0,3.6,2.9,3.4,2.16,,,2.9
1948-08-31,3.09,8.798876033057851,,,,,,0.4734545454545454,0.0,,,,2.6685619834710743,,,,0.2926809917355372,,,,,11.904,0.0,,22.02485950413223,,,,,,2.64396694214876,,21.487910447761195,,,,,,,21.5,,4.4,3.8,3.8,3.8,,4.2,4.2,4.2,0.0,0.0,0.0,0.0,,,,,60.8,13.730181818181816,,,0.0228119008264462,,1.0760330578512396,25.4681652892562,0.0030760920897286,0.309897520661157,,,0.8,,,,,,,23.064000000000004,,,0.1660165289256198,1.8,,,-11.35,69.8,1.5,1.5,,9.9,9.9,14.2,14.2,,,0.6,3.635702479,2.0,0.0,4.3,2.8,3.4,2.58,,,3.1
1948-09-30,3.27,8.193719008264463,,,,,,0.2677685950413223,0.0,,,,1.9517355371900824,,,,0.2070743801652893,,,,,8.562644628099173,0.0,,20.332561983471077,,,,,,2.0707438016528927,,14.653283582089552,,,,,,,20.2,,4.2,3.7,3.7,3.7,,0.4,0.4,0.4,0.0,0.0,0.0,0.0,,,,,48.0,13.965619834710743,,,0.0178512396694214,,0.6545454545454545,28.401322314049587,0.3006517827626909,0.3445289256198346,,,0.6,,,,,,,21.40363636363636,,,0.4879338842975205,1.7,,,-12.86,62.6,0.4,0.4,,2.8,2.8,9.9,9.9,,,0.5,2.725884298,1.0,0.0,4.3,2.9,3.3,2.58,,,2.7
1948-10-31,1.94,6.8189752066115705,,,,,,0.3012892561983472,0.0,,,,1.9245619834710743,,,,0.2367272727272727,,,,,8.571371900826446,0.0,,8.208595041322313,,,,,,0.8731239669421488,,11.58134328358209,,,,,,,25.6,,4.1,3.6,3.6,3.6,,0.4,0.4,0.4,0.0,0.0,0.0,0.0,,,,,34.0,14.394247933884298,,,0.0198604958677685,,,16.35570247933884,-0.0908475508373208,0.3652363636363637,,,0.8,,,,,,,27.454214876033056,,,2.7669421487603305,1.7,,,-15.82,59.0,0.4,0.4,,6.6,6.6,5.38,5.38,,,0.6,1.800039669,0.3,0.0,4.4,2.0,3.0,2.64,,,2.6
1948-11-30,2.53,8.86611570247934,,,,,,0.6545454545454545,0.0,,,,3.707107438016529,,,,0.7140495867768595,,,,,11.912727272727272,0.0,,15.518677685950411,,,,,,1.356694214876033,,10.764626865671644,,,,,,,23.5,,3.4,2.9,2.9,2.9,,0.4,0.4,0.4,0.0,0.0,0.0,0.0,,,,,21.8,13.733553719008263,,,0.0462347107438016,,,27.687272727272727,0.3840990980095451,1.0353719008264464,,,0.8,,,,,,,26.473388429752067,,,5.1173553719008265,1.2,,,-9.6,60.7,0.1,0.1,,9.6,9.6,3.0,3.0,,,0.4,0.0,0.0,0.0,1.9,0.8,1.8,1.14,,,0.0
1948-12-31,2.35,10.9878347107438,,,,,,0.5287933884297521,0.0,,,,4.980495867768595,,,,1.1559669421487604,,,,,10.975537190082644,0.0,,21.02261157024793,,,,,,0.4832925619834711,,12.10373134328358,,,,,,,24.1,,4.1,3.6,3.6,3.6,,0.4,0.4,0.4,0.0,0.0,0.0,0.0,,,,,10.0,13.902347107438016,,,0.0458082644628099,,,39.89930578512397,12.68941100478469,2.9083636363636365,,,0.8,,,,,,,26.85778512396694,,,12.051570247933885,0.0,,,-10.18,70.0,0.4,0.4,,11.2,11.2,12.5,12.5,,,0.2,0.0,0.0,0.0,0.5,0.2,2.0,0.3,,,0.0
1949-01-31,0.0,6.794380165289256,,,,,,0.5041983471074379,0.0,,,,3.72,,,,0.7562975206611571,,,,,9.075570247933886,0.0,,16.49097520661157,,,,,,0.5238743801652893,,13.419402985074626,,,,,,,24.8,,5.4,4.599999999999999,4.6,4.6,,0.4,0.4,0.4,0.0,0.0,0.0,0.0,,,,,3.0,7.544528925619835,,,0.0357242975206611,,,38.478942148760325,3.965880070838255,2.699305785123967,,,0.7,,,,,,,24.164628099173555,,,12.912396694214875,0.0,,,-17.5,70.5,0.5,0.5,,8.8,8.8,14.6,14.6,,,0.2,0.0,0.0,0.0,0.9,0.0,2.4,0.54,,,0.0
1949-02-28,0.0,10.002247933884298,,,,,,0.4720661157024793,0.0,,,,7.719669421487604,,,,1.8938181818181816,,,,,10.313256198347108,0.0,,19.76013223140496,,,,,,0.755305785123967,,14.13955223880597,,,,,,,19.300000000000004,,5.2,4.4,4.4,4.4,,1.9,1.9,1.9,0.0,0.0,0.0,0.0,,,,,2.1,1.116297520661157,,,0.0710876033057851,,,50.994247933884296,9.862350165289255,8.258380165289257,,,0.6,,,,,,,21.66505785123967,,,20.048925619834712,0.0,,,-18.39,70.7,0.6,0.6,,9.5,9.5,16.6,16.6,,,0.2,0.0,0.1,0.0,0.3,0.0,2.5,0.18,,,0.0
1949-03-31,3.15,42.83226446280992,,,,,,0.7378512396694215,0.0,,,,28.56714049586777,,,,9.59821487603306,,,,,32.15801652892562,0.0,,79.93388429752066,,,,,,1.906115702479339,,16.376567164179104,,,,,,,19.4,,4.7,3.9,3.9,3.9,,4.4,4.4,4.4,0.0,0.0,0.0,0.0,,,,,2.1,0.0529408264462809,,,0.0670214876033058,,,191.7798347107438,19.75448415584416,24.687272727272727,,,0.5,,,,,,,21.98181818181818,,,94.01454545454546,0.0,,,-15.29,71.4,6.3,6.3,,14.3,14.3,12.6,12.6,,,0.1,0.0,0.1,0.0,0.0,0.0,2.0,0.0,,,0.0
1949-04-30,4.06,32.47735537190082,,,,,,4.938842975206612,2.409917355371901,,,,52.10181818181818,,,,13.079008264462804,,,,,88.7206611570248,0.0,,188.21157024793388,,,,,,31.186115702479334,,24.529850746268657,,,,,,,25.7,,5.6,4.7,4.7,4.7,,6.9,6.9,6.9,0.0,0.0,0.0,0.0,,,,,23.4,0.120198347107438,,,0.264198347107438,,,291.21322314049587,22.377787201889017,8.229421487603306,,,0.7,,,,,,,8.175867768595042,,,36.11900826446281,0.0,,,51.78,70.9,7.3,7.3,,15.1,15.1,26.0,26.0,,,0.1,1.785123967,0.6,0.0,1.3,0.4,2.4,0.78,,,0.0
1949-05-31,3.6,21.496066115702483,,,,,,9.038677685950413,23.7219173553719,,,,53.00231404958678,,,,4.703801652892562,,,,,100.40925619834712,0.0,,166.63140495867768,,,,,,45.082710743801655,,40.405970149253726,,,,,,,33.4,,3.4,2.9,2.9,2.9,,8.9,8.9,8.9,0.0,0.0,0.0,0.0,,,,,50.6,0.1740099173553719,,,0.1076033057851239,,,263.0439669421488,4.015335179456906,0.7870413223140496,,,0.5,,,,,,,28.94836363636364,,,11.867107438016529,0.0,,,65.64,70.2,7.3,7.3,,14.5,14.5,26.2,26.2,,,0.2,5.216330579,1.7,0.0,2.5,2.0,2.0,1.5,,,0.0
1949-06-30,2.85,10.371570247933883,,,,,,6.0099173553719005,1.2138842975206612,,,,9.865785123966942,,,,0.910413223140496,,,,,34.625454545454545,0.0,,53.565619834710745,,,,,,8.419834710743801,,41.810447761194034,,,,,,,24.2,,5.6,4.9,4.9,4.9,,10.3,10.3,10.3,0.0,0.0,0.0,0.0,,,,,63.5,0.4331900826446281,,,0.0559338842975206,,,74.61818181818182,0.6239745034069835,0.3832066115702479,,,0.9,,,,,,,23.29586776859504,,,1.5471074380165288,0.0,,,-10.24,69.8,4.8,4.8,,13.6,13.6,24.14,24.14,,,0.4,4.48252562,2.2,0.0,3.3,2.4,3.2,1.98,,,1.5
1949-07-31,2.45,6.892760330578512,,,,,,0.5595371900826446,0.0,,,,3.148165289256198,,,,0.2853024793388429,,,,,12.205289256198348,0.0,,18.82135537190083,,,,,,2.6193719008264464,,32.31641791044776,,,,,,,24.1,,4.7,4.0,4.0,4.0,,9.6,9.6,9.6,0.0,0.0,0.0,0.0,,,,,51.3,12.432793388429753,,,0.0176469421487603,,,28.72700826446281,0.6531024223140451,0.1174413223140495,,,0.8,,,,,,,22.596694214876035,,,0.1291239669421487,1.4,,,-16.65,65.3,4.0,4.0,,12.8,12.8,19.52,19.52,,,0.6,4.408661157,2.5,0.0,4.8,2.4,3.4,2.88,,,1.5
1949-08-31,2.6,6.726743801652892,,,,,,0.2766942148760331,0.0,,,,2.121322314049587,,,,0.1740099173553719,,,,,8.516033057851242,0.0,,11.670347107438015,,,,,,2.3242314049586774,,21.487910447761195,,,,,,,24.2,,4.7,4.0,4.0,4.0,,9.2,9.2,9.2,0.0,0.0,0.0,0.0,,,,,37.3,14.05606611570248,,,0.0098995041322314,,,23.119338842975207,-0.2252191440377787,0.1162115702479338,,,0.8,,,,,,,23.199272727272728,,,0.1168264462809917,1.7,,,-15.89,56.6,2.9,2.9,,12.5,12.5,13.88,13.88,,,0.6,4.29048595,2.0,0.0,5.0,2.4,3.5,3.0,,,1.5
1949-09-30,1.72,5.123305785123967,,,,,,0.1785123966942148,0.0,,,,1.6244628099173557,,,,0.1469752066115702,,,,,6.783471074380163,0.0,,9.5801652892562,,,,,,1.8624793388429752,,14.653283582089552,,,,,,,16.8,,4.6,3.900000000000001,3.9,3.9,,8.9,8.9,8.9,0.0,0.0,0.0,0.0,,,,,23.8,13.412231404958678,,,0.0148760330578512,,,16.857520661157025,0.4847960150790171,0.0952066115702479,,,0.7,,,,,,,17.49421487603306,,,0.3867768595041322,1.6,,,-8.51,52.5,0.7,0.7,,11.6,11.6,9.3,9.3,,,0.5,3.080052893,1.0,0.0,4.8,2.4,3.4,2.88,,,1.5
1949-10-31,1.51,5.792132231404959,,,,,,0.1844628099173553,0.0,,,,1.5310413223140495,,,,0.182003305785124,,,,,6.849719008264463,0.0,,17.855999999999998,,,,,,0.2385719008264462,,11.58134328358209,,,,,,,11.7,,4.4,3.7,3.7,3.7,,5.5,5.5,5.5,0.0,0.0,0.0,0.0,,,,,10.2,14.38195041322314,,,0.0253943801652892,,,14.72013223140496,0.316320479066985,0.1285090909090908,,,0.6,,,,,,,13.877752066115702,,,0.6763636363636364,1.7,,,-2.62,60.4,0.2,0.2,,2.8,2.8,5.18,5.18,,,0.6,3.441322314,0.3,0.0,4.6,2.4,3.0,2.76,,,1.4
1949-11-30,2.01,7.003636363636364,,,,,,0.3094214876033058,0.0,,,,2.243305785123967,,,,0.3683305785123967,,,,,8.413884297520662,0.0,,13.501487603305783,,,,,,0.4992396694214876,,10.764626865671644,,,,,,,13.2,,3.0,2.5,2.5,2.5,,4.8,4.8,4.8,0.0,0.0,0.0,0.0,,,,,1.45,11.496198347107438,,,0.1190082644628099,,,22.28429752066116,2.5920408678364977,0.7557024793388429,,,0.6,,,,,,,17.077685950413223,,,2.439669421487604,0.7,,,-1.67,60.5,0.1,0.1,,2.9,2.9,3.06,3.06,,,0.4,1.160528926,0.0,0.0,4.0,1.0,2.1,2.4,,,0.0
1949-12-31,1.69,6.843570247933885,,,,,,0.3381818181818182,0.0,,,,2.4041652892561984,,,,0.4414809917355372,,,,,8.085619834710744,0.0,,10.545123966942148,,,,,,0.3351074380165289,,12.10373134328358,,,,,,,19.5,,4.4,3.8,3.8,3.8,,4.8,4.8,4.8,0.0,0.0,0.0,0.0,,,,,7.2,3.732297520661157,,,0.1266644628099173,,,16.66314049586777,2.0761379731307965,1.1436694214876035,,,0.6,,,,,,,20.99186776859504,,,6.087272727272727,0.0,,,-20.91,65.0,0.1,0.1,,5.9,5.9,3.5,3.5,,,0.2,0.0,0.0,0.0,2.2,0.3,1.9,1.32,,,0.0
1950-01-31,0.615,18.23722314049587,,,,,,1.8446280991735535,0.7870413223140496,,,,27.16522314049587,,,,7.458446280991735,,,,,38.546578512396685,0.0,,80.6102479338843,,,,,,8.725090909090909,,13.419402985074626,,,,,,,17.0,,4.8,4.199999999999998,4.2,4.2,,6.1,6.1,6.1,0.0,0.0,0.0,0.0,,,,,11.2,3.117421487603306,,,0.587206611570248,,,160.60561983471075,22.50514202361534,18.00971900826446,,,0.2,,,,,,,22.645884297520663,,,52.26446280991736,0.0,,,10.27,70.5,0.1,0.1,,13.9,13.9,9.1,9.1,,,0.2,0.0,0.0,0.0,1.2,0.0,1.5,0.72,,,0.0
1950-02-28,1.53,44.26869421487603,,,,,,3.0545454545454547,0.4748429752066115,,,,35.7715041322314,,,,11.268495867768594,,,,,55.37613223140498,0.0,,137.62115702479338,,,,,,6.353454545454546,,14.13955223880597,,,,,,,22.6,,5.8,5.099999999999999,5.1,5.1,,11.3,11.3,11.3,0.0,0.0,0.0,0.0,,,,,21.4,2.8990413223140497,,,0.3704330578512396,,,263.74611570247936,27.297345312868945,16.99993388429752,,,0.5,,,,,,,23.13123966942149,,,74.75305785123967,0.0,,,-0.39,71.1,0.8,0.8,,14.6,14.6,22.2,22.2,,,0.2,0.0,0.1,0.0,0.3,0.0,1.7,0.18,,,0.6
1950-03-31,1.31,31.641520661157024,,,,,,4.6115702479338845,0.7009586776859504,,,,31.57388429752066,,,,10.766479338842975,,,,,59.538446280991735,0.0,,138.40859504132231,,,,,,10.176198347107436,,16.376567164179104,,,,,,,27.9,,7.1,6.2,6.2,6.2,,13.3,13.3,13.3,0.0,0.0,0.0,0.0,,,,,21.9,11.996231404958678,,,0.1457256198347107,,,233.222479338843,16.664360145724405,16.755371900826447,,,0.8,,,,,,,16.220429752066117,,,60.25785123966942,0.0,,,2.98,71.4,0.7,0.7,,15.0,15.0,26.2,26.2,,,0.1,0.0,0.1,0.0,0.0,0.0,1.9,0.0,,,1.4
1950-04-30,2.86,43.59867768595041,,,,,,14.63801652892562,3.9153719008264463,,,,51.62578512396694,,,,12.293553719008264,,,,,112.34380165289257,0.0,,231.94710743801653,,,,,,34.04826446280992,,24.529850746268657,,,,,,,27.3,,4.7,4.000000000000001,4.0,4.0,,13.5,13.5,13.5,0.0,0.0,0.0,0.0,,,,,52.2,1.6601652892561984,,,0.3933223140495868,,,355.3586776859504,13.175607441389776,13.311074380165287,,,0.8,,,,,,,17.702479338842974,40.522314049586775,,41.05785123966942,0.0,,,42.32,71.7,6.9,6.9,,15.2,15.2,27.0,27.0,,,0.1,3.004958678,0.6,0.0,0.7,0.5,1.9,0.42,,,1.4
1950-05-31,4.2,30.01209917355372,,,,,,18.63074380165289,17.923636363636362,,,,53.16218181818182,,,,5.12806611570248,,,,,130.29223140495867,0.0,,204.75371900826443,,,,,,55.29580165289256,,40.405970149253726,,,,,,,33.3,,5.2,4.7,4.7,4.7,,13.6,13.6,13.6,0.0,0.0,0.0,0.0,,,,,70.4,2.084429752066116,,,26.999206611570248,,,386.4495867768595,5.1180205673806745,3.523239669421488,,,1.1,,,,,,,28.425719008264466,16.78611570247934,,12.23603305785124,0.0,,,19.13,72.4,7.2,7.2,,15.3,15.3,26.8,26.8,,,0.2,4.809917355,1.7,0.0,3.1,2.4,2.7,1.86,,,1.6
1950-06-30,3.75,13.79900826446281,,,,,,13.44793388429752,5.212561983471074,,,,19.624462809917357,,,,1.1781818181818182,,,,,74.3801652892562,0.0,,103.53719008264464,,,,,,29.41884297520661,,41.810447761194034,,,,,,,32.20000000000001,,6.8,6.3,6.3,6.3,,10.9,10.9,10.9,0.0,0.0,0.0,0.0,,,,,70.3,3.403636363636364,,,20.737190082644627,,,181.13057851239668,0.8137450792713763,0.2612231404958677,,,1.7,,,,,,,27.288595041322317,7.43801652892562,,2.796694214876033,0.0,,,3.86,70.5,6.2,6.2,,13.9,13.9,26.2,26.2,,,0.4,5.551735537,2.2,0.0,4.0,2.8,3.2,2.4,,,2.4
1950-07-31,2.61,7.735140495867768,,,,,,2.275041322314049,0.0,,,,4.015140495867769,,,,0.4039735537190081,,,,,21.9756694214876,0.0,,35.23854545454545,,,,,,4.96204958677686,,32.31641791044776,,,,,,,21.1,,4.8,4.4,4.4,4.4,,7.8,7.8,7.8,0.0,0.0,0.0,0.0,,,,,63.1,14.228231404958676,,,0.3756892561983471,,,46.515371900826445,1.1516392406813956,0.1918413223140495,,,0.8,,,,,,,22.68892561983471,0.7378512396694215,,0.9223140495867768,1.0,,,-7.47,67.1,2.8,2.8,,9.8,9.8,21.7,21.7,,,0.6,4.76568595,2.5,0.0,5.3,2.9,3.6,3.18,,,1.3
1950-08-31,2.81,7.1694545454545455,,,,,,0.4488595041322314,0.0,,,,2.2934876033057847,,,,0.2047537190082644,,,,,11.344462809917356,0.0,,18.784462809917358,,,,,,1.906115702479339,,21.487910447761195,,,,,,,23.8,,4.7,4.300000000000001,4.3,4.3,,4.8,4.8,4.8,0.0,0.0,0.0,0.0,,,,,47.8,13.51497520661157,,,0.0236112396694214,,,27.626380165289252,-0.8184847107438002,0.1721652892561983,,,0.8,,,,,,,22.313851239669415,4.058181818181819,,0.7378512396694215,1.8,,,-14.48,62.7,1.4,1.4,,5.4,5.4,15.8,15.8,,,0.6,4.549090909,2.0,0.0,5.4,2.9,3.2,3.24,,,2.1
1950-09-30,2.76,6.884628099173554,,,,,,0.1011570247933884,0.0,,,,1.8803305785123967,,,,0.1695867768595041,,,,,8.806611570247936,0.0,,14.65586776859504,,,,,,1.7375206611570249,,14.653283582089552,,,,,,,27.1,,4.6,4.2,4.2,4.2,,2.1,2.1,2.1,0.0,0.0,0.0,0.0,,,,,49.8,12.698181818181816,,,0.0281454545454545,,,27.82413223140496,-1.7144905548996443,0.1874380165289256,,,0.7,,,,,,,25.146446280991736,4.581818181818182,,1.0115702479338844,1.8,,,-20.46,54.4,1.9,1.9,,2.1,2.1,9.3,9.3,,,0.5,3.850909091,1.0,0.0,5.2,2.9,3.3,3.12,,,2.1
1950-10-31,3.1,12.352859504132232,,,,,,0.8608264462809917,0.1162115702479338,,,,4.556231404958677,,,,0.6579173553719007,,,,,15.605553719008263,0.0,,15.03986776859504,,,,,,3.3449256198347106,,11.58134328358209,,,,,,,27.7,,4.3,3.7,3.7,3.7,,9.2,9.2,9.2,0.0,0.0,0.0,0.0,,,,,42.2,13.816264462809915,,,0.0983801652892562,,,26.089190082644627,1.9081571484431652,0.9100165289256198,,,0.9,,,,,,,28.327338842975205,4.550082644628099,,3.135867768595041,1.8,,,-10.95,57.8,4.8,4.8,,14.1,14.1,6.15,6.15,,,0.6,2.805322314,0.3,0.0,4.4,2.6,3.0,2.64,,,1.5
1950-11-30,1.2,33.89950413223141,,,,,,3.8677685950413214,23.349421487603305,,,,90.86280991735538,,,,15.530578512396694,,,,,141.6198347107438,0.0,,270.6842975206612,,,,,,49.82280991735537,,10.764626865671644,,,,,,,33.5,,6.7,5.5,5.5,5.5,,13.8,13.8,13.8,0.0,0.0,0.0,0.0,,,,,65.2,8.622148760330578,,,0.648595041322314,,,533.395041322314,32.763614545454544,23.105454545454545,,,1.1,,,,,,,25.247603305785123,60.45619834710744,,117.8181818181818,1.3,,,31.68,71.1,4.0,4.0,,14.3,14.3,17.8,17.8,,,0.4,0.266598347,0.0,0.0,0.6,1.0,2.1,0.36,,,0.1
1950-12-31,3.72,56.56859504132231,,,,,,5.656859504132232,21.60674380165289,,,,110.8006611570248,,,,26.482710743801658,,,,,178.31404958677686,0.0,,349.55702479338845,,,,,,42.758479338842974,,12.10373134328358,,,,,,,33.9,,6.6,5.6,5.6,5.6,,13.8,13.8,13.8,0.0,0.0,0.0,0.0,,,,,67.2,10.416,,,18.20647933884298,,,712.6413223140496,42.51198748082307,39.6902479338843,,,0.2,,,,,,,27.171371900826447,84.36099173553718,,151.87438016528927,0.0,,,-1.22,70.9,4.1,4.1,,14.4,14.4,24.66,24.66,,,0.2,0.0,0.0,0.0,0.0,0.0,1.4,0.0,,,0.0
1951-01-31,4.08,49.05480991735537,,,,,,4.242644628099174,0.0,,,,48.839603305785126,,,,17.173487603305784,,,,,76.12165289256197,0.0,,175.30115702479338,,,,,,8.63900826446281,,13.419402985074626,,,,,,,33.800000000000004,,6.6,6.0,6.0,6.0,,13.8,13.8,13.8,0.0,0.0,0.0,0.0,,,,,65.6,12.5619173553719,,,0.2244297520661157,,,345.8677685950413,32.8868988364817,39.419702479338845,,,0.2,,,,,,,27.294347107438018,67.82082644628099,,138.53157024793387,0.0,,,-9.86,71.4,4.3,4.3,,14.8,14.8,22.0,22.0,,,0.2,0.0,0.0,0.0,0.0,0.0,1.9,0.0,,,0.0
1951-02-28,4.03,57.70314049586777,,,,,,4.44297520661157,1.6050247933884298,,,,46.91226446280992,,,,14.88396694214876,,,,,83.30578512396694,0.0,,179.8294214876033,,,,,,9.213619834710745,,14.13955223880597,,,,,,,30.5,,6.0,5.4,5.4,5.4,,13.8,13.8,13.8,0.0,0.0,0.0,0.0,,,,,67.6,10.718677685950412,,,0.6053553719008263,,,316.8396694214876,18.47439042285377,22.88687603305785,,,0.2,,,,,,,24.830677685950413,47.53983471074381,,77.58545454545454,0.0,,,-5.0,71.1,5.9,5.9,,14.5,14.5,20.91,20.91,,,0.2,0.0,0.1,0.0,0.0,0.0,1.7,0.0,,,0.1
1951-03-31,4.47,41.16595041322314,,,,,,4.365619834710744,1.2666446280991737,,,,33.50459504132231,,,,9.708892561983472,,,,,65.66876033057851,0.0,,135.27272727272728,,,,,,9.899504132231405,,16.376567164179104,,,,,,,34.10000000000001,,6.6,6.0,6.0,6.0,,13.8,13.8,13.8,0.0,0.0,0.0,0.0,,,,,66.4,13.908495867768597,,,0.6394710743801653,,,240.41652892561984,18.059217411814807,16.644694214876033,,,0.1,,,,,,,22.818049586776866,46.3001652892562,,83.86909090909091,0.0,,,-8.16,71.2,5.9,5.9,,14.7,14.7,25.8,25.8,,,0.1,0.0,0.1,0.0,0.0,0.0,2.1,0.0,,,0.8
1951-04-30,3.77,29.63305785123967,,,,,,4.938842975206612,4.1652892561983474,,,,43.4499173553719,,,,5.521983471074379,,,,,92.82644628099172,0.0,,163.69586776859504,,,,,,29.15702479338843,,24.529850746268657,,,,,,,32.8,,6.3,5.7,5.7,5.7,,13.8,13.8,13.8,0.0,0.0,0.0,0.0,,,,,70.4,10.954710743801654,,,9.13388429752066,,,272.1719008264463,6.589109587038284,7.301157024793389,,,0.1,,,,,,,3.3500826446281,44.44958677685951,,43.14049586776859,0.0,,,36.95,71.3,6.5,6.5,,14.5,14.5,26.71,26.71,,,0.1,3.596132231,0.6,0.0,1.2,0.0,2.5,0.72,,,0.8
1951-05-31,3.98,26.31054545454545,,,,,,6.640661157024794,17.35180165289256,,,,45.8697520661157,,,,4.685355371900826,,,,,100.77818181818182,0.0,,160.3596694214876,,,,,,32.65606611570248,,40.405970149253726,,,,,,,34.8,,4.7,2.4,2.4,2.4,,13.8,13.8,13.8,0.0,0.0,0.0,0.0,,,,,70.4,10.975537190082644,,,15.562512396694215,,,305.4089256198347,8.253221322971838,5.134214876033058,,,0.2,,,,,,,27.804694214876037,21.028760330578518,,24.902479338842976,0.0,,,9.12,71.1,7.5,7.5,,14.5,14.5,26.71,26.71,,,0.2,4.807636364,1.7,0.0,2.6,2.8,2.4,1.56,,,0.9
1951-06-30,3.51,12.787438016528926,,,,,,5.1173553719008265,0.6545454545454545,,,,9.437355371900829,,,,1.172231404958678,,,,,38.66578512396694,0.0,,57.71305785123967,,,,,,7.640330578512397,,41.810447761194034,,,,,,,22.3,,6.4,5.7,5.7,5.7,,13.8,13.8,13.8,0.0,0.0,0.0,0.0,,,,,69.8,2.469421487603306,,,7.68198347107438,,,85.68595041322314,1.1919560973772974,0.5861157024793389,,,0.3,,,,,,,23.135206611570247,2.439669421487604,,2.558677685950413,0.2,,,-5.85,70.1,5.1,5.1,,13.5,13.5,24.66,24.66,,,0.4,4.946578512,2.2,0.0,4.4,3.0,3.4,2.64,,,1.4
1951-07-31,2.91,8.977190082644627,,,,,,0.7993388429752066,0.0,,,,3.664661157024793,,,,0.5804429752066116,,,,,15.968330578512395,0.0,,25.41282644628099,,,,,,3.363371900826446,,32.31641791044776,,,,,,,22.0,,4.7,4.1,4.1,4.1,,12.1,12.1,12.1,0.0,0.0,0.0,0.0,,,,,58.5,14.031471074380166,,,0.0928462809917355,,,36.59742148760331,1.1012435142857142,0.5208,,,0.5,,,,,,,24.029355371900827,1.3527272727272728,,0.4119669421487603,1.8,,,-12.26,66.8,2.8,2.8,,11.7,11.7,19.7,19.7,,,0.6,3.049646281,2.5,0.0,5.5,3.1,3.5,3.3,,,2.1
1951-08-31,2.7,7.396958677685951,,,,,,0.2951404958677686,0.0,,,,2.4349090909090907,,,,0.284687603305785,,,,,10.440595041322316,0.0,,18.575404958677687,,,,,,1.6970578512396697,,21.487910447761195,,,,,,,23.2,,5.9,4.199999999999998,4.2,4.2,,8.3,8.3,8.3,0.0,0.0,0.0,0.0,,,,,51.5,12.918545454545454,,,0.0289606611570247,,,32.48390082644627,-2.109959813459265,0.3129719008264462,,,1.7,,,,,,,24.41672727272727,2.0290909090909093,,0.4365619834710744,1.9,,,-16.66,57.7,1.4,1.4,,7.6,7.6,11.96,11.96,,,0.6,3.033818182,2.0,0.0,5.6,3.3,3.5,3.36,,,2.4
1951-09-30,2.61,7.104793388429752,,,,,,0.2677685950413223,0.0,,,,2.171900826446281,,,,0.2231404958677686,,,,,8.175867768595044,0.0,,14.28099173553719,,,,,,1.1543801652892562,,14.653283582089552,,,,,,,20.1,,5.7,4.2,4.2,4.2,,4.2,4.2,4.2,0.0,0.0,0.0,0.0,,,,,44.6,11.406942148760333,,,0.0208264462809917,,,31.25752066115702,-1.0536761020008727,0.2255206611570248,,,1.4,,,,,,,19.588760330578516,3.986776859504132,,1.071074380165289,1.8,,,-17.14,44.9,2.2,2.2,,4.1,4.1,5.6,5.6,,,0.5,2.794710744,1.0,0.0,5.5,3.2,3.4,3.3,,,2.0
1951-10-31,2.14,8.257785123966944,,,,,,0.6148760330578512,0.0,,,,4.586975206611569,,,,0.8300826446280992,,,,,11.940892561983471,0.0,,15.550214876033058,,,,,,1.389619834710744,20.8,11.58134328358209,20.8,20.8,,,,,20.1,,5.7,3.7,3.7,3.7,,0.1,0.1,0.1,0.0,0.0,0.0,0.0,,,,,36.8,14.031471074380166,,,0.0664066115702479,,,34.46380165289256,2.1503432085903857,1.1867107438016529,,,1.5,,,,,,,24.33679338842975,3.012892561983471,,2.889917355371901,1.8,,,-7.85,40.3,0.8,0.8,,9.8,9.8,2.84,2.84,,,0.6,2.156013223,0.3,0.0,4.5,2.2,2.4,2.7,,,1.5
1951-11-30,2.92,13.650247933884298,,,,,,1.249586776859504,0.0,,,,9.782479338842975,,,,2.469421487603306,,,,,16.94082644628099,0.0,,39.23107438016529,,,,,,2.9811570247933883,21.3,10.764626865671644,21.3,21.3,,,,,27.6,,6.3,3.0,3.0,3.0,,0.3,0.3,0.3,0.0,0.0,0.0,0.0,,,,,31.6,13.590743801652891,,,0.1303140495867769,,,39.1299173553719,5.9277975661157045,2.9097520661157024,,,1.4,,,,,,,26.110413223140498,12.971900826446282,,19.81487603305785,0.0,,,-10.54,67.1,5.9,5.9,,14.6,14.6,5.0,5.0,,,0.4,0.0,0.0,0.0,2.1,0.8,1.2,1.26,,,0.4
1951-12-31,2.04,53.50651239669421,,,,,,2.64396694214876,0.1838479338842975,,,,37.21229752066116,,,,13.767074380165289,,,,,52.70102479338843,0.0,,147.20132231404958,,,,,,4.765289256198347,16.4,12.10373134328358,16.4,16.4,,,,,31.4,,7.2,5.900000000000001,5.9,5.9,,1.1,1.1,1.1,0.0,0.0,0.0,0.0,,,,,27.9,13.545719008264465,,,0.1887669421487603,,,263.7818181818182,24.12490969350804,16.44793388429752,,,1.7,,,,,,,25.849388429752064,37.999338842975206,,68.80462809917356,0.0,,,-5.93,72.0,5.8,5.8,,15.0,15.0,15.41,15.41,,,0.2,0.0,0.0,0.0,0.7,0.0,1.8,0.42,,,0.0
1952-01-31,1.87,54.10294214876033,,,,,,1.7831404958677686,0.0,,,,27.31894214876033,,,,10.704991735537192,,,,,33.682909090909085,0.0,,102.86876033057852,,,,,,2.7239008264462807,3.0,13.419402985074626,3.0,3.0,,,,,28.3,,7.6,6.1,6.1,6.1,,2.3,2.3,2.3,0.0,0.0,0.0,0.0,,,,,28.8,4.75299173553719,,,2.969851239669421,,,261.8757024793388,46.85332186233766,39.63490909090909,,,1.4,,,,,,,22.781157024793387,50.60429752066116,,157.71570247933883,0.0,,,-22.03,71.6,5.8,5.8,,14.8,14.8,26.71,26.71,,,0.2,0.0,0.0,0.0,1.2,0.0,0.3,0.72,,,0.2
1952-02-29,3.58,74.60429752066116,,,,,,3.451239669421488,0.983603305785124,,,,53.5804958677686,,,,22.041917355371897,,,,,74.37421487603305,0.0,,215.01223140495867,,,,,,5.544991735537191,2.1,14.13955223880597,2.1,2.1,,,,,26.6,,6.6,5.5,5.5,5.5,,3.8,3.8,3.8,0.0,0.0,0.0,0.0,,,,,34.9,0.0575206611570248,,,1.921190082644628,,,418.1752066115703,38.203190533243365,42.300694214876025,,,1.5,,,,,,,23.922842975206606,67.70181818181818,,143.34148760330578,0.0,,,-16.25,71.4,5.9,5.9,,14.6,14.6,25.65,25.65,,,0.2,0.0,0.1,0.0,0.4,0.0,1.5,0.24,,,0.1
1952-03-31,3.75,54.30585123966942,,,,,,2.828429752066116,1.703206611570248,,,,37.43365289256198,,,,11.707239669421485,,,,,53.60489256198347,0.0,,138.03966942148762,,,,,,6.665256198347107,2.9,16.376567164179104,2.9,2.9,,,,,12.5,,4.7,4.199999999999998,4.2,4.2,,5.9,5.9,5.9,0.0,0.0,0.0,0.0,,,,,43.0,0.0307438016528925,,,0.7931900826446281,,,292.31206611570246,32.160073422904375,35.28773553719008,,,1.6,,,,,,,9.561322314049589,51.46512396694215,,111.6614876033058,0.0,,,3.14,72.2,6.5,6.5,,15.4,15.4,23.11,23.11,,,0.1,0.0,0.1,0.0,1.1,0.0,1.9,0.66,,,0.0
1952-04-30,2.87,69.14380165289256,,,,,,4.938842975206612,19.93388429752066,,,,88.8396694214876,,,,23.88495867768595,,,,,150.90247933884297,0.0,,320.96528925619833,,,,,,31.92396694214876,7.6,24.529850746268657,7.6,7.6,,,,,28.3,,5.1,5.1,5.1,5.1,,8.7,8.7,8.7,0.0,0.0,0.0,0.0,,,,,62.8,0.0297520661157024,,,1.4102479338842977,,,562.8495867768595,25.66298796280992,22.52826446280992,,,1.2,,,,,,,11.341487603305785,67.00165289256198,,74.02314049586776,0.0,,,44.4,72.8,7.5,7.5,,16.2,16.2,26.71,26.71,,,0.1,0.0,0.6,0.0,1.6,1.2,2.5,0.96,,,0.8
1952-05-31,1.8,60.83583471074381,,,,,,6.517685950413223,43.12740495867769,,,,120.82314049586776,,,,15.593256198347108,,,,,239.43272727272728,0.0,,410.8601652892562,,,,,,76.98247933884298,37.6,40.405970149253726,37.6,37.6,,,,,34.7,,0.2,0.0,0.0,0.0,,13.0,13.0,13.0,0.0,0.0,0.0,0.0,,,,,65.9,0.0307438016528925,,,37.33527272727273,,,819.6297520661157,14.44779755995109,7.427702479338843,,,0.8,,,,,,,26.667173553719007,35.539834710743804,,30.190413223140496,0.0,,,50.33,73.5,7.5,7.5,,16.4,16.4,26.8,26.8,,,0.2,2.905864463,1.7,0.0,2.7,2.9,3.0,1.62,,,0.7
1952-06-30,1.93,22.80793388429752,,,,,,5.236363636363636,39.03471074380165,,,,77.35537190082644,,,,3.278677685950413,,,,,180.89256198347104,0.0,,250.57190082644627,,,,,,59.39107438016529,46.7,41.810447761194034,46.7,46.7,,,,,32.5,,5.6,2.2000000000000006,2.2,2.2,,13.0,13.0,13.0,0.0,0.0,0.0,0.0,,,,,68.4,0.0666446280991735,,,32.2393388429752,,,516.1388429752066,6.450816042916177,0.5676694214876032,,,0.4,,,,,,,25.741487603305785,12.912396694214875,,7.79504132231405,0.0,,,16.53,71.5,7.5,7.5,,14.9,14.9,26.71,26.71,,,0.4,5.409322314,2.2,0.0,3.8,2.8,3.3,2.28,,,1.3
1952-07-31,3.38,12.801719008264463,,,,,,4.427107438016529,11.23378512396694,,,,25.474314049586777,,,,1.1190743801652892,,,,,75.32231404958678,0.0,,98.19570247933883,,,,,,19.442380165289254,46.7,32.31641791044776,46.7,46.7,,,,,31.799999999999997,,7.1,6.3,6.3,6.3,,7.1,7.1,7.1,0.0,0.0,0.0,0.0,,,,,68.2,0.086697520661157,,,19.30710743801653,,,183.35603305785125,2.431677491246419,0.3185057851239669,,,0.8,,,,,,,27.657123966942148,5.656859504132232,,3.381818181818182,0.0,,,-3.99,70.5,5.8,5.8,,14.0,14.0,26.71,26.71,,,0.6,4.944733884,2.5,0.0,4.2,2.8,3.4,2.52,,,1.9
1952-08-31,2.91,9.124760330578512,,,,,,1.6601652892561984,0.0414426446280991,,,,4.691504132231405,,,,0.4955900826446281,,,,,21.631338842975204,0.0,,34.59292561983471,,,,,,5.669157024793388,31.9,21.487910447761195,31.9,31.9,,,,,27.5,,7.6,6.599999999999999,6.6,6.6,,7.1,7.1,7.1,0.0,0.0,0.0,0.0,,,,,68.5,0.0645619834710743,,,2.2934876033057847,,,49.079404958677685,-3.945400899940964,0.3996694214876033,,,1.5,,,,,,,28.38267768595041,1.1067768595041323,,1.1682644628099172,0.6,,,-29.89,68.6,3.3,3.3,,8.3,8.3,19.96,19.96,,,0.6,2.943828099,2.0,0.0,4.9,3.5,3.5,2.94,,,2.2
1952-09-30,2.87,8.098512396694215,,,,,,0.5950413223140496,0.0,,,,3.1894214876033056,,,,0.3558347107438017,,,,,13.477685950413225,0.0,,22.135537190082644,,,,,,1.8446280991735535,23.6,14.653283582089552,23.6,23.6,,,,,25.3,,7.3,6.4,6.4,6.4,,7.1,7.1,7.1,0.0,0.0,0.0,0.0,,,,,68.0,0.4736528925619835,,,1.0115702479338844,,,41.61719008264463,-0.9546454757969276,0.3284628099173553,,,1.3,,,,,,,27.60396694214876,1.487603305785124,,2.2611570247933885,1.9,,,-33.38,59.1,2.0,2.0,,4.4,4.4,16.1,16.1,,,0.5,2.741097521,1.0,0.0,5.1,3.5,3.4,3.06,,,2.0
1952-10-31,2.57,7.593719008264463,,,,,,0.2582479338842975,0.0,,,,2.6562644628099177,,,,0.3535537190082645,,,,,11.098512396694218,0.0,,15.16899173553719,,,,,,1.069884297520661,21.0,11.58134328358209,21.0,21.0,,,,,16.6,,4.8,4.300000000000001,4.3,4.3,,1.3,1.3,1.3,0.0,0.0,0.0,0.0,,,,,67.5,9.13090909090909,,,0.7870413223140496,,,40.41580165289256,0.418483063754425,0.5693752066115703,,,0.8,,,,,,,18.366347107438017,1.3527272727272728,,0.983801652892562,1.9,,,-12.87,37.8,0.9,0.9,,3.2,3.2,11.47,11.47,,,0.6,1.158902479,0.3,0.0,4.9,2.2,3.0,2.94,,,1.3
1952-11-30,2.14,7.812892561983473,,,,,,0.3272727272727272,0.0,,,,3.278677685950413,,,,0.5825454545454545,,,,,11.609256198347108,0.0,,15.768595041322314,,,,,,0.1648264462809917,21.4,10.764626865671644,21.4,21.4,,,,,4.2,,3.8,2.7000000000000006,2.7,2.7,,1.3,1.3,1.3,0.0,0.0,0.0,0.0,,,,,56.4,12.48396694214876,,,0.0690247933884297,,,34.99438016528926,1.8562801033873424,1.0889256198347108,,,1.2,,,,,,,8.74710743801653,1.1900826446280992,,2.1421487603305787,1.8,,,4.33,27.8,1.1,1.1,,5.0,5.0,9.06,9.06,,,0.4,0.0,0.0,0.0,3.2,0.8,2.2,1.92,,,0.5
1952-12-31,3.53,28.966809917355373,,,,,,0.5103471074380166,0.0,,,,11.276826446280992,,,,3.400264462809919,,,,,23.334545454545456,0.0,,39.77633057851239,,,,,,0.4586975206611569,16.4,12.10373134328358,16.4,16.4,,,,,13.3,,5.3,4.0,4.0,4.0,,1.3,1.3,1.3,0.0,0.0,0.0,0.0,,,,,50.3,6.148760330578512,,,3.443305785123967,,,50.03861157024794,12.769173532278526,8.423801652892562,,,1.3,,,,,,,21.39153719008264,3.566280991735537,,16.35570247933884,0.2,,,-7.23,71.0,0.3,0.3,,14.6,14.6,13.02,13.02,,,0.2,0.0,0.0,0.0,1.9,0.0,2.1,1.14,,,0.7
1953-01-31,4.35,92.66181818181818,,,,,,2.889917355371901,2.287338842975207,,,,58.18571900826446,,,,21.50836363636364,,,,,110.73917355371906,0.0,,297.29256198347105,,,,,,12.242181818181818,10.1,13.419402985074626,10.1,10.1,,,,,23.9,,6.8,5.5,5.5,5.5,,1.3,1.3,1.3,0.0,0.0,0.0,0.0,,,,,56.1,10.2438347107438,,,0.4076628099173554,,,474.0694214876033,33.46999939138134,22.00026446280992,,,0.7,,,,,,,23.49441322314049,44.08661157024793,,95.36727272727272,0.0,,,23.51,71.0,7.5,7.5,,14.8,14.8,26.71,26.71,,,0.2,0.0,0.0,0.0,1.5,0.0,1.6,0.9,,,0.8
1953-02-28,3.73,22.88687603305785,,,,,,2.832396694214876,0.0,,,,14.439669421487602,,,,3.7820826446280993,,,,,35.32720661157024,0.0,,80.64,,,,,,5.059438016528926,14.3,14.13955223880597,14.3,14.3,,,,,30.5,,6.8,5.799999999999999,5.8,5.8,,3.2,3.2,3.2,0.0,0.0,0.0,0.0,,,,,50.5,11.285157024793389,,,0.1210710743801652,,,118.9606611570248,4.752189067852927,7.608595041322314,,,0.2,,,,,,,24.036495867768597,14.772892561983472,,19.32694214876033,0.0,,,-9.51,70.5,6.0,6.0,,14.3,14.3,26.71,26.71,,,0.2,0.0,0.1,0.0,1.4,0.0,1.7,0.84,,,1.5
1953-03-31,3.97,33.10492561983471,,,,,,3.812231404958678,2.3795702479338847,,,,20.28476033057851,,,,5.601520661157024,,,,,41.49798347107438,0.0,,101.88495867768594,,,,,,7.612165289256199,18.5,16.376567164179104,18.5,18.5,,,,,30.0,,7.6,6.4,6.4,6.4,,3.2,3.2,3.2,0.0,0.0,0.0,0.0,,,,,48.3,9.696595041322311,,,0.4820628099173554,,,169.82876033057852,14.839668981565188,18.249520661157025,,,0.1,,,,,,,27.589487603305784,21.27471074380165,,35.72429752066116,0.0,,,-0.97,71.2,6.0,6.0,,14.9,14.9,26.71,26.71,,,0.1,2.220317355,0.1,0.0,1.5,0.0,1.7,0.9,,,1.7
1953-04-30,3.32,40.44495867768595,,,,,,5.355371900826446,13.287272727272727,,,,44.47933884297521,,,,8.294876033057852,,,,,87.47107438016529,0.0,,185.41487603305785,,,,,,27.00892561983471,26.0,24.529850746268657,26.0,26.0,,,,,29.8,,5.4,4.2,4.2,4.2,,4.8,4.8,4.8,0.0,0.0,0.0,0.0,,,,,61.4,7.414214876033058,,,0.7676033057851239,,,286.8099173553719,11.000578594510031,11.430743801652891,,,0.1,,,,,,,13.935867768595042,37.78512396694215,,48.43636363636364,0.0,,,37.45,72.3,6.4,6.4,,16.0,16.0,27.78,27.78,,,0.1,3.061428099,0.6,0.0,1.5,1.0,1.9,0.9,,,3.5
1953-05-31,2.58,38.95239669421488,,,,,,5.841322314049587,28.28429752066116,,,,53.69097520661157,,,,7.366214876033058,,,,,105.08231404958676,0.0,,205.98347107438016,,,,,,32.27484297520661,42.5,40.405970149253726,42.5,42.5,,,,,34.3,,5.0,2.8,2.8,2.8,,7.2,7.2,7.2,0.0,0.0,0.0,0.0,,,,,70.0,3.836826446280992,,,10.059371900826449,,,330.06545454545454,9.559435749232582,8.196297520661158,,,0.2,,,,,,,28.413421487603305,24.10314049586777,,28.099834710743803,0.0,,,25.78,71.5,5.8,5.8,,15.2,15.2,27.78,27.78,,,0.2,5.147444628,1.7,0.0,2.1,2.7,2.1,1.26,,,3.5
1953-06-30,3.81,25.741487603305785,,,,,,5.712396694214876,28.228760330578517,,,,55.30909090909091,,,,3.4274380165289258,,,,,121.0909090909091,0.0,,184.6413223140496,,,,,,49.93586776859504,46.7,41.810447761194034,46.7,46.7,,,,,33.6,,7.4,6.3,6.3,6.3,,7.2,7.2,7.2,0.0,0.0,0.0,0.0,,,,,70.1,0.8687603305785124,,,28.282314049586777,,,356.6082644628099,4.43900244651712,4.379504132231405,,,0.3,,,,,,,28.115702479338843,13.44793388429752,,7.735537190082645,0.0,,,7.4,71.2,7.1,7.1,,14.8,14.8,27.78,27.78,,,0.4,5.057652893,2.2,0.0,3.4,2.9,2.5,2.04,,,2.6
1953-07-31,3.53,12.801719008264463,,,,,,5.595371900826446,2.7915371900826447,,,,12.807867768595042,,,,1.0268429752066115,,,,,46.6998347107438,0.0,,66.65256198347107,,,,,,12.586512396694214,46.7,32.31641791044776,46.7,46.7,,,,,28.3,,6.9,5.6,5.6,5.6,,7.2,7.2,7.2,0.0,0.0,0.0,0.0,,,,,66.2,12.967735537190082,,,3.2342479338842973,,,99.42545454545454,0.2516190560465489,0.5915107438016528,,,1.2,,,,,,,26.1260826446281,4.857520661157025,,0.6148760330578512,0.7,,,-2.51,69.8,4.7,4.7,,13.7,13.7,24.4,24.4,,,0.6,5.24774876,2.5,0.0,4.8,3.1,3.4,2.88,,,2.6
1953-08-31,3.2,9.96099173553719,,,,,,0.7993388429752066,0.0,,,,3.904462809917356,,,,0.4814479338842973,,,,,17.52396694214876,0.0,,29.34188429752066,,,,,,3.547834710743801,44.3,21.487910447761195,44.3,44.3,,,,,21.2,,5.8,4.0,4.0,4.0,,7.2,7.2,7.2,0.0,0.0,0.0,0.0,,,,,56.3,13.31206611570248,,,0.0140806611570247,,,42.998280991735534,-1.6518685714285717,0.744,,,1.6,,,,,,,23.168528925619835,1.537190082644628,,0.983801652892562,1.9,,,-12.24,61.7,1.4,1.4,,8.9,8.9,16.54,16.54,,,0.6,4.229038017,2.0,0.0,5.5,3.2,3.4,3.3,,,2.6
1953-09-30,3.31,9.008925619834711,,,,,,0.2677685950413223,0.0,,,,2.6955371900826446,,,,0.325487603305785,,,,,12.049586776859504,0.0,,20.445619834710744,,,,,,1.7375206611570249,29.8,14.653283582089552,29.8,29.8,,,,,26.0,,5.8,3.900000000000001,3.9,3.9,,7.2,7.2,7.2,0.0,0.0,0.0,0.0,,,,,45.4,12.882644628099174,,,0.0067239669421487,,,39.635702479338846,-1.413152316410862,0.731900826446281,,,1.5,,,,,,,27.32429752066116,2.2611570247933885,,1.309090909090909,2.0,,,-21.65,45.9,0.6,0.6,,4.3,4.3,9.28,9.28,,,0.5,3.527464463,1.0,0.0,5.4,3.1,3.3,3.24,,,2.4
1953-10-31,3.12,9.819570247933884,,,,,,0.3443305785123967,0.0,,,,2.8960661157024794,,,,0.5072727272727271,,,,,11.467438016528924,0.0,,17.48092561983471,,,,,,1.2973884297520664,21.8,11.58134328358209,21.8,21.8,,,,,27.1,,8.2,5.900000000000001,5.9,5.9,,1.8,1.8,1.8,0.0,0.0,0.0,0.0,,,,,39.2,12.592661157024793,,,0.0317276033057851,,,37.15695867768594,1.0327643395316808,1.0452892561983471,,,1.6,,,,,,,28.2,,,4.673057851239669,1.9,,,-18.87,30.4,0.0,0.0,,3.1,3.1,7.19,7.19,,,0.6,1.731570248,0.3,0.0,4.0,1.8,3.0,2.4,,,1.9
1953-11-30,2.78,13.221818181818184,,,,,,0.8925619834710744,0.0,,,,5.813553719008264,,,,1.309090909090909,,,,,17.5596694214876,0.0,,25.42611570247934,,,,,,2.1421487603305787,21.4,10.764626865671644,21.4,21.4,,,,,20.1,,7.6,4.7,4.7,4.7,,1.8,1.8,1.8,0.0,0.0,0.0,0.0,,,,,28.5,12.47801652892562,,,0.0874710743801653,,,33.667438016528926,4.531040185932288,3.23702479338843,,,1.1,,,,,,,20.2,,,11.424793388429752,1.0,,,-8.94,37.2,0.0,0.0,,12.4,12.4,8.2,8.2,,,0.4,1.205950413,0.0,0.0,2.3,0.0,2.2,1.38,,,1.4
1953-12-31,4.73,14.271272727272729,,,,,,0.9223140495867768,0.0,,,,5.9581487603305785,,,,1.6601652892561984,,,,,16.00522314049587,0.0,,34.72204958677686,,,,,,1.7093553719008263,21.2,12.10373134328358,21.2,21.2,,,,,28.5,,7.9,6.3,6.3,6.3,,1.6,1.6,1.6,0.0,0.0,0.0,0.0,,,,,16.4,13.459636363636363,,,0.0645619834710743,,,38.48509090909091,4.361433482492387,2.699305785123967,,,1.1,,,,,,,27.1,,,14.38809917355372,0.4,,,-16.41,51.2,0.1,0.1,,9.4,9.4,12.2,12.2,,,0.2,1.214380165,0.0,0.0,1.3,0.0,1.9,0.78,,,0.7
1954-01-31,4.92,34.47609917355373,,,,,,1.1067768595041323,0.0,,,,14.480330578512396,,,,5.902809917355372,,,,,27.51570247933885,0.0,,62.04099173553719,,,,,,2.35497520661157,,13.419402985074626,,,,,,,22.6,,3.9,2.9,2.9,2.9,,1.3,1.3,1.3,0.0,0.0,0.0,0.0,,,,,10.3,12.580363636363636,,,0.2373421487603306,,,96.90446280991736,17.780660737898465,13.299768595041323,,,1.1,,,,,,,26.0,,,39.22909090909091,0.0,,,-4.64,70.5,2.6,2.6,,14.0,14.0,16.0,16.0,,,0.2,1.216601653,0.0,0.0,1.3,0.0,1.8,0.78,,,0.9
1954-02-28,4.59,51.2441652892562,,,,,,1.666115702479339,0.0,,,,24.68072727272727,,,,8.241719008264461,,,,,43.36899173553719,0.0,,113.6290909090909,,,,,,5.22604958677686,,14.13955223880597,,,,,,,21.9,,2.6,1.9,1.9,1.9,,2.9,2.9,2.9,0.0,0.0,0.0,0.0,,,,,4.85,10.102214876033056,,,0.1521719008264462,,,195.3242975206612,17.841800495867766,12.007140495867768,,,1.4,,,,,,,19.6,,,51.64958677685951,0.0,,,2.35,70.9,5.2,5.2,,14.6,14.6,20.62,20.62,,,0.2,1.415305785,0.0,0.0,1.2,0.0,1.5,0.72,,,0.9
1954-03-31,5.05,52.04310743801653,,,,,,4.427107438016529,0.0,,,,48.31080991735537,,,,12.217586776859504,,,,,83.62314049586777,0.0,,188.27504132231405,,,,,,17.0259173553719,,16.376567164179104,,,,,,,30.5,,6.0,4.8,4.8,4.8,,4.7,4.7,4.7,0.0,0.0,0.0,0.0,,,,,7.83,8.860363636363637,,,0.3498644628099174,,,303.6872727272727,19.678753360532976,15.193586776859505,,,1.4,,,,,,,17.7,,,78.58115702479338,0.0,,,25.43,71.2,5.4,5.4,,14.6,14.6,26.71,26.71,,,0.1,1.860218182,0.0,0.0,1.2,0.0,1.7,0.72,,,1.2
1954-04-30,7.1,74.79669421487603,,,,,,9.699173553719008,3.611900826446281,,,,54.916363636363634,,,,12.22809917355372,,,,,106.03636363636365,0.0,,229.3289256198347,,,,,,33.304462809917354,,24.529850746268657,,,,,,,33.3,,1.5,0.9,0.9,0.9,,6.7,6.7,6.7,0.0,0.0,0.0,0.0,,,,,39.2,3.689256198347108,,,0.3992727272727273,,,363.5107438016529,13.476180914547143,10.90710743801653,,,1.4,,,,,,,25.5,,,40.58181818181818,0.0,,,40.03,71.7,5.8,5.8,,15.2,15.2,27.78,27.78,,,0.1,2.929983471,0.8,0.0,0.6,0.0,1.4,0.36,,,2.1
1954-05-31,5.09,29.37877685950413,,,,,,19.92198347107438,6.8189752066115705,,,,26.05229752066116,,,,2.9206611570247927,,,,,88.29619834710743,0.0,,135.64165289256198,,,,,,38.47279338842976,,40.405970149253726,,,,,,,34.9,,6.5,4.7,4.7,4.7,,7.7,7.7,7.7,0.0,0.0,0.0,0.0,,,,,70.4,0.6210247933884298,,,3.074380165289256,,,227.7500826446281,3.6011058302243204,2.262743801652892,,,1.6,,,,,,,29.1,,,8.485289256198348,0.0,,,15.31,70.6,7.2,7.2,,14.1,14.1,27.78,27.78,,,0.2,5.870677686,1.6,0.0,2.4,2.8,2.7,1.44,,,2.4
1954-06-30,4.56,15.40561983471074,,,,,,4.581818181818182,0.0,,,,6.8667768595041325,,,,1.2614876033057851,,,,,30.72793388429752,0.0,,48.11504132231405,,,,,,7.92,,41.810447761194034,,,,,,,19.0,,5.3,4.2,4.2,4.2,,12.2,12.2,12.2,0.0,0.0,0.0,0.0,,,,,69.8,0.2273057851239669,,,7.604628099173554,,,73.07107438016529,1.8163216391971624,0.660495867768595,,,1.5,,,,,,,23.5,,,0.6545454545454545,1.7,,,-11.22,69.8,3.7,3.7,,13.5,13.5,25.4,25.4,,,0.4,4.575669421,2.6,0.0,3.5,2.9,3.3,2.1,,,2.3
1954-07-31,4.14,10.840264462809918,,,,,,0.9223140495867768,0.0,,,,3.185057851239669,,,,0.5472396694214876,,,,,13.084561983471074,0.0,,26.710214876033056,,,,,,3.0989752066115703,,32.31641791044776,,,,,,,25.1,,6.1,4.4,4.4,4.4,,12.2,12.2,12.2,0.0,0.0,0.0,0.0,,,,,57.6,13.287471074380166,,,0.144495867768595,,,43.93289256198347,-1.880654053972001,0.4765289256198347,,,1.8,,,,,,,24.9,,,0.4673057851239669,1.9,,,-16.99,59.6,3.4,3.4,,7.0,7.0,17.8,17.8,,,0.6,4.247801653,2.7,0.0,4.8,3.1,3.6,2.88,,,2.5
1954-08-31,4.37,9.66585123966942,,,,,,0.2275041322314049,0.0,,,,2.35497520661157,,,,0.3498644628099174,,,,,9.321520661157026,0.0,,15.21818181818182,,,,,,1.500297520661157,,21.487910447761195,,,,,,,27.5,,5.5,4.4,4.4,4.4,,12.2,12.2,12.2,0.0,0.0,0.0,0.0,,,,,45.6,13.281322314049588,,,0.007132561983471,,,40.20059504132231,-0.590650107438016,0.4568528925619834,,,1.1,,,,,,,25.6,,,0.3504793388429752,2.0,,,-21.56,36.0,3.8,3.8,,4.8,4.8,11.47,11.47,,,0.6,4.272614876,1.4,0.0,5.1,3.3,3.5,3.06,,,2.5
1954-09-30,4.11,8.87801652892562,,,,,,0.1785123966942148,0.0,,,,2.0469421487603308,,,,0.3022809917355373,,,,,7.92,0.0,,11.918677685950414,,,,,,0.9401652892561984,3.4,3.4,3.4,3.4,,62.8,62.8,62.8,25.3,,5.8,4.2,4.2,4.2,,11.7,11.7,11.7,0.0,0.0,0.0,0.0,,,,,34.7,12.394710743801651,,,0.0144595041322314,,,22.05223140495868,0.1514253569124241,0.3344132231404958,,,1.4,,,,,,,28.1,,,0.5176859504132232,1.9,,,-17.83,25.3,0.7,0.7,,3.5,3.5,6.46,6.46,,,0.5,3.392965289,1.0,0.0,4.8,3.1,3.4,2.88,,,2.4
1954-10-31,3.17,8.276231404958677,,,,,,0.2520991735537189,0.0,,,,2.1090247933884294,,,,0.3394115702479338,,,,,8.01798347107438,0.0,,11.52892561983471,,,,,,0.2465652892561983,3.2,3.2,3.2,3.2,,46.0,46.0,46.0,26.7,,0.6,0.6,0.6,0.6,,4.5,4.5,4.5,0.0,0.0,0.0,0.0,,,,,29.2,13.127603305785124,,,0.0134657851239669,,,14.185190082644628,5.044346976487022,0.5466247933884298,,,1.5,,,,,,,27.1,,,0.983801652892562,0.6,,,,26.5,0.9,0.9,,2.7,2.7,3.36,3.36,,,0.6,2.61157686,0.6,0.0,4.3,3.2,3.2,2.58,,,2.4
1954-11-30,2.96,11.543801652892562,,,,,,0.6545454545454545,0.0,,,,3.861818181818183,,,,0.6961983471074382,,,,,11.228429752066116,0.0,,20.51702479338843,,,,,,0.827107438016529,3.6,3.6,3.6,3.6,,33.6,33.6,33.6,25.4,,3.6,2.2000000000000006,2.2,2.2,,0.6,0.6,0.6,0.0,0.0,0.0,0.0,,,,,23.6,12.644628099173554,,,0.0587305785123966,,,26.705454545454547,2.7405945323594456,1.7613223140495868,,,1.2,,,,,,,27.1,,,3.272727272727273,0.0,,,,30.4,0.9,0.9,,3.4,3.4,4.03,4.03,,,0.4,1.690512397,0.0,0.0,0.2,0.0,2.1,0.12,,,2.0
1954-12-31,4.55,18.88899173553719,,,,,,0.9223140495867768,0.0,,,,9.905652892561983,,,,2.5701818181818177,,,,,20.739768595041323,0.0,,43.63775206611571,,,,,,2.0905785123966942,4.3,4.3,4.3,4.3,,30.8,30.8,30.8,20.8,,4.2,2.9,2.9,2.9,,0.6,0.6,0.6,0.0,0.0,0.0,0.0,,,,,16.1,12.8201652892562,,,0.1512595041322314,,,40.19444628099174,9.05118876615062,6.548429752066116,,,1.2,,,,,,,23.4,,,25.76330578512397,0.0,,,,63.9,0.0,0.0,,10.0,10.0,6.27,6.27,,,0.2,1.411319008,0.0,0.0,0.9,0.0,1.8,0.54,,,1.3
1955-01-31,4.28,18.489322314049588,,,,,,0.7993388429752066,0.0,,,,9.54287603305785,,,,3.252694214876033,,,,,17.23497520661157,0.0,,43.16429752066116,,,,,,1.752396694214876,6.6,6.6,6.6,6.6,,20.3,20.3,20.3,24.2,,6.1,4.7,4.7,4.7,,0.6,0.6,0.6,0.0,0.0,0.0,0.0,,,,,5.0,12.248330578512396,,,0.0780892561983471,,,67.3289256198347,9.89114095436422,7.60601652892562,,,1.1,,,,,,,26.9,,,34.24859504132231,0.0,,,,70.2,5.2,5.2,,10.7,10.7,9.35,9.35,,,0.2,1.000244628,0.0,0.0,1.3,0.0,2.2,0.78,,,1.2
1955-02-28,3.92,14.239735537190082,,,,,,0.8330578512396695,0.0,,,,8.2361652892562,,,,2.832396694214876,,,,,15.350479338842977,0.0,,35.29943801652892,,,,,,2.4214214876033053,4.4,4.4,4.4,4.4,,18.8,18.8,18.8,13.9,,3.0,1.8,1.8,1.8,,0.6,0.6,0.6,0.0,0.0,0.0,0.0,,,,,3.9,4.698446280991735,,,0.0905256198347107,,,57.25884297520661,7.253761603686385,4.104198347107438,,,1.0,,,,,,,10.5,,,21.21520661157025,0.0,,,,70.3,5.6,5.6,,13.6,13.6,10.85,10.85,,,0.2,0.946512397,0.0,0.0,1.3,0.0,1.7,0.78,,,0.8
1955-03-31,4.79,18.45242975206612,,,,,,1.6601652892561984,0.0977652892561983,,,,12.703338842975208,,,,4.0704793388429765,,,,,24.14618181818182,0.0,,61.54909090909091,,,,,,5.804429752066116,6.1,6.1,6.1,6.1,,17.8,17.8,17.8,21.1,,3.3,2.099999999999999,2.1,2.1,,0.6,0.6,0.6,0.0,0.0,0.0,0.0,,,,,3.2,7.218644628099174,,,0.0891570247933884,,,89.58743801652892,5.806066329988193,2.8960661157024794,,,1.1,,,,,,,24.5,,,14.080661157024794,0.0,,,,70.9,5.1,5.1,,14.4,14.4,12.98,12.98,,,0.1,1.624502479,0.0,0.0,0.6,0.0,1.7,0.36,,,0.8
1955-04-30,4.9,26.699504132231404,,,,,,5.474380165289256,0.0081520661157024,,,,18.458181818181817,,,,5.391074380165289,,,,,39.27272727272727,0.0,,90.74380165289256,,,,,,11.067768595041322,8.7,8.7,8.7,8.7,,43.8,43.8,43.8,7.7,,0.8,0.4,0.4,0.4,,0.6,0.6,0.6,0.0,0.0,0.0,0.0,,,,,8.04,9.413553719008265,,,0.0910413223140495,,,130.31404958677686,3.92108616292798,3.647603305785124,,,0.8,,,,,,,20.1,,,6.0694214876033055,0.0,,,,70.8,7.2,7.2,,14.3,14.3,11.47,11.47,,,0.1,2.334942149,0.6,0.0,0.6,0.4,1.1,0.36,,,1.6
1955-05-31,5.54,30.202710743801653,,,,,,14.63404958677686,7.144859504132231,,,,38.64495867768595,,,,6.062677685950415,,,,,95.73619834710745,0.0,,177.82214876033058,,,,,,41.88535537190083,33.3,33.3,33.3,33.3,,73.2,73.2,73.2,31.799999999999997,,5.3,4.199999999999998,4.2,4.2,,0.6,0.6,0.6,0.0,0.0,0.0,0.0,,,,,35.1,3.627768595041322,,,0.1235900826446281,,,249.39371900826447,9.27113133293979,1.303537190082645,,,1.1,,,,,,,27.3,,,14.511074380165288,0.0,,,,71.3,7.2,7.2,,14.7,14.7,19.5,19.5,,,0.2,4.568171901,1.1,0.0,1.3,2.3,1.9,0.78,,,2.3
1955-06-30,4.8,14.060826446280991,,,,,,11.305785123966942,2.0290909090909093,,,,13.150413223140497,,,,1.0472727272727274,,,,,49.1801652892562,0.0,,73.84462809917355,,,,,,21.49289256198347,46.7,46.7,46.7,46.7,,67.7,67.7,67.7,27.8,,6.6,4.3,4.3,4.3,,10.8,10.8,10.8,0.0,0.0,0.0,0.0,,,,,55.6,0.2380165289256198,,,0.348099173553719,,,100.7404958677686,2.370003093270366,0.3016859504132231,,,1.4,,,,,,,25.6,,,1.963636363636364,0.2,,,,69.7,5.4,5.4,,13.4,13.4,18.36,18.36,,,0.4,5.340178512,2.0,0.0,3.7,3.0,2.9,2.22,,,2.6
1955-07-31,3.81,9.438347107438016,,,,,,1.3527272727272728,0.0,,,,3.5355371900826444,,,,0.3984396694214877,,,,,13.539570247933884,0.0,,27.269752066115704,,,,,,3.105123966942149,37.9,37.9,37.9,37.9,,68.0,68.0,68.0,23.3,,5.7,4.0,4.0,4.0,,10.6,10.6,10.6,0.0,0.0,0.0,0.0,,,,,45.1,13.250578512396697,,,0.0176469421487603,,,43.16429752066116,-0.2065336340023587,0.2816132231404958,,,1.7,,,,,,,24.3,,,0.4857520661157025,1.8,,,,57.8,2.1,2.1,,6.7,6.7,12.5,12.5,,,0.6,4.414889256,2.3,0.0,5.4,3.2,3.4,3.24,,,2.7
1955-08-31,3.47,7.931900826446281,,,,,,0.4365619834710744,0.0,,,,2.5209917355371902,,,,0.1813884297520661,,,,,8.313123966942147,0.0,,13.76092561983471,,,,,,1.223603305785124,22.9,22.9,22.9,22.9,,67.6,67.6,67.6,27.7,,7.7,5.5,5.5,5.5,,10.1,10.1,10.1,0.0,0.0,0.0,0.0,,,,,35.3,12.863206611570249,,,0.0061487603305785,,,38.829421487603305,-0.6881187356821797,0.2969851239669421,,,1.6,,,,,,,25.4,,,0.3135867768595041,1.7,,,,30.9,2.4,2.4,,3.7,3.7,7.6,7.6,,,0.6,3.811319008,0.9,0.0,5.3,3.3,3.5,3.18,,,2.4
1955-09-30,3.62,8.03900826446281,,,,,,0.1666115702479338,0.0,,,,2.374214876033058,,,,0.168396694214876,,,,,7.265454545454546,0.0,,10.466776859504131,,,,,,1.4459504132231404,3.3,3.3,3.3,3.3,,65.7,65.7,65.7,26.7,,7.4,6.4,6.4,6.4,,0.6,0.6,0.6,0.0,0.0,0.0,0.0,,,,,31.6,13.096859504132231,,,0.0059504132231404,,,15.393719008264462,-0.4004821146875426,0.300495867768595,,,0.6,,,,,,,26.5,,,0.3094214876033058,1.7,,,,26.2,1.5,1.5,,3.5,3.5,4.75,4.75,,,0.5,3.122836364,0.8,0.0,4.9,3.1,3.1,2.94,,,2.2
1955-10-31,2.276,6.98499173553719,,,,,,0.2090578512396694,0.0,,,,2.0290909090909093,,,,0.2305785123966942,,,,,7.286280991735537,0.0,,10.225388429752067,,,,,,1.4019173553719009,2.6,2.6,2.6,2.6,,48.4,48.4,48.4,26.2,,7.3,6.4,6.4,6.4,,0.0,0.0,0.0,0.0,0.0,0.0,0.0,,,,,19.5,13.441190082644628,,,0.0150644628099173,,,13.447338842975206,-0.0948244849260853,0.3830677685950414,,,0.5,,,,,,,27.7,,,1.906115702479339,1.7,,,,25.3,0.0,0.0,,2.7,2.7,4.4,4.4,,,0.6,1.928489256,0.5,0.0,3.6,2.2,2.1,2.16,,,2.0
1955-11-30,2.268,9.074380165289256,,,,,,0.4462809917355372,0.0,,,,3.504793388429752,,,,0.7438016528925618,,,,,9.788429752066117,0.0,,17.220495867768594,,,,,,0.5950413223140496,3.7,3.7,3.7,3.7,,33.4,33.4,33.4,25.5,,4.2,3.5,3.5,3.5,,0.0,0.0,0.0,0.0,0.0,0.0,0.0,,,,,10.9,10.056198347107438,,,0.0696198347107437,,,23.06380165289256,3.3285215921216,1.2138842975206612,,,0.3,,,,,,,25.5,,,2.439669421487604,0.4,,,,29.6,0.0,0.0,,4.2,4.2,7.0,7.0,,,0.4,2.121163636,0.0,0.0,0.5,0.0,1.8,0.3,,,1.0
1955-12-31,3.0060000000000007,126.72595041322316,,,,,,7.255537190082644,20.94267768595041,,,,151.56694214876032,,,,34.52528925619835,,,,,196.2684297520661,0.0,,499.15636363636366,,,,,,44.28952066115702,24.6,24.6,24.6,24.6,,63.5,63.5,63.5,21.0,,5.0,3.0,3.0,3.0,,0.0,0.0,0.0,0.0,0.0,0.0,0.0,,,,,48.3,3.1973553719008265,,,1.0022479338842976,,,933.3818181818182,78.00296507674146,59.034247933884295,,,0.2,,,,,,,21.0,,,215.2680991735537,0.0,,,,71.6,5.7,5.7,,15.5,15.5,26.71,26.71,,,0.2,1.586380165,0.0,0.0,0.1,0.0,1.1,0.06,,,0.0
1956-01-31,4.85,113.6905785123967,,,,,,6.148760330578512,4.63001652892562,,,,93.27669421487604,,,,32.551537190082634,,,,,134.780826446281,0.0,,340.1494214876033,,,,,,19.69447933884297,30.6,30.6,30.6,30.6,,62.6,62.6,62.6,34.6,,7.5,5.4,5.4,5.4,,0.0,0.0,0.0,0.0,0.0,0.0,0.0,,,,,64.1,3.683107438016529,,,0.4408661157024794,,,649.3090909090909,56.99847999892056,61.3523305785124,,,0.2,,,,,,,21.8,,,184.7087603305785,0.0,,,,71.7,5.7,5.7,,15.0,15.0,26.71,26.71,,,0.2,1.047669421,0.0,0.0,0.0,0.0,0.6,0.0,,,0.0
1956-02-29,4.582,80.12628099173554,,,,,,4.1414876033057855,0.1288462809917355,,,,35.08185123966942,,,,9.042247933884296,,,,,58.95867768595041,0.0,,143.85917355371902,,,,,,7.356892561983472,35.4,35.4,35.4,35.4,,49.1,49.1,49.1,31.7,,7.0,5.9,5.9,5.9,,0.0,0.0,0.0,0.0,0.0,0.0,0.0,,,,,64.0,12.326677685950417,,,0.6614876033057852,,,254.2988429752066,23.157464336346766,27.126743801652896,,,0.2,,,,,,,19.3,,,74.4892561983471,0.0,,,,72.1,5.7,5.7,,14.6,14.6,26.71,26.71,,,0.2,1.476297521,0.0,0.0,0.0,0.0,1.4,0.0,,,0.0
1956-03-31,5.92,42.53097520661158,,,,,,3.750743801652893,0.5632264462809916,,,,32.6499173553719,,,,9.05712396694215,,,,,57.43557024793388,0.0,,134.96528925619836,,,,,,11.03087603305785,40.7,40.7,40.7,40.7,,44.7,44.7,44.7,31.799999999999997,,7.6,6.5,6.5,6.5,,0.0,0.0,0.0,0.0,0.0,0.0,0.0,,,,,54.1,13.502677685950411,,,0.462386776859504,,,219.8181818181818,12.137681811435316,15.882247933884296,,,0.1,,,,,,,28.1,,,40.70479338842975,0.0,,,,71.3,5.7,5.7,,14.8,14.8,26.71,26.71,,,0.1,1.569699174,0.0,0.0,0.0,0.0,2.1,0.0,,,0.0
1956-04-30,6.006,37.10082644628099,,,,,,9.461157024793389,2.505123966942149,,,,32.76297520661157,,,,6.075371900826446,,,,,80.74710743801653,0.0,,165.4809917355372,,,,,,26.51504132231405,42.8,42.8,42.8,42.8,,69.6,69.6,69.6,31.7,,7.2,3.5,3.5,3.5,,6.8,6.8,6.8,0.0,0.0,0.0,0.0,,,,,69.5,9.8598347107438,,,0.7616528925619834,,,232.8396694214876,7.096880918181818,6.218181818181818,,,0.1,,,,,,,18.6,,,26.776859504132236,0.0,,,,71.3,5.7,5.7,,15.0,15.0,27.78,27.78,,,0.1,3.683305785,0.6,0.0,1.0,1.2,1.7,0.6,,,0.9
1956-05-31,5.324,41.38730578512397,,,,,,10.268429752066115,28.89302479338843,,,,72.12495867768595,,,,6.8189752066115705,,,,,154.82578512396694,0.0,,259.78512396694214,,,,,,59.30479338842975,44.4,44.4,44.4,44.4,,73.8,73.8,73.8,34.2,,7.8,1.2,1.2,1.2,,10.0,10.0,10.0,0.0,0.0,0.0,0.0,,,,,70.3,4.316429752066116,,,35.22009917355371,,,512.1917355371901,7.512928934179459,3.744595041322314,,,0.2,,,,,,,27.4,,,32.15801652892562,0.0,,,,72.2,5.7,5.7,,15.1,15.1,26.71,26.71,,,0.2,5.003504132,1.2,0.0,2.6,2.9,1.9,1.56,,,0.7
1956-06-30,5.3,20.213553719008264,,,,,,5.771900826446281,21.034710743801654,,,,39.12396694214876,,,,1.5054545454545454,,,,,101.87107438016528,0.0,,139.29917355371902,,,,,,42.84892561983471,46.7,46.7,46.7,46.7,,74.6,74.6,74.6,33.3,,7.2,6.3,6.3,6.3,,14.7,14.7,14.7,0.0,0.0,0.0,0.0,,,,,70.4,0.2903801652892562,,,24.21818181818182,,,269.9702479338843,2.887212053508181,0.3689256198347107,,,0.5,,,,,,,27.4,,,2.856198347107438,0.0,,,,70.8,7.2,7.2,,14.1,14.1,27.78,27.78,,,0.4,5.203834711,2.0,0.0,3.7,3.4,3.0,2.22,,,2.1
1956-07-31,4.472000000000001,11.627305785123967,,,,,,4.119669421487603,0.0854677685950413,,,,7.206347107438017,,,,0.6763636363636364,,,,,32.182611570247936,0.0,,43.62545454545455,,,,,,5.767537190082645,46.2,46.2,46.2,46.2,,68.5,68.5,68.5,28.2,,6.1,4.8,4.8,4.8,,13.8,13.8,13.8,0.0,0.0,0.0,0.0,,,,,65.1,13.545719008264465,,,0.7870413223140496,,,58.28409917355372,2.2134323971664696,0.3086677685950413,,,1.0,,,,,,,28.7,,,0.4919008264462809,1.1,,,,67.8,3.3,3.3,,12.3,12.3,25.6,25.6,,,0.6,5.026710744,2.3,0.0,4.3,3.7,3.4,2.58,,,2.1
1956-08-31,3.703,9.26003305785124,,,,,,0.7378512396694215,0.0,,,,3.105123966942149,,,,0.3652363636363637,,,,,14.529520661157024,0.0,,27.23900826446281,,,,,,3.5785785123966942,33.8,33.8,33.8,33.8,,68.2,68.2,68.2,27.7,,6.1,4.199999999999998,4.2,4.2,,1.7,1.7,1.7,0.0,0.0,0.0,0.0,,,,,66.4,13.631801652892564,,,0.0019676033057851,,,43.18889256198347,-1.757999809799294,0.3916760330578512,,,1.4,,,,,,,28.4,,,0.4427107438016529,1.9,,,,57.0,1.6,1.6,,4.6,4.6,17.99,17.99,,,0.6,3.900456198,1.2,0.0,5.5,3.7,3.3,3.3,,,2.4
1956-09-30,4.072,9.074380165289256,,,,,,0.3808264462809917,0.0,,,,2.683636363636364,,,,0.3302479338842975,,,,,11.775867768595038,0.0,,17.869090909090907,,,,,,2.255206611570248,17.9,17.9,17.9,17.9,,68.8,68.8,68.8,27.1,,6.8,3.900000000000001,3.9,3.9,,0.0,0.0,0.0,0.0,0.0,0.0,0.0,,,,,57.2,13.328925619834711,,,0.0107107438016528,,,34.66115702479339,-1.0704297343565532,0.672396694214876,,,1.3,,,,,,,27.9,,,0.5474380165289257,1.8,,,,41.1,3.2,3.2,,2.6,2.6,11.37,11.37,,,0.5,3.319378512,1.5,0.0,5.2,3.7,2.9,3.12,,,2.3
1956-10-31,4.8420000000000005,11.430545454545454,,,,,,0.5595371900826446,0.0,,,,4.519338842975206,,,,0.959206611570248,,,,,14.75702479338843,0.0,,15.58095867768595,,,,,,2.4103140495867774,4.1,4.1,4.1,4.1,,65.4,65.4,65.4,29.6,,6.8,6.1,6.1,6.1,,0.0,0.0,0.0,0.0,0.0,0.0,0.0,,,,,45.5,13.109157024793388,,,0.0553388429752066,,,33.60912396694215,2.7194660810497315,1.8077355371900827,,,1.3,,,,,,,28.5,,,4.673057851239669,1.8,,,,28.3,5.6,5.6,,13.6,13.6,11.57,11.57,,,0.6,2.286704132,0.1,0.0,3.9,2.1,2.7,2.34,,,1.5
1956-11-30,2.8220000000000005,9.080330578512395,,,,,,0.7140495867768595,0.0,,,,3.754710743801653,,,,0.6664462809917355,,,,,13.793057851239672,0.0,,32.32859504132231,,,,,,1.8089256198347108,5.6,5.6,5.6,5.6,,44.9,44.9,44.9,31.7,,6.7,6.1,6.1,6.1,,5.0,5.0,5.0,0.0,0.0,0.0,0.0,,,,,33.6,12.95404958677686,,,0.057897520661157,,,35.76198347107438,2.584287309327038,0.9877685950413224,,,1.7,,,,,,,27.5,,,7.31900826446281,0.9,,,,36.5,5.6,5.6,,4.2,4.2,15.4,15.4,,,0.4,1.582135537,0.0,0.0,1.3,0.0,1.6,0.78,,,0.0
1956-12-31,2.5820000000000003,8.792727272727273,,,,,,0.7993388429752066,0.0,,,,4.187305785123966,,,,0.7624462809917355,,,,,13.576462809917356,0.0,,25.2099173553719,,,,,,2.275041322314049,7.2,7.2,7.2,7.2,,30.2,30.2,30.2,27.9,,6.8,6.4,6.4,6.4,,4.0,4.0,4.0,0.0,0.0,0.0,0.0,,,,,22.9,13.748628099173551,,,0.0483907438016528,,,37.59352066115702,0.8111025584415558,1.3527272727272728,,,0.9,,,,,,,26.5,,,5.595371900826446,0.0,,,,33.3,5.6,5.6,,2.9,2.9,19.08,19.08,,,0.2,1.429090909,0.0,0.0,0.8,0.0,0.2,0.48,,,0.0
1957-01-31,2.8090000000000006,11.129256198347107,,,,,,0.6763636363636364,0.0,,,,6.007338842975207,,,,1.6232727272727272,,,,,14.806214876033058,0.0,,27.392727272727274,,,,,,1.389619834710744,8.0,8.0,8.0,8.0,,23.1,23.1,23.1,21.9,,4.3,1.5,1.5,1.5,,4.0,4.0,4.0,0.0,0.0,0.0,0.0,,,,,12.3,13.06611570247934,,,0.0474069421487603,,,35.25084297520661,5.771207938606852,3.959801652892563,,,0.8,,,,,,,24.6,,,10.145454545454545,0.0,,,,43.3,5.9,5.9,,6.4,6.4,20.0,20.0,,,0.2,1.499543802,0.0,0.0,1.8,0.0,0.0,1.08,,,0.6
1957-02-28,3.1520000000000006,33.95543801652893,,,,,,4.054214876033058,0.3354446280991736,,,,28.98485950413223,,,,9.674578512396696,,,,,61.70181818181818,0.0,,154.39338842975206,,,,,,10.435438016528924,12.4,12.4,12.4,12.4,,49.3,49.3,49.3,12.3,,2.6,0.1,0.1,0.1,,0.0,0.0,0.0,0.0,0.0,0.0,0.0,,,,,20.5,6.814413223140496,,,0.3615471074380165,,,206.9871074380165,17.61275036329904,11.035239669421488,,,1.3,,,,,,,21.7,,,35.76595041322314,0.0,,,,72.3,6.0,6.0,,15.2,15.2,24.4,24.4,,,0.2,1.343801653,0.0,0.0,1.8,0.0,0.0,1.08,,,0.5
1957-03-31,4.913,42.29732231404959,,,,,,8.423801652892562,0.0,,,,43.68079338842976,,,,14.806214876033058,,,,,82.82380165289256,0.0,,191.65685950413223,,,,,,13.078413223140496,17.1,17.1,17.1,17.1,,56.0,56.0,56.0,31.499999999999996,,3.3,0.8,0.8,0.8,,0.0,0.0,0.0,0.0,0.0,0.0,0.0,,,,,29.9,8.454545454545455,,,0.2779239669421487,,,311.3117355371901,17.698404745387084,13.51497520661157,,,1.4,,,,,,,13.9,,,73.41619834710744,0.0,,,,70.9,6.1,6.1,,14.4,14.4,26.71,26.71,,,0.1,1.526280992,0.0,0.0,1.8,0.0,0.4,1.08,,,1.1
1957-04-30,4.915000000000001,26.235371900826447,,,,,,14.4,0.0,,,,22.94479338842975,,,,4.885289256198348,,,,,61.46776859504132,0.0,,116.4495867768595,,,,,,20.677685950413224,30.0,30.0,30.0,30.0,,70.7,70.7,70.7,28.7,,6.6,6.2,6.2,6.2,,0.0,0.0,0.0,0.0,0.0,0.0,0.0,,,,,43.4,9.34214876033058,,,0.1100826446280991,,,162.1487603305785,7.827565393607692,8.3900826446281,,,1.1,,,,,,,20.1,,,26.717355371900823,0.0,,,,71.0,5.7,5.7,,14.6,14.6,27.78,27.78,,,0.1,3.617057851,0.7,0.0,1.9,1.8,1.5,1.14,,,1.4
1957-05-31,5.23,41.098314049586776,,,,,,25.08694214876033,4.740694214876032,,,,50.1062479338843,,,,9.659702479338844,,,,,120.2697520661157,0.0,,211.02545454545452,,,,,,46.2140826446281,45.9,45.9,45.9,45.9,,73.8,73.8,73.8,33.4,,7.7,6.4,6.4,6.4,,0.0,0.0,0.0,0.0,0.0,0.0,0.0,,,,,70.0,4.636165289256199,,,14.46803305785124,,,380.3623140495868,16.832619172609213,18.409388429752063,,,0.9,,,,,,,27.7,,,50.4198347107438,0.0,,,,71.9,5.9,5.9,,15.9,15.9,27.78,27.78,,,0.2,5.326016529,1.4,0.0,2.1,2.9,1.4,1.26,,,1.9
1957-06-30,4.96,17.125289256198347,,,,,,11.424793388429752,2.772892561983471,,,,18.11305785123967,,,,2.106446280991735,,,,,65.6925619834711,0.0,,94.6710743801653,,,,,,21.57619834710744,46.7,46.7,46.7,46.7,,71.5,71.5,71.5,27.9,,6.0,4.9,4.9,4.9,,12.9,12.9,12.9,0.0,0.0,0.0,0.0,,,,,70.0,0.5295867768595042,,,17.16694214876033,,,166.8495867768595,3.772763533344575,3.070413223140496,,,0.9,,,,,,,27.8,,,3.986776859504132,0.0,,,,70.4,4.1,4.1,,13.6,13.6,25.7,25.7,,,0.4,4.820350413,2.3,0.0,3.8,3.2,2.7,2.28,,,2.2
1957-07-31,4.08,10.514380165289255,,,,,,1.2297520661157024,0.0,,,,3.5908760330578517,,,,0.6148760330578512,,,,,19.319404958677687,0.0,,33.89811570247933,,,,,,3.0436363636363635,39.9,39.9,39.9,39.9,,67.5,67.5,67.5,25.0,,5.3,3.9,3.9,3.9,,9.7,9.7,9.7,0.0,0.0,0.0,0.0,,,,,61.6,13.865454545454543,,,0.1254347107438016,,,44.39404958677686,0.5406256028335343,0.4353322314049586,,,1.4,,,,,,,27.9,,,0.3443305785123967,1.7,,,,65.6,2.0,2.0,,8.3,8.3,19.78,19.78,,,0.6,3.769190083,2.3,0.0,5.7,3.6,3.4,3.42,,,2.7
1957-08-31,4.06,9.17395041322314,,,,,,0.3566280991735537,0.0,,,,3.0436363636363635,,,,0.3381818181818182,,,,,11.32601652892562,0.0,,21.16403305785124,,,,,,2.275041322314049,24.9,24.9,24.9,24.9,,67.0,67.0,67.0,27.5,,5.9,4.199999999999998,4.2,4.2,,4.7,4.7,4.7,0.0,0.0,0.0,0.0,,,,,55.4,13.594909090909091,,,0.0061487603305785,,,37.243041322314056,-0.4505831322314065,0.3676958677685951,,,1.4,,,,,,,26.1,,,0.2029090909090909,1.8,,,,47.8,2.3,2.3,,4.6,4.6,13.33,13.33,,,0.6,3.480198347,1.4,0.0,5.7,3.8,3.4,3.42,,,2.7
1957-09-30,3.79,9.026776859504132,,,,,,0.2023140495867768,0.0,,,,2.6717355371900826,,,,0.276099173553719,,,,,9.342148760330575,0.0,,16.054214876033058,,,,,,1.618512396694215,11.4,11.4,11.4,11.4,,66.3,66.3,66.3,26.7,,4.8,4.1,4.1,4.1,,0.0,0.0,0.0,0.0,0.0,0.0,0.0,,,,,48.3,13.156363636363636,,,0.0123173553719008,,,28.847603305785125,-0.5549425174804253,0.4337851239669421,,,0.7,,,,,,,26.0,,,0.2380165289256198,1.8,,,,32.9,2.2,2.2,,2.6,2.6,7.5,7.5,,,0.5,3.190829752,1.0,0.0,5.4,3.6,3.1,3.24,,,2.5
1957-10-31,4.629,12.414347107438015,,,,,,0.7378512396694215,0.0,,,,4.095074380165289,,,,0.7194049586776858,,,,,13.539570247933884,0.0,,20.204826446280997,,,,,,1.7954380165289257,3.9,3.9,3.9,3.9,,61.7,61.7,61.7,27.4,,4.3,3.8,3.8,3.8,,0.0,0.0,0.0,0.0,0.0,0.0,0.0,,,,,36.4,13.76092561983471,,,0.0428568595041322,,,29.34188429752066,1.8182035672031311,1.1129256198347108,,,1.1,,,,,,,27.9,,,3.1973553719008265,1.8,,,,30.6,3.7,3.7,,6.4,6.4,7.84,7.84,,,0.6,2.46614876,0.5,0.0,1.7,1.8,2.1,1.02,,,2.3
1957-11-30,3.967,14.495206611570248,,,,,,1.1305785123966945,0.0081520661157024,,,,5.873057851239669,,,,1.4697520661157024,,,,,17.369256198347106,0.0,,29.829421487603305,,,,,,2.796694214876033,3.6,3.6,3.6,3.6,,50.9,50.9,50.9,26.7,,5.5,4.000000000000001,4.0,4.0,,0.0,0.0,0.0,0.0,0.0,0.0,0.0,,,,,27.0,13.090909090909092,,,0.0761652892561983,,,29.11537190082645,2.324819767380745,1.0651239669421488,,,1.7,,,,,,,27.2,,,3.332231404958678,1.0,,,,41.0,5.9,5.9,,8.6,8.6,10.21,10.21,,,0.4,1.141646281,0.0,0.0,1.4,0.0,1.5,0.84,,,2.1
1957-12-31,4.300000000000001,30.073586776859504,,,,,,1.8446280991735535,0.0434102479338842,,,,13.68099173553719,,,,4.377917355371901,,,,,28.610181818181815,0.0,,63.20925619834711,,,,,,4.642314049586777,5.2,5.2,5.2,5.2,,45.4,45.4,45.4,31.0,,2.3,2.099999999999999,2.1,2.1,,0.0,0.0,0.0,0.0,0.0,0.0,0.0,,,,,21.8,12.93699173553719,,,0.1248198347107437,,,70.28033057851239,9.82679363428846,6.6591074380165285,,,1.9,,,,,,,28.0,,,19.122644628099174,0.0,,,,70.6,5.9,5.9,,13.8,13.8,12.98,12.98,,,0.2,1.413679339,0.0,0.0,0.7,0.0,1.3,0.42,,,1.1
1958-01-31,5.797,42.53712396694214,,,,,,1.6601652892561984,0.0,,,,18.932033057851235,,,,8.202446280991735,,,,,32.53309090909091,0.0,,84.66842975206612,,,,,,3.129719008264463,8.0,8.0,8.0,8.0,,37.8,37.8,37.8,30.3,,2.4,2.2,2.2,2.2,,0.0,0.0,0.0,0.0,0.0,0.0,0.0,,,,,13.5,12.783272727272728,,,0.111292561983471,,,144.31140495867768,16.803966335301062,12.082314049586778,,,2.0,,,,,,,27.2,,,42.18049586776859,0.0,,,,71.8,6.2,6.2,,14.6,14.6,18.04,18.04,,,0.2,1.632416529,0.0,0.0,0.4,0.0,1.2,0.24,,,1.4
1958-02-28,5.238,118.29421487603304,,,,,,6.553388429752066,1.316231404958678,,,,74.64198347107438,,,,28.42393388429752,,,,,125.01421487603304,0.0,,346.38545454545454,,,,,,14.784,14.4,14.4,14.4,14.4,,56.8,56.8,56.8,26.7,,5.8,4.9,4.9,4.9,,0.0,0.0,0.0,0.0,0.0,0.0,0.0,,,,,23.2,8.613818181818184,,,0.4326347107438016,,,575.9206611570248,42.979211335174575,37.8041652892562,,,2.1,,,,,,,21.4,,,128.29090909090908,0.0,,,,72.4,6.7,6.7,,15.3,15.3,26.71,26.71,,,0.2,1.432859504,0.0,0.0,0.3,0.0,0.7,0.18,,,1.0
1958-03-31,6.114,81.71702479338843,,,,,,5.0419834710743805,0.0,,,,43.29957024793389,,,,16.44178512396694,,,,,72.7398347107438,0.0,,192.6406611570248,,,,,,6.019636363636364,23.1,23.1,23.1,23.1,,42.6,42.6,42.6,33.3,,7.3,6.1,6.1,6.1,,0.0,0.0,0.0,0.0,0.0,0.0,0.0,,,,,27.1,9.567471074380164,,,0.8854214876033057,,,351.95504132231406,34.11778936181481,37.476694214876034,,,2.4,,,,,,,19.3,,,120.39272727272729,0.0,,,,72.6,6.6,6.6,,15.8,15.8,27.25,27.25,,,0.1,1.586380165,0.0,0.0,0.1,0.0,1.6,0.06,,,0.8
1958-04-30,5.142,79.49752066115703,,,,,,4.046280991735538,5.063801652892562,,,,68.84628099173554,,,,20.41586776859504,,,,,105.08429752066117,0.0,,263.3652892561984,,,,,,18.565289256198348,28.5,28.5,28.5,28.5,,57.5,57.5,57.5,30.999999999999996,,7.1,4.5,4.5,4.5,,0.0,0.0,0.0,0.0,0.0,0.0,0.0,,,,,28.7,10.20495867768595,,,0.4415206611570248,,,485.4347107438017,42.98199789536177,44.57454545454546,,,0.1,,,,,,,20.7,,,151.91404958677683,0.0,,,,72.1,6.2,6.2,,15.3,15.3,27.78,27.78,,,0.1,2.20938843,0.2,0.0,0.7,1.4,0.8,0.42,,,0.6
1958-05-31,4.242,51.883239669421485,,,,,,5.964297520661157,42.2358347107438,,,,109.87834710743802,,,,9.450644628099171,,,,,217.23570247933884,0.0,,367.6958677685951,,,,,,82.45487603305786,41.9,41.9,41.9,41.9,,72.6,72.6,72.6,34.10000000000001,,4.8,3.0,3.0,3.0,,0.0,0.0,0.0,0.0,0.0,0.0,0.0,,,,,68.5,0.8239338842975207,,,0.9469090909090908,,,665.295867768595,7.265371390521167,5.441652892561984,,,0.3,,,,,,,28.3,,,21.951074380165288,0.0,,,,72.4,6.6,6.6,,15.2,15.2,27.0,27.0,,,0.2,5.722512397,1.4,0.0,2.7,3.6,2.0,1.62,,,1.6
1958-06-30,5.386,28.407272727272726,,,,,,8.15206611570248,21.11206611570248,,,,51.01289256198347,,,,2.2492561983471075,,,,,124.24462809917355,0.0,,172.502479338843,,,,,,51.59603305785124,46.7,46.7,46.7,46.7,,74.5,74.5,74.5,32.5,,7.5,5.9,5.9,5.9,,13.5,13.5,13.5,0.0,0.0,0.0,0.0,,,,,70.0,0.8925619834710744,,,30.192396694214874,,,365.6528925619835,3.009360801720358,1.0532231404958678,,,1.7,,,,,,,27.4,,,5.712396694214876,0.0,,,,70.9,7.1,7.1,,14.0,14.0,27.78,27.78,,,0.4,5.517659504,2.6,0.0,3.7,3.5,2.4,2.22,,,2.1
1958-07-31,5.419,15.248925619834711,,,,,,4.734545454545454,0.0,,,,7.31702479338843,,,,0.7562975206611571,,,,,35.11557024793388,0.0,,49.31305785123967,,,,,,8.331570247933884,46.1,46.1,46.1,46.1,,69.4,69.4,69.4,30.3,,7.0,5.299999999999999,5.3,5.3,,13.9,13.9,13.9,0.0,0.0,0.0,0.0,,,,,66.1,12.414347107438015,,,1.6970578512396697,,,68.06677685950413,0.3906036588379157,0.231193388429752,,,1.9,,,,,,,27.4,,,0.5779834710743802,0.9,,,,56.9,4.2,4.2,,13.1,13.1,25.17,25.17,,,0.6,5.217361983,2.6,0.0,4.2,3.7,3.1,2.52,,,2.6
1958-08-31,4.19,11.270677685950414,,,,,,0.6763636363636364,0.0,,,,3.467900826446281,,,,0.3590876033057852,,,,,16.269619834710745,0.0,,30.17811570247934,,,,,,3.9167603305785126,35.2,35.2,35.2,35.2,,68.2,68.2,68.2,28.1,,6.6,4.0,4.0,4.0,,13.5,13.5,13.5,0.0,0.0,0.0,0.0,,,,,56.0,12.408198347107438,,,0.0244105785123966,,,42.0944132231405,-0.3522727009951106,0.2244297520661157,,,1.6,,,,,,,28.8,,,0.5964297520661156,1.8,,,,43.0,1.4,1.4,,6.0,6.0,19.25,19.25,,,0.6,4.301970248,1.3,0.0,5.3,3.8,3.2,3.18,,,2.8
1958-09-30,4.087,10.026446280991737,,,,,,0.3332231404958677,0.0,,,,2.570578512396694,,,,0.323702479338843,,,,,11.091570247933884,0.0,,19.6601652892562,,,,,,1.725619834710744,19.8,19.8,19.8,19.8,,67.6,67.6,67.6,27.6,,7.2,4.000000000000001,4.0,4.0,,6.3,6.3,6.3,0.0,0.0,0.0,0.0,,,,,54.4,12.025785123966942,,,0.0136859504132231,,,38.59438016528926,-0.5710906381345942,0.3415537190082645,,,1.6,,,,,,,27.8,,,0.6545454545454545,1.8,,,,42.4,1.3,1.3,,3.3,3.3,13.46,13.46,,,0.5,3.74673719,1.0,0.0,5.4,3.7,2.9,3.24,,,2.7
1958-10-31,4.11,10.016330578512395,,,,,,0.3197355371900826,0.0,,,,2.367272727272727,,,,0.3535537190082645,,,,,10.034776859504133,0.0,,11.147702479338845,,,,,,0.7931900826446281,4.1,4.1,4.1,4.1,,63.8,63.8,63.8,27.9,,6.7,4.8,4.8,4.8,,5.3,5.3,5.3,0.0,0.0,0.0,0.0,,,,,43.1,12.986181818181818,,,0.0200449586776859,,,28.36423140495868,-1.7911122524285918,0.6825123966942149,,,1.4,,,,,,,28.9,,,1.6601652892561984,1.8,,,,25.9,0.0,0.0,,5.6,5.6,9.84,9.84,,,0.6,2.821983471,0.3,0.0,4.4,3.3,1.3,2.64,,,2.8
1958-11-30,3.787,9.895537190082644,,,,,,0.4343801652892562,0.0,,,,2.713388429752066,,,,0.5200661157024792,,,,,10.90710743801653,0.0,,22.80793388429752,,,,,,0.2844297520661157,3.8,3.8,3.8,3.8,,48.5,48.5,48.5,29.0,,2.9,2.7000000000000006,2.7,2.7,,6.0,6.0,6.0,0.0,0.0,0.0,0.0,,,,,31.0,12.739834710743802,,,0.0571239669421487,,,22.01057851239669,2.3087273045345817,0.7735537190082644,,,0.7,,,,,,,27.0,,,1.7851239669421488,1.6,,,,33.8,5.0,5.0,,0.6,0.6,10.21,10.21,,,0.4,1.238638017,0.0,0.0,1.9,0.0,1.6,1.14,,,0.8
1958-12-31,2.7869999999999995,9.42604958677686,,,,,,0.3935206611570248,0.0,,,,2.9083636363636365,,,,0.6517685950413223,,,,,10.483636363636364,0.0,,18.384793388429756,,,,,,0.2717752066115703,3.3,3.3,3.3,3.3,,40.7,40.7,40.7,20.5,,2.8,2.2,2.2,2.2,,6.0,6.0,6.0,0.0,0.0,0.0,0.0,,,,,18.0,13.133752066115704,,,0.0386757024793388,,,29.975206611570247,2.32370169224844,0.9530578512396696,,,0.9,,,,,,,20.2,,,1.7216528925619834,0.1,,,,28.1,3.2,3.2,,2.2,2.2,9.92,9.92,,,0.2,1.110763636,0.0,0.0,1.4,0.0,2.0,0.84,,,0.4
1959-01-31,4.966,29.33573553719008,,,,,,2.0905785123966942,0.4666909090909091,,,,16.509421487603305,,,,5.976595041322314,,,,,45.16264462809917,0.0,,90.01785123966943,,,,,,6.431603305785124,9.3,9.3,9.3,9.3,,47.4,47.4,47.4,21.7,,5.9,4.8,4.8,4.8,,6.0,6.0,6.0,0.0,0.0,0.0,0.0,,,,,15.0,12.32211570247934,,,0.2785388429752066,,,95.0598347107438,12.197418773907913,8.602115702479338,,,1.1,,,,,,,23.6,,,22.565950413223145,0.0,,,,70.5,5.6,5.6,,11.3,11.3,15.81,15.81,,,0.2,1.198790083,0.0,0.0,0.8,0.0,1.2,0.48,,,0.0
1959-02-28,4.707000000000001,42.11940495867769,,,,,,2.0548760330578517,0.3593256198347108,,,,20.559867768595044,,,,6.3034710743801625,,,,,37.97077685950413,0.0,,94.85752066115704,,,,,,5.570380165289257,13.7,13.7,13.7,13.7,,42.6,42.6,42.6,25.9,,6.4,5.5,5.5,5.5,,6.0,6.0,6.0,0.0,0.0,0.0,0.0,,,,,11.2,11.196297520661158,,,0.3071206611570247,,,170.7213223140496,22.637255548996457,16.605619834710744,,,0.9,,,,,,,23.7,,,58.09190082644628,0.0,,,,70.8,5.5,5.5,,11.3,11.3,24.65,24.65,,,0.2,1.106300826,0.1,0.0,0.6,0.0,1.3,0.36,,,0.0
1959-03-31,5.415,29.59398347107438,,,,,,4.673057851239669,0.0021520661157024,,,,18.907438016528925,,,,5.9151074380165305,,,,,45.0396694214876,0.0,,93.83008264462808,,,,,,10.016330578512395,15.9,15.9,15.9,15.9,,45.2,45.2,45.2,28.3,,6.8,6.2,6.2,6.2,,6.5,6.5,6.5,0.0,0.0,0.0,0.0,,,,,10.6,11.41209917355372,,,0.1481851239669421,,,140.9295867768595,6.941975880519483,8.725090909090909,,,1.1,,,,,,,9.0,,,36.40066115702479,0.0,,,,71.0,5.6,5.6,,11.3,11.3,26.71,26.71,,,0.1,1.29052562,0.1,0.0,0.6,0.0,1.2,0.36,,,0.6
1959-04-30,5.384,25.717685950413223,,,,,,13.92396694214876,0.0,,,,17.321652892561982,,,,3.48099173553719,,,,,60.813223140495865,0.0,,106.27438016528926,,,,,,24.68826446280992,26.9,26.9,26.9,26.9,,69.4,69.4,69.4,18.0,,3.4,1.8,1.8,1.8,,10.0,10.0,10.0,0.0,0.0,0.0,0.0,,,,,31.4,1.5709090909090908,,,0.0934214876033057,,,138.70413223140497,4.733827553196154,1.5649586776859503,,,0.8,,,,,,,23.7,,,0.6545454545454545,0.0,,,,70.7,4.3,4.3,,11.3,11.3,27.5,27.5,,,0.1,2.280079339,0.6,0.0,2.3,1.5,1.6,1.38,,,1.4
1959-05-31,5.584,18.2003305785124,,,,,,13.219834710743802,0.0,,,,10.723438016528926,,,,1.3281322314049588,,,,,47.85580165289257,0.0,,69.35801652892562,,,,,,21.58829752066116,40.8,40.8,40.8,40.8,,74.2,74.2,74.2,22.1,,5.8,4.599999999999999,4.6,4.6,,12.0,12.0,12.0,0.0,0.0,0.0,0.0,,,,,52.2,0.0793190082644628,,,0.5091173553719007,,9.493685950413225,93.70710743801654,1.7711766381345924,0.7624462809917355,,,1.1,,,,,,,24.6,,,0.0350479338842975,0.0,,,,70.4,0.8,0.8,,11.3,11.3,25.0,25.0,,,0.2,3.880323967,1.7,0.0,5.2,3.4,2.3,3.12,,,2.1
1959-06-30,4.456,10.948760330578512,,,,,,4.581818181818182,0.0,,,,4.0819834710743805,,,,0.4766280991735537,,,,,22.070082644628098,0.0,,28.42512396694215,,,,,,6.283636363636363,43.9,43.9,43.9,43.9,,62.7,62.7,62.7,21.3,,4.7,3.1,3.1,3.1,,13.2,13.2,13.2,0.0,0.0,0.0,0.0,,,,,59.1,0.4218842975206611,,,0.6902479338842975,,2.88,40.07603305785124,1.2223106820290104,0.3040661157024794,,,1.3,,,,,,,17.8,,,0.0422479338842975,0.4,,,,69.5,0.7,0.7,,10.8,10.8,20.15,20.15,,,0.4,3.467107438,2.2,0.0,5.4,3.2,2.7,3.24,,,2.2
1959-07-31,3.582,8.595966942148761,,,,,,0.4919008264462809,0.0,,,,1.9368595041322316,,,,0.2207404958677686,,,,,9.71504132231405,0.0,,16.509421487603305,,,,,,1.8507768595041325,27.8,27.8,27.8,27.8,,61.7,61.7,61.7,27.1,,6.3,4.199999999999998,4.2,4.2,,9.9,9.9,9.9,0.0,0.0,0.0,0.0,,,,,51.1,11.473586776859504,,,0.0351094214876033,,0.7870413223140496,26.94386776859504,0.2763052479338855,0.2219702479338843,,,1.6,,,,,,,21.9,,,0.0325884297520661,1.8,,,,60.9,0.5,0.5,,7.0,7.0,14.62,14.62,,,0.6,3.324297521,2.5,0.0,5.6,3.8,3.2,3.36,,,2.6
1959-08-31,3.175,7.68595041322314,,,,,,0.3258842975206611,0.0,,,,1.5494876033057852,,,,0.1457256198347107,,,,,7.366214876033058,0.0,,11.910148760330578,,,,,,0.8300826446280992,9.7,9.7,9.7,9.7,,64.0,64.0,64.0,26.0,,6.3,4.199999999999998,4.2,4.2,,6.0,6.0,6.0,0.0,0.0,0.0,0.0,,,,,42.7,12.383603305785124,,,0.0305593388429752,,0.516495867768595,27.1283305785124,-0.1380363526170775,0.2613223140495868,,,1.6,,,,,,,22.9,,,0.0676363636363636,1.8,,,,44.2,1.0,1.0,,5.0,5.0,8.72,8.72,,,0.6,3.293295868,2.0,0.0,5.1,3.9,3.2,3.06,,,1.8
1959-09-30,2.957,7.806942148760329,,,,,,0.3213223140495868,0.0,,,,1.92198347107438,,,,0.2790743801652892,,,,,7.949752066115702,0.0,,15.453223140495869,,,,,,1.4102479338842977,3.1,3.1,3.1,3.1,,60.7,60.7,60.7,21.9,,6.0,4.000000000000001,4.0,4.0,,6.0,6.0,6.0,0.0,0.0,0.0,0.0,,,,,31.9,11.859173553719009,,,0.0422479338842975,,1.511404958677686,21.99867768595041,1.2162769037987533,0.5944462809917355,,,1.3,,,,,,,20.2,,,0.2677685950413223,1.7,,,,37.2,1.8,1.8,,0.7,0.7,6.22,6.22,,,0.5,2.484238017,1.0,0.0,3.5,3.3,2.7,2.1,,,2.1
1959-10-31,1.675,6.609917355371901,,,,,,0.2766942148760331,0.0,,,,1.7585454545454546,,,,0.2281190082644628,,,,,7.10796694214876,0.0,,8.663603305785124,,,,,,1.051438016528926,2.6,2.6,2.6,2.6,,50.8,50.8,50.8,20.2,,5.8,3.8,3.8,3.8,,6.5,6.5,6.5,0.0,0.0,0.0,0.0,,,,,19.6,11.996231404958678,,,0.0388601652892562,,1.2604958677685951,12.758677685950412,1.1503881863578185,0.2859173553719009,,,1.4,,,,,,,20.9,,,1.0452892561983471,0.9,,,,28.0,0.9,0.9,,5.1,5.1,4.86,4.86,,,0.6,1.525884298,0.3,0.0,3.0,2.4,2.2,1.8,,,1.7
1959-11-30,1.995,6.83107438016529,,,,,,0.2142148760330578,0.0,,,,1.6066115702479338,,,,0.2320661157024793,,,,,6.456198347107441,0.0,,11.27603305785124,,,,,,0.83900826446281,2.5,2.5,2.5,2.5,,40.2,40.2,40.2,16.3,,2.8,2.1,2.1,2.1,,0.0,0.0,0.0,0.0,0.0,0.0,0.0,,,,,20.0,6.289586776859504,,,0.0196363636363636,,1.44,12.23404958677686,0.8810904850812868,0.3320330578512397,,,1.1,,,,,,,16.2,,,0.5414876033057852,0.0,,,,25.7,1.7,1.7,,2.7,2.7,2.87,2.87,,,0.4,1.016905785,0.0,0.0,2.8,1.0,1.5,1.68,,,1.0
1959-12-31,1.774,7.532231404958678,,,,,,0.2398016528925619,0.0,,,,2.219702479338843,,,,0.4808330578512396,,,,,7.741289256198347,0.0,,11.57196694214876,,,,,,0.2773090909090909,2.4,2.4,2.4,2.4,,29.3,29.3,29.3,16.0,,2.8,1.9,1.9,1.9,,0.0,0.0,0.0,0.0,0.0,0.0,0.0,,,,,14.2,6.216396694214876,,,0.0335107438016529,,2.299636363636364,10.748033057851242,1.8815858730357355,0.8423801652892562,,,0.5,,,,,,,16.1,,,1.2912396694214876,0.0,,,,26.6,2.4,2.4,,3.3,3.3,2.81,2.81,,,0.2,0.711728926,0.0,0.0,1.3,1.0,1.4,0.78,,,1.1
1960-01-31,3.192,15.341157024793388,,,,,,0.2828429752066115,0.0,,,,7.845818181818182,,,,3.7261487603305774,,,,,15.021421487603304,0.0,,25.25295867768595,,,,,,0.4439404958677687,2.3,2.3,2.3,2.3,,23.7,23.7,23.7,10.2,,3.2,2.5,2.5,2.5,,0.0,0.0,0.0,0.0,0.0,0.0,0.0,,,,,9.48,5.884363636363636,,,0.0830082644628099,,11.369057851239669,26.439669421487604,8.704669833837736,5.318677685950413,,,0.8,,,,,,,17.5,,,9.284628099173554,0.0,,,,70.4,5.6,5.6,,13.7,13.7,5.94,5.94,,,0.2,0.945480992,0.0,0.0,0.5,0.0,1.4,0.3,,,0.0
1960-02-29,4.918,39.58571900826447,,,,,,3.1061157024793387,1.3747438016528923,,,,43.52588429752067,,,,16.560198347107434,,,,,70.11768595041322,0.0,,181.9378512396694,,,,,,8.852429752066117,7.4,7.4,7.4,7.4,,41.4,41.4,41.4,14.8,,2.6,2.2,2.2,2.2,,0.0,0.0,0.0,0.0,0.0,0.0,0.0,,,,,15.1,7.167074380165288,,,0.4020694214876033,,43.8422479338843,305.2621487603306,30.578059562001588,19.614545454545453,,,1.1,,,,,,,20.8,,,79.20595041322314,0.0,,,,71.9,5.6,5.6,,13.9,13.9,17.27,17.27,,,0.2,0.632469421,0.1,0.0,0.4,0.0,1.0,0.24,,,0.0
1960-03-31,5.608999999999999,45.36555371900826,,,,,,9.59206611570248,0.0095305785123966,,,,43.17659504132232,,,,15.052165289256198,,,,,84.72991735537188,0.0,,211.45586776859503,,,,,,20.506115702479335,12.1,12.1,12.1,12.1,,66.7,66.7,66.7,24.4,,5.7,4.599999999999999,4.6,4.6,,0.0,0.0,0.0,0.0,0.0,0.0,0.0,,,,,34.0,4.144264462809918,,,0.4150413223140496,,35.490644628099176,318.5057851239669,16.619773338379158,9.00793388429752,,,0.8,,,,,,,18.3,,,45.74677685950413,0.0,,,,70.9,5.6,5.6,,15.4,15.4,27.78,27.78,,,0.1,0.498009917,0.1,0.0,0.5,0.0,0.8,0.3,,,0.0
1960-04-30,5.766000000000001,26.05685950413223,,,,,,16.54214876033058,0.4153388429752066,,,,24.40264462809917,,,,5.52793388429752,,,,,76.16528925619835,0.0,,140.96528925619836,,,,,,29.60330578512397,25.7,25.7,25.7,25.7,,72.8,72.8,72.8,33.0,,6.8,3.900000000000001,3.9,3.9,,4.0,4.0,4.0,0.0,0.0,0.0,0.0,,,,,55.7,8.479338842975206,,,0.1416198347107438,,32.5606611570248,216.89256198347107,5.719062359622197,5.9861157024793386,,,1.7,,,,,,,26.7,,,18.327272727272728,0.0,,,,71.0,7.2,7.2,,14.4,14.4,27.78,27.78,,,0.1,2.277659504,0.6,0.0,1.5,1.2,1.4,0.9,,,0.3
1960-05-31,6.002,21.74201652892562,,,,,,16.724628099173554,0.1469553719008264,,,,18.157289256198347,,,,3.5908760330578517,,,,,70.09586776859504,0.0,,112.33785123966942,,,,,,30.43021487603306,46.6,46.6,46.6,46.6,,74.3,74.3,74.3,33.2,,7.8,6.2,6.2,6.2,,11.6,11.6,11.6,0.0,0.0,0.0,0.0,,,,,70.3,11.03087603305785,,,4.199603305785124,,33.43695867768594,168.53752066115703,3.8230331983471073,3.689256198347108,,,1.7,,,,,,,27.4,,,8.362314049586777,0.0,,,,70.3,7.2,7.2,,14.6,14.6,27.78,27.78,,,0.2,5.529838017,1.7,0.0,3.6,3.1,2.1,2.16,,,2.3
1960-06-30,4.952,12.156694214876032,,,,,,7.08099173553719,0.0,,,,7.961652892561985,,,,1.463801652892562,,,,,37.92198347107438,0.0,,56.68363636363637,,,,,,10.484628099173554,45.7,45.7,45.7,45.7,,66.7,66.7,66.7,23.4,,7.0,5.8,5.8,5.8,,12.0,12.0,12.0,0.0,0.0,0.0,0.0,,,,,70.3,4.337851239669422,,,8.925619834710744,,23.557685950413223,91.51735537190082,1.1891637366419276,0.4450909090909091,,,1.3,,,,,,,23.5,,,0.7735537190082644,0.5,,,,69.8,3.4,3.4,,13.3,13.3,25.43,25.43,,,0.4,4.859781818,2.2,0.0,5.1,3.6,3.1,3.06,,,2.4
1960-07-31,3.404,8.233190082644628,,,,,,0.5964297520661156,0.0,,,,3.240396694214876,,,,0.6702148760330578,,,,,13.2505785123967,0.0,,22.29540495867769,,,,,,3.0989752066115703,33.1,33.1,33.1,33.1,,67.0,67.0,67.0,24.8,,5.9,4.199999999999998,4.2,4.2,,10.5,10.5,10.5,0.0,0.0,0.0,0.0,,,,,61.7,12.740231404958678,,,0.1457256198347107,,1.7892892561983471,30.940561983471078,-1.072167093708887,0.3553983471074379,,,1.5,,,,,,,24.5,,,0.1844628099173553,1.8,,,,66.3,2.6,2.6,,9.3,9.3,18.5,18.5,,,0.6,3.451517355,2.5,0.0,5.6,3.8,3.3,3.36,,,2.9
1960-08-31,3.285,7.249388429752066,,,,,,0.3258842975206611,0.0,,,,1.9491570247933885,,,,0.3984396694214877,,,,,8.903404958677687,0.0,,15.236628099173554,,,,,,1.303537190082645,17.1,17.1,17.1,17.1,,68.2,68.2,68.2,24.7,,6.5,4.5,4.5,4.5,,8.0,8.0,8.0,0.0,0.0,0.0,0.0,,,,,50.4,12.795570247933885,,,0.0098995041322314,,0.5337123966942149,31.13117355371901,-0.1298540731995295,0.1371173553719008,,,1.6,,,,,,,24.6,,,0.1106776859504132,1.7,,,,52.2,2.1,2.1,,5.5,5.5,12.5,12.5,,,0.6,3.317494215,2.0,0.0,5.7,3.9,3.2,3.42,,,2.2
1960-09-30,3.2160000000000006,6.872727272727273,,,,,,0.1309090909090909,0.0,,,,1.4935537190082644,,,,0.311801652892562,,,,,7.211900826446281,0.0,,12.406611570247934,,,,,,0.9282644628099174,6.7,6.7,6.7,6.7,,67.4,67.4,67.4,19.9,,6.3,4.400000000000001,4.4,4.4,,7.8,7.8,7.8,0.0,0.0,0.0,0.0,,,,,37.9,12.281652892561985,,,0.0085090909090909,,0.6188429752066116,27.28264462809917,-1.5073301923662463,0.192198347107438,,,1.5,,,,,,,20.3,,,0.2023140495867768,1.7,,,,36.3,1.5,1.5,,2.9,2.9,5.92,5.92,,,0.5,3.310472727,1.0,0.0,5.4,3.7,2.8,3.24,,,2.1
1960-10-31,2.681,7.071074380165289,,,,,,0.1291239669421487,0.0,,,,1.690909090909091,,,,0.3467900826446281,,,,,7.452297520661157,0.0,0.5349421487603305,5.146512396694215,,,,,,0.8731239669421488,2.8,2.8,2.8,2.8,,60.0,60.0,60.0,19.9,,5.2,4.0,4.0,4.0,,3.1,3.1,3.1,0.0,0.0,0.0,0.0,,,,,29.4,12.8201652892562,,,0.0289606611570247,,1.0022479338842976,13.379702479338842,1.201285149225935,0.3738446280991734,,,1.2,,,,,,,21.8,,,0.1291239669421487,1.7,,,,25.8,1.1,1.1,,8.8,8.8,3.46,3.46,,,0.6,1.976747107,0.3,0.0,4.4,2.4,2.2,2.64,,,2.1
1960-11-30,3.25,12.418512396694217,,,,,,0.3332231404958677,0.0,,,,4.617520661157025,,,,2.5229752066115703,,,,,11.127272727272729,0.0,2.3801652892561984,25.265454545454546,,,,,,1.0889256198347108,2.9,2.9,2.9,2.9,,50.6,50.6,50.6,21.9,,2.8,2.1,2.1,2.1,,0.0,0.0,0.0,0.0,0.0,0.0,0.0,,,,,22.8,12.275702479338843,,,0.0666446280991735,,6.0694214876033055,18.89256198347108,3.728947470259575,2.939504132231405,,,1.0,,,,,,,23.6,,,5.1173553719008265,0.0,,,,46.9,2.8,2.8,,5.5,5.5,3.75,3.75,,,0.4,1.18665124,0.0,0.0,1.4,0.0,1.4,0.84,,,2.1
1960-12-31,4.756,18.72297520661157,,,,,,0.4857520661157025,0.0,,,,6.94195041322314,,,,4.236495867768595,,,,,15.150545454545457,0.0,5.287933884297519,33.23404958677686,,,,,,1.2297520661157024,2.8,2.8,2.8,2.8,,34.3,34.3,34.3,27.2,,7.2,5.8,5.8,5.8,,0.0,0.0,0.0,0.0,0.0,0.0,0.0,,,,,11.8,12.672595041322314,,,0.1229752066115702,,9.063272727272729,37.32912396694215,3.2843015445574166,1.5556363636363637,,,1.2,,,,,,,26.4,,,9.59206611570248,0.0,,,,61.8,1.5,1.5,,7.8,7.8,8.6,8.6,,,0.2,1.143312397,0.0,0.0,0.5,0.0,1.5,0.3,,,0.0
1961-01-31,4.247000000000002,15.839206611570251,,,,,,0.3812231404958677,0.0,,,,3.701553719008265,,,,1.8753719008264464,,,,,11.5596694214876,0.0,4.242644628099174,21.08409917355372,,,,,,1.1805619834710743,2.7,2.7,2.7,2.7,,24.6,24.6,24.6,17.0,,3.3,2.4,2.4,2.4,,0.0,0.0,0.0,0.0,0.0,0.0,0.0,,,,,6.09,6.806677685950413,,,0.0527563636363636,,4.586975206611569,39.33361983471075,3.1050155550239227,1.826181818181818,,,1.1,,,,,,,18.8,,,4.734545454545454,0.0,,,,52.5,0.6,0.6,,6.6,6.6,9.69,9.69,,,0.2,0.939094215,0.0,0.0,0.5,0.6,1.5,0.3,,,0.0
1961-02-28,5.106000000000001,33.07239669421487,,,,,,1.666115702479339,0.0202155371900826,,,,14.195305785123969,,,,7.586380165289256,,,,,28.079603305785124,0.0,13.773223140495867,69.36595041322315,,,,,,5.681454545454546,4.1,4.1,4.1,4.1,,34.8,34.8,34.8,6.9,,2.5,1.9,1.9,1.9,,0.0,0.0,0.0,0.0,0.0,0.0,0.0,,,,,7.08,3.248925619834711,,,0.1110743801652892,,13.756561983471077,98.52297520661158,8.275698325956938,5.559272727272727,,,1.2,,,,,,,14.2,,,14.772892561983472,0.0,,,,70.3,0.9,0.9,,13.6,13.6,12.19,12.19,,,0.2,1.087001653,0.1,0.0,0.4,0.0,1.2,0.24,,,0.0
1961-03-31,5.930999999999998,31.21725619834711,,,,,,2.0905785123966942,0.0,,,,18.384793388429756,,,,9.272330578512396,,,,,30.90981818181818,0.0,12.912396694214882,78.5196694214876,,,,,,5.78598347107438,6.8,6.8,6.8,6.8,,45.6,45.6,45.6,7.0,,3.1,2.5,2.5,2.5,,7.0,7.0,7.0,0.0,0.0,0.0,0.0,,,,,8.85,4.322578512396694,,,0.1266644628099173,,18.618446280991737,130.84561983471073,10.465745526564344,6.499239669421487,,,1.9,,,,,,,10.4,,,13.773223140495867,0.0,,,,70.9,7.2,7.2,,14.4,14.4,16.33,16.33,,,0.1,1.029639669,0.1,0.0,0.4,0.0,1.3,0.24,,,0.0
1961-04-30,5.665,26.90776859504132,,,,,,8.62809917355372,0.0,,,,19.130578512396696,,,,6.027768595041322,,,,,50.8700826446281,0.0,18.74380165289256,100.56198347107438,,,,,,17.53586776859504,17.7,17.7,17.7,17.7,,61.0,61.0,61.0,18.2,,3.8,3.3,3.3,3.3,,7.0,7.0,7.0,0.0,0.0,0.0,0.0,,,,,26.4,1.2138842975206612,,,0.1059173553719008,,13.864462809917356,139.89421487603306,4.659522720188905,2.0469421487603308,,,1.4,,,,,,,24.1,,,6.307438016528925,0.0,,,,70.8,6.3,6.3,,14.3,14.3,19.69,19.69,,,0.1,2.203517355,0.6,0.0,0.5,0.0,1.6,0.3,,,1.0
1961-05-31,6.047,22.99636363636364,,,,,,15.494876033057851,0.0,,,,18.80290909090909,,,,4.021289256198348,,,,,62.84033057851239,0.0,16.90909090909091,108.15669421487604,,,,,,28.548694214876036,37.1,37.1,37.1,37.1,,74.4,74.4,74.4,25.8,,6.4,6.3,6.3,6.3,,7.3,7.3,7.3,0.0,0.0,0.0,0.0,,,,,53.8,0.8362314049586776,,,0.0916165289256198,,16.066710743801654,147.75471074380167,2.698053123460954,0.7931900826446281,,,1.1,,,,,,,26.8,,,1.475702479338843,0.0,,,,70.6,7.2,7.2,,14.1,14.1,23.16,23.16,,,0.2,3.575166942,1.7,0.0,2.3,2.7,1.9,1.38,,,2.1
1961-06-30,5.528,14.060826446280991,,,,,,7.497520661157025,0.0,,,,7.063140495867769,,,,1.4340495867768597,,,,,35.16694214876033,0.0,4.8198347107438,51.44132231404959,,,,,,9.907438016528925,43.6,43.6,43.6,43.6,,67.9,67.9,67.9,22.8,,5.0,4.3,4.3,4.3,,9.3,9.3,9.3,0.0,0.0,0.0,0.0,,,,,62.4,2.9573553719008263,,,0.0648595041322314,,4.391404958677686,66.16859504132232,0.4263270562320808,0.2725289256198347,,,1.6,,,,,,,22.0,,,0.8925619834710744,0.0,,,,69.8,6.1,6.1,,13.0,13.0,20.0,20.0,,,0.4,3.132039669,2.2,0.0,4.2,3.4,2.4,2.52,,,2.1
1961-07-31,5.16,9.948694214876037,,,,,,0.4980495867768595,0.0,,,,2.4041652892561984,,,,0.6271735537190082,,,,,11.141553719008265,0.0,1.1682644628099172,19.300958677685948,,,,,,2.613223140495868,39.0,39.0,39.0,39.0,,61.2,61.2,61.2,22.1,,6.0,4.9,4.9,4.9,,9.0,9.0,9.0,0.0,0.0,0.0,0.0,,,,,49.7,12.586512396694214,,,0.0053494214876033,,0.971504132231405,30.319537190082645,-0.9008608057851214,0.189996694214876,,,2.1,,,,,,,20.2,,,0.3012892561983472,1.5,,,,61.3,5.1,5.1,,9.2,9.2,14.89,14.89,,,0.6,3.915768595,2.5,0.0,4.8,3.8,3.0,2.88,,,2.5
1961-08-31,3.0029999999999992,7.058776859504132,,,,,,0.1906115702479338,0.0,,,,1.764694214876033,,,,0.3849123966942149,,,,,8.085619834710744,0.0,0.7378512396694215,13.877752066115702,,,,,,0.8177851239669421,37.8,37.8,37.8,37.8,,48.1,48.1,48.1,22.3,,6.2,4.7,4.7,4.7,,7.5,7.5,7.5,0.0,0.0,0.0,0.0,,,,,41.0,11.221487603305786,,,0.0043656198347107,,0.4273388429752066,28.757752066115703,-0.7318123105076744,0.1340429752066116,,,2.1,,,,,,,19.1,,,0.3074380165289256,0.6,,,,47.3,4.2,4.2,,5.0,5.0,9.75,9.75,,,0.6,3.983047934,2.0,0.0,4.8,3.1,3.0,2.88,,,2.3
1961-09-30,2.375,6.12892561983471,,,,,,0.1666115702479338,0.0,,,,1.4221487603305785,,,,0.3153719008264463,,,,,6.283636363636363,0.0,0.4879338842975205,11.192727272727272,,,,,,0.731900826446281,37.1,37.1,37.1,37.1,,39.7,39.7,39.7,15.899999999999997,,5.6,4.1,4.1,4.1,,7.3,7.3,7.3,0.0,0.0,0.0,0.0,,,,,31.5,10.859504132231406,,,0.0075570247933884,,0.3534545454545454,17.226446280991734,-0.8082611046469471,0.120198347107438,,,1.8,,,,,,,16.9,,,0.3570247933884297,1.6,,,,39.6,2.8,2.8,,2.6,2.6,5.36,5.36,,,0.5,3.210545455,1.0,0.0,4.2,2.9,2.6,2.52,,,2.4
1961-10-31,0.2870000000000001,4.316429752066116,,,,,,0.264396694214876,0.0,,,,1.6478677685950414,,,,0.3873719008264463,,,,,6.640661157024794,0.0,0.6148760330578512,9.278479338842976,,,,,,0.9223140495867768,35.7,35.7,35.7,35.7,,38.3,38.3,38.3,10.8,,5.5,4.0,4.0,4.0,,0.9,0.9,0.9,0.0,0.0,0.0,0.0,,,,,26.2,11.842512396694216,,,0.0472224793388429,,1.0145454545454546,16.17123966942149,0.1151417474876811,0.2213553719008264,,,1.4,,,,,,,12.6,,,0.3012892561983472,1.7,,,,35.8,1.0,1.0,,3.4,3.4,4.17,4.17,,,0.6,1.766320661,0.3,0.0,2.4,1.5,1.8,1.44,,,1.6
1961-11-30,0.0024,5.789752066115702,,,,,,0.2915702479338843,0.0,,,,2.5170247933884298,,,,0.7378512396694215,,,,,7.604628099173554,0.0,0.8330578512396695,11.734214876033056,,,,,,1.7196694214876034,33.8,33.8,33.8,33.8,,36.3,36.3,36.3,12.7,,3.3,2.2999999999999994,2.3,2.3,,0.0,0.0,0.0,0.0,0.0,0.0,0.0,,,,,19.6,9.687272727272727,,,0.0349289256198347,,3.248925619834711,21.689256198347103,1.7431924320024836,0.7259504132231405,,,1.2,,,,,,,14.2,,,1.0115702479338844,0.8,,,,27.5,1.6,1.6,,3.9,3.9,4.74,4.74,,,0.4,0.612019835,0.0,0.0,0.5,0.0,1.3,0.3,,,0.2
1961-12-31,0.129,13.619504132231404,,,,,,0.4550082644628099,0.0,,,,7.015735537190083,,,,3.394115702479339,,,,,14.560264462809917,0.0,4.304132231404958,30.018247933884297,,,,,,1.6048264462809918,26.4,26.4,26.4,26.4,,31.2,31.2,31.2,22.5,,3.1,2.5,2.5,2.5,,0.0,0.0,0.0,0.0,0.0,0.0,0.0,,,,,14.2,6.849719008264463,,,0.1223603305785123,,8.68819834710744,37.60581818181818,4.832366336476158,2.5209917355371902,,,1.1,,,,,,,25.3,,,4.980495867768595,0.0,,,,44.4,3.7,3.7,,9.2,9.2,7.07,7.07,,,0.2,1.688231405,0.0,0.0,0.4,0.0,1.4,0.24,,,0.0
1962-01-31,0.232,10.120859504132232,,,,,,0.4304132231404958,0.0,,,,5.152661157024793,,,,2.4287603305785126,,,,,12.106909090909092,0.0,2.64396694214876,28.29044628099173,,,,,,1.6355702479338845,18.7,18.7,18.7,18.7,,26.8,26.8,26.8,21.4,,3.3,2.4,2.4,2.4,,0.0,0.0,0.0,0.0,0.0,0.0,0.0,,,,,8.13,7.366214876033058,,,0.0940760330578512,,7.421553719008265,38.44819834710744,6.376289168995578,4.728396694214877,,,1.1,,,,,,,24.4,,,10.3299173553719,0.0,,,,53.3,3.6,3.6,,4.9,4.9,8.92,8.92,,,0.2,1.690492562,0.0,0.0,0.4,0.4,1.2,0.24,,,0.0
1962-02-28,0.206,58.53619834710744,,,,,,1.7216528925619834,0.0134955371900826,,,,46.60125619834711,,,,22.18710743801653,,,,,59.53586776859504,17.800000000000004,11.05190082644628,161.33553719008265,,,,,,4.692892561983471,9.8,9.8,9.8,9.8,,40.9,40.9,40.9,19.300000000000004,,3.7,3.5,3.5,3.5,,0.0,0.0,0.0,0.0,0.0,0.0,0.0,,,,,5.1,8.880396694214875,,,0.2049322314049586,,62.64595041322314,314.67371900826447,46.9684499433294,32.86135537190083,,,1.4,,,,,,,20.9,,,123.90347107438016,0.0,,,,70.7,4.8,4.8,,13.9,13.9,25.07,25.07,,,0.2,1.960264463,0.1,0.0,0.3,0.1,0.8,0.18,,,0.0
1962-03-31,0.322,33.910413223140495,,,,,,1.475702479338843,0.0,,,,24.435173553719007,,,,10.477487603305784,,,,,35.70585123966943,1.6,7.993388429752066,87.92727272727272,,,,,,4.076628099173553,12.3,12.3,12.3,12.3,,24.7,24.7,24.7,27.9,,6.7,6.3,6.3,6.3,,0.0,0.0,0.0,0.0,0.0,0.0,0.0,,,,,3.7,8.546776859504131,,,0.1094479338842975,,35.2815867768595,177.45322314049588,20.13502372744138,22.215471074380165,,,1.7,,,,,,,19.0,,,51.09619834710744,0.0,,,,71.2,5.8,5.8,,14.5,14.5,26.93,26.93,,,0.1,2.084350413,0.1,0.0,0.9,0.3,0.9,0.54,,,0.0
1962-04-30,3.0310000000000006,33.988760330578515,,,,,,16.601652892561983,0.311206611570248,,,,44.24132231404959,,,,10.579834710743802,,,,,106.7504132231405,0.0,39.68925619834711,212.60826446280996,,,,,,38.13619834710744,25.5,25.5,25.5,25.5,,66.2,66.2,66.2,30.4,,7.4,3.900000000000001,3.9,3.9,,4.0,4.0,4.0,0.0,0.0,0.0,0.0,,,,,30.7,6.313388429752066,,,0.287404958677686,,36.13685950413223,316.5619834710744,7.489304321942994,6.551404958677686,,,1.4,,,,,,,24.6,,,23.02809917355372,0.0,,,,71.4,7.2,7.2,,14.7,14.7,27.78,27.78,,,0.1,3.919041322,0.6,0.0,2.1,2.2,1.5,1.26,,,1.2
1962-05-31,4.585,25.554247933884294,,,,,,20.6598347107438,2.5332892561983478,,,,30.190413223140496,,,,3.640066115702479,,,,,98.19570247933883,0.0,27.48495867768595,158.7609917355372,,,,,,41.69474380165289,43.3,43.3,43.3,43.3,,74.6,74.6,74.6,35.5,,7.7,6.599999999999999,6.6,6.6,,10.0,10.0,10.0,0.0,0.0,0.0,0.0,,,,,61.4,7.353917355371901,,,0.1026842975206611,,48.24932231404959,247.241652892562,3.1674588420306966,2.5886280991735537,,,1.6,,,,,,,29.0,,,6.825123966942149,0.0,,,,71.5,7.2,7.2,,14.7,14.7,27.78,27.78,,,0.2,5.732528926,1.7,0.0,3.8,3.0,2.2,2.28,,,1.2
1962-06-30,4.436000000000001,14.28694214876033,,,,,,16.06611570247934,0.3802314049586776,,,,14.304793388429752,,,,1.1484297520661155,,,,,68.3702479338843,9.099999999999998,9.520661157024794,94.01652892561984,,,,,,25.771239669421487,46.7,46.7,46.7,46.7,,72.6,72.6,72.6,31.899999999999995,,7.3,6.2,6.2,6.2,,12.0,12.0,12.0,0.0,0.0,0.0,0.0,,,,,70.3,6.307438016528925,,,13.227768595041322,,39.35603305785124,150.54545454545453,1.216577529718333,0.3421487603305785,,,1.3,,,,,,,26.9,,,1.0115702479338844,0.0,,,,70.2,6.1,6.1,,13.6,13.6,26.25,26.25,,,0.4,5.799490909,2.2,0.0,4.4,3.0,2.8,2.64,,,1.2
1962-07-31,4.543,9.253884297520662,,,,,,1.5986776859504133,0.0,,,,3.2957355371900827,,,,0.5294082644628099,,,,,17.763768595041316,0.6,1.2912396694214876,27.78009917355372,,,,,,2.1582148760330577,43.4,43.4,43.4,43.4,,66.8,66.8,66.8,23.3,,5.6,4.1,4.1,4.1,,12.0,12.0,12.0,0.0,0.0,0.0,0.0,,,,,59.8,13.490380165289256,,,0.091001652892562,,2.1459173553719006,35.04793388429752,-0.1125559277281126,0.2145917355371901,,,1.6,,,,,,,22.7,,,1.0452892561983471,1.3,,,,67.1,3.7,3.7,,11.8,11.8,20.53,20.53,,,0.6,4.006492562,2.5,0.0,5.0,3.2,2.9,3.0,,,1.6
1962-08-31,3.79,7.716694214876033,,,,,,0.3935206611570248,0.0,,,,2.3057851239669422,,,,0.3633917355371901,,,,,10.274578512396696,0.0,0.7993388429752063,20.6044958677686,,,,,,0.546009917355372,31.4,31.4,31.4,31.4,,63.7,63.7,63.7,26.4,,6.0,4.300000000000001,4.3,4.3,,12.0,12.0,12.0,0.0,0.0,0.0,0.0,,,,,49.9,13.281322314049588,,,0.0061487603305785,,1.1190743801652892,31.057388429752063,-0.1601940838252681,0.2158214876033057,,,1.5,,,,,,,23.2,,,1.1682644628099172,1.4,,,,57.8,3.3,3.3,,5.9,5.9,14.58,14.58,,,0.6,3.973646281,2.0,0.0,5.5,3.3,2.9,3.3,,,2.0
1962-09-30,3.404,7.009586776859504,,,,,,0.2082644628099173,0.0,,,,1.4995041322314049,,,,0.276099173553719,,,,,8.056859504132232,0.0,0.5057851239669422,13.620495867768597,,,,,,2.8383471074380164,19.0,19.0,19.0,19.0,,63.0,63.0,63.0,26.0,,5.9,4.2,4.2,4.2,,12.0,12.0,12.0,0.0,0.0,0.0,0.0,,,,,37.8,12.579173553719007,,,0.0037487603305785,,0.815206611570248,26.95537190082645,-0.6919385266238932,0.2999008264462809,,,1.5,,,,,,,26.1,,,0.3629752066115702,1.7,,,,44.1,2.1,2.1,,3.0,3.0,8.34,8.34,,,0.5,3.398340496,1.0,0.0,5.3,3.1,2.8,3.18,,,1.8
1962-10-31,2.234,47.65904132231405,,,,,,6.210247933884298,8.841917355371903,,,,49.34380165289256,,,,12.063867768595042,,,,,86.5130578512397,0.0,26.894677685950413,170.50512396694214,,,,,,25.57884297520661,29.9,29.9,29.9,29.9,,63.1,63.1,63.1,28.3,,6.8,5.4,5.4,5.4,,8.0,8.0,8.0,0.0,0.0,0.0,0.0,,,,,56.9,11.461289256198349,,,0.9469090909090908,,73.60066115702479,320.1044628099174,30.08182098229044,22.947173553719008,,,1.5,,,,,,,25.5,,,82.88528925619835,1.7,,,,70.4,5.6,5.6,0.0,13.4,13.4,15.77,15.77,,,0.6,3.10042314,0.3,0.0,2.1,2.0,1.6,1.26,,4.5,0.5
1962-11-30,3.463,13.287272727272727,,,,,,2.4991735537190083,0.0,,,,5.605289256198347,,,,2.302809917355372,,,,,20.802644628099173,0.0,3.683305785123967,37.130578512396696,,,,,,4.617520661157025,12.0,12.0,12.0,12.0,,57.5,57.5,57.5,34.1,,7.4,6.3,6.3,6.3,,8.5,8.5,8.5,0.0,0.0,0.0,0.0,,,,,48.7,12.591074380165288,,,0.0553388429752066,,10.770247933884296,67.35867768595041,2.8650237414403774,1.207933884297521,,,1.8,,,,,,,27.2,,,13.328925619834711,1.7,,,,70.4,5.6,5.6,0.0,13.3,13.3,20.66,20.66,,,0.4,3.234644628,0.0,0.0,0.6,0.0,1.4,0.36,,1.0,0.0
1962-12-31,1.208,34.107173553719015,,,,,,4.058181818181819,4.574677685950414,,,,26.58723966942149,,,,9.739636363636365,,,,,57.38023140495868,5.644561983471075,10.803371900826445,117.99471074380163,,,,,,14.46803305785124,5.4,5.4,5.4,5.4,,65.1,65.1,65.1,35.1,,7.8,6.2,6.2,6.2,,9.0,9.0,9.0,0.0,0.0,0.0,0.0,,,,,50.8,11.996231404958678,,,0.1832330578512396,,24.28760330578512,185.32363636363635,9.897676125206612,6.978842975206612,,,1.9,,,,,,,26.0,,,43.902148760330576,1.7,,,,70.5,5.6,5.6,0.0,13.5,13.5,26.71,26.71,,,0.2,2.416938843,0.0,0.0,0.8,0.0,1.3,0.48,,1.0,0.0
1963-01-31,5.102,34.77123966942149,,,,,,2.582479338842975,11.848661157024791,,,,32.926611570247935,,,,7.138710743801653,,,,,56.45176859504132,3.8060826446280993,15.63014876033058,111.10809917355373,,,,,,21.348495867768595,26.2,26.2,26.2,26.2,,59.8,59.8,59.8,32.7,,7.5,6.4,6.4,6.4,,9.8,9.8,9.8,0.0,0.0,0.0,0.0,,,,,46.7,11.910148760330578,,,0.2613223140495868,,37.16925619834711,178.06809917355372,12.947137291870469,16.17123966942149,,,1.8,,,,,,,27.4,,,32.89586776859504,0.9,,,,82.1,5.6,5.6,8.9,20.3,20.3,26.71,26.71,,,0.2,1.988687603,0.0,0.0,1.0,0.0,1.4,0.6,,0.5,0.0
1963-02-28,5.537,53.315702479338846,,,,,,7.941818181818181,10.640925619834713,,,,75.47504132231406,,,,18.455008264462805,,,,,129.62380165289252,8.508297520661158,23.836561983471075,265.1900826446281,,,,,,27.785256198347103,27.8,27.8,27.8,27.8,,58.8,58.8,58.8,30.8,,6.3,3.2,3.2,3.2,,12.5,12.5,12.5,0.0,0.0,0.0,0.0,,,,,65.5,9.20806611570248,,,0.2532495867768594,,89.08165289256198,510.94214876033055,22.245193220711755,23.38115702479339,,,0.5,,,,,,,22.0,,,90.41454545454546,0.0,,,,70.7,5.6,5.6,32.7,13.8,13.8,26.71,26.71,,,0.2,1.908238017,0.1,0.0,0.9,0.9,0.9,0.54,,0.7,0.0
1963-03-31,6.317999999999999,35.39226446280992,,,,,,3.935206611570248,0.0,,,,19.639140495867768,,,,6.579173553719006,,,,,40.75398347107438,8.17785123966942,0.5287933884297521,83.99206611570249,,,,,,5.367867768595041,34.7,34.7,34.7,34.7,,61.9,61.9,61.9,18.6,,2.9,2.2999999999999994,2.3,2.3,,12.9,12.9,12.9,0.0,0.0,0.0,0.0,,,,,61.7,11.16,,,0.1076033057851239,,28.08753719008265,150.39867768595042,14.8942495055237,13.164495867768595,,,1.1,,,,,,,15.5,,,42.48793388429752,0.0,,,,71.6,5.6,5.6,41.0,14.4,14.4,27.78,27.78,,,0.1,2.370446281,0.1,0.0,1.1,1.0,1.4,0.66,,0.5,0.0
1963-04-30,7.02,84.61487603305785,,,,,,7.497520661157025,0.0,,,,61.88429752066116,,,,23.373223140495867,,,,,105.85785123966942,5.837355371900826,33.762644628099174,260.86611570247936,,,,,,13.846611570247934,39.4,39.4,39.4,39.4,,67.5,67.5,67.5,32.900000000000006,,1.5,0.8,0.8,0.8,,13.8,13.8,13.8,0.0,0.0,0.0,0.0,,,,,68.5,10.020495867768595,,,1.5233057851239669,,86.57851239669421,461.1570247933884,36.5039430009445,34.71471074380165,,,1.0,,,,,,,21.3,,,125.13719008264462,0.0,,,,71.9,5.6,5.6,57.0,14.9,14.9,27.78,27.78,,,0.1,2.378717355,0.6,0.0,0.8,1.0,1.2,0.48,,1.7,0.0
1963-05-31,7.4209999999999985,42.850710743801656,,,,,,17.954380165289255,16.097454545454546,,,,70.7107438016529,,,,9.272330578512396,,,,,157.28528925619838,3.621619834710744,34.107173553719015,259.1702479338843,,,,,,59.15107438016529,45.3,45.3,45.3,45.3,,74.2,74.2,74.2,35.2,,6.5,5.5,5.5,5.5,,13.8,13.8,13.8,0.0,0.0,0.0,0.0,,,,,68.8,7.083371900826446,,,47.49917355371901,,204.323305785124,536.8482644628099,10.16841917260921,10.225388429752067,,,1.4,,,,,,,25.7,,,31.85057851239669,0.0,,,,72.2,7.2,7.2,57.0,14.8,14.8,27.78,27.78,,,0.2,4.007880992,1.7,0.0,2.2,2.2,1.7,1.32,,4.5,0.0
1963-06-30,6.436,18.553388429752065,,,,,,11.424793388429752,1.5173553719008264,,,,16.476694214876034,,,,2.255206611570248,,,,,64.44297520661155,6.384793388429752,1.1960330578512397,86.4595041322314,,,,,,18.809256198347107,46.7,46.7,46.7,46.7,,71.4,71.4,71.4,30.4,,6.1,5.6,5.6,5.6,,14.7,14.7,14.7,0.0,0.0,0.0,0.0,,,,,70.4,2.362314049586777,,,16.214876033057852,,40.998347107438015,154.47272727272727,2.8220795736127515,1.7077685950413224,,,1.3,,,,,,,26.5,,,6.604958677685951,0.0,,,,70.5,5.7,5.7,55.0,13.5,13.5,27.03,27.03,,,0.4,5.444112397,2.2,0.0,3.9,3.0,2.4,2.34,,5.0,1.0
1963-07-31,4.572000000000001,11.713388429752069,,,,,,1.7216528925619834,0.0,,,,5.183404958677686,,,,1.051438016528926,,,,,22.486016528925614,0.971504132231405,0.7808925619834711,35.15861157024793,,,,,,4.1934545454545455,45.5,45.5,45.5,45.5,,68.2,68.2,68.2,21.2,,4.8,4.0,4.0,4.0,,14.4,14.4,14.4,0.0,0.0,0.0,0.0,,,,,60.0,12.789421487603306,,,0.111292561983471,,4.015140495867769,48.88264462809917,0.4818186586776882,0.7194049586776858,,,1.5,,,,,,,20.3,,,1.1682644628099172,1.1,,,,66.1,2.9,2.9,50.6,12.5,12.5,22.51,22.51,,,0.6,3.725375207,2.5,0.0,4.7,3.2,2.7,2.82,,5.2,2.2
1963-08-31,4.265999999999999,9.672,,,,,,0.2029090909090909,0.0,,,,3.332628099173553,,,,0.6579173553719007,,,,,13.527272727272727,0.0,0.9161652892561984,26.568793388429757,,,,,,1.832330578512397,33.9,33.9,33.9,33.9,,68.8,68.8,68.8,22.9,,5.3,4.1,4.1,4.1,,14.4,14.4,14.4,0.0,0.0,0.0,0.0,,,,,47.6,12.475834710743802,,,0.0041811570247933,,2.5886280991735537,43.6684958677686,-0.4114134309327051,0.4556231404958678,,,1.7,,,,,,,21.0,,,1.414214876033058,1.8,,,,54.5,1.7,1.7,45.5,5.2,5.2,16.41,16.41,,,0.6,3.417361983,2.0,0.0,5.6,3.2,2.7,3.36,,5.5,2.4
1963-09-30,3.843,8.76495867768595,,,,,,0.1785123966942148,0.0,,,,2.6003305785123967,,,,0.5016198347107437,,,,,10.895206611570249,0.0,0.72,18.035702479338845,,,,,,1.9279338842975209,25.2,25.2,25.2,25.2,,67.6,67.6,67.6,22.9,,5.0,4.000000000000001,4.0,4.0,,13.8,13.8,13.8,0.0,0.0,0.0,0.0,,,,,35.9,11.704462809917356,,,0.0,,2.1897520661157026,28.109752066115703,-0.1513180330578518,0.3451239669421487,,,1.5,,,,,,,22.6,,,1.487603305785124,1.8,,,,47.8,1.9,1.9,42.1,2.5,2.5,10.85,10.85,,,0.5,2.704522314,1.0,0.0,5.4,3.1,2.6,3.24,,3.7,1.9
1963-10-31,3.442,9.364561983471075,,,,,,0.1537190082644628,0.0,,,,3.105123966942149,,,,0.6579173553719007,,,,,11.227636363636364,0.0,0.9346115702479338,10.87100826446281,,,,,,0.8669752066115702,15.0,15.0,15.0,15.0,,57.1,57.1,57.1,26.9,,7.0,5.8,5.8,5.8,,13.8,13.8,13.8,0.0,0.0,0.0,0.0,,,,,28.6,10.145454545454545,,,0.0228119008264462,,3.904462809917356,26.224462809917355,1.5883131781028,0.8669752066115702,,,1.5,,,,,,,28.3,,,1.6601652892561984,1.8,,,,41.3,2.8,2.8,40.1,8.2,8.2,11.64,11.64,,,0.6,2.69448595,0.0,0.4,2.2,1.9,2.2,1.32,,2.5,0.6
1963-11-30,3.831,18.58314049586777,,,,,,2.201652892561984,0.0095206611570247,,,,18.83900826446281,,,,5.147107438016531,,,,,38.3801652892562,9.48495867768595,3.707107438016529,68.96528925619835,,,,,,10.782148760330578,23.2,23.2,23.2,23.2,,61.7,61.7,61.7,29.8,,6.7,3.8,3.8,3.8,,10.7,10.7,10.7,0.0,0.0,0.0,0.0,,,,,38.5,8.074710743801651,,,0.2582479338842974,,23.15900826446281,98.4198347107438,10.962597078512395,7.640330578512397,,,1.3,,,,,,,23.2,,,9.223140495867767,1.3,25.0,25.0,,70.5,5.6,5.6,44.6,13.4,13.4,15.89,15.89,,,0.4,2.062353719,0.0,0.0,0.6,0.8,1.4,0.36,,1.0,0.0
1963-12-31,3.3610000000000007,10.815669421487604,,,,,,2.152066115702479,0.0,,,,6.843570247933885,,,,1.986049586776859,,,,,19.52231404958677,3.3879669421487604,0.6148760330578512,36.09937190082645,,,,,,4.377917355371901,14.2,14.2,14.2,14.2,,47.0,47.0,47.0,34.400000000000006,,7.6,6.5,6.5,6.5,,8.9,8.9,8.9,0.0,0.0,0.0,0.0,,,,,33.4,12.463537190082643,,,0.0707107438016528,,11.82406611570248,61.979504132231405,2.8740228406139288,2.6685619834710743,,,0.8,,,,,,,24.4,,,1.2912396694214876,0.0,49.0,49.0,,70.2,5.6,5.6,45.7,9.3,9.3,19.83,19.83,,,0.2,2.04446281,0.0,0.0,0.4,0.0,1.4,0.24,,0.6,0.0
1964-01-31,4.44,24.859438016528927,,,,,,1.7216528925619834,0.0,,,,13.324363636363636,,,,5.330975206611572,,,,,22.75041322314049,5.367867768595041,1.051438016528926,50.690380165289255,,,,,,3.0866776859504133,7.3,7.3,7.3,7.3,,31.5,31.5,31.5,29.3,,7.2,6.1,6.1,6.1,,8.9,8.9,8.9,0.0,0.0,0.0,0.0,,,,,24.8,12.377454545454546,,,0.1641719008264462,,19.485421487603304,102.74578512396694,14.162478540732002,17.60390082644628,,,1.1,,,,,,,22.3,,,12.174545454545454,0.0,95.0,95.0,,70.6,5.6,5.6,47.8,13.5,13.5,19.43,19.43,,,0.2,1.946122314,0.0,0.0,0.6,0.8,1.6,0.36,,0.4,0.0
1964-02-29,5.907000000000002,17.6185785123967,,,,,,1.553057851239669,0.0,,,,11.889520661157022,,,,5.165355371900825,,,,,22.185719008264453,4.825983471074381,0.6039669421487605,45.4470743801653,,,,,,3.422479338842975,8.7,8.7,8.7,8.7,,24.9,24.9,24.9,16.9,,4.0,3.1999999999999997,3.2,3.2,,9.2,9.2,9.2,0.0,0.0,0.0,0.0,,,,,22.8,5.107834710743801,,,0.0834049586776859,,14.046545454545452,83.57752066115702,5.326064077331763,3.3189421487603314,,,1.1,,,,,,,19.6,,,22.030413223140496,0.0,96.0,96.0,,70.5,5.6,5.6,48.7,13.1,13.1,21.76,21.76,,,0.2,1.703385124,0.0,0.0,0.6,0.8,1.4,0.36,,0.4,0.0
1964-03-31,5.815,17.653090909090913,,,,,,2.39801652892562,0.0,,,,12.777123966942147,,,,4.857520661157025,,,,,24.674975206611563,5.939702479338843,0.7255537190082645,48.1017520661157,,,,,,5.380165289256198,10.7,10.7,10.7,10.7,,24.4,24.4,24.4,14.3,,3.6,2.7,2.7,2.7,,9.2,9.2,9.2,0.0,0.0,0.0,0.0,,,,,24.1,3.84297520661157,,,0.1045289256198347,,14.080661157024794,88.60363636363637,6.216346216233766,2.773090909090909,,,1.1,,,,,,,15.1,,,2.39801652892562,0.0,97.0,97.0,,70.8,5.6,5.6,49.5,13.6,13.6,24.91,24.91,,,0.1,2.111484298,0.0,0.6,0.5,0.8,1.4,0.3,,0.4,0.0
1964-04-30,6.402000000000001,24.49190082644628,,,,,,11.008264462809915,0.0654545454545454,,,,23.825454545454544,,,,7.158347107438017,,,,,58.51636363636364,22.278347107438016,0.5950413223140496,93.83801652892562,,,,,,22.379504132231403,15.9,15.9,15.9,15.9,,42.8,42.8,42.8,24.3,,2.9,2.2000000000000006,2.2,2.2,,10.5,10.5,10.5,0.0,0.0,0.0,0.0,,,,,40.6,5.391074380165289,,,0.1945785123966941,,22.260495867768597,146.67768595041323,5.948420650362625,2.540826446280992,,,1.3,,,,,,,24.9,,,10.591735537190084,0.0,88.0,88.0,,70.9,6.6,6.6,52.2,14.1,14.1,25.94,25.94,,,0.1,3.241487603,0.0,6.9,1.8,1.9,1.7,1.08,,1.1,0.3
1964-05-31,7.075999999999999,21.68667768595041,,,,,,17.339504132231404,3.72,,,,30.098181818181818,,,,3.836826446280992,,,,,85.83669421487603,19.165685950413224,0.6394710743801653,113.75206611570248,,,,,,38.362115702479336,43.2,43.2,43.2,43.2,,64.9,64.9,64.9,28.3,,6.2,4.7,4.7,4.7,,13.8,13.8,13.8,0.0,0.0,0.0,0.0,,,,,70.6,0.2865322314049587,,,5.761388429752066,,26.599537190082646,175.91603305785125,2.6557377540225984,1.088330578512397,,,1.3,,,,,,,28.3,,,1.2297520661157024,0.0,88.0,88.0,,70.9,7.0,7.0,53.5,13.9,13.9,26.2,26.2,,,0.2,5.59608595,0.0,12.7,3.5,3.0,2.0,2.1,,2.8,2.9
1964-06-30,5.955,14.304793388429752,,,,,,7.2,2.927603305785124,,,,15.613884297520658,,,,1.8029752066115703,,,,,47.09752066115703,4.956694214876033,0.5950413223140496,60.33719008264463,,,,,,15.810247933884298,46.2,46.2,46.2,46.2,,71.0,71.0,71.0,19.1,,5.7,5.1,5.1,5.1,,14.7,14.7,14.7,0.0,0.0,0.0,0.0,,,,,70.3,0.4456859504132231,,,16.393388429752065,,23.010247933884298,105.6198347107438,1.1181681598751905,0.910413223140496,,,1.2,,,,,,,20.9,,,1.249586776859504,0.0,70.0,70.0,,70.2,3.6,3.6,51.2,13.0,13.0,24.66,24.66,,,0.4,4.635352066,0.0,13.1,4.1,3.1,2.3,2.46,,4.1,3.3
1964-07-31,3.899,8.995636363636365,,,,,,0.9223140495867768,0.244105785123967,,,,4.224198347107438,,,,0.707107438016529,,,,,15.642446280991736,0.3461752066115702,1.0391404958677684,23.242314049586778,,,,,,2.674710743801653,40.0,40.0,40.0,40.0,,71.7,71.7,71.7,18.8,,5.7,4.300000000000001,4.3,4.3,,14.4,14.4,14.4,0.0,0.0,0.0,0.0,,,,,59.6,12.537322314049586,,,0.1875371900826446,,2.625520661157025,35.80423140495867,-0.0443721905380341,0.5343272727272728,,,1.5,,,,,,,17.9,,,1.1682644628099172,1.4,59.0,59.0,,68.3,2.7,2.7,46.9,10.6,10.6,19.08,19.08,,,0.6,3.446856198,0.0,21.1,5.2,3.3,3.0,3.12,,4.6,2.9
1964-08-31,3.233,7.249388429752066,,,,,,0.1291239669421487,0.1469553719008264,,,,2.496396694214876,,,,0.3750743801652892,,,,,10.114710743801654,0.0,0.7009586776859504,18.24337190082645,,,,,,1.5863801652892562,33.2,33.2,33.2,33.2,,68.2,68.2,68.2,20.2,,6.5,4.7,4.7,4.7,,13.5,13.5,13.5,0.0,0.0,0.0,0.0,,,,,47.8,12.543471074380165,,,0.0146955371900826,,1.5556363636363637,31.9059173553719,-0.7433504321133388,0.4974347107438016,,0.2404165289256198,1.7,,,,,,,19.5,,,1.0452892561983471,1.8,27.0,27.0,,61.5,2.2,2.2,42.5,4.6,4.6,12.6,12.6,,,0.6,3.31987438,0.0,22.8,5.4,3.3,3.0,3.24,,4.4,2.0
1964-09-30,2.944000000000001,6.890578512396695,0.0,0.0,0.0,0.0,,0.1130578512396694,0.1231735537190082,,,,1.9814876033057849,,,,0.2933553719008264,,,,,8.062809917355372,0.0,0.5807603305785126,12.25190082644628,,,,,,1.8386776859504133,27.1,27.1,27.1,27.1,,68.5,68.5,68.5,16.4,,6.1,4.3,4.3,4.3,,12.9,12.9,12.9,0.0,0.0,0.0,0.0,,,,,36.7,11.252231404958678,,,0.0091041322314049,,1.2674380165289256,29.888925619834712,-1.2739052577751198,0.4909090909090909,,0.2552727272727272,1.6,,,,,,,16.9,2.439669421487604,,0.5831404958677686,1.7,18.0,18.0,,46.8,1.2,1.2,39.1,2.2,2.2,5.89,5.89,,,0.5,2.896066116,0.0,6.0,5.4,3.2,2.7,3.24,,3.3,2.0
1964-10-31,3.21,7.495338842975206,0.0,0.0,0.0,0.0,0.1389619834710743,0.1229752066115702,,,,,1.9491570247933885,,,,0.372,,,,,6.837421487603306,0.0,0.5398611570247933,9.38300826446281,,,,,,0.9223140495867768,21.9,21.9,21.9,21.9,,67.2,67.2,67.2,11.824000000000003,,5.392462809917356,3.8,3.8,3.8,,12.5,12.5,12.5,2.800266666666667,2.8286521739130435,2.8271304347826085,2.8286521739130435,,,,,28.6,8.768132231404959,8.958743801652892,,0.0178314049586776,,1.2051570247933887,25.437421487603302,0.5470658473984423,0.6825123966942149,,0.3012892561983472,1.4941487603305783,,14.406545454545457,,,0.0,0.0,13.619504132231404,1.906115702479339,,0.8608264462809917,1.8938181818181816,20.0,20.0,,35.9,0.7,0.7,37.1,20.9,20.9,1.86,1.86,,,0.6,2.13945124,0.0,0.6,4.2,2.6,2.3,2.52,,2.2,0.9
1964-11-30,3.14,13.828760330578511,1.2,1.2,1.2,1.2,0.1088925619834711,0.2618181818181818,,,,,6.515702479338843,,,,2.558677685950413,,,,,12.930247933884296,2.1183471074380167,1.7494214876033058,25.62247933884297,,,,,,1.0889256198347108,20.2,20.2,20.2,20.2,,55.0,55.0,55.0,15.364000000000004,,3.3738842975206613,2.2000000000000006,2.2,2.2,,12.5,12.5,12.5,2.934086173502604,2.933419506835938,2.934086173502604,2.933419506835938,,,,,30.4,0.2802644628099174,0.0,,0.1422148760330578,,8.87801652892562,35.83933884297521,5.5725636711966,2.9573553719008263,,0.2766942148760331,1.380495867768595,,17.17884297520661,,,0.0,0.0,20.177851239669423,1.904132231404959,,0.8925619834710744,0.5730247933884297,26.0,26.0,,45.8,4.2,4.2,39.5,23.9,23.9,3.46,3.46,,,0.4,1.449123967,0.0,0.0,0.5,0.9,1.5,0.3,,0.9,0.0
1964-12-31,5.58,120.7001652892562,35.6,35.6,35.6,35.6,4.420958677685952,6.763636363636364,,,,,149.72231404958677,,,,46.53996694214877,,,,,235.497520661157,12.260628099173552,80.11834710743801,561.1973553719008,,,,,,62.16396694214876,37.6,37.6,37.6,37.6,,66.0,66.0,66.0,18.434,,2.834578512396694,2.099999999999999,2.1,2.1,,13.8,13.8,13.8,3.318228908962674,3.317562242296007,3.318228908962674,3.317562242296007,,,,,66.2,0.7747438016528926,4.888264462809917,,22.135537190082644,,230.9474380165289,1112.9256198347107,55.23413529397874,31.40171900826446,,2.631669421487603,1.211305785123967,,26.32284297520661,,,60.7,60.7,19.37474380165289,52.01851239669421,,63.82413223140496,0.0,108.0,108.0,,72.7,5.6,5.6,57.0,31.5,31.5,27.1,27.1,,,0.2,1.399239669,0.0,0.0,0.5,0.6,1.1,0.3,,0.8,0.0
1965-01-31,7.16,104.5904132231405,30.3,30.3,30.3,30.3,11.910148760330578,12.48198347107438,,,,,78.82710743801653,,,,25.68952066115703,,,,,132.7517355371901,0.0,30.577785123966944,344.94545454545454,,,,,,10.354512396694217,37.0,37.0,37.0,37.0,,57.1,57.1,57.1,28.807,,3.3264793388429754,1.6,1.6,1.6,,13.8,13.8,13.8,3.614757720269097,3.613646609157986,3.614757720269097,3.613646609157986,,,,,65.2,2.416462809917355,2.760793388429752,,19.030413223140496,,124.758347107438,611.0023140495867,52.35906554112554,31.92436363636364,,25.726413223140497,0.1328132231404959,,32.834380165289254,,,59.4,59.4,25.529652892561984,86.63603305785124,,161.83537190082646,0.0,106.5,106.5,,71.8,5.6,5.6,57.0,31.5,31.5,48.55,48.55,,,0.2,1.428595041,0.0,0.0,0.1,0.6,0.2,0.06,,0.7,0.0
1965-02-28,6.7,33.40006611570249,26.3,26.3,26.3,26.3,7.697454545454545,8.441652892561983,,,,,25.48046280991736,,,,6.3923305785123965,,,,,57.42545454545454,0.0,16.4556694214876,122.1818181818182,,,,,,8.835966942148762,37.5,37.5,37.5,37.5,,42.5,42.5,42.5,27.785,,4.742876033057851,3.6,3.6,3.6,,13.8,13.8,13.8,3.69665009765625,3.697316764322917,3.69665009765625,3.697316764322917,,,,,64.7,1.3384462809917357,4.409652892561984,,11.0019173553719,,45.934809917355366,216.98380165289257,8.703274345730023,11.018578512396694,,4.520727272727273,0.8552727272727273,,28.19067768595041,,,34.1,34.1,25.086148760330577,46.651239669421486,,51.260826446280994,0.0,104.4,104.4,,71.2,5.6,5.6,57.0,31.5,31.5,48.55,48.55,,,0.2,1.291239669,0.0,0.0,0.1,0.8,0.9,0.06,,0.4,0.0
1965-03-31,7.27,28.241256198347106,27.5,27.5,27.5,27.5,3.2834380165289256,3.812231404958678,,,,,18.1142479338843,,,,5.632264462809917,,,,,47.94188429752066,12.648,1.389619834710744,87.98876033057851,,,,,,10.25613223140496,37.6,37.6,37.6,37.6,,34.8,34.8,34.8,29.926,,8.559074380165288,4.4,4.4,4.4,,13.8,13.8,13.8,3.7846192816840274,3.7857303927951382,3.7846192816840274,3.7857303927951382,,,,,64.4,6.0380826446281,9.475239669421487,,3.750743801652893,,25.57884297520661,146.46347107438015,5.218659676308541,8.239338842975206,,3.836826446280992,1.0944793388429752,,32.71140495867768,,,59.4,59.4,10.17004958677686,11.744132231404958,,17.64694214876033,0.0,104.4,104.4,,71.1,6.3,6.3,57.0,31.5,31.5,48.55,48.55,,,0.1,1.291239669,0.0,0.0,0.1,0.9,0.8,0.06,,0.5,0.1
1965-04-30,7.31,57.665454545454544,35.6,35.6,35.6,35.6,6.670413223140496,7.735537190082645,,,,,52.04826446280992,,,,13.608595041322314,,,,,112.6413223140496,16.470743801652894,22.427107438016527,212.4297520661157,,,,,,28.139504132231405,40.1,40.1,40.1,40.1,,67.9,67.9,67.9,29.038,,5.242314049586777,1.9,1.9,1.9,,13.8,13.8,13.8,3.902262217881944,3.904262217881944,3.902262217881944,3.904262217881944,,,,,69.4,5.04,11.436694214876033,,17.29190082644628,,73.72561983471074,375.2925619834711,19.758525757575764,19.57090909090909,,15.84,0.8211570247933885,,32.102479338842976,,,66.6,66.6,27.169586776859504,31.894214876033057,,59.861157024793386,0.0,104.4,104.4,,72.4,7.2,7.2,57.0,31.5,31.5,48.55,48.55,,,0.1,2.802644628,0.0,1.0,0.4,1.0,1.5,0.24,,1.6,1.8
1965-05-31,7.46,32.36707438016529,54.4,54.4,54.4,54.4,11.805619834710743,5.595371900826446,,,,,42.43259504132232,,,,4.679206611570248,,,,,125.18876033057852,0.7624462809917355,23.02710743801653,192.33322314049587,,,,,,48.12019834710744,42.8,42.8,42.8,42.8,,73.2,73.2,73.2,34.267,,8.313123966942147,6.5,6.5,6.5,,13.8,13.8,13.8,3.9427777777777777,3.942555555555556,3.9427777777777777,3.942555555555556,,,,,70.9,0.5706049586776859,2.084429752066116,,26.759404958677685,,111.41553719008265,362.7153719008264,4.184311363636371,4.531636363636364,,0.9223140495867768,1.7954380165289257,,31.37097520661157,,,66.6,66.6,27.958413223140496,14.941487603305784,,3.750743801652893,0.0,95.0,95.0,,71.9,7.2,7.2,57.0,31.5,31.5,48.45,48.45,,,0.2,5.489791736,0.0,20.3,2.6,3.0,2.5,1.56,,3.8,1.8
1965-06-30,6.26,17.702479338842974,58.2,58.2,58.2,58.2,16.262479338842976,3.332231404958678,,,,,31.13851239669421,,,,1.463801652892562,,,,,91.5173553719008,7.247603305785124,0.6128925619834711,108.47603305785124,,,,,,30.24,46.7,46.7,46.7,46.7,,72.6,72.6,72.6,32.531,,9.675371900826446,6.4,6.4,6.4,,14.7,14.7,14.7,3.920355555555556,3.919911111111111,3.920355555555556,3.919911111111111,,,,,70.5,0.0025586776859504,0.0,,18.63074380165289,,56.16,202.96859504132232,1.497414669421489,1.2912396694214876,,0.3992727272727273,1.91603305785124,,31.436033057851237,,,66.2,66.2,27.080330578512395,11.662809917355371,,1.487603305785124,0.0051768595041322,85.6,85.6,,70.5,7.1,7.1,54.6,31.5,31.5,47.46,47.46,,,0.4,5.256872727,0.0,16.8,3.6,3.0,2.7,2.16,,4.2,2.4
1965-07-31,5.65,11.959338842975209,61.0,61.0,61.0,61.0,0.2182809917355372,0.4796033057851239,,,,,5.521586776859504,,,,0.7808925619834711,,,,,28.93606611570248,1.0760330578512396,0.7562975206611571,40.79087603305785,,,,,,4.1934545454545455,42.8,42.8,42.8,42.8,,60.0,60.0,60.0,32.435,,9.825719008264464,6.4,6.4,6.4,,14.4,14.4,14.4,3.6926888888888887,3.701065217391304,3.699978260869565,3.701065217391304,,,,,58.4,14.91689256198347,14.517223140495869,,0.4482446280991736,,5.423206611570248,57.23880991735537,0.0913242079889735,0.768595041322314,,0.4119669421487603,2.139768595041322,,31.801388429752077,,,66.2,66.2,29.21890909090909,7.68595041322314,,0.983801652892562,0.3215801652892562,70.2,70.2,,69.7,6.9,6.9,50.2,29.0,29.0,43.33,43.33,,,0.6,5.692264463,0.0,18.0,5.0,3.3,2.9,3.0,,5.2,1.8
1965-08-31,4.7,10.268429752066115,62.0,62.0,62.0,62.0,0.098995041322314,0.2213553719008264,,,,,4.341024793388429,,,,0.6025785123966944,,,,,17.241123966942148,0.0176469421487603,1.1867107438016529,30.227305785123967,,,,,,3.1604628099173557,43.2,43.2,43.2,43.2,,71.7,71.7,71.7,0.0,,9.549024793388432,4.199999999999998,4.2,4.2,,14.2,14.2,14.2,3.5452,3.554891304347826,3.555108695652174,3.554891304347826,,,,,44.0,15.470280991735535,15.78386776859504,,0.1949157024793388,,4.63001652892562,43.91444628099174,0.4116937422555847,0.7808925619834711,,0.462386776859504,2.275041322314049,,0.0,,,52.7,52.7,15.304264462809916,3.627768595041322,,1.0452892561983471,0.0,50.1,50.1,,66.2,4.6,4.6,45.5,23.0,23.0,37.0,37.0,,,0.6,5.75962314,0.0,20.3,5.4,3.4,2.8,3.24,,5.4,1.8
1965-09-30,3.82,8.711404958677686,61.8,61.8,61.8,61.8,0.3290578512396694,0.2499173553719008,,,,,2.987107438016529,,,,0.4766280991735537,,,,,11.454545454545457,0.0,0.8330578512396695,20.04099173553719,,,,,,1.5649586776859503,42.7,42.7,42.7,42.7,,73.7,73.7,73.7,0.0,,9.050578512396694,4.1,4.1,4.1,,13.8,13.8,13.8,3.070955555555556,3.0914565217391305,3.091021739130435,3.0914565217391305,,,,,33.2,12.662479338842974,13.102809917355373,,0.1779173553719008,,7.8307438016528925,37.36859504132232,-0.095154455608023,0.7914049586776859,,0.4260495867768596,2.314710743801653,,0.0,,,40.3,40.3,13.43603305785124,3.391735537190083,,1.0115702479338844,0.0,39.5,39.5,,59.3,2.4,2.4,42.0,20.9,20.9,31.17,31.17,,,0.5,5.046981818,0.0,10.8,4.9,3.3,2.5,2.94,,3.9,1.8
1965-10-31,2.76,7.77203305785124,46.4,46.4,46.4,46.4,14.437289256198348,14.560264462809917,,,,,2.557884297520661,,,,0.4451702479338843,,,,,10.360661157024794,0.0,0.6763636363636364,9.813421487603303,,,,,,1.0145454545454546,40.9,40.9,40.9,40.9,,73.7,73.7,73.7,0.0,,9.690446280991736,3.8,3.8,3.8,,13.6,13.6,13.6,2.800266666666667,2.8286521739130435,2.8271304347826085,2.8286521739130435,,,,,34.1,14.812363636363637,15.4518347107438,,0.2779239669421487,,11.098512396694217,36.89256198347108,0.0789072642182477,1.1375206611570248,,0.384297520661157,2.059834710743801,,3.959801652892563,,,31.6,31.6,10.465190082644629,2.8837685950413223,,0.6517685950413223,1.8569256198347108,38.3,38.3,,47.0,0.9,0.9,41.8,27.5,27.5,25.8,25.8,,,0.6,4.124489256,0.0,1.9,4.8,3.2,2.2,2.88,,0.3,1.8
1965-11-30,2.79,16.708760330578514,29.0,29.0,29.0,29.0,17.506115702479338,17.190743801652893,,,,,7.4201652892561984,,,,1.7851239669421488,,,,,19.08892561983471,1.7553719008264463,2.344462809917356,32.590413223140494,,,,,,4.022479338842975,39.1,39.1,39.1,39.1,,55.3,55.3,55.3,25.01,,9.35404958677686,4.999999999999999,5.0,5.0,,13.6,13.6,13.6,2.934086173502604,2.933419506835938,2.934086173502604,2.933419506835938,,,,,47.9,7.580826446280992,8.02115702479339,,0.2826446280991735,,12.73388429752066,40.522314049586775,5.947549214403779,4.159338842975207,,0.5724297520661157,1.7434710743801654,,24.301487603305784,2.362314049586777,,43.6,43.6,22.23669421487603,1.6006611570247933,,0.7259504132231405,1.9279338842975209,48.4,48.4,,67.6,1.2,1.2,42.6,31.1,31.1,27.77,27.77,,,0.4,2.335398347,0.0,0.2,2.0,1.4,1.5,1.2,,0.7,0.0
1965-12-31,3.97,13.754776859504132,29.5,29.5,29.5,29.5,0.5466247933884298,0.8423801652892562,,,,,6.019636363636364,,,,1.6294214876033055,,,,,15.08290909090909,1.346578512396694,0.8792727272727273,32.88357024793388,,,,,,2.797685950413223,32.0,32.0,32.0,32.0,,30.7,30.7,30.7,44.732000000000006,,9.67814876033058,6.3,6.3,6.3,0.7378512396694215,13.84,13.84,13.84,3.318228908962674,3.317562242296007,3.318228908962674,3.317562242296007,,,,,39.2,11.8179173553719,11.885553719008264,,0.314201652892562,,9.696595041322311,56.56859504132231,8.546191239517627,6.831272727272728,,0.6210247933884298,1.8384793388429752,,17.855999999999998,26.65487603305785,,66.6,66.6,27.79854545454545,1.82003305785124,,1.051438016528926,0.0317276033057851,60.9,60.9,,70.7,5.6,5.6,43.3,26.2,26.2,32.64,32.64,,,0.2,1.871404959,0.0,0.0,0.5,1.1,1.5,0.3,,0.6,0.0
1966-01-31,5.25,29.36647933884297,30.2,30.2,30.2,30.2,0.3012892561983472,0.4445553719008265,,,,,13.01692561983471,,,,4.949752066115702,,,,,21.717421487603307,3.14201652892562,0.7993388429752063,46.15259504132232,,,,,,2.4041652892561984,10.3,10.3,10.3,10.3,,28.1,28.1,28.1,35.108999999999995,,8.257785123966944,5.099999999999999,5.1,5.1,0.4568528925619834,13.84,13.84,13.84,3.614757720269097,3.613646609157986,3.614757720269097,3.613646609157986,,,,,28.4,14.092958677685951,14.332760330578513,,0.2514842975206611,,18.63074380165289,93.52264462809916,12.819990851829994,10.157752066115702,,3.467900826446281,1.537190082644628,,29.83993388429752,3.707702479338843,,66.6,66.6,27.54029752066116,22.621289256198345,,17.536264462809918,0.0,95.0,95.0,,70.6,5.6,5.6,45.5,31.0,31.0,37.06,37.06,,,0.2,1.669090909,0.0,0.0,0.6,1.0,1.7,0.36,,0.4,0.0
1966-02-28,5.11,23.18677685950413,30.9,30.9,30.9,30.9,0.2776859504132231,0.3737652892561983,,,,,10.446545454545456,,,,4.703999999999999,,,,,19.38247933884297,3.6543471074380167,0.5270479338842976,43.03021487603306,,,,,,2.0215537190082644,3.9,3.9,3.9,3.9,,21.0,21.0,21.0,18.194000000000003,,3.9431404958677687,2.3999999999999995,2.4,2.4,0.3432198347107438,13.84,13.84,13.84,3.69665009765625,3.697316764322917,3.69665009765625,3.697316764322917,,,,,26.1,4.1652892561983474,4.776198347107438,,0.1649454545454545,,13.351140495867767,77.86314049586777,8.301541782341026,5.276033057851239,,7.197619834710744,1.282909090909091,,16.294611570247934,3.976462809917356,,66.2,66.2,12.901289256198346,17.344264462809914,,22.44813223140496,0.0,104.4,104.4,,70.6,5.6,5.6,44.0,31.5,31.5,39.41,39.41,,,0.2,1.360661157,0.0,0.0,0.4,0.9,1.7,0.24,,0.4,0.0
1966-03-31,6.4,29.91371900826446,33.5,33.5,33.5,33.5,0.5060429752066117,0.8423801652892562,,,,,26.144528925619834,,,,10.532826446280993,,,,,45.193388429752055,19.891239669421488,0.6031933884297521,90.50975206611572,,,,,,10.08396694214876,6.9,6.9,6.9,6.9,,17.3,17.3,17.3,31.838,,3.504793388429752,2.2999999999999994,2.3,2.3,0.8915702479338843,13.84,13.84,13.84,3.7846192816840274,3.7857303927951382,3.7846192816840274,3.7857303927951382,,,,,29.4,4.507041322314049,6.960396694214876,,0.2982148760330578,,24.601190082644628,153.65752066115704,9.150708945825611,3.5170909090909093,,4.488595041322314,1.488,,28.39497520661157,0.2816132231404958,,66.7,66.7,21.643636363636364,27.269752066115704,,37.90710743801653,0.0,104.4,104.4,,71.4,5.6,5.6,51.2,31.5,31.5,43.93,43.93,,,0.1,1.409256198,0.0,0.4,0.5,1.2,1.8,0.3,,0.6,0.0
1966-04-30,6.58,39.95702479338843,49.0,49.0,49.0,49.0,0.7973553719008264,2.112396694214876,,,,,35.44066115702479,,,,8.669752066115702,,,,,93.36198347107438,34.637355371900824,7.527272727272727,158.87603305785123,,,,,,33.57818181818182,24.3,24.3,24.3,24.3,,43.9,43.9,43.9,43.432,,1.2555371900826446,0.5000000000000001,0.5,0.5,0.7735537190082644,13.84,13.84,13.84,3.902262217881944,3.904262217881944,3.902262217881944,3.904262217881944,,,,,45.1,4.790082644628099,13.709752066115705,,0.2927603305785123,,23.813553719008265,233.25619834710744,7.308946385281386,2.0290909090909093,,1.7970247933884298,1.0532231404958678,,18.291570247933883,24.59900826446281,,66.7,66.7,29.026115702479338,28.65719008264463,,19.17818181818182,0.0,103.0,103.0,,71.0,7.2,7.2,57.0,31.5,31.5,44.33,44.33,,,0.1,3.372595041,0.0,12.1,2.1,1.8,1.8,1.26,,1.4,0.0
1966-05-31,6.7,22.215471074380165,69.0,69.0,69.0,69.0,1.051438016528926,2.121322314049587,,,,,19.835900826446284,,,,2.3057851239669422,,,,,83.68462809917358,18.495471074380166,0.6517685950413223,110.0013223140496,,,,,,33.6521652892562,46.1,46.1,46.1,46.1,,71.9,71.9,71.9,28.684,,6.689851239669421,5.2,5.2,5.2,0.707107438016529,13.84,13.84,13.84,3.9427777777777777,3.942555555555556,3.9427777777777777,3.942555555555556,,,,,53.9,10.508231404958678,14.978380165289256,,0.2342677685950413,,9.573619834710742,145.23371900826447,3.820803488390398,1.2543471074380164,,0.3892165289256197,1.4449586776859504,,11.516628099173555,17.554710743801653,0.6886611570247934,65.6,65.6,19.417785123966944,16.970578512396695,,1.5433388429752066,0.8300826446280992,94.7,94.7,,70.5,7.1,7.1,56.9,31.5,31.5,41.47,41.47,,,0.2,5.536264463,0.0,19.7,4.2,3.3,2.7,2.52,,2.4,0.0
1966-06-30,4.95,11.442644628099174,69.4,69.4,69.4,69.4,2.1778512396694216,2.106446280991736,,,,,4.980495867768595,,,,0.8092561983471075,,,,,23.89090909090909,1.8386776859504133,0.6307438016528926,34.18512396694215,,,,,,2.76099173553719,46.3,46.3,46.3,46.3,,70.9,70.9,70.9,14.703,,6.545454545454546,5.1,5.1,5.1,0.5736198347107438,13.84,13.84,13.84,3.920355555555556,3.919911111111111,3.920355555555556,3.919911111111111,,,,,44.9,13.43603305785124,13.281322314049588,,0.2076694214876033,,3.498842975206612,44.77090909090909,0.2930541966379976,0.6664462809917355,,0.2909752066115702,1.553057851239669,,2.0290909090909093,11.085619834710744,0.5426776859504132,60.5,60.5,16.91702479338843,4.212892561983471,,1.344793388429752,0.2975206611570248,71.7,71.7,,69.0,5.8,5.8,54.5,30.2,30.2,37.06,37.06,,,0.4,5.432727273,0.0,22.6,4.7,3.3,2.8,2.82,,3.0,1.8
1966-07-31,3.52,8.257785123966944,68.9,68.9,68.9,68.9,0.3996694214876033,0.3695404958677686,,,,,2.9452561983471077,,,,0.4082776859504132,,,,,11.811768595041322,0.0,0.9346115702479338,19.854347107438013,,,,,,1.4572561983471075,39.9,39.9,39.9,39.9,7.575272727272727,66.0,66.0,66.0,19.811,,6.880462809917355,5.299999999999999,5.3,5.3,0.4304132231404958,13.51,13.51,13.51,3.6926888888888887,3.701065217391304,3.699978260869565,3.701065217391304,,,,,33.3,13.041520661157024,12.020826446280992,,0.2244297520661157,,1.5863801652892562,30.74380165289256,-0.82780721405521,0.6394710743801653,,0.272390082644628,1.6724628099173553,,2.6009256198347104,15.765421487603303,0.6087272727272727,60.5,60.5,16.386446280991734,4.242644628099174,,0.8485289256198347,0.7993388429752066,45.6,45.6,,60.9,4.1,4.1,50.2,27.4,27.4,30.62,30.62,,,0.6,5.675603306,0.0,25.7,5.4,3.4,3.0,3.24,,4.4,1.8
1966-08-31,3.38,7.187900826446281,67.9,67.9,67.9,67.9,0.3400264462809917,0.1414214876033057,,,,,2.299636363636364,,,,0.2637818181818183,,,,,8.368462809917355,0.0,0.6210247933884299,14.54796694214876,,,,,,1.3834710743801653,27.7,27.7,27.7,27.7,12.64185123966942,62.2,62.2,62.2,26.648999999999997,,7.31702479338843,5.2,5.2,5.2,0.4021289256198348,13.68,13.68,13.68,3.5452,3.554891304347826,3.555108695652174,3.554891304347826,,,,,16.8,16.20198347107438,15.722380165289255,,0.2262743801652892,,1.3342809917355372,28.671669421487604,-0.4742398475796964,0.7624462809917355,,0.1826181818181818,1.8999669421487604,,9.5859173553719,19.42393388429752,0.6210247933884298,61.1,61.1,24.01090909090909,4.347173553719008,,0.8731239669421488,1.65401652892562,20.2,20.2,,47.9,3.1,3.1,46.0,24.2,24.2,24.24,24.24,,,0.6,5.721421488,0.0,23.2,5.5,3.5,3.0,3.3,,4.3,1.8
1966-09-30,3.02,6.456198347107439,67.3,67.3,67.3,67.3,0.3207272727272727,0.1350743801652892,,,,,2.100495867768595,,,,0.2552727272727272,,,,,7.330909090909091,0.0,0.4712727272727273,11.466446280991736,,,,,0.1719669421487603,1.4221487603305785,16.2,16.2,16.2,16.2,10.936859504132231,64.7,64.7,64.7,19.44,,7.223801652892562,4.8,4.8,4.8,0.3611900826446282,12.37,12.37,12.37,3.070955555555556,3.0914565217391305,3.091021739130435,3.0914565217391305,,,,,0.9,17.0598347107438,16.946776859504133,,0.2344462809917355,,1.0472727272727274,18.130909090909093,-0.7077264564176109,0.7616528925619834,,0.2088595041322314,1.642314049586777,,6.206280991735537,15.286611570247931,0.6188429752066116,57.2,57.2,22.25454545454545,4.123636363636364,,0.6247933884297521,1.2019834710743802,12.1,12.1,,46.5,2.1,2.1,42.8,20.9,20.9,18.83,18.83,,,0.5,5.467438017,0.0,7.4,4.8,3.3,2.5,2.88,,3.3,1.8
1966-10-31,2.72,6.677553719008264,59.9,59.9,59.9,59.9,10.20694214876033,6.222545454545455,,,,,2.244297520661157,,,,0.3381818181818182,,,,,7.237090909090909,0.0,0.4070479338842974,,3.320330578512397,,,,0.3308033057851239,0.8669752066115702,6.3,6.3,6.3,6.3,11.39980165289256,44.0,44.0,44.0,30.91,,6.056528925619835,4.199999999999998,4.2,4.2,0.6333223140495868,11.78,11.78,11.78,2.800266666666667,2.8286521739130435,2.8271304347826085,2.8286521739130435,,,,,3.46,4.150413223140496,3.787636363636364,,0.3836826446280991,,1.832330578512397,21.04720661157025,0.1474478600944566,0.6394710743801653,,0.3086677685950413,1.7093553719008263,,4.439404958677686,27.294347107438018,0.3523239669421488,57.9,57.9,29.446413223140496,4.254942148760331,,0.3117421487603306,1.6048264462809918,11.5,11.5,,32.0,1.7,1.7,40.2,27.6,27.6,14.52,14.52,,,0.6,5.529520661,0.0,2.2,4.3,2.5,2.3,2.58,,2.7,1.2
1966-11-30,1.37,19.90413223140496,41.3,41.3,41.3,41.3,23.09950413223141,20.927603305785123,,,,,11.549752066115705,,,,2.7609917355371896,,,,,27.96099173553719,8.419834710743801,1.9576859504132231,,19.993388429752063,,,,24.051570247933885,7.116694214876033,6.4,6.4,6.4,6.4,0.4468760330578512,38.1,38.1,38.1,29.639,,5.081652892561984,4.2,4.2,4.2,0.648595041322314,11.8,11.8,11.8,2.934086173502604,2.933419506835938,2.934086173502604,2.933419506835938,,,,,20.0,12.400661157024793,13.019504132231406,,0.2380165289256198,,13.537190082644628,41.861157024793386,10.75984049645809,8.419834710743801,,0.7973553719008264,0.7378512396694215,,18.392727272727274,11.75801652892562,0.3778512396694214,66.6,66.6,23.819504132231405,7.467768595041322,,1.654214876033058,1.1305785123966945,35.8,35.8,,71.8,5.5,5.5,40.2,31.5,31.5,16.71,16.71,,,0.4,2.437447934,0.0,0.4,1.3,0.3,1.8,0.78,,0.9,0.3
1966-12-31,4.64,38.52813223140496,25.5,25.5,25.5,25.5,20.733619834710744,19.87894214876033,,,,,28.905322314049588,,,,11.467438016528924,,,,,53.50651239669421,18.538512396694216,1.6847603305785124,,31.727603305785124,,,,88.72661157024794,9.044826446280991,4.7,4.7,4.7,4.7,3.2957355371900827,33.2,33.2,33.2,35.82899999999999,,7.864264462809917,5.7,5.7,5.7,1.1559669421487604,12.77,12.77,12.77,3.318228908962674,3.317562242296007,3.318228908962674,3.317562242296007,,,,,37.5,11.430545454545454,13.68099173553719,,0.3812231404958677,,37.02783471074381,201.61785123966945,20.651315740731995,14.62790082644628,,2.244297520661157,0.4660760330578511,,12.0761652892562,28.573289256198347,0.2834578512396695,64.6,64.6,27.718611570247933,35.06638016528925,,9.198545454545457,0.0,104.5,104.5,,70.3,5.4,5.4,39.5,31.5,31.5,25.66,25.66,,,0.2,1.145613223,0.0,0.0,0.5,0.0,1.4,0.3,,0.7,0.0
1967-01-31,5.91,66.5295867768595,25.6,25.6,25.6,25.6,4.525487603305784,3.922909090909091,,,,,38.27603305785124,,,,16.77381818181818,,,,,61.03259504132232,13.80396694214876,9.92409917355372,,31.112727272727277,,,,124.08198347107438,6.296330578512396,5.0,5.0,5.0,5.0,0.8546776859504133,26.5,26.5,26.5,35.632,,5.490842975206611,4.300000000000001,4.3,4.3,1.3158347107438015,13.74,13.74,13.74,3.614757720269097,3.613646609157986,3.614757720269097,3.613646609157986,,,,,37.3,11.66419834710744,14.197487603305785,,0.5244892561983471,,57.07894214876033,304.79404958677685,40.27866076115703,28.665520661157025,,18.144991735537197,1.2297520661157024,,11.092363636363636,29.489454545454542,0.4107371900826446,67.7,67.7,28.007603305785125,47.382347107438015,,109.87834710743802,0.0,111.9,111.9,,74.6,5.5,5.5,57.0,31.5,31.5,39.07,39.07,,,0.2,1.048363636,0.0,0.0,0.5,0.0,1.4,0.3,,0.6,0.0
1967-02-28,6.61,42.28601652892563,28.9,28.9,28.9,28.9,0.5070545454545455,0.9330247933884298,,,,,27.007735537190083,,,,9.163636363636364,,,,,54.2598347107438,16.222413223140496,3.5321652892561985,,17.88297520661157,,,,103.0214876033058,6.181289256198348,7.8,7.8,7.8,7.8,0.9052561983471076,13.2,13.2,13.2,33.461,,7.769652892561983,5.799999999999999,5.8,5.8,0.8108429752066115,13.84,13.84,13.84,3.69665009765625,3.697316764322917,3.69665009765625,3.697316764322917,,,,,35.0,8.797090909090908,11.912727272727272,,0.2882380165289256,,31.15636363636364,196.71272727272728,12.409114794805191,6.781090909090909,,9.341355371900828,1.0885289256198347,,3.698776859504133,21.73170247933884,3.504396694214876,67.0,67.0,17.044363636363638,36.37685950413224,,62.36826446280992,0.0,106.1,106.1,,70.7,5.5,5.5,57.0,31.5,31.5,48.55,48.55,,,0.2,0.946909091,0.0,0.0,0.4,0.0,1.0,0.24,,0.5,0.0
1967-03-31,7.33,57.13428099173554,39.5,39.5,39.5,39.5,0.731702479338843,1.524892561983471,,,,,48.5875041322314,,,,14.12985123966942,,,,,87.25090909090909,9.050975206611568,20.770512396694212,,31.112727272727277,,,,161.28198347107437,16.755371900826447,8.5,8.5,8.5,8.5,5.441652892561984,47.5,47.5,47.5,16.546000000000003,,5.152661157024793,3.9,3.9,3.9,1.6048264462809918,13.84,13.84,13.84,3.7846192816840274,3.7857303927951382,3.7846192816840274,3.7857303927951382,,,,,41.4,8.694347107438016,13.853157024793388,,0.4648462809917354,,53.88158677685951,317.8294214876033,22.686153512396697,24.410578512396693,,16.011371900826443,1.149818181818182,,5.613818181818182,14.9660826446281,0.6333223140495868,66.9,66.9,23.88793388429752,33.11722314049587,,65.05388429752067,0.0,108.2,108.2,,71.5,5.5,5.5,57.0,31.5,31.5,48.55,48.55,,,0.1,1.048363636,0.0,0.0,0.4,0.0,1.1,0.24,,0.6,0.0
1967-04-30,7.23,56.63603305785124,43.1,43.1,43.1,43.1,0.5087603305785124,0.8330578512396695,,,,,32.69752066115702,,,,11.335537190082643,,,,,52.56595041322313,6.700165289256199,4.784132231404959,,30.94214876033058,,,,91.2198347107438,5.480330578512397,11.2,11.2,11.2,11.2,1.2674380165289256,23.7,23.7,23.7,42.7,,8.687603305785125,2.2000000000000006,2.2,2.2,0.9758677685950412,13.84,13.84,13.84,3.902262217881944,3.904262217881944,3.902262217881944,3.904262217881944,,,,,34.8,13.007603305785125,14.435702479338843,,0.2201652892561983,,44.71140495867768,231.94710743801653,23.988544352617076,23.438677685950413,,27.211239669421488,0.8866115702479339,,18.39867768595041,32.578512396694215,0.6307438016528926,66.9,66.9,26.34247933884297,63.66942148760331,,104.96528925619836,0.0,106.9,106.9,,71.2,5.5,5.5,57.0,31.5,31.5,48.55,48.55,,,0.1,1.014545455,0.0,0.0,0.4,0.0,1.4,0.24,,0.6,0.0
1967-05-31,7.6,68.1897520661157,57.6,57.6,57.6,57.6,14.25897520661157,2.059834710743801,,,,,79.56495867768595,,,,14.234380165289256,,,,,170.75107438016525,26.91312396694215,26.931570247933877,,33.14181818181818,,,,263.7203305785124,56.86373553719008,37.3,37.3,37.3,37.3,5.699900826446281,66.6,66.6,66.6,43.41600000000001,,8.854214876033058,4.9,4.9,4.9,22.516760330578517,13.84,13.84,13.84,3.9427777777777777,3.942555555555556,3.9427777777777777,3.942555555555556,,,,,59.2,8.93414876033058,17.769917355371902,,0.5158809917355373,,85.77520661157025,468.0436363636364,13.586374965564742,12.875504132231406,,4.654611570247934,0.9407603305785124,,22.00026446280992,31.34023140495868,0.6456198347107438,66.8,66.8,28.179768595041324,53.1683305785124,,42.37725619834711,0.0,105.3,105.3,,72.6,5.5,5.5,56.5,31.5,31.5,48.48,48.48,,,0.2,2.823669421,0.0,16.8,1.7,0.8,1.9,1.02,,1.7,0.0
1967-06-30,7.09,33.530578512396694,57.9,57.9,57.9,57.9,42.96793388429752,2.7431404958677685,,,,,94.6710743801653,,,,5.063801652892562,,,,,180.71404958677687,5.307768595041322,23.367272727272727,,31.894214876033057,,,,223.67603305785124,74.97520661157024,46.7,46.7,46.7,46.7,45.53256198347108,74.4,74.4,74.4,41.921,,8.74710743801653,5.1,5.1,5.1,101.03801652892562,13.84,13.84,13.84,3.920355555555556,3.919911111111111,3.920355555555556,3.919911111111111,,,,,65.5,10.163305785123969,17.440661157024792,,21.58809917355372,,215.28595041322316,504.2380165289256,5.432793181818185,3.1418181818181816,,0.6247933884297521,0.9163636363636364,,17.9702479338843,29.097520661157024,0.72,66.6,66.6,28.45487603305785,27.937190082644623,,12.579173553719007,0.0,103.4,103.4,,72.2,5.5,5.5,54.0,31.5,31.5,47.17,47.17,,,0.4,5.48707438,0.0,17.2,3.7,2.0,2.5,2.22,,2.9,0.0
1967-07-31,6.02,15.070611570247934,65.8,65.8,65.8,65.8,3.092826446280992,1.0944793388429752,,,,,16.503272727272723,,,,1.6109752066115703,,,,,61.41381818181818,4.156561983471073,0.606882644628099,,31.973553719008265,,,,46.6444958677686,21.797355371900828,44.9,44.9,44.9,44.9,24.201520661157023,65.9,65.9,65.9,44.234,,9.08171900826446,5.2,5.2,5.2,25.646479338842976,13.98,13.98,13.98,3.6926888888888887,3.701065217391304,3.699978260869565,3.701065217391304,,,,,58.2,15.33500826446281,16.521719008264462,,2.9206611570247936,,49.28231404958677,138.28561983471076,0.5560205024287397,0.7132561983471074,,0.4998942148760331,1.4818512396694214,,17.720727272727274,28.69626446280992,0.6763636363636364,66.3,66.3,30.3318347107438,21.01646280991736,,3.26499173553719,0.2139768595041322,88.3,88.3,,70.2,5.5,5.5,47.0,30.0,30.0,42.0,42.0,,,0.6,5.5416,0.0,27.8,4.6,2.3,2.9,2.76,,4.2,0.0
1967-08-31,4.99,10.79107438016529,51.6,51.6,51.6,51.6,13.816264462809915,13.80396694214876,,,,,4.365619834710744,,,,1.0145454545454542,,,,,19.079603305785124,0.2398016528925619,0.9653553719008264,,24.349090909090908,,,,1.5617851239669422,2.6193719008264464,28.3,28.3,28.3,28.3,16.521719008264462,56.2,56.2,56.2,39.998,,8.485289256198348,5.2,5.2,5.2,0.3301884297520661,12.27,12.27,12.27,3.5452,3.554891304347826,3.555108695652174,3.554891304347826,,,,,58.0,15.310413223140497,15.679338842975207,,0.2342677685950413,,3.8491239669421486,61.979504132231405,0.046341182644631,0.7931900826446281,,0.4125818181818181,1.6294214876033055,,11.77487603305785,32.92046280991735,0.566915702479339,66.2,66.2,30.55319008264463,15.869950413223144,,1.813884297520661,1.8938181818181816,72.7,72.7,,43.5,5.5,5.5,41.0,30.0,30.0,36.28,36.28,,,0.6,5.733619835,0.0,24.8,4.8,2.4,2.8,2.88,,3.7,0.0
1967-09-30,5.47,10.401322314049589,36.0,36.0,36.0,36.0,14.929586776859503,15.030743801652893,,,,,3.284628099173554,,,,0.6307438016528926,,,,,12.460165289256192,0.0,0.8152066115702478,,15.35206611570248,,,,0.9401652892561984,2.856198347107438,10.9,10.9,10.9,10.9,18.999669421487603,49.7,49.7,49.7,37.44,,8.64,6.0,6.0,6.0,0.3588099173553719,12.69,12.69,12.69,3.070955555555556,3.0914565217391305,3.091021739130435,3.0914565217391305,,,,,58.8,15.090247933884298,15.227107438016528,,0.227900826446281,,3.0942148760330577,36.4700826446281,-0.4497189803620622,0.6366942148760331,,0.3945123966942149,1.6839669421487604,,9.062479338842977,30.555371900826447,0.7021487603305785,66.4,66.4,29.490247933884294,11.537851239669422,,0.708099173553719,1.7077685950413224,67.9,67.9,,25.2,5.5,5.5,34.5,30.0,30.0,32.33,32.33,,,0.5,5.508396694,0.0,11.7,4.2,2.4,2.6,2.52,,4.2,0.0
1967-10-31,2.98,8.854214876033058,31.7,31.7,31.7,31.7,4.341024793388429,4.433256198347107,,,,,3.3449256198347106,0.3701553719008263,,,0.8792727272727273,,,,,12.352859504132232,0.3535537190082645,0.9284628099173554,,22.381487603305786,,,,0.5275636363636363,2.3795702479338847,3.3,3.3,3.3,3.3,6.197950413223141,32.0,32.0,32.0,31.02,,7.083371900826446,4.7,4.7,4.7,0.3953652892561983,12.2,12.2,12.2,2.800266666666667,2.8286521739130435,2.8271304347826085,2.8286521739130435,,,,,53.3,10.594314049586778,10.612760330578512,,0.2367272727272727,,4.027438016528926,30.448661157024794,1.727202106518802,1.4080661157024792,,0.3203504132231405,1.4019173553719009,,3.252694214876033,26.937719008264462,0.3873719008264463,65.5,65.5,30.270347107438017,5.896661157024793,,1.149818181818182,0.983801652892562,69.7,69.7,,25.3,5.5,5.5,31.5,24.0,24.0,30.24,30.24,,,0.6,5.150459504,0.0,2.7,2.8,1.0,2.3,1.68,2.593,2.6,0.0
1967-11-30,2.42,8.491239669421487,32.0,32.0,32.0,32.0,0.2493223140495867,0.216,,,,,2.9990082644628098,0.3945123966942149,,,0.7616528925619834,,,,,10.92495867768595,0.5147107438016529,0.5771900826446281,,17.13719008264463,,,,0.5260165289256198,1.1841322314049587,3.0,3.0,3.0,3.0,0.3558347107438017,16.3,16.3,16.3,26.664,,4.766280991735537,0.7,0.7,0.7,0.3415537190082645,12.02,12.02,12.02,2.934086173502604,2.933419506835938,2.934086173502604,2.933419506835938,,,,,41.3,13.311074380165287,13.32297520661157,,0.1904132231404958,,4.147438016528926,23.105454545454545,4.743751890318771,1.654214876033058,,0.3153719008264463,1.2198347107438017,,6.575206611570248,20.963305785123968,0.3796363636363636,63.6,63.6,29.436694214876034,2.386115702479339,,1.463801652892562,1.5947107438016528,74.3,74.3,,25.5,4.5,4.5,29.0,21.9,21.9,29.58,29.58,,,0.4,2.779120661,0.0,1.4,1.6,0.4,1.6,0.96,1.429,1.4,0.0
1967-12-31,3.49,13.152198347107438,32.5,32.5,32.5,32.5,0.3080528925619835,0.3191206611570248,,,,,5.927404958677686,1.4019173553719009,,,2.0905785123966942,,,,,16.33725619834711,2.1459173553719006,0.5976595041322315,,27.11603305785124,,,,1.1375206611570248,1.4019173553719009,2.7,2.7,2.7,2.7,0.3781487603305785,9.25,9.25,9.25,22.031,,5.681454545454546,4.300000000000001,4.3,4.3,0.6640661157024794,12.21,12.21,12.21,3.318228908962674,3.317562242296007,3.318228908962674,3.317562242296007,,,,,28.8,15.445685950413225,15.353454545454545,,0.2238148760330578,,10.022479338842976,33.006545454545446,5.598075122997131,4.242644628099174,,0.3332628099173554,1.1682644628099172,,4.273388429752066,18.415537190082645,0.5023537190082645,62.1,62.1,27.98915702479339,1.463404958677686,,1.813884297520661,0.0,83.5,83.5,,42.1,2.8,2.8,31.0,25.0,25.0,31.61,31.61,,,0.2,1.585646281,0.0,0.0,0.6,0.0,1.8,0.36,0.58,0.6,0.0
1968-01-31,5.14,25.935471074380164,34.4,34.4,34.4,34.4,0.3529388429752065,0.4691504132231405,,,,,11.934743801652893,3.7261487603305774,,,4.574677685950415,,,,,28.28429752066116,6.253289256198348,1.5617851239669422,,29.51404958677686,,,,18.88899173553719,3.7999338842975208,3.9,3.9,3.9,3.9,0.3898314049586777,6.6,6.6,6.6,21.502,,5.570776859504131,4.5,4.5,4.5,0.8239338842975207,12.14,12.14,12.14,3.614757720269097,3.613646609157986,3.614757720269097,3.613646609157986,,,,,22.0,13.05996694214876,13.441190082644628,,0.3191206611570248,,16.976727272727274,65.05388429752067,13.60495098158206,9.223140495867767,,1.3158347107438015,0.9469090909090908,,3.7261487603305774,19.18413223140496,0.731702479338843,65.0,65.0,27.86618181818182,1.358876033057851,,1.7155041322314049,0.0,99.7,99.7,,70.7,4.7,4.7,37.0,31.5,31.5,36.88,36.88,,,0.2,1.882115702,0.0,0.0,0.5,0.0,1.8,0.3,0.58,0.6,0.0
1968-02-29,4.41,51.49824793388429,42.0,42.0,42.0,42.0,0.4636165289256199,1.4437685950413224,,,,,50.33633057851241,15.306247933884295,,,18.10750413223141,,,,,87.08628099173552,16.43365289256198,13.4483305785124,,29.91074380165289,,,,164.9692561983471,17.986710743801652,6.4,6.4,6.4,6.4,0.5596760330578512,33.2,33.2,33.2,20.592,,5.907371900826448,4.9,4.9,4.9,2.3065785123966944,13.84,13.84,13.84,3.69665009765625,3.697316764322917,3.69665009765625,3.697316764322917,,,,,33.0,5.671537190082644,10.008595041322314,,0.3813619834710745,,51.40046280991736,321.02280991735535,23.59213228928993,15.047404958677689,,2.9910743801652893,1.1101487603305786,,2.4676363636363634,17.486280991735537,4.544132231404959,66.7,66.7,26.482512396694208,30.434181818181823,,58.49851239669422,0.0,106.4,106.4,,71.4,5.5,5.5,54.5,31.5,31.5,46.88,46.88,,,0.2,1.88092562,0.0,0.0,0.5,0.0,1.7,0.3,0.53,0.5,0.0
1968-03-31,7.43,39.52423140495867,48.0,48.0,48.0,48.0,0.4783735537190082,1.0206942148760332,,,,,26.34743801652893,7.163305785123967,,,8.718942148760332,,,,,56.40872727272728,17.487074380165286,0.4064330578512395,,33.203305785123966,,,,75.6297520661157,11.916297520661155,17.6,17.6,17.6,17.6,0.9469090909090908,19.2,19.2,19.2,40.053,,7.60601652892562,6.0,6.0,6.0,2.232,13.84,13.84,13.84,3.7846192816840274,3.7857303927951382,3.7846192816840274,3.7857303927951382,,,,,35.0,6.677553719008264,10.563570247933884,,0.2195107438016529,,30.202710743801653,186.0,12.598529373278229,13.51497520661157,,10.600462809917357,2.1643636363636367,,0.0,35.75504132231405,5.552330578512397,66.7,66.7,13.508826446280992,47.60985123966943,,57.78604958677686,0.0,105.7,105.7,,71.2,5.5,5.5,57.0,31.5,31.5,48.55,48.55,,,0.1,1.88092562,0.0,0.0,0.4,0.0,1.7,0.24,0.58,0.6,0.0
1968-04-30,6.82,26.96727272727273,59.3,59.3,59.3,59.3,0.5456528925619836,1.32099173553719,,,,,20.058842975206613,3.5702479338842976,,,4.361652892561984,,,,,59.05190082644628,19.29719008264463,0.3641652892561983,,32.48925619834711,,,,59.861157024793386,24.33123966942149,29.4,29.4,29.4,29.4,1.1900826446280992,32.0,32.0,32.0,32.221,,5.028099173553719,0.3,0.3,0.3,0.5444628099173554,13.84,13.84,13.84,3.902262217881944,3.904262217881944,3.902262217881944,3.904262217881944,,,,,39.8,7.634380165289258,12.84694214876033,,0.2011239669421487,,16.500495867768596,133.4082644628099,7.142489049586782,3.0823140495867767,,1.451900826446281,1.6839669421487604,,0.5670743801652892,28.901157024793388,5.03404958677686,64.3,64.3,26.919669421487605,17.17289256198347,,15.625785123966946,0.0,96.5,96.5,,70.8,4.6,4.6,55.0,31.5,31.5,47.75,47.75,,,0.1,4.034955372,0.0,12.8,1.6,0.7,2.0,0.96,1.5,1.5,0.0
1968-05-31,7.01,20.63523966942149,68.6,68.6,68.6,68.6,6.726743801652892,7.655206611570247,,,,,15.230479338842976,1.2850909090909088,,,1.6847603305785124,,,,,64.62347107438015,10.557421487603303,0.3781487603305785,,33.14181818181818,,,,50.1062479338843,29.55094214876033,46.7,46.7,46.7,46.7,2.0290909090909093,59.6,59.6,59.6,21.207,,5.410909090909091,3.2,3.2,3.2,0.396595041322314,13.84,13.84,13.84,3.9427777777777777,3.942555555555556,3.9427777777777777,3.942555555555556,,,,,51.2,9.653553719008263,13.31206611570248,,0.2182809917355372,,8.63900826446281,110.61619834710744,4.417443595041322,1.3957685950413223,,0.416885950413223,1.4449586776859504,,0.9161652892561984,21.42842975206612,0.6886611570247934,60.9,60.9,25.75100826446281,4.316429752066116,,1.4080661157024792,1.4265123966942148,77.2,77.2,,70.5,4.1,4.1,52.0,31.5,31.5,45.0,45.0,,,0.2,5.584978512,0.0,19.7,3.6,1.9,2.8,2.16,2.946,2.9,0.0
1968-06-30,5.329999999999999,12.513719008264465,69.5,69.5,69.5,69.5,3.4869421487603307,3.790413223140496,,,,,6.0218181818181815,0.540297520661157,,,0.7973553719008264,,,,,27.1398347107438,2.5527272727272727,0.467702479338843,,28.68099173553719,,,,7.628429752066114,6.485950413223141,42.8,42.8,42.8,42.8,9.37190082644628,66.4,66.4,66.4,19.071,,5.611239669421487,5.1,5.1,5.1,0.4064132231404959,13.64,13.64,13.64,3.920355555555556,3.919911111111111,3.920355555555556,3.919911111111111,,,,,49.7,9.008925619834711,10.139504132231403,,0.2195702479338843,,4.843636363636364,48.98380165289256,-0.4513672326924163,0.7735537190082644,,0.4129586776859504,1.392396694214876,,0.0,16.7801652892562,0.7021487603305785,47.9,47.9,28.53223140495868,3.992727272727272,,0.7676033057851239,0.5807603305785125,51.4,51.4,,69.7,2.9,2.9,47.0,31.0,31.0,39.41,39.41,,,0.4,5.466287603,0.0,24.2,4.2,1.9,2.7,2.52,3.579,3.6,0.0
1968-07-31,3.58,8.350016528925622,64.6,64.6,64.6,64.6,4.771438016528925,4.537785123966942,,,,,2.8222809917355374,0.2428760330578512,,,0.3984396694214877,,,,,11.295272727272726,0.4396363636363636,0.549699173553719,,22.627438016528927,,,,0.4642314049586777,2.1889586776859504,28.1,28.1,28.1,28.1,14.455735537190083,64.8,64.8,64.8,28.327,,6.314776859504132,4.7,4.7,4.7,0.3732297520661157,12.66,12.66,12.66,3.6926888888888887,3.701065217391304,3.699978260869565,3.701065217391304,,,,,42.2,13.539570247933884,13.127603305785124,,0.206598347107438,,2.9575537190082644,33.02499173553719,0.9439294167706764,0.6333223140495868,,0.3689256198347107,1.7093553719008263,,9.143206611570246,21.61904132231405,0.7255537190082645,44.2,44.2,29.458710743801653,4.617719008264462,,0.694809917355372,1.832330578512397,22.6,22.6,,67.0,2.2,2.2,42.0,20.6,20.6,33.67,33.67,,,0.6,5.684766942,0.0,25.6,5.2,2.3,2.8,3.12,2.854,2.9,0.0
1968-08-31,3.72,8.165553719008265,47.9,47.9,47.9,47.9,15.519471074380164,15.58095867768595,,,,,2.490247933884297,0.2385719008264462,,,0.3707702479338842,,,,,9.782677685950413,0.3019041322314049,0.5072727272727271,,0.3012892561983472,,,,0.7562975206611571,1.3342809917355372,13.4,13.4,13.4,13.4,13.68714049586777,55.6,55.6,55.6,35.429,,6.320925619834711,4.599999999999999,4.6,4.6,0.364006611570248,10.05,10.05,10.05,3.5452,3.554891304347826,3.555108695652174,3.554891304347826,,,,,49.0,13.613355371900829,13.404297520661157,,0.1863074380165289,,2.994446280991736,30.90981818181818,-0.3939133103390129,0.7870413223140496,,0.3252694214876033,1.727801652892562,,12.32211570247934,24.63193388429752,0.7378512396694215,53.1,53.1,22.75656198347108,5.238743801652893,,0.6062677685950413,1.826181818181818,6.1,6.1,,40.5,2.3,2.3,37.0,31.5,31.5,26.78,26.78,,,0.6,5.23271405,0.0,15.3,4.8,2.4,2.8,2.88,3.772,3.8,0.0
1968-09-30,3.49,7.521322314049587,31.0,31.0,31.0,31.0,15.435371900826445,15.441322314049588,,,,,1.9993388429752064,0.1547107438016528,,0.2683636363636363,0.2487272727272727,,,,,7.43801652892562,0.0232661157024793,0.4462809917355372,,7.914049586776859,,,,1.689917355371901,1.2317355371900829,5.7,5.7,5.7,5.7,5.807603305785124,44.6,44.6,44.6,27.997,,5.9861157024793386,4.5,4.5,4.5,0.3266776859504132,6.06,6.06,6.06,3.070955555555556,3.0914565217391305,3.091021739130435,3.0914565217391305,,,,,55.9,13.376528925619835,12.924297520661158,,0.1898181818181818,,2.4039669421487604,14.209586776859505,0.8913916230055612,0.7854545454545454,,0.3534545454545454,1.6363636363636365,,9.00297520661157,18.53553719008265,0.6664462809917355,51.1,51.1,25.79504132231405,6.045619834710744,,0.4665123966942148,0.7378512396694215,2.7,2.7,,38.8,2.4,2.4,33.0,25.3,25.3,21.84,21.84,,,0.5,5.281666116,0.0,5.3,4.4,2.5,2.7,2.64,3.088,3.1,0.0
1968-10-31,2.94,8.743537190082643,20.3,20.3,20.3,20.3,10.465190082644629,10.606611570247932,,,0.2,2.545586776859504,2.7915371900826447,0.3234247933884298,0.1,0.4789884297520663,0.5829024793388431,,,,,9.825719008264464,0.6640661157024794,0.4759140495867768,,16.66314049586777,,,,0.7993388429752066,2.342677685950413,6.5,6.5,6.5,6.5,0.4236495867768595,13.5,13.5,13.5,42.623,,5.693752066115702,4.300000000000001,4.3,4.3,0.4396363636363636,5.39,5.39,5.39,2.800266666666667,2.8286521739130435,2.8271304347826085,2.8286521739130435,,,,,56.2,14.12985123966942,13.42889256198347,,0.1998347107438016,,3.818380165289256,22.29540495867769,2.712310840554898,1.524892561983471,,0.3836826446280991,0.9776528925619836,,16.023669421487607,28.80694214876033,0.4839074380165289,64.5,64.5,27.626380165289252,4.316429752066116,,1.2297520661157024,1.6724628099173553,4.4,4.4,,40.8,3.8,3.8,30.0,21.2,21.2,20.49,20.49,,,0.6,5.247689256,0.0,0.8,2.3,1.1,2.4,1.38,1.297,1.3,0.0
1968-11-30,3.94,11.621157024793389,22.3,22.3,22.3,22.3,0.3106115702479338,0.3927272727272727,,,3.8,3.320330578512397,3.9451239669421487,1.4102479338842977,4.0,1.5411570247933883,1.7613223140495868,,,,,19.017520661157025,3.826115702479339,0.6128925619834711,,27.788429752066115,,,,5.474380165289256,6.033719008264463,9.3,9.3,9.3,9.3,0.5468429752066115,9.64,9.64,9.64,25.509,,5.64099173553719,4.3,4.3,4.3,0.5658842975206613,6.11,6.11,6.11,2.934086173502604,2.933419506835938,2.934086173502604,2.933419506835938,,,,,48.6,13.489586776859504,13.06710743801653,,0.2439669421487602,,8.616198347107439,36.64264462809918,5.404647774127176,3.2191735537190085,,0.2749090909090909,1.2257851239669422,,17.29785123966942,9.996694214876031,0.38499173553719,64.7,64.7,26.64595041322314,4.873388429752066,,0.7378512396694215,1.5649586776859503,15.5,15.5,,54.6,5.5,5.5,31.0,27.2,27.2,22.87,22.87,,,0.4,2.228528926,0.0,0.0,0.6,0.1,2.1,0.36,0.685,0.7,0.0
1968-12-31,5.36,29.63087603305785,23.9,23.9,23.9,23.9,0.3031338842975206,0.3953652892561983,,,3.7,9.167801652892562,10.483636363636364,4.347173553719008,5.6,3.59702479338843,3.8921652892561984,,,,,24.084694214876027,5.736793388429752,0.6886611570247934,,28.89917355371901,,,,19.80515702479339,3.609322314049587,3.4,3.4,3.4,3.4,3.6154710743801655,9.58,9.58,9.58,22.818000000000005,,5.503140495867768,4.199999999999998,4.2,4.2,0.7993388429752066,6.11,6.11,6.11,3.318228908962674,3.317562242296007,3.318228908962674,3.317562242296007,,,,,39.3,13.23213223140496,13.441190082644628,,0.235497520661157,,20.77666115702479,75.93719008264463,14.39407318016529,10.79107438016529,,0.9530578512396696,1.2789421487603303,,6.419305785123967,19.380892561983472,0.3726148760330578,66.5,66.5,26.968462809917355,7.458446280991735,,0.9161652892561984,0.0085467768595041,47.6,47.6,,70.5,5.5,5.5,41.5,29.6,29.6,26.95,26.95,,,0.2,2.201256198,0.0,0.0,0.3,0.1,2.4,0.18,0.58,0.6,0.0
1969-01-31,6.59,127.95570247933884,34.9,34.9,34.9,34.9,0.8546776859504133,2.299636363636364,,,4.2,105.3897520661157,115.7811570247934,29.92601652892562,4.9,37.16310743801653,39.89930578512396,,,,,156.42446280991732,10.508231404958678,54.16442975206611,,22.135537190082644,267.2,267.2,,203.0320661157025,17.07510743801653,4.7,4.7,4.7,4.7,1.1805619834710743,41.7,41.7,41.7,30.24,,5.484694214876033,3.5,3.5,3.5,3.824528925619835,6.11,6.11,6.11,3.614757720269097,3.613646609157986,3.614757720269097,3.613646609157986,,,,,51.2,9.333818181818184,14.529520661157024,,0.6118016528925619,,141.17553719008265,545.702479338843,76.22874164783268,54.30585123966942,,46.607603305785126,1.1621157024793387,,16.56476033057851,26.53190082644628,3.14201652892562,67.1,67.1,24.14003305785124,115.65818181818182,,186.4304132231405,0.0,108.1,108.1,,72.4,5.5,5.5,57.0,,,48.55,48.55,,,0.2,1.709375207,0.0,0.0,0.4,0.0,2.4,0.24,0.58,0.6,0.0
1969-02-28,6.85,81.30644628099174,39.0,39.0,39.0,39.0,0.4198611570247933,0.8219504132231404,,,0.0,35.85480991735537,39.09262809917356,9.085884297520664,0.4,12.351471074380171,13.495537190082644,,,,,56.09256198347107,0.0,12.65692561983471,,0.0,115.9,115.9,,319.5609917355372,4.537388429752065,6.0,6.0,6.0,6.0,0.5664793388429752,18.1,18.1,18.1,38.765,,6.76998347107438,3.5,3.5,3.5,2.227041322314049,6.11,6.11,6.11,3.69665009765625,3.697316764322917,3.69665009765625,3.697316764322917,,,,,46.3,10.224396694214878,12.240396694214876,,0.2443636363636363,,65.25619834710744,461.73619834710746,41.95004314738293,42.36932231404959,,39.570247933884296,1.0385454545454549,,16.372363636363634,28.057388429752063,0.3271140495867768,67.2,67.2,20.765355371900828,76.97454545454545,,137.0102479338843,0.0,111.3,111.3,,72.3,5.5,5.5,57.0,,,48.55,48.55,,,0.2,1.360661157,0.0,0.0,0.4,0.0,1.7,0.24,0.53,0.5,0.0
1969-03-31,7.31,42.039074380165296,42.2,42.2,42.2,42.2,0.4494743801652892,0.744,,,0.0,33.92271074380166,33.30168595041322,8.952595041322313,0.0,11.590413223140496,12.309818181818182,,,,,51.52046280991736,0.0,13.834710743801653,,4.550082644628099,140.1,140.1,,87.18942148760331,7.581421487603306,5.0,5.0,5.0,5.0,2.004495867768595,11.0,11.0,11.0,35.306,,6.548429752066116,4.4,4.4,4.4,1.1805619834710743,6.11,6.11,6.11,3.7846192816840274,3.7857303927951382,3.7846192816840274,3.7857303927951382,,,,,39.4,12.0761652892562,14.148297520661156,,0.2607074380165289,,46.87814876033058,196.57586776859503,19.83617692837465,20.739768595041323,,15.513322314049589,1.2051570247933887,,12.045421487603306,26.30439669421488,1.918413223140496,67.1,67.1,19.35629752066116,53.97996694214877,,84.60694214876033,0.0,107.0,107.0,,71.4,5.5,5.5,57.0,,,48.55,48.55,,,0.1,4.043980165,0.0,0.0,0.4,0.0,1.9,0.24,0.58,0.6,0.0
1969-04-30,7.39,57.14776859504132,55.3,55.3,55.3,55.3,1.9993388429752064,3.2191735537190085,,,1.4,59.24231404958677,57.20727272727273,13.132561983471074,2.0,15.970909090909087,15.358016528925624,,,,,118.94876033057852,0.0,40.30809917355372,,25.170247933884298,212.3,212.3,,112.52231404958678,28.91305785123967,16.0,16.0,16.0,16.0,1.7375206611570249,28.4,28.4,28.4,49.115,,7.705785123966942,3.6,3.6,3.6,2.0945454545454547,6.11,6.11,6.11,3.902262217881944,3.904262217881944,3.902262217881944,3.904262217881944,,,,,49.0,8.550743801652892,17.244297520661156,,0.4040330578512396,,55.84462809917356,320.4297520661157,19.62910657713498,18.874710743801653,,5.861157024793388,1.2257851239669422,,25.753388429752068,32.44165289256199,0.9282644628099174,67.0,67.0,26.72925619834711,60.99173553719008,,62.71735537190083,0.0,106.8,106.8,,72.4,5.5,5.5,57.0,,,48.55,48.55,,,0.1,4.199127273,0.0,6.9,1.0,0.3,1.9,0.6,0.812,0.8,0.0
1969-05-31,7.34,56.544,58.9,58.9,58.9,58.9,43.57011570247934,20.481520661157028,,,19.1,87.43537190082645,89.40297520661157,6.443900826446281,20.4,6.825123966942149,7.507636363636363,,,,,218.46545454545452,17.456330578512393,38.33752066115702,,21.82809917355372,357.4,357.4,,158.7609917355372,81.84,41.6,41.6,41.6,41.6,28.63477685950413,71.7,71.7,71.7,51.041,,7.8150743801652895,1.4,1.4,1.4,72.92429752066116,6.11,6.11,6.11,3.9427777777777777,3.942555555555556,3.9427777777777777,3.942555555555556,,,,,68.8,2.7239008264462807,18.6,,35.2815867768595,,160.60561983471075,448.4290909090909,8.427693904958675,3.0682314049586776,,0.4015140495867768,1.303537190082645,,19.337851239669423,33.11722314049587,0.7009586776859504,66.7,66.7,28.579438016528925,44.28337190082645,,20.45692561983471,0.0,105.9,105.9,,71.9,5.5,5.5,54.0,,,47.46,47.46,,,0.2,5.661520661,0.0,24.6,3.3,1.5,2.6,1.98,3.737,3.7,0.0
1969-06-30,6.92,23.24826446280992,70.0,70.0,70.0,70.0,17.04793388429752,11.65090909090909,,,27.9,4.546115702479339,5.1173553719008265,1.1662809917355372,28.1,1.309090909090909,1.4935537190082644,,,,,121.80495867768596,13.4300826446281,2.124297520661157,,2.677685950413223,509.9,509.9,,14.703471074380165,47.53190082644628,46.7,46.7,46.7,46.7,30.05553719008265,73.7,73.7,73.7,49.115,,8.241322314049587,4.000000000000001,4.0,4.0,53.82743801652892,13.84,13.84,13.84,3.920355555555556,3.919911111111111,3.920355555555556,3.919911111111111,,,,,68.8,11.014214876033058,17.595371900826446,,21.58214876033058,,92.70743801652893,122.81652892561983,3.004680785123967,1.5233057851239669,,0.3671404958677686,1.344793388429752,,21.028760330578518,31.067107438016528,0.6545454545454545,66.7,66.7,27.699173553719007,32.00727272727273,,5.456528925619835,0.3951074380165288,105.3,105.3,,67.8,5.5,5.5,51.0,,,43.93,43.93,,,0.4,5.572958678,0.0,23.5,4.0,1.7,2.7,2.4,3.208,3.2,0.0
1969-07-31,5.43,12.850909090909092,69.4,69.4,69.4,69.4,4.593123966942149,4.427107438016529,,,2.8,2.8714710743801657,3.185057851239669,0.4015140495867768,2.5,0.7931900826446281,0.7194049586776858,,,,,31.586181818181824,1.5494876033057852,1.0637355371900827,,5.28793388429752,540.7,540.7,,3.8060826446280993,5.693752066115702,44.0,44.0,44.0,44.0,10.655801652892563,60.1,60.1,60.1,44.572,,6.228694214876033,4.300000000000001,4.3,4.3,0.6210247933884298,13.71,13.71,13.71,3.6926888888888887,3.701065217391304,3.699978260869565,3.701065217391304,,,,,60.6,16.558611570247933,17.597752066115703,,0.3867570247933885,,5.779834710743802,30.934413223140496,1.424631769472093,0.996099173553719,,0.3006743801652892,1.6847603305785124,,17.407140495867772,28.19206611570248,0.6825123966942149,66.6,66.6,28.241256198347106,20.825851239669426,,1.0821818181818184,1.4203636363636365,93.3,93.3,,59.5,5.5,5.5,46.5,,,38.34,38.34,,,0.6,5.733104132,0.0,26.2,5.0,2.3,2.8,3.0,3.371,3.4,0.0
1969-08-31,4.59,10.428297520661156,58.3,58.3,58.3,58.3,11.430545454545454,9.75193388429752,,,1.4,1.9122644628099172,2.0782809917355367,0.1930710743801652,1.2,0.4279537190082643,0.4045884297520659,,,,,14.71398347107438,0.4531636363636364,0.5964297520661156,,8.915702479338844,547.0,547.0,,1.1252231404958677,2.053685950413223,16.6,16.6,16.6,16.6,23.211570247933885,58.6,58.6,58.6,44.60899999999999,,6.505388429752066,4.300000000000001,4.3,4.3,0.4371768595041322,12.82,12.82,12.82,3.5452,3.554891304347826,3.555108695652174,3.554891304347826,,,,,55.7,17.462479338842975,17.683834710743806,,0.1936859504132231,,3.2957355371900827,29.323438016528925,0.2176189166020076,0.8731239669421488,,0.3344925619834711,1.8384793388429752,,16.300363636363638,28.77619834710744,0.6763636363636364,65.3,65.3,28.01990082644628,18.089652892561983,,1.0637355371900827,1.7708429752066115,84.3,84.3,,49.2,5.5,5.5,39.0,,,31.44,31.44,,,0.6,6.013904132,0.0,22.1,5.3,2.5,2.8,3.18,4.293,4.3,0.0
1969-09-30,4.7,9.633719008264462,42.9,42.9,42.9,42.9,16.006611570247934,14.227438016528923,,,0.4,1.8089256198347108,2.0290909090909093,0.1457851239669421,0.2,0.3897520661157024,0.3629752066115702,,,,,10.990413223140497,0.0928264462809917,0.5801652892561984,,4.462809917355372,551.1,551.1,,2.7312396694214875,2.3920661157024794,2.9,2.9,2.9,2.9,10.746446280991735,58.9,58.9,58.9,26.676,,6.295537190082644,4.3,4.3,4.3,0.4379504132231406,12.14,12.14,12.14,3.070955555555556,3.0914565217391305,3.091021739130435,3.0914565217391305,,,,,55.6,16.601652892561983,17.17884297520661,,0.1963636363636363,,3.022809917355372,17.64297520661157,0.6634712221285235,0.5492231404958677,,0.3701157024793388,1.820826446280992,,10.270413223140496,16.54214876033058,0.6783471074380165,59.9,59.9,27.062479338842977,5.504132231404959,,0.9758677685950412,1.0234710743801654,74.5,74.5,,45.1,5.3,5.3,35.5,,,26.44,26.44,,,0.5,5.36602314,0.0,10.5,4.6,2.2,2.7,2.76,3.326,3.3,0.0
1969-10-31,3.51,9.432198347107438,32.5,32.5,32.5,32.5,11.098512396694217,10.471338842975207,,,1.4,1.9122644628099172,,0.338796694214876,1.4,0.4156561983471074,,,,,,13.619504132231404,0.6148760330578512,0.5527735537190083,,1.414214876033058,565.96,565.96,,2.0413884297520664,2.877619834710744,3.9,3.9,3.9,3.9,0.5269487603305785,29.9,29.9,29.9,42.666,,5.066578512396695,4.0,4.0,4.0,0.5484694214876034,10.76,10.76,10.76,2.800266666666667,2.8286521739130435,2.8271304347826085,2.8286521739130435,,,,,53.4,14.486479338842976,14.615603305785124,,0.2102876033057851,,4.679206611570248,21.07180165289256,0.4600261518384221,1.1805619834710743,,0.3203504132231405,0.7009586776859504,,18.80290909090909,25.658776859504133,0.3455603305785124,66.2,66.2,27.921520661157025,11.66419834710744,,1.2174545454545451,1.727801652892562,83.0,83.0,,37.2,5.5,5.5,32.0,,,25.51,25.51,,,0.6,4.233957025,0.0,2.1,0.0,1.2,2.3,0.0,2.327,2.3,0.0
1969-11-30,2.6900000000000004,9.211239669421488,22.2,22.2,22.2,22.2,11.710413223140495,9.96694214876033,,,1.8,1.8505785123966945,,0.5010247933884298,2.1,0.4070082644628098,,,,,,12.72793388429752,0.7021487603305785,0.5486280991735538,,0.6545454545454545,572.73,572.73,,14.292892561983471,1.9814876033057849,5.1,5.1,5.1,5.1,0.5950413223140496,15.6,15.6,15.6,28.217,,4.403305785123967,3.1,3.1,3.1,0.5206611570247934,12.2,12.2,12.2,2.934086173502604,2.933419506835938,2.934086173502604,2.933419506835938,,,,,50.3,13.9299173553719,14.120330578512396,,0.1838677685950412,,5.385123966942149,22.183140495867768,2.659042530780905,1.416198347107438,,0.1261487603305785,1.3983471074380165,,12.0198347107438,19.969586776859504,0.3356033057851239,64.1,64.1,26.443636363636365,6.545454545454546,,6.0218181818181815,1.642314049586777,86.4,86.4,,37.8,5.5,5.5,31.0,,,26.29,26.29,,,0.4,2.921672727,0.0,0.0,0.5,0.0,1.8,0.3,0.57,0.6,0.0
1969-12-31,5.4,47.36390082644628,30.1,30.1,30.1,30.1,1.36502479338843,2.47795041322314,,,8.6,24.859438016528927,,10.034776859504133,8.0,13.31821487603306,,,,,,76.67504132231404,14.824661157024794,15.79001652892562,,0.0,742.18,742.18,,7.458446280991735,17.597752066115703,7.2,7.2,7.2,7.2,1.869223140495868,36.4,36.4,36.4,32.88999999999999,,4.814479338842975,3.4,3.4,3.4,1.574082644628099,13.84,13.84,13.84,3.318228908962674,3.317562242296007,3.318228908962674,3.317562242296007,,,,,56.3,12.881652892561984,16.31266115702479,,0.3996694214876033,,36.1116694214876,67.45190082644628,19.516280929903854,13.80396694214876,,1.752396694214876,1.451107438016529,,14.836958677685953,24.98856198347108,0.8669752066115702,66.7,66.7,27.509553719008263,29.231206611570247,,45.72218181818182,0.3873719008264463,105.9,105.9,,70.0,5.5,5.5,46.0,,,32.05,32.05,,,0.2,3.016859504,0.0,0.0,0.5,0.0,1.9,0.3,0.58,0.6,0.0
1970-01-31,6.83,166.69289256198348,55.0,55.0,55.0,55.0,4.986644628099173,6.966545454545455,,,17.9,113.99801652892562,,33.65831404958678,29.3,31.137322314049587,,,,,,247.85652892561984,13.668694214876034,82.02446280991738,,15.187438016528926,889.61,889.61,,552.7735537190083,44.28952066115702,30.2,30.2,30.2,30.2,1.6663140495867768,62.9,62.9,62.9,45.968,,5.712198347107439,4.5,4.5,4.5,35.865719008264456,13.84,13.84,13.84,3.614757720269097,3.613646609157986,3.614757720269097,3.613646609157986,,,,,64.8,7.052628099173554,16.275768595041324,,26.937719008264462,,182.2492561983471,906.9421487603306,60.96111220090515,45.80826446280992,,47.345454545454544,0.5988892561983471,,26.70406611570248,31.801388429752077,5.171107438016528,67.1,67.1,24.822545454545452,130.84561983471073,,216.74380165289256,0.0,107.4,107.4,,72.0,5.5,5.5,57.0,,,48.55,48.55,,,0.2,3.074380165,0.0,0.0,0.5,0.0,1.7,0.3,0.58,0.6,0.0
1970-02-28,6.64,47.23993388429752,54.5,54.5,54.5,54.5,6.236826446280992,6.83107438016529,,,22.4,5.287140495867768,,5.981355371900826,29.1,0.9385785123966942,,,,,,67.14446280991736,6.958809917355372,8.469421487603306,,96.85685950413225,881.99,881.99,,65.97818181818182,8.136198347107438,31.7,31.7,31.7,31.7,2.104859504132232,40.0,40.0,40.0,44.76899999999999,,7.364231404958677,3.4,3.4,3.4,2.582479338842975,13.84,13.84,13.84,3.69665009765625,3.697316764322917,3.69665009765625,3.697316764322917,,,,,63.3,10.857520661157023,14.539636363636363,,3.143404958677686,,37.97077685950413,223.7593388429752,16.49129338842976,17.088793388429753,,16.189090909090908,1.0607603305785125,,22.786909090909088,29.09593388429752,0.3354446280991736,66.9,66.9,24.31418181818182,49.32813223140496,,69.47702479338842,0.0,106.4,106.4,,71.3,5.5,5.5,57.0,,,48.55,48.55,,,0.2,2.776859504,0.0,0.0,0.5,0.0,1.5,0.3,0.53,0.5,0.0
1970-03-31,7.51,50.02631404958678,57.3,57.3,57.3,57.3,3.652363636363636,3.910611570247934,,,24.2,2.182809917355372,,6.431603305785124,31.4,0.8792727272727273,,,,,,62.778842975206615,3.26499173553719,14.30201652892562,,139.76132231404958,885.3,885.3,,28.94836363636364,11.977785123966942,33.7,33.7,33.7,33.7,2.4287603305785126,21.3,21.3,21.3,47.80700000000001,,8.239338842975206,4.1,4.1,4.1,1.6109752066115703,13.84,13.84,13.84,3.7846192816840274,3.7857303927951382,3.7846192816840274,3.7857303927951382,,,,,60.4,13.619504132231404,16.835305785123968,,0.2330380165289255,,32.65606611570248,219.3877685950413,19.170862327823688,19.737520661157024,,18.19418181818181,1.2912396694214876,,25.037752066115704,30.971305785123967,0.7009586776859504,66.7,66.7,13.275173553719007,62.96330578512397,,76.67504132231404,0.0,106.1,106.1,,70.8,5.5,5.5,57.0,,,48.55,48.55,,,0.1,4.728198347,0.0,0.1,0.6,0.0,1.9,0.36,0.58,0.6,0.0
1970-04-30,6.81,22.7900826446281,65.0,65.0,65.0,65.0,0.4629421487603306,1.1127272727272728,,,12.3,2.0171900826446283,,1.7494214876033058,13.8,0.7795041322314049,,,,,,45.086280991735535,7.170247933884298,0.8330578512396695,,34.69090909090909,935.47,935.47,,0.1838677685950412,15.60198347107438,39.2,39.2,39.2,39.2,2.558677685950413,15.3,15.3,15.3,43.057,,3.171570247933884,2.2999999999999994,2.3,2.3,0.6307438016528926,13.84,13.84,13.84,3.902262217881944,3.904262217881944,3.902262217881944,3.904262217881944,,,,,54.0,14.63206611570248,17.303801652892563,,0.2350413223140496,,13.92396694214876,58.3795041322314,5.526727444903587,3.695206611570248,,1.3031404958677686,1.2614876033057851,,20.79074380165289,20.439669421487604,1.9814876033057849,66.8,66.8,26.187768595041323,24.075371900826447,,13.465785123966942,0.0218380165289256,103.3,103.3,,71.3,5.5,5.5,56.0,,,47.32,47.32,,,0.1,4.83431405,0.0,14.2,2.5,0.8,1.7,1.5,2.012,2.0,0.0
1970-05-31,6.81,19.325553719008266,70.6,70.6,70.6,70.6,16.349553719008263,9.75193388429752,,,22.0,1.9983471074380168,,1.149818181818182,22.7,0.7624462809917355,,,,,,78.21223140495866,8.792727272727273,0.6111867768595042,,135.02677685950414,928.06,928.06,,0.2533289256198347,44.25262809917356,46.7,46.7,46.7,46.7,17.849851239669423,57.0,57.0,57.0,43.85300000000001,,7.206347107438017,5.6,5.6,5.6,0.4310280991735537,13.84,13.84,13.84,3.9427777777777777,3.942555555555556,3.9427777777777777,3.942555555555556,,,,,67.6,14.72013223140496,18.169586776859504,,0.1949157024793388,,10.594314049586778,155.19471074380166,3.1465931473829203,1.3773223140495867,,0.5300231404958676,1.451107438016529,,19.98347107438017,26.11993388429752,0.6763636363636364,66.7,66.7,28.06909090909091,22.0617520661157,,1.8446280991735535,1.6048264462809918,105.3,105.3,,63.1,5.5,5.5,53.0,,,45.87,45.87,,,0.2,5.809309091,0.0,18.0,4.0,1.9,2.7,2.4,3.758,3.8,0.0
1970-06-30,3.85,14.078677685950414,69.6,69.6,69.6,69.6,8.532892561983472,6.860826446280992,,,8.9,1.963636363636364,,0.5028099173553718,8.9,0.6545454545454545,,,,,,43.342809917355375,2.665785123966942,0.5831404958677686,,71.10743801652893,923.95,923.95,,0.1142479338842975,15.625785123966946,46.6,46.6,46.6,46.6,14.703471074380165,70.6,70.6,70.6,31.847,,7.31900826446281,6.1,6.1,6.1,0.4897190082644628,12.96,12.96,12.96,3.920355555555556,3.919911111111111,3.920355555555556,3.919911111111111,,,,,65.6,16.7801652892562,17.351404958677687,,0.4230743801652893,,6.789421487603306,74.91570247933885,1.6538182685950429,0.9758677685950412,,0.4558016528925621,1.5590082644628098,,17.833388429752066,14.215537190082644,0.6366942148760331,62.3,62.3,27.03272727272727,11.728264462809918,,0.827107438016529,0.9223140495867768,93.9,93.9,,64.0,5.5,5.5,50.0,,,42.66,42.66,,,0.4,5.577957025,0.0,19.7,4.9,2.1,2.7,2.94,3.135,3.1,0.0
1970-07-31,5.98,9.247735537190083,69.2,69.2,69.2,69.2,0.8116363636363636,0.8300826446280992,,,1.1,1.955305785123967,,0.2447206611570247,0.8,0.6062677685950413,,,,,,15.267371900826449,0.512806611570248,0.5300231404958676,,61.48760330578512,885.8,885.8,,0.3154314049586776,1.7831404958677686,37.4,37.4,37.4,37.4,9.567471074380164,69.1,69.1,69.1,22.013,,7.913454545454544,6.2,6.2,6.2,0.5650710743801652,5.77,5.77,5.77,3.6926888888888887,3.701065217391304,3.699978260869565,3.701065217391304,,,,,59.6,17.65923966942149,17.259570247933883,,0.1918413223140495,,3.855272727272727,63.6396694214876,1.1257633402934757,0.5945851239669422,,0.3756892561983471,1.869223140495868,,0.0,22.93487603305785,0.6886611570247934,53.9,53.9,28.081388429752067,4.765289256198347,,0.6271735537190082,1.488,70.8,70.8,,67.3,4.4,4.4,43.5,,,38.68,38.68,,,0.6,5.70892562,0.0,21.3,5.5,2.2,2.7,3.3,3.276,3.3,0.0
1970-08-31,3.48,7.98109090909091,63.9,63.9,63.9,63.9,4.211900826446281,4.519338842975206,,,0.5,1.8507768595041325,,0.1340429752066116,0.1,0.4992793388429751,,,,,,9.647404958677686,0.0774743801652892,0.7747438016528926,,105.32826446280993,796.27,796.27,,0.2391867768595041,1.3527272727272728,22.2,22.2,22.2,22.2,17.062809917355374,59.7,59.7,59.7,38.27,,7.870413223140495,6.2,6.2,6.2,0.3836826446280991,0.1,0.1,0.1,3.5452,3.554891304347826,3.555108695652174,3.554891304347826,,,,,51.0,17.40099173553719,16.847603305785125,,0.182003305785124,,2.8653223140495867,106.98842975206612,0.2561261145387074,0.384297520661157,,0.3744595041322313,2.010644628099174,,5.2571900826446285,34.34082644628099,0.6763636363636364,61.1,61.1,28.099834710743803,4.888264462809917,,0.7132561983471074,1.813884297520661,48.5,48.5,,66.3,2.7,2.7,36.0,,,33.8,33.8,,,0.6,5.833586777,0.0,20.5,5.5,2.4,3.0,3.3,4.121,4.1,0.0
1970-09-30,3.61,7.878347107438016,50.3,50.3,50.3,50.3,11.793719008264462,12.97785123966942,,,0.1,1.7910743801652893,,0.1166280991735537,0.0,0.264793388429752,,,,,,7.955702479338842,0.0337388429752066,0.432595041322314,,118.53223140495868,690.54,690.54,,0.1731570247933884,1.969586776859504,9.9,9.9,9.9,9.9,11.436694214876033,61.8,61.8,61.8,19.16,,7.592727272727273,6.1,6.1,6.1,0.4635371900826445,0.0,0.0,0.0,3.070955555555556,3.0914565217391305,3.091021739130435,3.0914565217391305,,,,,47.5,16.827768595041324,15.95900826446281,,0.1933884297520661,,2.8978512396694214,122.3404958677686,0.5739583981700117,0.4022479338842975,,0.4171239669421487,1.8446280991735535,,4.700826446280992,17.583471074380164,0.672396694214876,51.0,51.0,27.09223140495868,4.700826446280992,,0.5813553719008264,1.0115702479338844,39.1,39.1,,59.3,1.8,1.8,31.0,,,30.13,30.13,,,0.5,5.641745455,0.0,10.0,5.1,2.3,2.8,3.06,3.046,3.0,0.0
1970-10-31,3.51,7.661355371900826,34.7,34.7,34.7,34.7,15.54406611570248,15.070611570247934,,,1.0,1.1928595041322312,,0.235497520661157,0.9,0.322195041322314,,,,,,9.395305785123968,0.4863669421487603,0.3597024793388429,,124.94280991735538,580.916,580.916,,0.1598677685950413,1.801586776859504,3.3,3.3,3.3,3.3,6.751338842975207,27.9,27.9,27.9,44.566,,5.749090909090909,4.9,4.9,4.9,0.3707702479338842,0.0,0.0,0.0,2.800266666666667,2.8286521739130435,2.8271304347826085,2.8286521739130435,,,,,55.6,8.491438016528926,8.755834710743802,,0.1789289256198347,,3.26499173553719,145.8485950413223,1.334851963805027,0.5718347107438018,,0.2877619834710743,0.9776528925619836,,12.875504132231406,33.6521652892562,0.3683107438016528,65.1,65.1,28.35193388429752,4.998942148760331,,0.9407603305785124,1.6232727272727272,36.7,36.7,,50.8,3.6,3.6,26.5,,,27.99,27.99,,,0.6,4.61861157,0.0,2.8,3.4,1.5,2.6,2.04,3.346,3.3,0.0
1970-11-30,2.6900000000000004,22.07603305785124,30.8,30.8,30.8,30.8,8.04495867768595,8.616198347107439,,,11.9,2.314710743801653,,3.367933884297521,12.9,3.1953719008264447,,,,,,37.523305785123966,10.121652892561984,1.3447933884297518,,140.01322314049588,519.293,519.293,,0.2029090909090909,8.699504132231406,5.2,5.2,5.2,5.2,0.4671074380165289,25.1,25.1,25.1,36.38100000000001,,4.510413223140496,3.5,3.5,3.5,0.8033057851239669,0.0,0.0,0.0,2.934086173502604,2.933419506835938,2.934086173502604,2.933419506835938,,,,,56.0,16.833719008264463,17.40495867768595,,0.2528925619834711,,19.279338842975207,190.53223140495868,7.991469728335304,4.641322314049587,,0.6902479338842975,1.2674380165289256,,13.334876033057853,27.03867768595041,0.3397685950413224,67.3,67.3,26.390082644628094,24.176528925619834,,2.171900826446281,0.8330578512396695,83.0,83.0,,53.0,5.5,5.5,28.0,,,31.28,31.28,,,0.4,1.907980165,0.0,0.0,0.8,0.0,1.7,0.48,0.786,0.8,0.0
1970-12-31,5.4,40.932297520661166,34.0,34.0,34.0,34.0,0.4304132231404958,0.8915702479338843,,,18.1,6.886611570247934,,9.155504132231403,19.3,10.372958677685949,,,,,,49.33150413223143,11.541223140495866,1.3711735537190082,,141.97487603305785,510.0,510.0,,0.3898314049586777,5.466247933884298,4.2,4.2,4.2,4.2,2.6808595041322314,9.4,9.4,9.4,42.094,,6.536132231404959,4.5,4.5,4.5,0.7993388429752066,0.0,0.0,0.0,3.318228908962674,3.317562242296007,3.318228908962674,3.317562242296007,,,,,48.0,14.54181818181818,16.152793388429753,,0.1438809917355371,,39.86856198347108,254.00528925619835,29.3769884649182,17.14274380165289,,4.734545454545454,1.131371900826446,,18.16343801652892,27.86618181818182,0.3363371900826446,66.6,66.6,27.085289256198347,54.275107438016526,,119.10148760330578,0.0,106.8,106.8,,49.8,5.5,5.5,57.0,,,44.27,44.27,,,0.2,1.369785124,0.0,0.0,1.0,0.0,1.8,0.6,0.58,0.6,0.0
1971-01-31,6.83,36.03173553719008,37.9,37.9,37.9,37.9,0.4433256198347106,0.8177851239669421,,,19.1,11.172297520661155,,9.622809917355372,24.1,7.175603305785124,,,,,,55.27120661157025,12.328264462809916,0.8116363636363636,,173.14909090909092,466.953,466.953,,0.3148165289256198,7.907305785123967,9.4,9.4,9.4,9.4,0.7747438016528926,7.4,7.4,7.4,31.998,,6.007338842975207,2.5,2.5,2.5,0.6886611570247934,0.0,0.0,0.0,3.614757720269097,3.613646609157986,3.614757720269097,3.613646609157986,,,,,40.8,13.908495867768597,16.380297520661156,,0.1420363636363636,,36.10552066115703,234.20628099173555,15.454944387052334,10.299173553719008,,17.474776859504132,1.5310413223140495,,11.867107438016529,21.643636363636364,0.3424859504132231,66.8,66.8,26.999206611570248,34.64826446280992,,61.79504132231405,0.0,106.6,106.6,,70.1,5.5,5.5,57.0,,,48.26,48.26,,,0.2,1.382677686,0.0,0.0,1.0,0.0,1.9,0.6,0.59,0.6,0.0
1971-02-28,6.64,25.097256198347107,41.4,41.4,41.4,41.4,0.4326347107438016,0.7997355371900826,,,18.0,4.043107438016529,,7.314247933884298,26.9,0.3221157024793389,,,,,,46.59570247933884,12.529190082644629,0.9663471074380166,,132.62280991735537,442.465,442.465,,0.1166280991735537,7.014347107438017,8.8,8.8,8.8,8.8,3.3933223140495867,5.15,5.15,5.15,33.106,,2.4158677685950414,2.2999999999999994,2.3,2.3,0.5664793388429752,0.0,0.0,0.0,3.69665009765625,3.697316764322917,3.69665009765625,3.697316764322917,,,,,33.4,13.301157024793389,15.533752066115705,,0.1294016528925619,,21.91497520661157,182.9395041322314,8.826549586776862,7.24204958677686,,3.443305785123967,1.0829752066115703,,14.22307438016529,22.442578512396693,0.304899173553719,66.1,66.1,25.02505785123967,24.18089256198347,,36.08806611570248,0.0,105.3,105.3,,61.3,5.5,5.5,57.0,,,48.55,48.55,,,0.2,1.583166942,0.0,0.0,1.0,0.0,1.9,0.6,0.49,0.5,0.0
1971-03-31,7.51,56.78380165289256,46.0,46.0,46.0,46.0,0.4574677685950414,1.1129256198347108,,,25.6,14.154446280991737,,14.006876033057852,31.9,11.418247933884295,,,,,,76.73652892561984,15.96218181818182,16.497123966942148,,15.949884297520658,641.868,641.868,,0.4832925619834711,8.313123966942147,7.1,7.1,7.1,7.1,4.574677685950414,13.0,13.0,13.0,35.952000000000005,,2.9821487603305785,1.8,1.8,1.8,0.7194049586776858,0.89,0.89,0.89,3.7846192816840274,3.7857303927951382,3.7846192816840274,3.7857303927951382,,,,,27.3,14.234380165289256,18.415537190082645,,0.247795041322314,,43.11510743801654,110.3702479338843,23.054526756198356,21.133289256198346,,19.37474380165289,1.0944793388429752,,15.550214876033058,25.6403305785124,1.1621157024793387,66.9,66.9,13.68099173553719,55.78770247933884,,89.09553719008264,0.0,107.2,107.2,,63.5,5.5,5.5,56.0,,,48.55,48.55,,,0.1,1.88265124,0.0,0.9,1.1,0.0,1.6,0.66,0.59,0.6,0.0
1971-04-30,6.81,42.65851239669421,55.8,55.8,55.8,55.8,0.7497520661157024,1.8029752066115703,,,31.8,2.7074380165289256,,7.8307438016528925,41.0,0.7378512396694215,,,,,,83.66280991735539,29.31173553719008,6.039669421487603,,77.41487603305785,757.464,757.464,,0.5652892561983471,18.60099173553719,10.3,10.3,10.3,10.3,5.129256198347107,16.9,16.9,16.9,49.121,,5.319669421487603,0.7,0.7,0.7,0.743801652892562,6.13,6.13,6.13,3.902262217881944,3.904262217881944,3.902262217881944,3.904262217881944,,,,,27.7,11.008264462809915,17.631074380165288,,0.1511404958677686,,31.697851239669426,121.26942148760332,10.235289772727278,6.872727272727273,,4.105785123966943,0.9758677685950412,,24.771570247933884,31.453884297520663,0.7854545454545454,66.8,66.8,26.75900826446281,45.0505785123967,,46.30611570247934,0.0,106.4,106.4,,62.0,5.5,5.5,54.0,,,48.33,48.33,,,0.1,4.044099174,0.0,8.9,1.5,0.3,1.6,0.9,1.808,1.8,0.0
1971-05-31,6.81,36.76343801652892,69.9,69.9,69.9,69.9,17.61619834710744,15.199735537190085,,,43.1,4.70995041322314,,5.208,48.8,0.8177851239669421,,,,,,140.19173553719008,16.607801652892565,26.064595041322317,,97.70380165289257,928.619,928.619,,0.4027438016528926,52.35669421487604,32.3,32.3,32.3,32.3,4.845223140495868,60.1,60.1,60.1,50.567000000000014,,7.593719008264463,2.9,2.9,2.9,2.287338842975207,9.95,9.95,9.95,3.9427777777777777,3.942555555555556,3.9427777777777777,3.942555555555556,,,,,60.4,6.333223140495868,18.624595041322312,,0.1223603305785123,,31.026644628099174,136.68694214876032,5.052847830578517,1.6847603305785124,,0.6579173553719008,1.1805619834710743,,23.85104132231405,31.721454545454545,0.6702148760330578,66.8,66.8,28.33963636363636,36.24079338842975,,20.481520661157028,0.0,105.9,105.9,,64.9,5.5,5.5,51.5,,,47.53,47.53,,,0.2,5.186082645,0.0,21.1,2.8,1.9,2.3,1.68,4.602,4.6,0.0
1971-06-30,3.85,22.361652892561985,69.9,69.9,69.9,69.9,31.989421487603305,8.693553719008264,,,47.4,10.294214876033058,,1.2614876033057851,48.2,0.7616528925619834,,,,,,135.31239669421484,14.685619834710744,8.086611570247934,,191.78181818181815,959.865,959.865,,1.8386776859504133,54.21421487603306,46.3,46.3,46.3,46.3,29.817520661157022,74.8,74.8,74.8,49.144,,8.556694214876034,3.6,3.6,3.6,47.52595041322314,13.84,13.84,13.84,3.920355555555556,3.919911111111111,3.920355555555556,3.919911111111111,,,,,68.8,10.704793388429753,18.14280991735537,,13.180165289256198,,71.46446280991735,270.62479338842974,2.233747761707987,0.5557685950413223,,0.4040330578512396,1.5947107438016528,,24.21818181818182,29.75801652892562,0.6545454545454545,66.8,66.8,27.54446280991736,32.29289256198348,,9.145785123966942,1.8624793388429752,105.7,105.7,,70.1,5.5,5.5,47.0,,,44.26,44.26,,,0.4,5.545190083,0.0,23.3,4.0,2.2,2.5,2.4,5.039,5.0,0.0
1971-07-31,5.98,13.588760330578513,69.6,69.6,69.6,69.6,5.546181818181818,5.349421487603306,,,9.6,2.1705123966942144,,0.396595041322314,9.6,0.5146512396694214,,,,,,47.92958677685952,3.215801652892562,1.03299173553719,,167.3692561983471,862.033,862.033,,0.4248793388429752,8.694347107438016,36.4,36.4,36.4,36.4,22.799603305785123,71.9,71.9,71.9,44.30800000000001,,7.163305785123967,4.8,4.8,4.8,3.049785123966942,13.84,13.84,13.84,3.6926888888888887,3.701065217391304,3.699978260869565,3.701065217391304,,,,,62.0,17.013619834710745,17.948231404958676,,0.8546776859504133,,10.975537190082644,181.0809917355372,0.5669721654916531,0.4802181818181817,,0.5478545454545454,1.918413223140496,,19.30710743801653,26.894677685950413,0.694809917355372,66.5,66.5,28.917619834710745,21.434578512396698,,1.690909090909091,2.004495867768595,94.2,94.2,,69.0,5.5,5.5,41.0,,,39.81,39.81,,,0.6,5.806016529,0.0,27.5,4.0,2.3,2.8,2.4,6.169,6.2,0.0
1971-08-31,3.48,10.754181818181818,69.1,69.1,69.1,69.1,0.6148760330578512,0.6579173553719008,,,1.7,1.9491570247933885,,0.2656264462809918,1.6,0.3769190082644628,,,,,,18.224925619834707,0.2773090909090909,0.8915702479338843,,162.8806611570248,724.465,724.465,,0.3529388429752065,1.248198347107438,11.5,11.5,11.5,11.5,23.199272727272728,62.2,62.2,62.2,45.335,,7.163305785123967,5.5,5.5,5.5,0.5804429752066116,13.61,13.61,13.61,3.5452,3.554891304347826,3.555108695652174,3.554891304347826,,,,,45.2,18.901289256198343,17.665388429752067,,0.1014545454545454,,3.959801652892563,175.2396694214876,0.2304418027548229,0.4728396694214877,,0.4451702479338843,2.0413884297520664,,19.565355371900825,25.296,0.6640661157024794,66.6,66.6,28.88687603305785,17.68998347107438,,1.346578512396694,2.059834710743801,81.4,81.4,,65.3,5.5,5.5,38.0,,,35.0,35.0,,,0.6,5.861930579,0.0,24.6,4.6,2.2,3.0,2.76,6.489,6.5,0.0
1971-09-30,3.61,8.782809917355372,54.5,54.5,54.5,54.5,11.168925619834711,14.453553719008264,,,0.7,1.9279338842975209,,0.1832727272727273,0.5,0.3724958677685949,,,,,,12.10909090909091,0.085090909090909,0.7259504132231405,,135.13388429752067,605.507,605.507,,0.2969256198347107,1.4459504132231404,2.1,2.1,2.1,2.1,8.413884297520662,55.1,55.1,55.1,28.651000000000007,,6.896528925619835,5.400000000000001,5.4,5.4,0.3570247933884297,13.22,13.22,13.22,3.070955555555556,3.0914565217391305,3.091021739130435,3.0914565217391305,,,,,42.2,17.940495867768593,17.446611570247935,,0.1219834710743801,,3.6178512396694216,144.11900826446282,-0.0447724789509193,0.4855537190082645,,0.4010578512396694,1.9338842975206607,,13.055206611570249,15.524628099173553,0.660495867768595,55.0,55.0,27.96694214876033,12.93619834710744,,2.195702479338843,1.207933884297521,80.6,80.6,,66.9,5.5,5.5,32.0,,,31.11,31.11,,,0.5,5.609752066,0.0,9.7,3.9,2.3,2.7,2.34,3.982,4.0,0.0
1971-10-31,2.33,7.655206611570247,38.9,38.9,38.9,38.9,15.304264462809916,15.384198347107436,,,0.8,2.035239669421488,,0.235497520661157,0.3,0.7870413223140496,,,,,,11.94704132231405,0.1008396694214875,0.6019636363636363,,92.23140495867769,528.268,528.268,,0.3535537190082645,3.922909090909091,5.5,5.5,5.5,5.5,0.6271735537190082,26.7,26.7,26.7,31.955,,6.154909090909091,5.2,5.2,5.2,1.1559669421487604,13.05,13.05,13.05,2.800266666666667,2.8286521739130435,2.8271304347826085,2.8286521739130435,,,,,54.0,5.226446280991736,6.062677685950413,,0.2102876033057851,,4.328727272727273,104.46743801652892,0.4562824432703657,0.3424859504132231,,0.5226446280991736,1.32198347107438,,13.238280991735538,19.06730578512397,0.388601652892562,55.2,55.2,28.548694214876036,4.70995041322314,,3.59702479338843,1.3957685950413223,78.8,78.8,,68.0,5.1,5.1,37.0,,,30.62,30.62,,,0.6,4.48147438,0.0,1.5,2.6,1.5,2.1,1.56,3.613,3.6,0.0
1971-11-30,2.8,8.693553719008264,24.2,24.2,24.2,24.2,15.304462809917355,15.72099173553719,,,1.9,2.0826446280991737,,0.6009917355371899,2.0,0.7021487603305785,,,,,,14.721322314049589,1.2793388429752066,0.5599338842975208,,84.91239669421488,465.597,465.597,,0.3635702479338843,1.689917355371901,6.7,6.7,6.7,6.7,0.7557024793388429,22.7,22.7,22.7,20.612,,4.058181818181819,3.4,3.4,3.4,0.4593719008264463,13.38,13.38,13.38,2.934086173502604,2.933419506835938,2.934086173502604,2.933419506835938,,,,,54.5,17.184793388429753,16.42909090909091,,0.1273388429752066,,6.045619834710744,113.71239669421487,1.3595389071259885,0.5063801652892562,,0.3611900826446282,1.0175206611570249,,8.675702479338844,15.346115702479336,0.3832066115702479,50.7,50.7,26.80661157024793,1.5887603305785123,,5.147107438016529,1.1960330578512397,79.9,79.9,,51.5,1.5,1.5,37.5,,,31.77,31.77,,,0.4,2.028396694,0.0,0.0,0.7,0.0,1.6,0.42,1.45,1.4,0.0
1971-12-31,3.47,14.117553719008264,24.4,24.4,24.4,24.4,0.3105123966942149,0.3849123966942149,,,6.2,2.1151735537190084,,2.0967272727272723,8.0,0.9530578512396696,,,,,,19.989619834710748,3.3879669421487604,0.558307438016529,,115.3507438016529,389.707,389.707,,0.388601652892562,1.6294214876033055,6.9,6.9,6.9,6.9,0.8546776859504133,16.2,16.2,16.2,23.47600000000001,,4.685355371900826,2.2,2.2,2.2,0.5195702479338842,13.48,13.48,13.48,3.318228908962674,3.317562242296007,3.318228908962674,3.317562242296007,,,,,41.9,15.863801652892562,15.925289256198347,,0.1082181818181818,,15.267371900826449,154.88727272727272,10.695742035644017,7.353917355371901,,1.0206942148760332,1.6355702479338845,,8.47914049586777,17.831404958677687,0.3978247933884298,56.0,56.0,26.513454545454547,1.6970578512396697,,5.810578512396694,0.0,95.7,95.7,,55.7,5.5,5.5,42.0,,,34.52,34.52,,,0.2,1.447656198,0.0,0.0,0.8,0.0,1.3,0.48,0.79,0.8,0.0
1972-01-31,4.26,16.835305785123968,25.79,25.79,25.79,25.79,0.3375669421487603,0.4027438016528926,,,11.1,3.8491239669421486,,5.706049586776859,16.4,1.869223140495868,,,,,,26.82089256198347,6.11801652892562,2.736198347107438,,99.67140495867768,357.739,357.739,,0.3738446280991734,2.084429752066116,8.1,8.1,8.1,8.1,0.8608264462809917,7.71,7.71,7.71,27.645,,4.531636363636364,3.0,3.0,3.0,0.545395041322314,13.51,13.51,13.51,3.614757720269097,3.613646609157986,3.614757720269097,3.613646609157986,,,,,30.4,15.236628099173554,15.21203305785124,,0.2853024793388429,,16.82915702479339,140.25322314049586,6.393245636251193,3.0682314049586776,,0.5613818181818183,1.5802314049586776,,9.530578512396694,21.698975206611568,0.396595041322314,66.2,66.2,26.747107438016528,2.496396694214876,,3.2465454545454544,0.0,104.4,104.4,,55.3,4.6,4.6,43.0,,,38.04,38.04,,,0.2,1.429586777,0.0,0.0,0.7,0.0,1.6,0.42,0.79,0.8,0.0
1972-02-29,5.05,24.296727272727267,25.8,25.8,25.8,25.8,0.3514512396694214,0.4728198347107439,,,16.8,3.4454876033057844,,8.093157024793388,25.5,1.553057851239669,,,,,,33.666842975206606,10.917421487603308,0.782280991735537,,43.1577520661157,411.916,411.916,,0.4233520661157025,3.1463801652892567,9.1,9.1,9.1,9.1,1.1274049586776862,7.26,7.26,7.26,19.384,,3.416727272727272,3.4,3.4,3.4,0.4532628099173554,13.84,13.84,13.84,3.69665009765625,3.697316764322917,3.69665009765625,3.697316764322917,,,,,22.2,11.400595041322312,12.12535537190083,,0.2778247933884297,,27.149752066115703,82.8297520661157,11.934272464299772,7.006016528925619,,0.8340495867768595,1.1676694214876036,,7.655999999999999,17.53229752066116,0.3669818181818182,67.0,67.0,24.377256198347112,15.398280991735534,,31.44079338842976,0.0,106.8,106.8,,56.4,5.5,5.5,49.5,,,43.46,43.46,,,0.2,1.333884298,0.0,0.0,0.7,0.0,1.5,0.42,0.49,0.5,0.0
1972-03-31,6.84,33.86737190082644,37.3,37.3,37.3,37.3,0.7624462809917355,1.955305785123967,,,40.3,3.6769586776859504,,9.899504132231405,52.1,0.7993388429752063,,,,,,92.04694214876032,36.05018181818181,2.121322314049587,,3.240396694214876,614.814,614.814,,0.4082776859504132,23.68502479338843,14.7,14.7,14.7,14.7,3.922909090909091,30.4,30.4,30.4,42.654,,3.2465454545454544,2.4,2.4,2.4,0.4550082644628099,13.84,13.84,13.84,3.7846192816840274,3.7857303927951382,3.7846192816840274,3.7857303927951382,,,,,29.6,8.71279338842975,16.57090909090909,,0.3117421487603306,,33.86122314049587,41.965289256198346,8.422162534435259,3.492495867768595,,0.2705454545454546,0.9899504132231408,,21.42842975206612,26.021553719008264,0.6394710743801653,66.7,66.7,18.618446280991737,44.38790082644629,,50.4198347107438,0.6763636363636364,105.7,105.7,,60.7,5.5,5.5,52.0,,,48.48,48.48,,,0.1,1.685573554,0.0,3.5,0.5,0.0,1.0,0.3,0.59,0.6,0.0
1972-04-30,6.64,32.08462809917356,38.6,38.6,38.6,38.6,0.696198347107438,1.725619834710744,,,28.3,2.921652892561984,,6.890578512396695,36.4,0.6842975206611572,,,,,,76.16528925619835,21.47504132231405,1.6066115702479338,,8.098512396694215,760.949,760.949,,0.4504462809917356,20.207603305785124,21.4,21.4,21.4,21.4,1.487603305785124,41.0,41.0,41.0,41.766000000000005,,0.8092561983471075,0.3,0.3,0.3,0.9223140495867768,13.84,13.84,13.84,3.902262217881944,3.904262217881944,3.902262217881944,3.904262217881944,,,,,32.2,10.359669421487604,17.190743801652893,,0.2511074380165289,,25.491570247933883,41.42082644628099,8.371134263085404,4.1533884297520665,,0.2677685950413223,0.9223140495867768,,6.610909090909091,30.34115702479339,5.700495867768595,66.7,66.7,27.50280991735537,31.60264462809917,,22.07603305785124,1.6244628099173557,105.5,105.5,,60.2,5.5,5.5,49.0,,,48.4,48.4,,,0.1,3.452469421,0.0,14.4,2.2,1.0,1.4,1.32,1.824,1.8,0.0
1972-05-31,6.73,20.34009917355372,70.4,70.4,70.4,70.4,1.389619834710744,2.760793388429752,,,22.1,3.215801652892562,,2.3611239669421487,24.3,0.7562975206611571,,,,,,98.07272727272728,14.609454545454543,0.7993388429752063,,44.44938842975207,862.434,862.434,,0.4654611570247934,44.00667768595042,46.7,46.7,46.7,46.7,7.292429752066115,68.6,68.6,68.6,45.015,,6.0380826446281,5.4,5.4,5.4,0.488211570247934,13.84,13.84,13.84,3.9427777777777777,3.942555555555556,3.9427777777777777,3.942555555555556,,,,,49.0,5.16495867768595,12.574214876033055,,0.1850776859504131,,12.783272727272728,53.82009917355372,2.2448352617079905,0.6517685950413223,,0.5792132231404958,1.3096859504132232,,19.565355371900825,26.79629752066116,0.6825123966942149,66.6,66.6,29.483305785123967,23.297652892561985,,1.346578512396694,1.9245619834710743,105.1,105.1,,67.5,5.5,5.5,49.0,,,47.82,47.82,,,0.2,5.633097521,0.0,21.4,3.3,1.9,2.5,1.98,4.438,4.4,0.0
1972-06-30,5.28,12.311404958677686,69.6,69.6,69.6,69.6,9.12198347107438,9.086280991735537,,,8.4,2.1778512396694216,,0.6842975206611572,8.6,0.6366942148760331,,,,,,48.54942148760332,3.457190082644628,0.7735537190082644,,45.43140495867769,881.993,881.993,,0.4831735537190083,12.46611570247934,46.7,46.7,46.7,46.7,14.132231404958675,69.6,69.6,69.6,36.21999999999999,,7.128595041322314,5.1,5.1,5.1,1.0175206611570249,13.84,13.84,13.84,3.920355555555556,3.919911111111111,3.920355555555556,3.919911111111111,,,,,53.2,12.662479338842974,14.114380165289257,,0.1606611570247934,,6.188429752066115,51.25090909090909,1.801640461432509,0.6426446280991736,,0.456396694214876,1.820826446280992,,12.918347107438017,22.885289256198348,0.672396694214876,64.8,64.8,28.823801652892563,13.983471074380166,,0.8033057851239669,1.6720661157024794,90.9,90.9,,68.3,5.1,5.1,41.5,,,44.86,44.86,,,0.4,5.484733884,0.0,24.6,4.2,2.1,2.8,2.52,5.129,5.1,0.0
1972-07-31,3.46,8.583669421487603,69.1,69.1,69.1,69.1,0.6210247933884298,0.364006611570248,,,1.5,2.0782809917355367,,0.2816132231404958,1.2,0.6271735537190082,,,,,,16.10360330578512,0.3252694214876033,0.7501487603305785,,79.07305785123967,824.996,824.996,,0.5109619834710744,0.9038677685950414,31.5,31.5,31.5,31.5,17.14889256198347,68.3,68.3,68.3,29.096,,7.1571570247933884,5.2,5.2,5.2,0.4894413223140495,13.61,13.61,13.61,3.6926888888888887,3.701065217391304,3.699978260869565,3.701065217391304,,,,,35.8,18.618446280991737,18.24337190082645,,0.1764694214876032,,3.541685950413223,84.66842975206612,0.5654630759318586,0.3676958677685951,,0.3781487603305785,2.004495867768595,,6.843570247933885,19.319404958677687,0.707107438016529,62.3,62.3,30.061289256198343,4.525487603305784,,0.7931900826446281,2.0967272727272728,62.2,62.2,,65.8,3.5,3.5,34.0,,,39.87,39.87,,,0.6,5.720290909,0.0,26.7,4.8,2.5,2.9,2.88,6.01,6.0,0.0
1972-08-31,3.06,7.507636363636363,68.5,68.5,68.5,68.5,0.3326479338842975,0.2207404958677686,,,0.6,1.6847603305785124,,0.1494148760330578,0.2,0.56937520661157,,,,,,10.243834710743805,0.0,0.6013487603305784,,125.6806611570248,713.621,713.621,,0.487596694214876,0.694809917355372,9.9,9.9,9.9,9.9,22.39993388429752,66.8,66.8,66.8,35.44800000000001,,6.905057851239669,5.2,5.2,5.2,0.4119669421487603,13.15,13.15,13.15,3.5452,3.554891304347826,3.555108695652174,3.554891304347826,,,,,18.2,18.39094214876033,18.10809917355372,,0.1715504132231404,,2.9452561983471077,131.8294214876033,0.1469089608140802,0.2859173553719009,,0.2846876033057851,1.906115702479339,,14.88614876033058,22.215471074380165,0.6825123966942149,64.7,64.7,29.28654545454545,4.673057851239669,,0.8731239669421488,2.053685950413223,36.3,36.3,,66.7,1.7,1.7,30.0,,,34.58,34.58,,,0.6,5.736694215,0.0,23.8,4.9,2.5,2.8,2.94,4.629,4.6,0.0
1972-09-30,2.79,7.092892561983471,68.2,68.2,68.2,68.2,0.3147768595041322,0.1850578512396694,,,1.0,1.416198347107438,,0.1713719008264463,0.9,0.2511074380165288,,,,,,9.788429752066117,0.0205884297520661,0.6426446280991736,,130.19504132231404,594.569,594.569,,0.4236694214876033,1.9457851239669424,4.2,4.2,4.2,4.2,8.574545454545454,61.1,61.1,61.1,26.218,,6.468099173553719,5.1,5.1,5.1,0.3576198347107438,13.09,13.09,13.09,3.070955555555556,3.0914565217391305,3.091021739130435,3.0914565217391305,,,,,1.89,17.91669421487603,17.119338842975207,,0.1666115702479338,,3.1061157024793387,145.96363636363637,1.1676085240400291,0.5914710743801652,,0.2725289256198347,1.1484297520661155,,11.091570247933884,14.709421487603306,0.6664462809917355,58.9,58.9,27.47305785123967,4.778181818181818,,0.8925619834710744,0.4849586776859504,26.5,26.5,,65.9,1.4,1.4,27.2,,,31.09,31.09,,,0.5,5.351484298,0.0,10.0,4.3,2.3,2.6,2.58,3.197,3.2,0.0
1972-10-31,2.89,8.540628099173555,65.7,65.7,65.7,65.7,3.363371900826446,2.8530247933884296,,,2.3,1.488,,0.4002842975206611,2.2,0.5269487603305785,,,,,,14.320462809917355,1.2051570247933887,0.6050380165289257,,146.09454545454545,467.285,467.285,,0.4107371900826446,3.7261487603305774,5.7,5.7,5.7,5.7,0.4408661157024794,23.9,23.9,23.9,39.297,,5.939702479338843,5.299999999999999,5.3,5.3,0.3560132231404959,13.38,13.38,13.38,2.800266666666667,2.8286521739130435,2.8271304347826085,2.8286521739130435,,,,,2.72,2.1889586776859504,1.813884297520661,,1.4818512396694214,,5.540033057851239,169.21388429752065,2.091309675096988,0.9223140495867768,,0.3160462809917355,0.4008991735537189,,17.35180165289256,24.201520661157023,0.3547834710743801,66.5,66.5,27.04839669421488,6.314776859504132,,1.051438016528926,1.7585454545454546,29.9,29.9,,66.4,1.5,1.5,30.0,,,32.88,32.88,,,0.6,3.357996694,0.0,1.0,1.6,0.7,1.6,0.96,2.185,2.2,0.0
1972-11-30,4.000000000000001,16.060165289256197,46.4,46.4,46.4,46.4,23.664793388429757,21.897520661157024,,,8.6,2.0350413223140498,,2.368264462809917,11.0,0.5611239669421486,,,,,,23.42677685950413,4.355702479338843,0.5420826446280991,,122.87603305785125,393.49,393.49,,0.4992396694214876,4.034380165289257,8.0,8.0,8.0,8.0,0.6188429752066116,8.85,8.85,8.85,30.966000000000005,,5.141157024793388,3.900000000000001,3.9,3.9,0.7140495867768595,8.78,8.78,8.78,2.934086173502604,2.933419506835938,2.934086173502604,2.933419506835938,,,,,24.4,10.478677685950414,10.490578512396697,,0.2963305785123967,,14.328595041322314,173.03801652892562,9.368966087451508,6.378842975206611,,1.249586776859504,1.3983471074380165,,14.263140495867768,20.19570247933884,0.3296528925619834,65.8,65.8,23.99801652892562,16.357685950413224,,1.701818181818182,0.7557024793388429,65.2,65.2,,57.1,5.5,5.5,36.0,,,36.88,36.88,,,0.4,1.980297521,0.0,0.0,0.6,0.0,1.4,0.36,0.59,0.6,0.0
1972-12-31,4.09,19.33170247933884,31.3,31.3,31.3,31.3,21.330049586776852,21.926479338842977,,,17.3,5.324826446280991,,5.964297520661157,24.2,0.9653553719008264,,,,,,46.63219834710743,11.885553719008264,2.496396694214876,,122.05289256198348,373.76,373.76,,0.5257190082644629,12.19299173553719,11.6,11.6,11.6,11.6,4.064330578512396,16.0,16.0,16.0,30.35,,5.619966942148761,4.8,4.8,4.8,0.9038677685950414,10.48,10.48,10.48,3.318228908962674,3.317562242296007,3.318228908962674,3.317562242296007,,,,,44.4,12.992330578512396,15.236628099173554,,0.202294214876033,,22.44297520661157,186.98380165289257,10.75708336585708,7.698247933884297,,1.5863801652892562,1.4080661157024792,,12.365157024793389,22.75041322314049,0.3480198347107438,66.7,66.7,25.96006611570248,18.341752066115703,,1.918413223140496,0.0,103.5,103.5,,51.6,5.5,5.5,44.0,,,41.47,41.47,,,0.2,1.849983471,0.0,0.0,1.2,0.0,1.1,0.72,0.59,0.6,0.0
1973-01-31,6.02,64.99239669421488,27.8,27.8,27.8,27.8,9.991735537190085,12.125355371900826,,,24.9,23.260760330578517,,17.10585123966942,39.2,7.280132231404958,,,,,,77.16694214876031,18.67993388429752,6.652958677685951,,102.37685950413224,496.478,496.478,,0.8977190082644628,10.532826446280993,10.2,10.2,10.2,10.2,6.154909090909091,15.2,15.2,15.2,42.39,,4.3963636363636365,4.0,4.0,4.0,1.272793388429752,11.09,11.09,11.09,3.614757720269097,3.613646609157986,3.614757720269097,3.613646609157986,,,,,54.0,11.362909090909092,16.392595041322316,,0.3252694214876033,,69.23504132231405,268.2704132231405,43.11723429752067,36.78188429752067,,28.38267768595041,1.1559669421487604,,20.506115702479335,29.145123966942148,0.4334876033057851,66.8,66.8,24.50895867768595,71.87900826446281,,161.5279338842975,0.0,107.2,107.2,,51.6,5.5,5.5,58.0,,,48.55,48.55,,,0.2,1.85414876,0.0,0.0,0.7,0.0,1.6,0.42,0.69,0.7,0.0
1973-02-28,6.27,63.97884297520661,30.7,30.7,30.7,30.7,0.3659900826446281,0.6497851239669421,,,27.0,4.059768595041322,,11.140760330578514,40.2,0.9274710743801652,,,,,,49.52806611570248,16.011371900826447,0.4715107438016528,,134.01123966942149,530.551,530.551,,0.9385785123966942,4.220826446280992,6.9,6.9,6.9,6.9,5.698115702479339,6.08,6.08,6.08,34.205,,3.5321652892561985,3.5,3.5,3.5,0.8608264462809917,11.09,11.09,11.09,3.69665009765625,3.697316764322917,3.69665009765625,3.697316764322917,,,,,45.2,12.384793388429753,14.911735537190085,,0.2127074380165289,,53.465652892561984,234.4780165289256,34.34805544077135,35.23834710743802,,34.14981818181819,1.055206611570248,,16.061355371900827,24.65295867768595,0.3237818181818181,67.1,67.1,23.12013223140496,53.98770247933884,,117.79438016528924,0.0,106.3,106.3,,63.3,5.5,5.5,58.0,,,48.55,48.55,,,0.2,1.67208595,0.0,0.0,0.5,0.0,1.3,0.3,0.59,0.6,0.0
1973-03-31,6.89,55.486413223140495,33.2,33.2,33.2,33.2,0.500509090909091,0.7931900826446281,,,28.9,3.775338842975207,,9.069421487603304,39.4,0.971504132231405,,,,,,52.436628099173554,0.5853619834710744,19.18413223140496,,165.7705785123967,538.231,538.231,,0.537401652892562,5.103471074380165,5.7,5.7,5.7,5.7,2.2135537190082646,4.72,4.72,4.72,26.612,,3.996694214876033,4.0,4.0,4.0,0.9038677685950414,11.09,11.09,11.09,3.7846192816840274,3.7857303927951382,3.7846192816840274,3.7857303927951382,,,,,35.3,15.021421487603304,16.798413223140496,,0.2287338842975207,,44.332561983471074,258.8628099173554,25.19636229338843,26.661024793388428,,19.829752066115702,1.1129256198347108,,19.817454545454545,12.039272727272728,0.7132561983471074,66.7,66.7,25.75100826446281,36.14241322314049,,78.39669421487604,0.0,106.1,106.1,,61.0,5.5,5.5,58.0,,,48.55,48.55,,,0.1,1.844628099,0.0,0.0,0.3,0.0,1.3,0.18,0.735,0.7,0.0
1973-04-30,6.67,37.059173553719006,45.5,45.5,45.5,45.5,0.7973553719008264,1.8803305785123967,,,31.1,3.344132231404959,,6.283636363636363,38.2,0.8985123966942149,,,,,,77.47438016528926,0.0,30.23404958677686,,100.20495867768597,629.577,629.577,,0.4873388429752065,29.43074380165289,13.8,13.8,13.8,13.8,3.564297520661157,26.2,26.2,26.2,43.045,,3.272727272727273,0.7,0.7,0.7,0.7914049586776859,12.2,12.2,12.2,3.902262217881944,3.904262217881944,3.902262217881944,3.904262217881944,,,,,39.9,9.520661157024794,16.67900826446281,,0.3135867768595041,,27.8300826446281,144.41652892561984,8.577803615702482,5.272066115702479,,5.15900826446281,1.0948760330578513,,21.064462809917355,27.77652892561984,0.6069421487603306,66.7,66.7,25.81884297520661,38.9097520661157,,38.54082644628099,1.0591735537190083,105.9,105.9,,61.7,5.5,5.5,58.0,,,48.26,48.26,,,0.1,3.813540496,0.0,7.3,1.6,0.5,1.3,0.96,1.77,1.8,0.0
1973-05-31,6.61,35.17090909090909,61.3,61.3,61.3,61.3,11.498181818181818,7.64905785123967,,,37.3,3.14201652892562,,3.295735537190082,40.5,0.8977190082644628,,,,,,137.42479338842975,39.25368595041322,6.290181818181818,,38.52813223140496,818.397,818.397,,0.5078876033057851,63.27074380165289,44.4,44.4,44.4,44.4,10.305322314049588,73.7,73.7,73.7,47.905,,8.725090909090909,4.0,4.0,4.0,7.735140495867768,13.84,13.84,13.84,3.9427777777777777,3.942555555555556,3.9427777777777777,3.942555555555556,,,,,68.9,6.480793388429752,18.05890909090909,,0.5755239669421487,,25.972363636363635,70.09586776859504,3.9426939049586833,0.8362314049586776,,0.5091173553719007,1.4695537190082644,,24.398280991735536,30.946710743801653,0.6517685950413223,66.7,66.7,27.509553719008263,36.00099173553719,,7.550677685950413,2.0290909090909093,105.9,105.9,,61.9,5.5,5.5,54.5,,,47.03,47.03,,,0.2,5.893983471,0.0,26.1,3.8,2.0,2.5,2.28,5.481,5.5,0.0
1973-06-30,6.2,18.00595041322314,69.6,69.6,69.6,69.6,8.961322314049587,1.6066115702479338,,,15.6,2.207603305785124,,0.6902479338842974,15.8,0.6545454545454545,,,,,,45.06247933884298,5.950413223140496,0.4135537190082645,,46.47272727272728,845.84,845.84,,0.5206611570247934,15.857851239669422,37.7,37.7,37.7,37.7,22.7900826446281,70.8,70.8,70.8,38.588,,7.56297520661157,5.1,5.1,5.1,7.729586776859504,13.84,13.84,13.84,3.920355555555556,3.919911111111111,3.920355555555556,3.919911111111111,,,,,68.7,7.640330578512397,9.62181818181818,,1.380495867768595,,17.17289256198347,59.379173553719006,2.1636801308539937,0.4218842975206611,,0.3736859504132231,1.7077685950413224,,17.53586776859504,25.295206611570247,0.6247933884297521,65.7,65.7,26.925619834710744,18.6604958677686,,2.2135537190082646,1.618512396694215,91.1,91.1,,66.2,5.5,5.5,49.0,,,43.79,43.79,,,0.4,5.679709091,0.0,26.5,4.8,2.3,2.8,2.88,4.751,4.8,0.0
1973-07-31,5.14,11.40595041322314,69.3,69.3,69.3,69.3,0.6105719008264463,0.768595041322314,,,1.8,1.8876694214876035,,0.2889917355371901,1.5,0.6031933884297521,,,,,,15.857652892561982,0.5976595041322315,0.9223140495867768,,80.91768595041323,790.58,790.58,,0.5171107438016528,1.19900826446281,15.2,15.2,15.2,15.2,24.281454545454544,59.2,59.2,59.2,43.054,,7.144859504132231,5.2,5.2,5.2,0.4015140495867768,13.47,13.47,13.47,3.6926888888888887,3.701065217391304,3.699978260869565,3.701065217391304,,,,,56.4,14.707834710743802,13.816264462809915,,0.7378512396694215,,4.070479338842976,82.82380165289256,1.6530385930735925,0.2502545454545455,,0.3535537190082645,2.0782809917355367,,18.2556694214876,27.466512396694213,0.6640661157024794,66.5,66.5,27.497256198347102,17.364099173553715,,1.174413223140496,2.0905785123966942,72.4,72.4,,66.8,5.5,5.5,41.0,,,39.21,39.21,,,0.6,5.92867438,0.0,28.1,5.6,2.5,2.9,3.36,5.954,6.0,0.0
1973-08-31,3.68,8.534479338842976,62.6,62.6,62.6,62.6,5.939702479338843,6.271735537190082,,,0.5,1.967603305785124,,0.1592528925619834,0.1,0.606882644628099,,,,,,11.049322314049585,0.0276694214876033,0.7501487603305785,,105.26677685950412,702.802,702.802,,0.5195702479338842,0.983801652892562,4.1,4.1,4.1,4.1,9.708892561983472,35.2,35.2,35.2,43.87099999999999,,7.304727272727272,5.2,5.2,5.2,0.4525487603305785,13.25,13.25,13.25,3.5452,3.554891304347826,3.555108695652174,3.554891304347826,,,,,45.8,18.655338842975205,17.917487603305783,,0.1776991735537189,,2.4287603305785126,110.12429752066116,1.22154406139315,0.206598347107438,,0.4580826446280991,2.0229421487603307,,18.84595041322314,27.56489256198347,0.5589223140495868,66.5,66.5,26.974611570247934,18.27411570247934,,1.5187438016528925,2.0905785123966942,60.7,60.7,,65.9,4.7,4.7,38.0,,,34.39,34.39,,,0.6,5.983894215,0.0,25.7,5.6,2.6,2.7,3.36,4.85,4.8,0.0
1973-09-30,3.13,7.717685950413221,45.5,45.5,45.5,45.5,16.79206611570248,17.565619834710745,,,0.6,1.904132231404959,,0.2088595041322314,0.4,0.5081652892561983,,,,,,9.59801652892562,0.1743471074380165,0.6307438016528926,,103.53719008264464,615.137,615.137,,0.4772231404958678,3.3262809917355374,5.8,5.8,5.8,5.8,0.5367272727272727,26.6,26.6,26.6,22.35,,7.146446280991736,5.1,5.1,5.1,0.3153719008264463,12.3,12.3,12.3,3.070955555555556,3.0914565217391305,3.091021739130435,3.0914565217391305,,,,,46.9,16.70280991735537,17.095537190082645,,0.2957355371900826,,2.6955371900826446,111.5702479338843,1.4840666136616665,0.2320661157024793,,0.4403305785123967,1.8446280991735535,,9.175537190082643,14.495206611570248,0.6426446280991736,49.3,49.3,26.59239669421488,12.10909090909091,,1.1246280991735538,0.9461157024793388,62.4,62.4,,65.1,1.1,1.1,35.0,,,31.28,31.28,,,0.5,5.166922314,0.0,11.3,5.0,2.3,2.3,3.0,3.109,3.1,0.0
1973-10-31,2.18,8.669752066115702,27.8,27.8,27.8,27.8,17.874446280991737,18.88899173553719,,,1.6,1.9983471074380168,,0.4980495867768595,1.7,0.565685950413223,,,,,,11.756429752066117,1.2604958677685951,0.5933553719008264,,114.30545454545457,523.266,523.266,,0.6025785123966944,2.1766611570247933,5.2,5.2,5.2,5.2,0.4839074380165289,12.6,12.6,12.6,27.761999999999997,,6.345520661157025,5.4,5.4,5.4,0.3363371900826446,10.32,10.32,10.32,2.800266666666667,2.8286521739130435,2.8271304347826085,2.8286521739130435,,,,,49.1,18.13269421487603,17.714578512396695,,0.2711603305785124,,4.347173553719008,128.07867768595042,2.202174468713103,0.959206611570248,,0.4617719008264462,0.9038677685950414,,7.753586776859504,21.551404958677686,0.3197355371900826,49.2,49.2,24.533553719008264,5.28793388429752,,1.1928595041322312,1.690909090909091,64.9,64.9,,63.8,4.0,4.0,34.7,,,32.82,32.82,,,0.6,1.190082645,0.0,4.1,2.0,0.1,1.6,1.2,2.052,2.1,0.0
1973-11-30,4.15,75.5107438016529,34.9,34.9,34.9,34.9,6.117024793388429,7.574876033057851,,,29.2,21.58809917355372,,12.73388429752066,42.0,3.260826446280991,,,,,,104.60826446280996,12.01388429752066,32.447603305785115,,132.75371900826443,674.164,674.164,,0.6009917355371901,25.58677685950413,21.9,21.9,21.9,21.9,1.1246280991735538,42.4,42.4,42.4,32.692,,5.355371900826446,3.8,3.8,3.8,1.5649586776859503,13.84,13.84,13.84,2.934086173502604,2.933419506835938,2.934086173502604,2.933419506835938,,,,,61.5,13.44198347107438,17.869090909090907,,3.796363636363637,,59.682644628099176,246.6446280991736,29.52991005317929,19.99933884297521,,3.5702479338842976,1.511404958677686,,15.3699173553719,26.187768595041323,0.4206942148760331,67.0,67.0,18.285619834710744,34.90512396694215,,30.537520661157032,1.1067768595041323,108.7,108.7,,67.6,5.5,5.5,56.0,,,43.06,43.06,,,0.4,2.082644628,0.0,0.0,1.2,0.0,1.1,0.72,0.79,0.8,0.0
1973-12-31,6.85,65.36132231404959,40.9,40.9,40.9,40.9,0.5257190082644629,0.7747438016528926,,,30.9,10.471338842975207,,13.18909090909091,44.1,3.486347107438017,,,,,,75.99867768595041,0.0,23.43907438016529,,193.5629752066116,693.094,693.094,,0.6394710743801653,12.082314049586778,24.5,24.5,24.5,24.5,2.1151735537190084,37.1,37.1,37.1,42.082,,5.687603305785124,4.599999999999999,4.6,4.6,1.0268429752066115,13.84,13.84,13.84,3.318228908962674,3.317562242296007,3.318228908962674,3.317562242296007,,,,,56.5,14.892297520661158,18.052760330578515,,0.244105785123967,,49.68813223140496,299.44462809917354,26.58122493112948,22.03100826446281,,23.174677685950414,1.6663140495867768,,20.16178512396694,28.462611570247933,0.3941355371900826,67.2,67.2,26.021553719008264,59.78439669421488,,109.1404958677686,1.752396694214876,108.5,108.5,,70.7,5.5,5.5,58.5,,,48.55,48.55,,,0.2,2.152066116,0.0,0.0,1.1,0.0,1.6,0.66,0.69,0.7,0.0
1974-01-31,6.66,112.8297520661157,54.7,54.7,54.7,54.7,2.914512396694215,1.414214876033058,,,42.4,29.83378512396694,,17.61619834710744,57.1,7.630611570247934,,,,,,142.46677685950414,0.0,48.956429752066114,,203.7084297520661,795.216,795.216,,111.1695867768595,24.42902479338843,33.4,33.4,33.4,33.4,2.613223140495868,47.8,47.8,47.8,44.17900000000001,,8.878809917355373,4.599999999999999,4.6,4.6,1.6171239669421489,13.84,13.84,13.84,3.614757720269097,3.613646609157986,3.614757720269097,3.613646609157986,,,,,63.2,10.698842975206611,17.88674380165289,,3.406413223140496,,82.20892561983472,463.4935537190083,36.58973267906337,37.0585785123967,,31.315636363636365,1.211305785123967,,23.875636363636364,32.96350413223141,1.869223140495868,66.8,66.8,26.34743801652893,85.28330578512397,,142.89719008264464,0.3633917355371901,106.8,106.8,,69.8,5.5,5.5,58.0,,,48.55,48.55,,,0.2,2.152066116,0.0,0.0,1.6,0.0,1.4,0.96,0.79,0.8,0.0
1974-02-28,5.07,38.07629752066115,54.4,54.4,54.4,54.4,4.254148760330579,1.188495867768595,,,22.3,1.7827438016528925,,4.270809917355372,27.1,0.5542611570247935,,,,,,44.99623140495868,0.0,8.297256198347105,,178.44099173553718,735.894,735.894,,0.4054214876033057,6.064661157024793,24.6,24.6,24.6,24.6,11.112991735537191,32.3,32.3,32.3,43.125,,7.869619834710744,3.8,3.8,3.8,0.5009454545454546,13.84,13.84,13.84,3.69665009765625,3.697316764322917,3.69665009765625,3.697316764322917,,,,,54.2,14.056462809917356,16.011371900826447,,0.1316231404958677,,24.04204958677686,219.37190082644628,12.762426480716254,13.473322314049586,,8.574942148760329,1.3884297520661155,,21.237421487603307,29.36806611570248,0.283795041322314,66.9,66.9,24.258644628099173,45.12396694214876,,59.313719008264464,0.744198347107438,107.0,107.0,,66.1,5.5,5.5,59.0,,,48.55,48.55,,,0.2,1.943801653,0.0,0.0,1.0,0.0,1.1,0.6,0.49,0.5,0.0
1974-03-31,6.96,117.62578512396696,55.1,55.1,55.1,55.1,8.528330578512396,1.3281322314049588,,,54.5,25.00700826446281,,18.4278347107438,72.5,5.318677685950415,,,,,,148.3695867768595,0.0,50.444429752066114,,192.57917355371904,898.633,898.633,,54.95761983471074,16.44178512396694,10.1,10.1,10.1,10.1,15.347305785123966,48.1,48.1,48.1,45.292,,8.153256198347107,4.300000000000001,4.3,4.3,2.2565950413223144,13.84,13.84,13.84,3.7846192816840274,3.7857303927951382,3.7846192816840274,3.7857303927951382,,,,,58.2,9.67814876033058,17.03821487603306,,0.3744595041322313,,93.15371900826446,399.9768595041322,44.10556938705235,45.26717355371901,,46.46003305785124,1.1375206611570248,,25.037752066115704,34.47609917355373,2.1643636363636367,67.6,67.6,27.011504132231405,98.25719008264464,,151.50545454545454,1.9307107438016529,110.5,110.5,,74.6,5.5,5.5,60.0,,,48.55,48.55,,,0.1,2.152066116,0.0,0.0,1.0,1.2,1.2,0.6,0.79,0.8,0.0
1974-04-30,7.03,69.56033057851239,55.1,55.1,55.1,55.1,12.031735537190082,1.285289256198347,,,51.4,13.531239669421488,,11.347438016528926,62.5,3.231074380165289,,,,,,120.31735537190085,0.0257652892561983,31.25157024793389,,194.4,847.38,847.38,,181.36859504132232,20.86214876033058,11.9,11.9,11.9,11.9,2.1421487603305787,46.5,46.5,46.5,46.015,,7.449917355371901,2.7000000000000006,2.7,2.7,2.4634710743801653,13.84,13.84,13.84,3.902262217881944,3.904262217881944,3.902262217881944,3.904262217881944,,,,,60.9,11.597355371900829,17.440661157024792,,0.2534876033057851,,59.0995041322314,460.502479338843,26.030018629476583,25.40826446280992,,21.54644628099173,1.029421487603306,,24.74776859504132,32.8700826446281,0.8866115702479339,66.8,66.8,26.110413223140498,75.86776859504133,,99.25289256198349,1.6006611570247933,105.9,105.9,,69.3,5.5,5.5,58.5,,,48.55,48.55,,,0.1,3.356310744,0.0,3.1,1.3,1.7,1.0,0.78,1.868,1.9,0.0
1974-05-31,6.93,34.80813223140496,60.0,60.0,60.0,60.0,21.98181818181818,1.3281322314049588,,,51.6,11.756429752066117,,2.988297520661157,54.5,0.8731239669421488,,,,,,153.84198347107434,9.856462809917357,21.766611570247928,,170.01322314049588,953.235,953.235,,0.3320330578512397,61.303140495867765,40.9,40.9,40.9,40.9,7.366214876033058,73.6,73.6,73.6,47.985,,8.798876033057851,4.1,4.1,4.1,24.207669421487605,13.84,13.84,13.84,3.9427777777777777,3.942555555555556,3.9427777777777777,3.942555555555556,,,,,69.2,9.604363636363637,18.43398347107438,,12.205289256198348,,63.02479338842975,245.8889256198347,5.345122865013778,2.9452561983471077,,0.6456198347107438,1.2850909090909088,,23.27305785123967,32.25639669421488,0.6081123966942149,66.7,66.7,28.19206611570248,38.24528925619835,,11.461289256198349,1.8815206611570248,105.9,105.9,,70.7,5.5,5.5,55.0,,,48.26,48.26,,,0.2,5.442723967,0.0,27.5,2.9,1.9,2.1,1.74,5.037,5.0,0.0
1974-06-30,6.45,21.915371900826447,69.8,69.8,69.8,69.8,19.886280991735536,1.4935537190082644,,,34.9,5.861157024793388,,0.8985123966942149,35.4,0.6188429752066114,,,,,,98.65785123966944,10.08,1.1127272727272728,,170.4198347107438,939.277,939.277,,0.5022148760330578,36.31537190082645,46.6,46.6,46.6,46.6,46.65719008264463,72.5,72.5,72.5,45.17,,7.789090909090909,4.1,4.1,4.1,36.95206611570248,13.84,13.84,13.84,3.920355555555556,3.919911111111111,3.920355555555556,3.919911111111111,,,,,66.4,13.804958677685953,18.71404958677686,,8.443636363636363,,54.53553719008264,242.1223140495868,-0.7567363980716272,0.3998677685950413,,0.4224793388429752,1.7137190082644629,,21.46909090909091,30.602975206611564,0.5950413223140496,66.5,66.5,28.157355371900827,30.01388429752066,,2.5289256198347108,1.868429752066116,103.8,103.8,,53.5,5.5,5.5,50.0,,,45.94,45.94,,,0.4,5.540330579,0.0,26.5,0.0,2.0,3.0,0.0,5.547,5.5,0.0
1974-07-31,6.05,15.4518347107438,69.5,69.5,69.5,69.5,6.148760330578512,1.488,,,11.2,1.6847603305785124,,0.7501487603305785,11.6,0.5361719008264464,,,,,,35.73044628099175,2.951404958677686,0.5312528925619836,,149.9682644628099,851.347,851.347,,0.4974347107438016,9.364561983471075,42.8,42.8,42.8,42.8,13.201388429752068,51.5,51.5,51.5,41.756,,6.911206611570248,5.4,5.4,5.4,3.215801652892562,13.81,13.81,13.81,3.6926888888888887,3.701065217391304,3.699978260869565,3.701065217391304,,,,,67.4,5.675305785123967,6.8189752066115705,,1.8999669421487604,,13.367404958677684,151.99735537190082,3.415035325265639,1.4265123966942148,,0.9653553719008264,1.9983471074380168,,16.847603305785125,28.73315702479339,0.6148760330578512,66.4,66.4,29.028297520661155,22.00641322314049,,1.3773223140495867,2.127471074380165,95.6,95.6,,69.2,5.5,5.5,44.2,,,42.66,42.66,,,0.6,5.696013223,0.0,27.3,4.9,2.4,3.2,2.94,6.002,6.0,0.0
1974-08-31,5.31,11.473586776859504,59.4,59.4,59.4,59.4,9.881057851239667,10.366809917355372,,,1.8,1.7155041322314049,,0.2256595041322314,1.6,0.5134214876033057,,,,,,15.568661157024794,0.5693752066115703,0.5287933884297521,,153.22710743801653,722.359,722.359,,0.3394115702479338,1.2297520661157024,28.5,28.5,28.5,28.5,18.317157024793385,33.9,33.9,33.9,43.226,,7.10796694214876,5.299999999999999,5.3,5.3,0.3541685950413223,13.825,13.825,13.825,3.5452,3.554891304347826,3.555108695652174,3.554891304347826,,,,,60.5,18.618446280991737,18.6,,0.173395041322314,,3.406413223140496,162.69619834710744,2.054974395294322,0.3664661157024793,,0.4642314049586777,2.139768595041322,,17.30261157024793,26.974611570247934,0.6148760330578512,66.4,66.4,28.43186776859504,18.661487603305787,,1.2789421487603303,1.6663140495867768,81.4,81.4,,67.9,5.5,5.5,41.0,,,38.68,38.68,,,0.6,5.605963636,0.0,26.5,5.0,2.6,3.4,3.0,5.224,5.2,0.0
1974-09-30,4.51,9.586115702479338,41.6,41.6,41.6,41.6,16.887272727272727,17.87504132231405,,,0.7,1.7315702479338844,,0.1695867768595041,0.4,0.5034049586776861,,,,,,10.56793388429752,0.1178181818181818,0.4968595041322314,,0.0,736.536,736.536,,0.3617851239669421,2.725289256198347,8.7,8.7,8.7,8.7,23.41487603305785,48.1,48.1,48.1,17.636999999999997,,7.104793388429752,5.2,5.2,5.2,0.38499173553719,13.15,13.15,13.15,3.070955555555556,3.0914565217391305,3.091021739130435,3.0914565217391305,,,,,60.0,17.964297520661155,17.863140495867768,,0.1612561983471074,,2.76099173553719,24.765619834710744,1.7366688680440818,0.3576198347107438,,0.4671074380165289,2.0171900826446283,,5.754049586776859,11.912727272727272,0.5950413223140496,39.8,39.8,27.425454545454546,15.596033057851242,,1.32099173553719,0.815206611570248,81.4,81.4,,47.2,5.5,5.5,37.2,,,35.24,35.24,,,0.5,5.403689256,0.0,12.2,4.7,2.5,3.2,2.82,3.736,3.7,0.0
1974-10-31,3.27,8.940297520661158,24.0,24.0,24.0,24.0,15.95603305785124,17.69613223140496,,,0.4,2.035239669421488,,0.218895867768595,0.3,0.3560132231404959,,,,,,10.434446280991734,0.1617123966942149,0.4894413223140494,,0.0,728.767,728.767,,23.44522314049587,1.3281322314049588,4.8,4.8,4.8,4.8,6.94195041322314,20.3,20.3,20.3,47.339,,6.757487603305785,5.2,5.2,5.2,0.4082776859504132,13.5,13.5,13.5,2.800266666666667,2.8286521739130435,2.8271304347826085,2.8286521739130435,3.03,3.03,3.03,3.03,58.8,18.71067768595041,18.686082644628097,,0.256403305785124,,3.289586776859504,34.40231404958678,1.0250692128633274,0.4599272727272728,,0.5195702479338842,1.248198347107438,,12.832462809917356,34.07642975206612,0.3258842975206611,50.9,50.9,24.42287603305785,12.721785123966942,,0.8792727272727273,2.0905785123966942,87.7,87.7,,40.6,5.5,5.5,31.0,,,33.67,33.67,,,0.6,4.609666116,0.0,4.8,4.0,2.1,2.3,2.4,4.838,4.8,0.0
1974-11-30,3.08,9.699173553719008,21.9,21.9,21.9,21.9,2.9097520661157024,3.260826446280992,,,1.2,1.91603305785124,,0.33500826446281,0.8,0.7497520661157027,,,,,,11.192727272727272,0.7676033057851239,0.4861487603305785,,93.7190082644628,638.341,638.341,,16.1196694214876,1.1603305785123967,4.8,4.8,4.8,4.8,0.4456859504132231,12.1,12.1,12.1,26.259,,4.986446280991736,3.4,3.4,3.4,0.4123636363636362,12.4,12.4,12.4,2.934086173502604,2.933419506835938,2.934086173502604,2.933419506835938,2.845,2.845,2.845,2.845,44.8,17.982148760330578,17.976198347107438,,0.1576859504132231,,4.218842975206612,98.3603305785124,2.111143633648163,1.0115702479338844,,0.6366942148760331,1.630413223140496,,3.689256198347108,20.814545454545456,0.3094214876033058,48.3,48.3,21.36793388429752,5.194710743801653,,2.302809917355372,1.0770247933884298,95.6,95.6,,62.9,5.0,5.0,32.0,,,35.12,35.12,,,0.4,3.229180165,0.0,0.0,1.1,0.2,1.5,0.66,0.951,1.0,0.0
1974-12-31,3.71,13.711735537190082,22.4,22.4,22.4,22.4,0.2705454545454546,0.2656264462809918,,,1.7,2.496396694214876,,0.4537785123966942,1.8,0.5435504132231407,,,,,,12.414347107438012,1.5310413223140495,0.5121917355371901,,200.57256198347108,458.999,458.999,,0.4390214876033058,1.389619834710744,4.8,4.8,4.8,4.8,0.533097520661157,9.96,9.96,9.96,19.221000000000004,,3.836826446280992,2.2999999999999994,2.3,2.3,0.3978247933884298,10.18,10.18,10.18,3.318228908962674,3.317562242296007,3.318228908962674,3.317562242296007,2.783,2.783,2.783,2.783,30.8,18.384793388429756,18.0281652892562,,0.1770842975206611,,6.425454545454546,225.2290909090909,3.5112345732163983,2.219702479338843,,0.4267239669421488,1.3834710743801653,,2.8530247933884296,19.09190082644628,0.3197355371900826,41.5,41.5,26.882380165289256,1.3281322314049588,,1.9799008264462812,0.0,100.5,100.5,,54.6,5.5,5.5,33.0,,,35.67,35.67,,,0.2,2.164567934,0.0,0.0,1.5,0.1,1.3,0.9,0.782,0.8,0.0
1975-01-31,4.13,14.351206611570248,23.1,23.1,23.1,23.1,0.3031338842975206,0.2760793388429752,,,5.8,2.5947768595041327,,1.8446280991735535,7.6,0.4832925619834711,,,,,,16.306512396694217,3.683107438016529,0.5558479338842974,,131.70644628099174,363.885,363.885,,0.4248793388429752,1.7585454545454546,5.3,5.3,5.3,5.3,0.5632264462809916,5.02,5.02,5.02,15.771999999999997,,3.689256198347108,2.4,2.4,2.4,0.5552330578512396,8.74,8.74,8.74,3.614757720269097,3.613646609157986,3.614757720269097,3.613646609157986,3.03,3.03,3.03,3.03,27.0,8.620561983471074,8.63900826446281,,0.1961454545454545,,11.65804958677686,159.1299173553719,6.2971953336987685,4.316429752066116,,0.4998942148760331,1.3773223140495867,,2.6808595041322314,14.351206611570248,0.3203504132231405,37.7,37.7,24.945520661157023,1.1436694214876035,,8.46684297520661,0.0,104.6,104.6,,54.4,5.3,5.3,37.0,,,37.31,37.31,,,0.2,2.013883636,0.0,0.0,1.2,0.9,1.3,0.72,0.782,0.8,0.0
1975-02-28,5.52,46.25692561983471,24.6,24.6,24.6,24.6,0.3076760330578513,0.3593256198347108,,,20.4,4.709553719008265,,11.501752066115705,32.9,2.0715371900826445,,,,,,39.19259504132231,10.45209917355372,2.6046942148760337,,29.790148760330577,476.672,476.672,,0.5137190082644628,2.4158677685950414,6.2,6.2,6.2,6.2,1.6883305785123968,5.39,5.39,5.39,13.151,,3.243371900826446,2.099999999999999,2.1,2.1,0.7608595041322314,9.18,9.18,9.18,3.69665009765625,3.697316764322917,3.69665009765625,3.697316764322917,3.03,3.03,3.03,3.03,25.3,6.14796694214876,7.169851239669422,,0.2415867768595041,,43.34122314049587,109.35272727272728,30.948385242311787,23.30895867768595,,10.313256198347108,1.155173553719008,,2.2770247933884296,15.022809917355373,0.2882380165289256,59.8,59.8,22.809123966942156,0.9330247933884298,,57.03669421487604,0.0,105.1,105.1,,59.1,5.5,5.5,60.0,,,44.19,44.19,,,0.2,1.284852893,0.0,0.0,1.4,1.1,1.2,0.84,0.786,0.8,0.0
1975-03-31,7.28,73.9695867768595,26.6,26.6,26.6,26.6,0.4113520661157026,0.6093421487603304,,,36.5,9.321520661157026,,19.337851239669423,57.0,3.947504132231405,,,,,,64.13157024793391,24.004760330578517,1.8384793388429752,,72.18644628099173,623.197,623.197,,0.5767537190082646,5.318677685950413,5.2,5.2,5.2,5.2,0.731702479338843,6.2,6.2,6.2,25.093,,2.9452561983471077,2.8,2.8,2.8,0.8239338842975207,9.18,9.18,9.18,3.7846192816840274,3.7857303927951382,3.7846192816840274,3.7857303927951382,3.03,3.03,3.03,3.03,21.0,10.2438347107438,12.48198347107438,,0.2877619834710743,,58.76985123966942,170.87404958677686,29.670381060606065,25.431272727272727,,28.6163305785124,0.959206611570248,,9.794975206611571,21.102545454545453,0.6640661157024794,66.9,66.9,26.359735537190083,40.8339173553719,,78.5196694214876,0.0,107.0,107.0,,60.3,5.5,5.5,61.0,,,48.55,48.55,,,0.1,1.515669421,0.0,0.0,0.8,0.5,1.5,0.48,0.86,0.9,0.0
1975-04-30,6.77,40.90314049586777,21.6,21.6,21.6,21.6,7.045289256198347,7.634380165289258,,,25.7,3.2132231404958675,,9.746776859504132,37.3,0.7497520661157027,,,,,,52.17322314049586,10.639338842975206,8.068760330578515,,161.9107438016529,617.649,617.649,,0.4540165289256198,6.491900826446281,5.4,5.4,5.4,5.4,2.915702479338843,6.37,6.37,6.37,31.912,,2.023140495867769,1.0000000000000002,1.0,1.0,1.1305785123966945,9.63,9.63,9.63,3.902262217881944,3.904262217881944,3.902262217881944,3.904262217881944,3.03,3.03,3.03,3.03,19.0,14.578512396694215,16.875371900826448,,0.3141818181818182,,37.81487603305785,219.86776859504133,16.71001201790633,13.79305785123967,,8.503140495867768,0.7973553719008264,,13.138512396694216,23.367272727272727,0.6545454545454545,66.8,66.8,26.52694214876033,33.88165289256198,,48.86479338842975,0.3338181818181818,105.7,105.7,,61.7,5.5,5.5,58.0,,,48.55,48.55,,,0.1,1.452222149,0.0,4.3,1.7,1.4,1.7,1.02,1.464,1.5,0.0
1975-05-31,7.1,49.03021487603306,51.4,51.4,51.4,51.4,1.088330578512397,3.3695206611570248,,,50.4,10.5020826446281,,10.79107438016529,63.2,0.8423801652892562,,,,,,157.83867768595042,14.763173553719009,38.355966942148754,,63.27074380165289,895.801,895.801,,0.4894413223140495,55.97831404958678,29.8,29.8,29.8,29.8,4.3963636363636365,64.6,64.6,64.6,49.332,,7.950347107438018,1.8,1.8,1.8,1.272793388429752,9.63,9.63,9.63,3.9427777777777777,3.942555555555556,3.9427777777777777,3.942555555555556,3.03,3.03,3.03,3.03,48.0,3.3695206611570248,17.290314049586776,,0.4322578512396693,,43.20733884297521,119.53190082644628,10.317520420110196,4.96204958677686,,0.5251041322314048,0.4845223140495868,,29.46485950413223,27.712462809917355,0.6763636363636364,66.7,66.7,28.30889256198347,47.00112396694215,,18.37864462809917,1.6232727272727272,105.9,105.9,,60.7,5.5,5.5,57.7,,,48.55,48.55,,,0.2,5.496226116,0.0,28.1,3.9,3.2,2.2,2.34,4.637,4.6,0.0
1975-06-30,6.73,27.889586776859502,70.0,70.0,70.0,70.0,16.607603305785123,2.320661157024793,,,46.1,8.116363636363637,,2.100495867768595,48.2,0.6307438016528926,,,,,,149.65289256198346,17.321652892561982,8.729256198347107,,167.9801652892562,964.757,964.757,,0.6128925619834711,58.65322314049587,46.2,46.2,46.2,46.2,29.74611570247934,74.8,74.8,74.8,49.62,,8.39603305785124,2.9,2.9,2.9,50.23933884297521,13.84,13.84,13.84,3.920355555555556,3.919911111111111,3.920355555555556,3.919911111111111,3.03,3.03,3.03,3.03,68.0,7.78314049586777,17.672727272727272,,3.457190082644628,,72.65454545454546,232.12561983471076,4.764966873278246,0.5789752066115702,,0.3754710743801653,1.475702479338843,,26.37223140495868,24.581157024793388,0.6545454545454545,66.5,66.5,27.38380165289256,31.120661157024795,,2.5527272727272727,1.8446280991735535,102.7,102.7,,68.0,5.5,5.5,52.0,,,47.24,47.24,,,0.4,5.673423471,0.0,26.9,3.9,3.0,3.0,2.34,5.434,5.4,0.0
1975-07-31,6.35,16.56476033057851,69.5,69.5,69.5,69.5,5.564628099173554,1.1928595041322312,,,10.8,2.059834710743801,,0.5564628099173554,11.0,0.5294082644628099,,,,,,37.944,2.527140495867769,0.6394710743801653,,129.24694214876033,899.549,899.549,,0.5933553719008264,8.325421487603306,45.9,45.9,45.9,45.9,11.510479338842972,49.1,49.1,49.1,46.07300000000001,,7.987239669421488,3.1,3.1,3.1,2.182809917355372,13.81,13.81,13.81,3.6926888888888887,3.701065217391304,3.699978260869565,3.701065217391304,2.216,2.216,2.216,2.216,65.0,7.765884297520661,8.755834710743802,,2.2258512396694217,,10.145454545454545,131.70644628099174,3.342645110192835,0.2391867768595041,,0.487596694214876,1.8507768595041325,,23.64198347107438,21.354644628099173,0.6763636363636364,66.5,66.5,28.413421487603305,21.305454545454545,,1.248198347107438,1.8753719008264464,88.6,88.6,,69.0,5.5,5.5,45.0,,,44.06,44.06,,,0.6,5.803612562,0.0,28.6,4.5,3.4,3.4,2.7,5.949,5.9,0.0
1975-08-31,5.81,13.736330578512396,62.5,62.5,62.5,62.5,7.144859504132231,7.181752066115703,,,2.1,2.010644628099174,,0.2902214876033058,2.0,0.5128066115702481,,,,,,16.294214876033063,0.8485289256198347,0.6456198347107438,,171.5504132231405,759.841,759.841,,0.3867570247933885,0.9100165289256198,33.7,33.7,33.7,33.7,15.660892561983472,27.1,27.1,27.1,47.02,,7.876561983471074,3.1,3.1,3.1,0.2877619834710743,13.44,13.44,13.44,3.5452,3.554891304347826,3.555108695652174,3.554891304347826,0.27,0.27,0.27,0.27,54.8,18.36019834710744,19.030413223140496,,0.2053685950413223,,3.84297520661157,171.12,3.9406898675437136,0.3154314049586776,,0.4740694214876032,1.967603305785124,,23.340694214876034,22.20317355371901,0.694809917355372,66.4,66.4,29.09593388429752,21.46532231404959,,1.3957685950413223,2.1459173553719006,76.4,76.4,,68.5,5.5,5.5,42.5,,,41.07,41.07,,,0.6,5.817629752,0.0,28.0,4.9,3.9,3.3,2.94,5.121,5.1,0.0
1975-09-30,4.15,8.848264462809917,44.8,44.8,44.8,44.8,16.411239669421487,17.464462809917354,,,0.8,1.9576859504132231,,0.1642314049586776,0.5,0.4534214876033058,,,,,,11.371239669421485,0.16899173553719,0.5765950413223139,,163.69586776859504,617.074,617.074,,0.3683305785123967,2.588429752066116,29.8,29.8,29.8,29.8,9.34214876033058,33.7,33.7,33.7,14.18,,7.378512396694215,3.0,3.0,3.0,0.2546776859504133,11.51,11.51,11.51,3.070955555555556,3.0914565217391305,3.091021739130435,3.0914565217391305,0.0,0.0,0.0,0.0,57.8,18.190413223140496,18.02380165289256,,0.2481322314049586,,3.070413223140496,166.96859504132232,3.635204013712257,0.4409256198347108,,0.4629421487603306,1.7910743801652893,,7.259504132231405,6.515702479338843,0.5950413223140496,45.7,45.7,28.68694214876033,7.009586776859504,,1.344793388429752,0.648595041322314,65.2,65.2,,68.6,4.8,4.8,38.5,,,38.41,38.41,,,0.5,5.613601983,0.0,13.2,4.5,3.7,3.1,2.7,3.477,3.5,0.0
1975-10-31,3.52,10.299173553719008,36.8,36.8,36.8,36.8,9.063272727272729,10.022479338842976,,0.1229752066115702,4.0,2.1582148760330577,,0.7132561983471074,4.4,0.4765289256198347,,,,,,18.16343801652892,2.2381487603305783,0.6271735537190082,,153.53454545454545,498.204,498.204,,0.4144264462809917,5.472396694214876,11.8,11.8,11.8,11.8,26.298247933884294,31.5,31.5,31.5,48.82099999999999,,4.334876033057851,1.7,1.7,1.7,0.364006611570248,7.21,7.21,7.21,3.98,3.98,3.98,3.98,0.0,0.0,0.0,0.0,59.5,18.144991735537197,18.6,,0.2945256198347107,,7.483041322314049,167.8611570247934,5.029102787131049,2.152066115702479,,0.5490842975206611,1.0760330578512396,,22.818049586776866,25.07464462809917,0.3185057851239669,66.9,66.9,25.529652892561984,7.858115702479338,,1.6724628099173553,2.1766611570247933,69.5,69.5,,69.1,5.5,5.5,37.5,,,37.73,37.73,0.049190083,1.424528925,0.6,3.963312397,0.014,0.912396694,2.4,1.8,2.0,1.44,2.071,2.1,0.0
1975-11-30,3.91,11.29388429752066,34.9,34.9,34.9,34.9,3.790413223140496,4.064132231404959,,0.1190082644628099,5.5,2.088595041322314,,1.1662809917355372,6.3,0.660495867768595,,,,,,20.023140495867768,3.0347107438016527,0.6247933884297522,,144.77355371900828,391.056,391.056,,0.4111735537190083,5.688595041322314,4.4,4.4,4.4,4.4,4.6234710743801655,12.7,12.7,12.7,47.19899999999999,,4.189090909090909,1.4,1.4,1.4,0.4159338842975206,7.79,7.79,7.79,3.03,3.03,3.03,3.03,0.0,0.0,0.0,0.0,51.1,17.38115702479339,18.130909090909093,,0.1469752066115702,,7.307107438016529,162.0297520661157,7.835177724742787,1.404297520661157,,0.2558677685950413,1.5828099173553718,,22.427107438016527,23.718347107438017,0.3058512396694214,66.6,66.6,21.951074380165288,31.941818181818174,,4.742479338842975,2.100495867768595,105.5,105.5,,69.3,5.5,5.5,38.0,,,42.8,42.8,0.068429752,1.471735537,0.4,3.505787107,0.0,0.0,0.9,0.5,1.5,0.54,1.391,1.4,0.0
1975-12-31,3.88,11.688793388429753,25.0,25.0,25.0,25.0,11.03702479338843,11.104661157024792,,0.1229752066115702,4.2,1.9799008264462812,,1.008396694214876,4.9,0.6148760330578512,,,,,,16.03596694214876,2.1951074380165294,0.5921256198347108,,122.7292561983471,295.321,295.321,,0.3990545454545454,3.185057851239669,8.0,8.0,8.0,8.0,0.6333223140495868,10.6,10.6,10.6,22.425,,3.959801652892563,1.4,1.4,1.4,0.3443305785123967,7.88,7.88,7.88,3.455,3.455,3.455,3.455,0.0,0.0,0.0,0.0,46.1,18.267966942148764,18.75371900826446,,0.132198347107438,,6.6037685950413225,142.220826446281,-0.0962371379771664,0.7993388429752066,,0.1813884297520661,1.4265123966942148,,14.75702479338843,6.45004958677686,0.3178909090909091,59.5,59.5,30.00595041322314,3.1543140495867767,,7.919603305785126,0.3332628099173554,104.8,104.8,,69.6,5.2,5.2,38.0,,,40.27,40.27,0.041196694,1.2,0.2,3.148345785,0.0,0.0,0.9,0.6,1.8,0.54,0.79,0.8,0.0
1976-01-31,3.09,9.41990082644628,18.9,18.9,18.9,18.9,6.972694214876033,6.966545454545455,,0.1229752066115702,3.3,1.7831404958677686,,0.8423801652892562,3.8,0.5281785123966943,,,,,,13.47193388429752,1.5187438016528925,0.5564628099173554,,44.7814214876033,273.073,273.073,,0.3775338842975206,2.736198347107438,8.5,8.5,8.5,8.5,0.7132561983471074,6.42,6.42,6.42,21.072,,3.9167603305785126,1.4,1.4,1.4,0.2773090909090909,7.81,7.81,7.81,3.773,3.773,3.773,3.773,0.0,0.0,0.0,0.0,39.1,15.593256198347108,15.931438016528928,,0.1488,,5.570776859504131,59.88277685950413,3.1024372420306934,1.1006280991735535,,0.1506446280991736,1.2604958677685951,,12.279074380165287,4.894413223140496,0.3154314049586776,56.7,56.7,24.93322314049587,1.1621157024793387,,3.166611570247934,0.0,104.6,104.6,,67.5,4.9,4.9,41.0,,,41.33,41.33,0.03873719,1.184132231,0.2,2.115683306,0.0,0.0,0.8,0.5,1.2,0.48,0.644,0.6,0.0
1976-02-29,3.53,12.217388429752068,20.0,20.0,20.0,20.0,0.2404363636363636,0.3589289256198347,,0.1150413223140496,5.9,1.6738512396694218,,1.9326942148760335,7.8,0.5510479338842976,,,,,,17.175669421487605,4.532628099173553,0.6039669421487605,,15.231471074380169,295.881,295.881,,0.3784859504132232,2.9968264462809926,8.9,8.9,8.9,8.9,0.7247603305785122,1.47,1.47,1.47,12.786999999999995,,3.382214876033057,1.2999999999999996,1.3,1.3,0.3491504132231405,7.81,7.81,7.81,3.98,3.98,3.98,3.98,0.0,0.0,0.0,0.0,37.4,4.653421487603307,5.136595041322313,,0.1530049586776859,,8.156429752066117,30.135074380165285,5.8532462743070734,2.185785123966942,,0.1771636363636363,1.041123966942149,,9.905057851239668,2.985322314049586,0.3054347107438016,57.5,57.5,16.588958677685948,0.7937851239669423,,3.853884297520661,0.0,104.8,104.8,,67.3,5.5,5.5,34.3,,,43.66,43.66,0.040264463,1.01553719,0.2,1.554208264,0.0,0.297520661,0.6,0.3,1.6,0.36,0.575,0.6,0.0
1976-03-31,6.49,18.704528925619837,22.5,22.5,22.5,22.5,0.3769190082644628,0.6886611570247934,,0.1229752066115702,11.4,1.9245619834710743,,3.664661157024793,15.1,0.5226446280991736,,,,,,29.673917355371906,9.83801652892562,0.5988892561983471,,13.63795041322314,346.901,346.901,,0.3271140495867769,6.905057851239669,12.3,12.3,12.3,12.3,0.9100165289256198,2.18,2.18,2.18,16.865999999999996,,2.1766611570247933,0.9,0.9,0.9,0.4414809917355372,8.35,8.35,8.35,3.98,3.98,3.98,3.98,1.696,1.696,1.696,1.696,39.6,2.779239669421488,4.562380165289256,,0.1770842975206611,,12.205289256198348,35.890314049586785,4.9885674217799565,1.918413223140496,,0.2115173553719008,0.8300826446280992,,13.55186776859504,4.568528925619835,0.3271140495867769,62.5,62.5,17.86214876033058,0.8300826446280992,,3.166611570247934,0.8485289256198347,103.35,103.35,,62.8,5.1,5.1,37.5,,,44.93,44.93,0.091616529,0.759669421,0.1,1.754110413,0.28,2.076694215,0.6,0.3,1.6,0.36,0.46,0.5,0.0
1976-04-30,6.62,17.91074380165289,28.5,28.5,28.5,28.5,0.4141487603305786,0.8747107438016529,,0.1190082644628099,8.9,2.3325619834710745,,2.338512396694215,11.4,0.5254214876033056,,,,,,31.60264462809917,8.28892561983471,0.5896859504132234,,17.28595041322314,387.287,387.287,,0.3576198347107438,10.972561983471074,18.6,18.6,18.6,18.6,1.0770247933884298,23.5,23.5,23.5,1.44,,1.904132231404959,0.8,0.8,0.8,0.323702479338843,9.14,9.14,9.14,3.98,3.98,3.98,3.98,2.855,2.855,2.855,2.855,43.9,1.8803305785123967,4.665123966942149,,0.1957685950413223,,8.28892561983471,26.02115702479339,3.2215123909090915,0.850909090909091,,0.2808595041322314,0.8033057851239669,,1.1603305785123967,0.7616528925619834,0.3171570247933885,56.2,56.2,10.484628099173554,0.9877685950413224,,0.5795702479338842,0.7735537190082644,95.4,95.4,,67.1,3.1,3.1,37.5,,,43.46,43.46,0.135669421,0.842975207,0.1,2.831567603,1.488,10.04231405,2.8,2.3,1.3,1.68,1.594,1.6,0.0
1976-05-31,0.602,13.318214876033055,38.3,38.3,38.3,38.3,0.404588429752066,0.996099173553719,,0.1229752066115702,7.2,2.9391074380165287,,0.9407603305785124,7.7,0.6825123966942149,,,,,,41.479537190082645,4.513190082644629,0.6050380165289257,,23.580495867768597,417.662,417.662,,0.3535537190082645,16.097454545454546,30.6,30.6,30.6,30.6,1.9368595041322316,55.9,55.9,55.9,0.355,,4.236495867768595,1.6,1.6,1.6,0.347404958677686,7.84,7.84,7.84,3.98,3.98,3.98,3.98,2.67,2.67,2.67,2.67,44.3,11.77487603305785,13.318214876033055,,0.1783140495867768,,4.87596694214876,39.09996694214876,1.9939945829819496,0.2391867768595041,,0.3855272727272726,1.2789421487603303,,0.0713256198347107,0.5177256198347108,0.3172760330578512,35.7,35.7,18.37864462809917,2.7423471074380164,,0.768595041322314,0.4101223140495869,73.4,73.4,,63.1,1.9,1.9,34.3,,,38.54,38.54,0.169090909,1.205950413,0.2,3.590568595,0.833,18.11900826,4.8,3.9,3.2,2.88,3.543,3.5,0.0
1976-06-30,4.26,8.122314049586777,39.0,39.0,39.0,39.0,0.3207272727272727,0.311206611570248,,0.1190082644628099,0.8,2.481322314049587,,0.3421487603305786,0.8,0.4980495867768595,,,,,,12.638677685950412,0.073190082644628,1.1067768595041323,,25.93785123966942,405.916,405.916,,0.3165619834710744,1.44,29.5,29.5,29.5,29.5,2.1659504132231406,45.4,45.4,45.4,16.417,,5.141157024793388,1.7,1.7,1.7,0.3861818181818182,0.8,0.8,0.8,3.98,3.98,3.98,3.98,0.0,0.0,0.0,0.0,46.0,6.694214876033058,7.015537190082645,,0.2029090909090909,,3.225123966942149,36.261818181818185,2.4871645799179225,0.1219834710743801,,0.3260826446280992,1.7077685950413224,,11.7401652892562,2.255206611570248,0.3046611570247933,29.9,29.9,19.68396694214876,2.338512396694215,,0.7557024793388429,0.0326677685950413,50.4,50.4,,60.8,0.4,0.4,31.4,,,33.06,33.06,0.010710744,1.491570248,0.4,3.175912066,1.042,19.02743802,5.0,4.0,3.4,3.0,3.55,3.6,0.0
1976-07-31,2.28,6.3086280991735535,28.0,28.0,28.0,28.0,10.551272727272726,10.723438016528926,,0.1229752066115702,0.2,1.7462479338842976,,0.1340429752066116,0.1,0.2238148760330578,,,,,,7.507636363636363,0.0218280991735537,0.565685950413223,,32.53923966942149,379.478,379.478,,0.338796694214876,0.8300826446280992,30.0,30.0,30.0,30.0,2.1766611570247933,40.1,40.1,40.1,20.414,,5.8782148760330575,2.0,2.0,2.0,0.3486347107438017,0.0,0.0,0.0,0.367,0.367,0.367,0.367,0.0,0.0,0.0,0.0,44.8,17.874446280991737,17.86214876033058,,0.1524892561983471,,2.1705123966942144,36.50519008264463,2.438236446179792,0.1119074380165289,,0.4697652892561983,1.8507768595041325,,15.107504132231403,2.5763305785123967,0.3105123966942149,23.4,23.4,22.602842975206613,3.935206611570248,,0.768595041322314,0.0407662809917355,24.8,24.8,,63.1,1.0,1.0,25.9,,,26.68,26.68,0.001844628,1.576859504,0.6,3.631781157,1.152,19.63041322,5.5,4.4,3.8,3.3,4.029,4.0,0.0
1976-08-31,2.92,6.997289256198347,12.8,12.8,12.8,12.8,14.923041322314049,14.947636363636365,,0.1229752066115702,0.5,1.6724628099173553,,0.1869223140495867,0.6,0.1758545454545454,,,,,,7.833520661157025,0.0,0.6148760330578512,,24.58889256198347,364.22,364.22,,0.3621619834710743,1.77699173553719,26.7,26.7,26.7,26.7,2.0413884297520664,34.1,34.1,34.1,22.763,,5.632264462809917,2.0,2.0,2.0,0.3676958677685951,0.0,0.0,0.0,0.62,0.62,0.62,0.62,0.0,0.0,0.0,0.0,43.2,18.624595041322312,18.341752066115703,,0.1992198347107438,,2.7915371900826447,30.58393388429752,2.935146456535673,0.1192859504132231,,0.4728396694214877,1.6048264462809918,,17.136595041322312,3.381818181818182,0.3135867768595041,23.4,23.4,20.383140495867767,3.3879669421487604,,0.8300826446280992,0.0621024793388429,8.7,8.7,,62.4,1.4,1.4,21.9,,,21.8,21.8,0.00922314,1.394380165,0.6,3.291796364,0.843,12.59900826,5.2,4.2,3.3,3.12,3.708,3.7,0.0
1976-09-30,2.42,6.0575206611570245,2.52,2.52,2.52,2.52,9.907438016528925,9.931239669421489,,0.1190082644628099,0.2,1.5768595041322313,,0.1576859504132231,0.2,0.1880330578512397,,,,,,6.420495867768596,0.0,0.4302148760330578,,27.24099173553719,343.668,343.668,,0.337388429752066,1.9398347107438016,24.7,24.7,24.7,24.7,1.8446280991735535,16.0,16.0,16.0,29.115,,5.533884297520661,1.9,1.9,1.9,0.3290578512396694,0.0,0.0,0.0,0.654,0.654,0.654,0.654,0.0,0.0,0.0,0.0,40.7,12.787438016528926,12.799338842975208,,0.1213884297520661,,2.2968595041322315,31.31107438016529,2.1873514994096794,0.0833057851239669,,0.4260495867768596,1.553057851239669,,22.46280991735537,4.92099173553719,0.3088264462809917,23.3,23.3,26.05090909090909,3.9570247933884297,,0.6664462809917355,0.8449586776859505,4.2,4.2,,63.3,1.3,1.3,18.0,,,17.02,17.02,0.003570248,1.136132232,0.5,4.28639405,0.355,5.145123967,4.9,4.1,3.0,2.94,3.396,3.4,0.0
1976-10-31,0.985,5.220297520661158,2.61,2.61,2.61,2.61,0.0842380165289256,0.0934611570247933,,0.0805487603305785,0.1,1.5556363636363637,,0.1242049586776859,0.1,0.1875371900826446,,,,,,6.24099173553719,0.0,0.3756892561983471,,37.46439669421487,313.133,313.133,,0.3412561983471074,0.5767537190082646,23.7,23.7,23.7,23.7,2.010644628099174,5.46,5.46,5.46,13.171,,5.060429752066116,3.7,3.7,3.7,0.3627768595041322,0.0,0.0,0.0,0.552,0.552,0.552,0.552,0.0,0.0,0.0,0.0,35.8,4.83292561983471,5.312528925619835,,0.1199008264462809,,2.1951074380165294,43.21348760330578,0.9035203394332936,0.1063735537190082,,0.3689256198347107,0.9899504132231408,,8.706644628099173,4.777586776859504,0.3369520661157025,5.17,5.17,29.575537190082645,2.490247933884297,,1.3404297520661157,1.2666446280991737,4.1,4.1,,62.4,1.1,1.1,15.5,,,15.33,15.33,0.00307438,1.265454545,0.6,3.30422876,0.0,0.396694215,3.2,2.4,2.4,1.92,2.497,2.5,0.0
1976-11-30,1.33,5.611239669421487,2.83,2.83,2.83,2.83,0.0002380165289256,0.0797355371900826,,0.0059504132231404,0.3,1.4816528925619834,,0.192793388429752,0.4,0.1350743801652892,,,,,,6.563305785123967,0.0,0.4468760330578512,,36.37487603305785,284.6,284.6,,0.3171570247933885,0.6188429752066116,5.42,5.4,5.42,5.42,14.019173553719009,19.5,19.5,19.5,5.611000000000001,,4.117685950413224,2.4,2.4,2.4,0.3463140495867769,0.0,0.0,0.0,0.503,0.503,0.503,0.503,0.0,0.0,0.0,0.0,31.6,4.962644628099174,4.849586776859504,,0.1434049586776859,,2.505123966942149,41.36727272727273,1.412743204250294,0.264198347107438,,0.1362644628099173,1.553057851239669,,4.0819834710743805,1.5887603305785123,0.3022809917355372,7.62,7.62,3.6773553719008265,0.815206611570248,,0.0033322314049586,0.0,5.8,5.8,,64.0,1.2,1.2,14.5,,,15.83,15.83,0.005355372,1.374545455,0.4,1.117717686,0.0,0.0,0.8,0.3,2.0,0.48,0.844,0.8,0.0
1976-12-31,1.64,5.945851239669421,2.97,2.97,2.97,2.97,0.0002459504132231,0.0768595041322314,,0.0061487603305785,0.2,1.4326611570247934,,0.1414214876033057,0.2,0.1211305785123967,,,,,,5.982743801652891,0.0,0.3566280991735537,,24.521256198347107,266.33,266.33,,0.3117421487603306,0.2514842975206611,5.13,5.1,5.13,5.13,0.3160462809917355,19.4,19.4,19.4,1.912,,3.547834710743801,2.2,2.2,2.2,0.3344925619834711,0.01,0.01,0.01,0.448,0.448,0.448,0.448,0.056,0.056,0.056,0.056,26.8,4.666909090909091,4.654611570247934,,0.1045289256198347,,2.342677685950413,34.310082644628096,0.7920882449822935,0.1776991735537189,,0.1137520661157024,1.2174545454545451,,0.7993388429752066,0.7009586776859504,0.314201652892562,6.5,6.5,3.240396694214876,0.6763636363636364,,0.0,0.0,7.0,7.0,,61.6,1.2,1.2,13.5,,,16.6,16.6,0.004304132,1.049256198,0.2,0.745606612,0.0,0.0,0.2,0.0,1.6,0.12,0.492,0.5,0.0
1977-01-31,1.53,7.120264462809917,3.23,3.23,3.23,3.23,0.0,0.0719404958677685,,0.0061487603305785,0.7,1.5802314049586776,,0.3178909090909091,0.8,0.280998347107438,,,,,,7.255537190082644,0.0,0.7501487603305785,,9.346115702479338,269.688,269.688,,0.3431008264462809,0.2391867768595041,4.99,5.0,4.99,4.99,0.2951404958677686,18.0,18.0,18.0,2.091,,3.2957355371900827,2.099999999999999,2.1,2.1,0.3191206611570248,0.01,0.01,0.01,0.448,0.448,0.448,0.448,3.03,3.03,3.03,3.03,24.8,2.2258512396694217,2.3242314049586774,,0.111292561983471,,3.59702479338843,17.413289256198347,1.7074984179456902,0.971504132231405,,0.1371173553719008,1.174413223140496,,1.2666446280991737,0.5908958677685949,0.3172760330578512,7.77,7.77,2.73004958677686,0.4101223140495869,,0.0086697520661157,0.0,9.6,9.6,,61.6,2.0,2.0,14.5,,,17.7,17.7,0.004304132,1.001652893,0.2,0.635980165,0.0,0.0,0.2,0.0,1.2,0.12,0.297,0.3,0.0
1977-02-28,1.77,6.347900826446281,3.6,3.6,3.6,3.6,0.0051649586776859,0.0666446280991735,,0.0055537190082644,1.0,1.5550413223140496,,0.4387438016528925,1.4,0.1882710743801652,,,,,,7.664132231404959,0.0,1.4217520661157024,,3.0323305785123966,281.336,281.336,,0.2960132231404959,0.6386776859504132,5.04,5.0,5.04,5.04,0.2654677685950413,18.6,18.6,18.6,0.905,,2.42697520661157,1.7,1.7,1.7,0.309897520661157,0.01,0.01,0.01,0.534,0.534,0.534,0.534,3.03,3.03,3.03,3.03,24.2,1.2051570247933887,1.271801652892562,,0.0999669421487603,,3.554380165289256,11.701685950413223,2.2051745867768617,1.1940495867768597,,0.1216264462809917,0.816396694214876,,0.6275702479338843,0.1099636363636363,0.2238148760330578,8.94,8.94,2.1715041322314046,0.2854611570247934,,0.0345441322314049,0.0,10.9,10.9,,60.0,2.0,2.0,15.0,,,19.05,19.05,0.009441322,0.702347106,0.2,0.414406612,0.86,0.0,0.0,0.0,1.1,0.0,0.284,0.3,0.0
1977-03-31,1.95,7.575272727272727,4.08,4.08,4.08,4.08,0.0166631404958677,0.103299173553719,,0.0172165289256198,1.2,2.1766611570247933,,0.6640661157024794,1.6,0.4390214876033058,,,,,,9.284628099173554,0.0,1.7708429752066115,,2.416462809917355,296.441,296.441,,0.3332628099173554,1.4080661157024792,5.89,5.9,5.89,5.89,0.3117421487603306,19.1,19.1,19.1,4.224000000000001,,1.918413223140496,1.2,1.2,1.2,0.3135867768595041,0.01,0.01,0.01,0.534,0.534,0.534,0.534,3.03,3.03,3.03,3.03,23.8,1.4388099173553717,1.6171239669421489,,0.0651768595041322,,4.13196694214876,12.248330578512396,1.6885008347107442,0.6456198347107438,,0.1174413223140495,0.8485289256198347,,2.1090247933884294,2.674710743801653,0.1518743801652892,13.6,13.6,1.1375206611570248,0.2803834710743801,,0.06579173553719,0.0,11.9,11.9,,58.1,2.5,2.5,15.5,,,19.71,19.71,0.020290909,0.704727273,0.1,0.361566942,0.81,0.0,0.1,0.0,1.1,0.06,0.322,0.3,0.0
1977-04-30,2.24,6.795371900826447,7.1,7.1,7.1,7.1,0.0684297520661157,0.3201322314049587,,0.0672396694214876,1.7,2.421818181818182,,0.4546115702479338,1.7,0.5176859504132233,,,,,,14.334545454545454,0.0,1.8803305785123967,,27.02677685950413,289.188,289.188,,0.323702479338843,10.181157024793388,10.9,10.9,10.9,10.9,0.5480330578512398,31.2,31.2,31.2,6.867000000000002,,1.689917355371901,1.2,1.2,1.2,0.2029090909090909,1.31,1.31,1.31,2.814,2.814,2.814,2.814,3.03,3.03,3.03,3.03,25.7,0.4700826446280992,1.1484297520661155,,0.0421884297520661,,3.040661157024793,26.336528925619834,0.7388461570247904,0.2326611570247934,,0.1219834710743801,0.8033057851239669,,2.5170247933884298,0.3986776859504132,0.1481652892561983,12.5,12.5,4.07603305785124,0.9996694214876032,,0.0354644628099173,0.0113057851239669,11.2,11.2,,67.0,0.5,0.5,14.5,,,18.09,18.09,0.133884298,0.644231403,0.1,1.779919339,1.243,0.0,1.8,1.5,1.1,1.08,1.082,1.1,0.0
1977-05-31,2.6900000000000004,8.239338842975206,2.99,2.99,2.99,2.99,7.544528925619835,8.448396694214876,,0.0928462809917355,3.8,2.3857190082644624,,1.1375206611570248,4.7,0.5140363636363635,,,,,,20.610644628099173,0.0,3.701553719008265,,12.64185123966942,311.389,311.389,,0.2779239669421487,11.430545454545454,18.0,18.0,18.0,18.0,1.0452892561983471,47.7,47.7,47.7,4.169,,1.6724628099173553,1.2,1.2,1.2,0.3252694214876033,2.18,2.18,2.18,2.788,2.788,2.788,2.788,3.03,3.03,3.03,3.03,36.4,2.1582148760330577,2.7239008264462807,,0.0774743801652892,,4.568528925619835,22.59054545454545,1.6666416587957529,0.2539438016528925,,0.2158214876033057,0.768595041322314,,3.2342479338842973,0.9223140495867768,0.1537190082644628,10.1,10.1,6.505388429752066,1.3404297520661157,,0.2490247933884297,0.4279537190082644,11.4,11.4,,66.2,1.8,1.8,13.5,,,16.71,16.71,0.126049587,0.724958676,0.2,0.952504463,1.291,0.0,2.2,1.9,1.3,1.32,1.492,1.5,0.0
1977-06-30,1.4,4.724628099173554,4.93,4.93,4.93,4.93,0.2457520661157024,0.5373223140495867,,0.1184132231404958,1.2,1.7137190082644629,,0.2344462809917355,1.1,0.3415537190082645,,,,,,10.919008264462809,0.0016661157024793,0.9461157024793388,,24.045619834710745,299.82,299.82,,0.2011239669421487,3.504793388429752,16.1,16.1,16.1,16.1,6.438347107438017,52.4,52.4,52.4,9.872,,2.7907438016528925,1.7,1.7,1.7,0.1814876033057851,0.01,0.01,0.01,1.485,1.485,1.485,1.485,3.03,3.03,3.03,3.03,37.6,5.807603305785124,7.188099173553719,,0.0179702479338842,,1.8922314049586777,29.799669421487604,1.1151890342384905,0.0282644628099173,,0.1386446280991735,0.9996694214876032,,6.36099173553719,2.8740495867768594,0.144595041322314,11.4,11.4,8.282975206611571,0.9044628099173554,,0.1886280991735536,0.0624793388429752,8.9,8.9,,65.4,1.2,1.2,11.6,,,13.63,13.63,0.032727273,0.821157025,0.4,1.046356364,2.51,0.0,3.0,2.5,2.2,1.8,1.617,1.6,0.0
1977-07-31,0.678,3.3449256198347106,4.88,4.88,4.88,4.88,0.1229752066115702,0.2428760330578512,,0.1082181818181818,0.0,1.0760330578512396,,0.0682512396694215,0.0,0.1119074380165289,,,,,,5.085024793388429,0.0,0.3178909090909091,,23.75880991735537,279.217,279.217,,0.2139768595041322,0.4832925619834711,8.35,8.4,8.35,8.35,8.257785123966944,54.5,54.5,54.5,10.969000000000005,,2.834578512396694,2.099999999999999,2.1,2.1,0.1438809917355371,0.01,0.01,0.01,0.455,0.455,0.455,0.455,2.052,2.052,2.052,2.052,33.4,8.030280991735538,7.925752066115702,,0.0081163636363636,,1.0760330578512396,26.45196694214876,0.8145661216056662,0.0234882644628099,,0.1076033057851239,0.3400264462809917,,9.487537190082646,0.9038677685950414,0.1574082644628099,12.8,12.8,8.768132231404959,1.4019173553719009,,0.1813884297520661,1.2359008264462812,6.1,6.1,,66.3,0.6,0.6,9.9,,,9.89,9.89,0.001844628,0.86677686,0.6,1.47892562,2.624,0.0,3.4,2.9,2.4,2.04,1.708,1.7,0.0
1977-08-31,0.4929999999999999,3.105123966942149,4.72,4.72,4.72,4.72,0.1223603305785123,0.2330380165289255,,0.115596694214876,0.0,0.7993388429752066,,0.0415041322314049,0.0,0.0811636363636363,,,,,,4.107371900826446,0.0,0.2348826446280991,,19.620694214876035,261.905,261.905,,0.1973752066115703,0.3695404958677686,5.15,5.2,5.15,5.15,3.105123966942149,57.8,57.8,57.8,5.872,,2.56403305785124,2.2,2.2,2.2,0.1494148760330578,0.01,0.01,0.01,0.319,0.319,0.319,0.319,0.0,0.0,0.0,0.0,24.4,8.915702479338844,8.841917355371903,,0.0050419834710743,,0.9161652892561984,22.36919008264463,-0.4430536468029587,0.0210902479338843,,0.1094479338842975,0.0006763636363636,,4.1811570247933885,1.2051570247933887,0.1506446280991736,7.91,7.91,8.39305785123967,2.1090247933884294,,0.2902214876033058,0.0860826446280991,3.4,3.4,,66.3,0.4,0.4,8.3,,,5.15,5.15,0.001229752,0.930247934,0.6,2.22019438,2.365,0.0,3.5,2.9,2.4,2.1,1.475,1.5,0.0
1977-09-30,0.449,4.034380165289257,4.53,4.53,4.53,4.53,0.1362644628099173,0.2463471074380165,,0.1832727272727273,0.1,0.850909090909091,,0.0797355371900826,0.1,0.1231735537190082,,,,,,4.224793388429752,0.0,0.4266446280991735,,8.199669421487604,258.122,258.122,,0.1862479338842975,0.2552727272727272,4.85,4.9,4.85,4.85,0.288,56.3,56.3,56.3,7.355,,2.2611570247933885,1.9,1.9,1.9,0.1624462809917355,0.01,0.01,0.01,0.258,0.258,0.258,0.258,0.178,0.178,0.178,0.178,16.0,8.616198347107439,8.51504132231405,,0.0069619834710743,,1.0353719008264464,11.9900826446281,0.743604232627167,0.0466512396694214,,0.0648595041322314,0.0,,5.5517355371900825,0.4492561983471074,0.1648264462809917,5.51,5.51,6.765619834710744,2.0469421487603308,,0.0779504132231405,0.0020826446280991,3.0,3.0,,65.3,0.5,0.5,6.0,,,1.85,1.85,0.001190083,0.882644628,0.5,2.195281983,0.519,0.0,3.2,2.6,2.1,1.92,1.502,1.5,0.0
1977-10-31,1.94,5.398611570247934,2.97,2.97,2.97,2.97,1.5310413223140495,1.6847603305785124,,0.2275041322314049,0.1,1.0206942148760332,,0.0836231404958677,0.0,0.1420363636363636,,,,,,4.414809917355372,0.0,0.4138115702479339,,23.27920661157025,238.831,238.831,,0.2041388429752066,0.1647867768595041,4.57,4.6,4.57,4.57,0.2674710743801652,47.9,47.9,47.9,8.621,,2.207404958677686,1.9,2.0,2.0,0.1647867768595041,0.01,0.01,0.01,0.219,0.219,0.219,0.219,1.826,1.826,1.826,1.826,14.7,2.914512396694215,2.889917355371901,,0.0080548760330578,,1.1805619834710743,25.96006611570248,0.6015852745414234,0.0799338842975206,,0.0556462809917355,0.0,,2.828429752066116,5.6630082644628095,0.1647867768595041,8.36,8.36,4.291834710743801,1.3096859504132232,,0.0001229752066115,0.0,3.2,3.2,,66.0,1.2,1.2,5.5,,,1.82,1.82,0.001229752,0.908429752,0.6,1.126470744,0.066,0.0,0.8,0.5,1.4,0.48,0.955,1.0,0.0
1977-11-30,2.86,8.050909090909093,3.13,3.13,3.13,3.13,0.1356694214876033,0.2195702479338843,,0.2201652892561983,1.4,1.2138842975206612,,0.4992396694214876,1.7,0.2618181818181818,,,,,,6.37289256198347,0.0,1.1960330578512397,,17.9702479338843,233.156,233.156,,0.2290909090909091,0.2975206611570248,4.47,4.5,4.47,4.47,0.2421818181818182,38.4,38.4,38.4,11.210999999999997,,1.6244628099173557,1.5,1.4,1.4,0.2683636363636363,0.01,0.01,0.01,0.481,0.481,0.481,0.481,1.635,1.635,1.635,1.635,13.9,1.5173553719008264,1.963636363636364,,0.0684297520661157,,2.88,23.575537190082645,1.556994419203117,0.5224462809917354,,0.0785454545454545,0.0,,7.628429752066114,2.6598347107438016,0.1535206611570248,19.0,19.0,1.6601652892561984,0.6128925619834711,,0.0043438016528925,0.0,4.6,4.6,,65.9,1.6,1.6,5.3,,,2.71,2.71,0.004165289,1.111933884,0.4,0.663320331,0.344,0.0,0.4,0.1,1.0,0.24,0.528,0.5,0.0
1977-12-31,4.71,18.938181818181818,5.68,5.68,5.68,5.68,0.3172760330578512,1.19900826446281,,0.2275041322314049,13.9,2.8099834710743803,,4.033586776859504,18.6,0.3252694214876034,,,,,,33.70750413223141,11.356760330578512,5.361719008264463,,5.939702479338843,316.875,316.875,,0.3055933884297521,6.419305785123967,6.78,6.8,6.78,6.78,0.364006611570248,36.6,36.6,36.6,25.099,,2.053685950413223,1.9,2.0,2.0,1.2543471074380164,0.01,0.01,0.01,0.628,0.628,0.628,0.628,1.591,1.591,1.591,1.591,18.2,1.0022479338842976,2.5763305785123967,,0.2570181818181817,,20.088,37.07702479338843,10.055747345594227,6.868165289256198,,0.4562380165289257,0.1383471074380165,,14.95993388429752,10.5020826446281,0.1500297520661157,51.2,51.2,7.5875702479338845,0.4015140495867768,,0.0578598347107438,0.2754644628099174,19.2,19.2,,64.0,4.5,4.5,11.6,,,6.45,6.45,0.091616529,0.683107437,0.2,0.37338843,0.0,0.0,0.2,0.0,0.9,0.12,0.0,0.5,0.0
1978-01-31,6.82,82.51636363636364,9.85,9.85,9.85,9.85,0.4888264462809917,2.004495867768595,,0.2275041322314049,37.7,18.52006611570248,,17.37639669421488,54.6,5.1219173553719015,,,,,,87.80429752066115,15.673190082644629,27.44806611570249,,49.83570247933884,546.379,546.379,,0.4488595041322314,7.790479338842975,5.11,5.1,5.11,5.11,5.097322314049587,26.8,26.8,26.8,43.816,,5.171107438016528,5.299999999999999,5.2,5.2,2.207404958677686,0.01,0.01,0.01,2.987,2.987,2.987,2.987,3.03,3.03,3.03,3.03,19.0,8.251636363636361,11.61500826446281,,0.2613223140495868,,81.84,208.07404958677685,54.65180043211335,38.8601652892562,,5.466247933884298,0.6640661157024794,,26.19986776859504,24.58274380165289,0.6763636363636364,66.6,66.6,27.337388429752068,62.90181818181818,,74.46148760330578,1.8815206611570248,106.1,106.1,,64.1,5.5,5.5,45.45,,,26.39,26.39,0.115596694,0.482776855,0.2,0.661626446,0.0,0.0,0.2,0.1,0.6,0.12,0.062,0.4,0.0
1978-02-28,6.3,51.04978512396694,12.2,12.2,12.2,12.2,0.314895867768595,0.7886280991735537,,0.2054876033057851,25.3,3.415537190082645,,8.641586776859507,35.8,0.3982016528925618,,,,,,52.45487603305785,0.0,22.54254545454545,,135.78842975206612,580.64,580.64,,0.3970909090909091,5.231603305785123,6.8,6.8,6.8,6.8,0.3554380165289256,7.21,7.21,7.21,41.758,,3.604363636363636,3.6,3.6,3.6,1.071867768595041,0.01,0.01,0.01,2.052,2.052,2.052,2.052,3.03,3.03,3.03,3.03,16.2,8.741553719008262,11.02413223140496,,0.1849388429752066,,39.3980826446281,115.01752066115702,20.335640366756618,12.179305785123969,,4.776198347107438,0.7330909090909091,,19.81011570247934,23.825454545454544,0.3143404958677686,66.7,66.7,26.09692561983471,45.05732231404959,,74.36429752066115,1.7938512396694215,106.1,106.1,,55.1,5.5,5.5,57.5,,,37.06,37.06,0.082750413,1.537190083,0.2,0.672317355,0.0,0.0,0.2,0.1,0.6,0.12,0.107,0.4,0.0
1978-03-31,7.81,83.56165289256198,21.3,21.3,21.3,21.3,0.7132561983471074,1.7462479338842976,,0.2275041322314049,41.8,10.91404958677686,,13.195239669421484,55.2,3.209652892561984,,,,,,100.47074380165289,0.0,44.89824793388431,,183.78644628099173,695.261,695.261,,0.4236495867768595,19.66373553719008,10.8,10.8,10.8,10.8,3.2465454545454544,17.6,17.6,17.6,48.409,,5.066578512396695,3.2999999999999994,3.1,3.1,0.9284628099173554,0.01,0.01,0.01,0.311,0.311,0.311,0.311,3.03,3.03,3.03,3.03,19.0,10.95094214876033,18.01586776859504,,0.3578578512396694,,59.31709090909091,285.2409917355372,28.508860646848817,18.876694214876032,,25.91087603305785,0.4144264462809917,,29.009851239669423,25.658776859504133,0.983801652892562,67.0,67.0,28.419570247933883,68.06677685950413,,103.85256198347108,2.127471074380165,106.6,106.6,,67.0,5.5,5.5,57.0,,,48.55,48.55,0.286532231,1.535206612,0.1,0.87734876,0.0,0.0,0.2,0.1,0.8,0.12,0.205,0.7,0.0
1978-04-30,6.95,57.71900826446281,33.6,33.6,33.6,33.6,0.743801652892562,1.701818181818182,,0.2201652892561983,37.9,3.469090909090909,,10.805950413223144,50.9,0.6069421487603306,,,,,,91.93388429752066,0.0,31.9001652892562,,194.99504132231405,745.775,745.775,,0.3659504132231405,22.623471074380166,20.0,20.0,20.0,20.0,1.3388429752066116,12.3,12.3,12.3,49.22799999999999,,7.235702479338843,0.7,1.2,1.2,1.1841322314049587,0.01,0.01,0.01,1.091,1.091,1.091,1.091,3.03,3.03,3.03,3.03,29.3,2.558677685950413,10.597685950413224,,0.2665785123966943,,42.390743801652896,274.25454545454545,20.567458057851244,19.19603305785124,,17.28595041322314,0.4962644628099172,,27.645619834710743,29.72826446280992,0.8747107438016529,66.9,66.9,29.139173553719008,60.099173553719005,,80.27107438016529,1.963636363636364,107.2,107.2,,66.1,5.5,5.5,57.0,,,48.55,48.55,0.308826446,1.574876033,0.1,0.491523967,0.0,0.297520661,0.6,0.3,1.0,0.36,0.198,1.6,0.0
1978-05-31,7.19,39.8316694214876,63.2,63.2,63.2,63.2,3.1973553719008265,3.904462809917356,,1.2057719008264465,38.9,3.738446280991736,,4.175008264462812,43.6,0.6333223140495868,,,,,,136.19504132231404,15.4518347107438,16.466380165289255,,180.83504132231403,806.881,806.881,,0.3369520661157025,60.20866115702479,34.4,34.4,34.4,34.4,21.422280991735533,68.6,68.6,68.6,51.79700000000001,,8.030280991735538,2.7,2.8,2.8,3.480198347107438,8.9,8.9,8.9,3.98,3.98,3.98,3.98,3.03,3.03,3.03,3.03,49.3,4.777586776859504,16.54631404958678,,0.1764694214876032,,29.50790082644628,227.19669421487603,7.262680750688706,5.158809917355373,,2.3365289256198345,0.6333223140495868,,27.03609917355372,29.028297520661155,0.6148760330578512,66.7,66.7,30.63927272727273,41.94069421487603,,23.777256198347107,2.121322314049587,105.7,105.7,,63.4,5.5,5.5,55.2,,,48.55,48.55,0.689276033,0.885619833,0.2,3.605817521,1.504,20.22545455,2.2,1.6,1.6,1.32,3.639,0.5,0.0
1978-06-30,6.83,23.50413223140496,69.8,69.8,69.8,69.8,17.77388429752066,8.312727272727273,,9.980628099173552,30.0,2.784793388429752,,0.8092561983471075,30.5,0.5063801652892562,,,,,,107.9404958677686,14.709421487603306,0.5468429752066114,,29.47239669421488,930.961,930.961,,0.3635702479338843,47.27603305785124,46.7,46.7,46.7,46.7,28.98446280991736,74.0,74.0,74.0,50.227,,8.080661157024794,5.400000000000001,5.5,5.5,37.73752066115703,13.84,13.84,13.84,3.98,3.98,3.98,3.98,3.03,3.03,3.03,3.03,68.2,7.592727272727273,14.007272727272728,,0.2011239669421487,,47.4902479338843,76.10578512396694,2.1961915977961475,0.4070082644628098,,0.9223140495867768,1.2376859504132232,,23.575537190082645,25.55107438016529,0.5950413223140496,66.7,66.7,29.722314049586775,27.84793388429752,,0.850909090909091,1.7315702479338844,102.3,102.3,,65.9,5.5,5.5,53.5,,,48.11,48.11,0.448066116,1.209917355,0.4,7.147630413,2.525,25.8585124,3.7,2.8,2.6,2.22,3.816,5.5,0.0
1978-07-31,5.56,13.373553719008264,69.4,69.4,69.4,69.4,4.433256198347107,3.529388429752066,,1.6933685950413224,5.4,2.0905785123966942,,0.3000595041322313,5.4,0.408892561983471,,,,,,31.20495867768595,2.182809917355372,0.6148760330578512,,113.07570247933884,867.341,867.341,,0.4328727272727273,6.683702479338843,30.8,30.8,30.8,30.8,28.86842975206612,69.1,69.1,69.1,49.46700000000001,,8.140958677685951,6.4,6.5,6.5,0.3738446280991734,13.83,13.83,13.83,3.98,3.98,3.98,3.98,2.494,2.494,2.494,2.494,61.3,16.872198347107435,18.23722314049587,,0.132198347107438,,4.869818181818181,111.04661157024792,1.7130210399449068,0.2717752066115703,,0.7747438016528926,1.77699173553719,,22.283107438016525,23.05170247933884,0.6148760330578512,66.6,66.6,28.493355371900822,22.76885950413223,,0.2699305785123966,0.6825123966942149,89.5,89.5,,67.8,5.5,5.5,45.45,,,46.88,46.88,0.046115702,1.47768595,0.6,7.608551405,2.906,27.05454545,4.2,3.1,3.2,2.52,4.105,5.5,0.0
1978-08-31,4.64,9.905652892561983,68.9,68.9,68.9,68.9,0.4230347107438016,0.3781487603305785,,0.2275041322314049,0.6,2.059834710743801,,0.1205157024793388,0.4,0.3978247933884298,,,,,,13.195239669421484,0.3289586776859504,0.6093421487603304,,172.96462809917355,718.832,718.832,,0.3824528925619835,0.3904462809917355,13.2,13.2,13.2,13.2,20.75206611570248,48.8,48.8,48.8,49.153,,8.110214876033059,6.3,6.4,6.4,0.3529388429752065,13.32,13.32,13.32,3.869,3.869,3.869,3.869,1.478,1.478,1.478,1.478,44.6,17.51781818181818,17.89289256198347,,0.1137520661157024,,3.2280991735537192,174.8707438016529,0.9476506887052266,0.2859173553719009,,0.7501487603305785,1.8753719008264464,,23.30995041322314,21.600595041322315,0.6148760330578512,66.5,66.5,28.407272727272726,20.985719008264464,,0.3910611570247934,0.9346115702479338,74.7,74.7,,68.1,5.5,5.5,40.8,,,44.62,44.62,0.003689256,1.521322314,0.6,7.632259835,2.503,27.02479339,4.3,3.3,3.3,2.58,4.753,6.5,0.0
1978-09-30,2.2,6.71801652892562,56.6,56.6,56.6,56.6,12.668429752066116,12.537520661157023,,0.2201652892561983,1.1,1.993388429752066,,0.251702479338843,1.1,0.3534545454545454,,,,,,13.019504132231406,0.6902479338842975,0.5742148760330579,,160.899173553719,582.128,582.128,,0.3219173553719008,1.963636363636364,5.86,5.9,5.86,5.86,11.954380165289257,48.4,48.4,48.4,22.725,,5.99801652892562,4.999999999999999,5.1,5.1,0.3927272727272727,13.05,13.05,13.05,3.771,3.771,3.771,3.771,1.095,1.095,1.095,1.095,43.6,13.644297520661157,15.066446280991736,,0.1392396694214875,,4.260495867768595,168.93223140495869,1.9891838334795124,0.3873719008264463,,0.6188429752066116,1.0175206611570249,,12.174545454545454,8.556694214876034,0.648595041322314,56.2,56.2,27.95504132231405,6.795371900826447,,0.3582148760330578,0.8568595041322314,66.8,66.8,,68.4,4.8,4.8,39.2,,,43.86,43.86,0.006545455,1.287272727,0.5,5.844499835,0.689,10.8,3.7,2.9,2.4,2.22,3.549,4.0,0.0
1978-10-31,3.03,7.101818181818182,40.2,40.2,40.2,40.2,15.949884297520658,15.78386776859504,,0.2275041322314049,0.1,1.9245619834710743,,0.1481851239669421,0.0,0.3449454545454546,,,,,,9.18009917355372,0.0124204958677685,0.5896661157024794,,73.29322314049587,521.778,521.778,,0.2797685950413223,1.4203636363636365,2.86,2.9,2.86,2.86,4.291834710743801,38.0,38.0,38.0,30.687999999999995,,4.949752066115702,3.2999999999999994,3.4,3.4,0.3615471074380165,11.93,11.93,11.93,3.016,3.016,3.016,3.016,1.74,1.74,1.74,1.74,42.0,17.702280991735535,17.800661157024795,,0.1254347107438016,,3.1973553719008265,79.07305785123967,1.6108275092483264,0.6148760330578512,,0.5201851239669423,1.512595041322314,,12.721785123966942,16.44793388429752,0.3203504132231405,54.3,54.3,28.954512396694216,4.728396694214877,,0.2791537190082644,1.869223140495868,64.5,64.5,,67.1,5.2,5.2,33.95,,,40.47,40.47,0.002459504,1.09031405,0.6,5.250753719,0.881,3.689256198,4.2,1.3,2.4,2.52,3.402,4.8,0.0
1978-11-30,2.94,7.497520661157025,26.6,26.6,26.6,26.6,13.846611570247934,13.870413223140496,,0.2148099173553719,1.0,1.969586776859504,,0.3611900826446282,1.1,0.3010909090909091,,,,,,10.151404958677686,0.3790413223140496,0.5867107438016528,,54.6902479338843,485.431,485.431,,0.3302479338842975,0.3921322314049585,2.79,2.8,2.79,2.79,0.2320661157024793,29.7,29.7,29.7,22.26,,4.754380165289256,2.9,2.9,2.9,0.4099834710743801,11.86,11.86,11.86,3.130071044921875,3.130071044921875,3.130071044921875,3.130071044921875,1.826,1.826,1.826,1.826,40.0,16.298181818181817,16.072066115702484,,0.1297190082644628,,4.5877685950413225,61.82479338842976,3.2424994227525774,1.5411570247933883,,0.3486942148760331,1.7375206611570249,,5.724297520661157,16.393388429752065,0.3040661157024794,60.7,60.7,16.82181818181818,1.1662809917355372,,0.2017190082644628,1.1781818181818182,71.9,71.9,,66.8,5.2,5.2,33.6,,,41.53,41.53,0.005355372,1.312264463,0.4,3.05414281,0.0,0.0,1.6,0.1,1.5,0.96,1.576,0.6,0.0
1978-12-31,2.26,7.27398347107438,26.8,26.8,26.8,26.8,0.272390082644628,0.268700826446281,,0.2041388429752066,1.3,2.0782809917355367,,0.388601652892562,1.3,0.5158809917355373,,,,,,10.022479338842976,0.6517685950413223,0.6271735537190082,,57.269553719008265,445.391,445.391,,0.3658512396694215,0.3787636363636364,2.94,2.9,2.94,2.94,0.2305785123966942,26.5,26.5,26.5,14.338999999999997,,3.3018842975206613,2.099999999999999,2.2,2.2,0.3621619834710743,11.84,11.84,11.84,3.3316708984375,3.3316708984375,3.3316708984375,3.3316708984375,2.309,2.309,2.309,2.309,28.6,12.635702479338844,12.758677685950412,,0.1697057851239669,,4.845223140495868,64.99239669421488,2.6243233533254577,1.1867107438016529,,0.1721652892561983,0.744,,3.7937851239669422,10.66809917355372,0.3148165289256198,47.5,47.5,29.421818181818185,1.2912396694214876,,0.1408066115702479,1.0821818181818184,76.7,76.7,,67.4,5.6,5.6,35.0,,,42.04,42.04,0.007378512,0.973884298,0.2,2.027438678,0.0,0.0,0.9,0.1,1.8,0.54,0.753,0.5,0.0
1979-01-31,3.44,16.109752066115703,28.2,28.2,28.2,28.2,0.3246545454545455,0.4992793388429751,,0.1856925619834711,8.3,3.855272727272727,,2.859173553719009,11.0,0.9100165289256198,,,,,,23.174677685950414,4.802181818181817,1.4634049586776856,,69.41950413223141,436.071,436.071,,0.4457851239669421,3.1112727272727274,4.87,4.9,4.87,4.87,0.3006743801652892,9.96,9.96,9.96,33.037,,4.384066115702479,3.6,3.7,3.7,0.7993388429752066,12.53,12.53,12.53,3.53327099609375,3.53327099609375,3.53327099609375,3.53327099609375,3.03,3.03,3.03,3.03,22.9,8.884958677685951,9.567471074380164,,0.2139768595041322,,19.30710743801653,108.40264462809915,11.85845623292854,9.801123966942148,,1.5925289256198347,0.9038677685950414,,11.16,22.25851239669421,0.3627768595041322,65.3,65.3,29.46485950413223,1.5925289256198347,,1.2297520661157024,0.8731239669421488,104.8,104.8,,67.0,5.6,5.6,47.8,,,45.07,45.07,0.045500826,0.79338843,0.2,1.771586777,0.0,0.0,0.8,0.2,1.5,0.48,0.0,0.3,0.0
1979-02-28,4.08,30.545454545454547,29.6,29.6,29.6,29.6,0.2921256198347107,0.4243041322314049,,0.1516165289256198,11.2,1.91603305785124,,3.4766280991735536,15.2,0.4276363636363636,,,,,,22.9257520661157,6.020231404958678,1.1496198347107442,,54.22651239669422,460.194,460.194,,0.4431867768595041,2.121520661157025,5.66,5.7,5.66,5.66,0.3443305785123967,5.1,5.1,5.1,18.933000000000003,,2.660231404958678,1.2999999999999996,1.3,1.3,0.6775537190082644,12.6,12.6,12.6,3.715361328125,3.715361328125,3.715361328125,3.715361328125,3.03,3.03,3.03,3.03,19.4,7.697454545454545,8.302809917355372,,0.1643900826446281,,28.057388429752063,115.01752066115702,24.275225688705227,19.737917355371906,,10.08,1.0940826446280991,,4.554049586776859,17.49976859504132,0.2854611570247934,66.9,66.9,26.35795041322314,14.100892561983471,,50.71100826446281,1.149619834710744,106.4,106.4,,60.0,5.6,5.6,58.0,,,48.55,48.55,0.031100826,0.662479339,0.2,1.616846281,0.0,0.0,0.7,0.2,1.3,0.42,0.0,0.5,0.0
1979-03-31,6.87,38.18995041322314,32.0,32.0,32.0,32.0,0.3990545454545454,0.7993388429752066,,0.1500297520661157,31.2,2.2565950413223144,,12.340561983471074,46.2,0.5318677685950414,,,,,,55.16052892561984,19.903537190082645,0.5810578512396694,,12.22988429752066,613.704,613.704,,0.4765289256198347,10.754181818181818,4.92,4.9,4.92,4.92,4.371768595041321,8.12,8.12,8.12,35.657000000000004,,2.0475371900826445,1.2,2.0,2.0,1.4203636363636365,13.51,13.51,13.51,3.916961181640625,3.916961181640625,3.916961181640625,3.916961181640625,3.03,3.03,3.03,3.03,15.3,11.16614876033058,13.23213223140496,,0.2668561983471074,,44.43094214876033,72.61685950413224,21.54798674242424,20.62909090909091,,16.964429752066113,0.5386314049586777,,14.769322314049589,24.828694214876037,0.5503140495867768,66.7,66.7,29.38492561983471,41.64555371900826,,73.78512396694215,1.9737520661157024,107.0,107.0,,63.6,5.6,5.6,57.0,,,48.55,48.55,0.150644628,0.748561985,0.1,1.602539504,0.0,0.0,0.5,0.2,1.2,0.3,0.0,0.6,0.0
1979-04-30,6.96,32.411900826446285,40.6,40.6,40.6,40.6,0.6307438016528926,1.5768595041322313,,0.1273388429752066,29.0,2.4634710743801653,,8.02115702479339,38.5,0.648595041322314,,,,,,66.8826446280992,27.5801652892562,0.9937190082644628,,6.105123966942148,764.149,764.149,,0.4147438016528925,21.55239669421488,9.72,9.7,9.72,9.72,1.5828099173553718,14.3,14.3,14.3,45.425,,0.672396694214876,0.3,0.1,0.1,0.8330578512396695,13.84,13.84,13.84,4.019,4.019,4.019,4.019,3.03,3.03,3.03,3.03,26.3,3.231074380165289,9.151735537190085,,0.300495867768595,,28.847603305785125,37.70776859504132,9.4516254476584,7.146446280991736,,4.956694214876033,0.311206611570248,,14.03107438016529,34.94677685950413,0.5950413223140496,66.7,66.7,28.252561983471075,36.39272727272727,,37.02347107438017,2.124297520661157,106.4,106.4,,66.8,5.6,5.6,57.0,,,48.4,48.4,0.277884298,0.755702479,0.1,1.958035041,0.383,7.251570248,0.4,1.1,1.7,0.24,1.843,1.2,0.0
1979-05-31,7.25,34.814280991735544,61.7,61.7,61.7,61.7,8.448396694214876,10.932495867768596,,0.1137520661157024,41.3,3.658512396694215,,7.077223140495867,49.4,0.8485289256198347,,,,,,134.90380165289253,25.16687603305785,16.0544132231405,,89.03404958677686,933.777,933.777,,0.5275636363636363,56.56859504132231,42.6,42.6,42.6,42.6,2.514842975206612,57.5,57.5,57.5,49.75,,6.370115702479339,0.9,1.6,1.6,1.690909090909091,13.84,13.84,13.84,4.048,4.048,4.048,4.048,3.03,3.03,3.03,3.03,60.2,4.83292561983471,16.534016528925616,,0.2502545454545455,,29.29884297520661,118.179173553719,6.985001411845734,3.320330578512397,,1.955305785123967,0.4759140495867768,,21.90803305785124,35.693553719008264,0.6148760330578512,66.7,66.7,29.163570247933883,44.215735537190085,,16.773818181818182,2.2135537190082646,105.8,105.8,,68.0,5.6,5.6,57.0,,,47.39,47.39,0.621024793,0.485752067,0.2,5.37317157,2.097,27.05454545,2.3,2.2,2.2,1.38,4.14,4.2,0.0
1979-06-30,6.1,14.590413223140496,67.9,67.9,67.9,67.9,0.3385785123966942,0.696198347107438,,0.2017190082644628,7.4,2.4039669421487604,,0.9520661157024792,8.0,0.550413223140496,,,,,,44.22942148760332,5.331570247933884,0.6961983471074382,,74.91570247933885,928.619,928.619,,0.5051900826446281,13.281322314049588,36.9,36.9,36.9,36.9,21.558347107438017,71.6,71.6,71.6,30.71,,4.450909090909091,3.1,3.1,3.1,0.3350082644628099,13.84,13.84,13.84,3.995,3.995,3.995,3.995,3.03,3.03,3.03,3.03,57.1,10.710743801652892,12.781487603305784,,0.1523305785123966,,7.063140495867769,77.53388429752066,1.459169387052338,0.2671735537190082,,0.4534214876033058,1.3745454545454543,,9.8300826446281,19.285289256198347,0.5950413223140496,61.1,61.1,27.71702479338843,10.508429752066116,,0.6307438016528926,0.5087603305785124,83.0,83.0,,68.1,4.2,4.2,51.6,,,43.79,43.79,0.123768595,1.190082645,0.4,6.768664463,2.61,26.18181818,3.2,2.6,3.1,1.92,4.526,4.3,0.0
1979-07-31,4.98,9.370710743801652,65.5,65.5,65.5,65.5,2.717752066115702,2.64396694214876,,0.2201256198347107,1.6,2.010644628099174,,0.3234247933884298,1.5,0.5294082644628099,,,,,,15.826909090909089,0.7931900826446281,0.7317024793388428,,107.8492561983471,850.024,850.024,,0.4543933884297521,0.6456198347107438,13.3,13.3,13.3,13.3,27.681719008264466,69.1,69.1,69.1,35.152,,5.349421487603306,3.5,3.7,3.7,0.4537785123966942,12.3,12.3,12.3,3.958,3.958,3.958,3.958,2.783,2.783,2.783,2.783,47.6,13.392,13.533421487603306,,0.1770842975206611,,3.984396694214876,105.69719008264462,1.4820514746612743,0.314201652892562,,0.5318677685950414,1.5925289256198347,,10.348363636363638,24.50280991735537,0.6148760330578512,63.5,63.5,28.911471074380167,6.782082644628099,,0.3351074380165289,1.5494876033057852,51.4,51.4,,66.9,1.0,1.0,45.9,,,39.34,39.34,0.004304132,1.388429752,0.6,6.841612562,2.906,27.05454545,3.6,2.9,3.7,2.16,3.764,4.5,0.0
1979-08-31,4.37,9.807272727272728,62.7,62.7,62.7,62.7,2.3611239669421487,2.4287603305785126,,0.2109024793388429,0.4,1.967603305785124,,0.1475702479338843,0.1,0.4777586776859503,,,,,,10.588165289256198,0.0362776859504132,0.6148760330578512,,142.46677685950414,728.368,728.368,,0.3689256198347107,0.3855272727272726,1.56,1.6,1.56,1.56,12.881652892561984,56.9,56.9,56.9,31.1,,5.576925619834711,3.6,3.7,3.7,0.3578578512396694,11.03,11.03,11.03,3.995,3.995,3.995,3.995,2.082,2.082,2.082,2.082,39.4,12.967735537190082,12.77097520661157,,0.1783140495867768,,2.773090909090909,136.502479338843,1.154331948591663,0.4027438016528926,,0.4789884297520662,1.703206611570248,,7.046479338842976,23.064000000000004,0.6148760330578512,60.6,60.6,29.56323966942149,5.423206611570248,,0.3498644628099174,0.4808330578512396,19.3,19.3,,68.6,3.7,3.7,42.5,,,34.64,34.64,0.001229752,1.515371901,0.6,6.046312066,2.807,26.29289256,3.9,3.0,3.3,2.34,3.34,5.0,0.0
1979-09-30,2.22,6.485950413223141,54.3,54.3,54.3,54.3,8.098512396694215,7.943801652892562,,0.192198347107438,0.2,1.7315702479338844,,0.108297520661157,0.1,0.2850247933884297,,,,,,8.152066115702482,0.0,0.4801983471074382,,118.59173553719008,623.92,623.92,,0.3433388429752065,0.5373223140495867,1.32,1.3,1.32,1.32,0.3510743801652892,47.7,47.7,47.7,17.798,,4.950743801652893,3.4,3.6,3.6,0.3391735537190082,7.59,7.59,7.59,4.01,4.01,4.01,4.01,1.765,1.765,1.765,1.765,38.4,12.555371900826444,12.579173553719007,,0.1529256198347107,,2.386115702479339,119.42479338842976,0.1676616398043499,0.2868099173553719,,0.4272396694214875,1.3507438016528923,,7.43801652892562,8.532892561983472,0.5950413223140496,43.8,43.8,28.02644628099173,4.641322314049587,,0.2981157024793388,0.0,7.2,7.2,,66.9,2.1,2.1,37.5,,,30.4,30.4,0.001190083,1.301157025,0.5,6.096963967,1.068,9.6,3.7,2.8,2.4,2.22,2.538,3.0,0.0
1979-10-31,2.28,9.00793388429752,47.9,47.9,47.9,47.9,6.886611570247934,7.052628099173554,,0.2164363636363636,2.3,1.703206611570248,,0.5048132231404958,2.6,0.3412561983471074,,,,,,13.576462809917356,1.5310413223140495,1.3281322314049588,,120.39272727272729,533.267,533.267,,0.3449454545454546,2.3303801652892564,0.25,0.3,0.25,0.25,1.77699173553719,40.1,40.1,40.1,17.524,,4.365619834710744,3.4,3.4,3.4,0.3812231404958677,7.07,7.07,7.07,2.45,2.45,2.45,2.45,1.435,1.435,1.435,1.435,41.1,9.00793388429752,9.856462809917357,,0.2588628099173554,,4.777586776859504,123.28264462809918,2.063020985874521,1.2973884297520664,,0.6148760330578512,0.768595041322314,,8.47299173553719,10.2438347107438,0.3314181818181818,30.8,30.8,29.329586776859504,4.783735537190083,,0.2434909090909091,1.303537190082645,8.4,8.4,,68.2,4.1,4.1,35.3,,,29.53,29.53,0.019061157,1.03338843,0.6,4.022701488,0.329,2.300826446,2.4,1.3,1.6,1.44,1.355,7.1,0.0
1979-11-30,4.26,12.103140495867768,31.1,31.1,31.1,31.1,16.8099173553719,17.303801652892563,,0.2201652892561983,5.7,1.725619834710744,,1.4816528925619834,7.1,0.4659173553719008,,,,,,16.42909090909091,4.968595041322314,0.564099173553719,,97.22975206611572,476.03,476.03,,0.2713388429752066,3.986776859504132,5.34,5.3,5.34,5.34,0.5670743801652892,33.2,33.2,33.2,29.33,,2.737190082644628,1.9,2.0,2.0,0.5367272727272727,7.55,7.55,7.55,1.297,1.297,1.297,1.297,2.309,2.309,2.309,2.309,47.8,14.596363636363636,15.01289256198347,,0.1553057851239669,,7.723636363636365,107.04793388429752,2.79624583066284,1.5768595041322313,,0.4331900826446281,1.1127272727272728,,11.448595041322314,18.66644628099173,0.3094214876033058,37.6,37.6,28.466776859504133,1.1900826446280992,,0.2314710743801653,1.332892561983471,13.6,13.6,,68.1,5.3,5.3,36.7,,,30.49,30.49,0.047008264,0.924297521,0.4,1.191576198,0.0,0.0,0.7,0.1,1.0,0.42,0.372,0.7,0.0
1979-12-31,4.58,19.288661157024794,26.1,26.1,26.1,26.1,6.36396694214876,6.763636363636364,,0.2207404958677686,7.7,3.2280991735537192,,2.8837685950413223,10.3,0.959206611570248,,,,,,20.49996694214876,3.6462148760330577,1.7155041322314055,,106.6809917355372,424.028,424.028,,0.3086677685950413,3.400264462809917,8.19,8.2,8.19,8.19,0.7009586776859504,19.5,19.5,19.5,32.61300000000001,,3.5847272727272728,2.4,2.5,2.5,0.731702479338843,7.63,7.63,7.63,1.7381102294921875,1.7381102294921875,1.7381102294921875,1.7381102294921875,2.906,2.906,2.906,2.906,43.3,13.305917355371902,13.496528925619836,,0.1586380165289256,,16.49097520661157,138.71603305785123,10.027112926294487,8.073322314049587,,1.2174545454545451,1.3834710743801653,,16.380297520661156,17.837553719008266,0.3191206611570248,66.8,66.8,17.173487603305784,1.3711735537190082,,0.4267239669421488,1.1621157024793387,32.5,32.5,,66.3,5.6,5.6,42.5,,,32.51,32.51,0.057183471,1.055404959,0.2,1.039656198,0.0,0.0,0.4,0.1,1.5,0.24,0.0,0.6,0.0
1980-01-31,7.2,91.37057851239668,49.0,49.0,49.0,49.0,1.088330578512397,2.8960661157024794,,0.2170512396694214,26.9,69.11206611570248,,27.17752066115704,44.0,17.265719008264462,,,,,,207.6436363636364,6.98499173553719,64.68495867768596,,160.54413223140497,757.874,757.874,,0.4925157024793388,41.65785123966942,26.6,26.6,26.6,26.6,1.346578512396694,53.0,53.0,53.0,42.666,,4.851371900826447,3.2999999999999994,3.0,3.0,30.393322314049588,12.53,12.53,12.53,2.353228271484375,2.353228271484375,2.353228271484375,2.353228271484375,3.03,3.03,3.03,3.03,61.4,10.64965289256198,16.417190082644627,,1.2666446280991737,,136.07206611570248,421.80495867768593,43.71104528224546,29.409520661157025,,19.393190082644622,0.768595041322314,,24.6380826446281,28.333487603305784,7.132561983471074,66.9,66.9,29.3603305785124,107.35735537190082,,97.70380165289257,2.0782809917355367,106.6,106.6,,66.6,5.6,5.6,57.0,,,48.55,48.55,0.584132231,0.667239671,0.2,1.234189091,0.0,0.0,0.4,0.2,0.9,0.24,0.0,0.6,0.0
1980-02-29,6.65,94.73652892561984,54.7,54.7,54.7,54.7,4.820231404958677,0.5688793388429753,,0.2013223140495867,28.1,38.21672727272727,,16.600462809917357,42.2,6.913983471074381,,,,,,117.91735537190084,0.531490909090909,44.38294214876034,,197.180826446281,796.06,796.06,,115.84661157024792,14.167338842975209,21.1,21.1,21.1,21.1,13.045685950413226,55.3,55.3,55.3,47.915,,8.334743801652895,3.4,3.6,3.6,2.3410909090909096,13.53,13.53,13.53,2.928661376953125,2.928661376953125,2.928661376953125,2.928661376953125,3.03,3.03,3.03,3.03,62.2,10.940429752066114,16.7097520661157,,0.3623801652892561,,91.97553719008263,451.59471074380167,41.03022978650137,42.94492561983471,,34.40885950413224,0.6614876033057852,,26.908165289256203,24.641851239669418,11.952793388429754,67.2,67.2,27.50062809917356,101.46644628099172,,169.51338842975207,1.8751735537190088,108.7,108.7,,71.6,5.6,5.6,57.0,,,48.55,48.55,0.199596694,0.735867769,0.2,0.995869091,0.0,0.0,0.4,0.2,0.8,0.24,0.0,0.8,0.0
1980-03-31,7.16,49.07325619834711,54.4,54.4,54.4,54.4,5.650710743801653,0.5490842975206611,,,33.5,7.403107438016529,,9.776528925619832,44.6,1.211305785123967,,,,,,78.02776859504134,0.0,17.14274380165289,,216.37487603305783,776.359,776.359,,7.040330578512397,7.323173553719008,9.55,9.6,9.55,9.55,16.816859504132232,41.7,41.7,41.7,51.502,,9.050975206611568,4.599999999999999,4.6,4.6,1.0944793388429752,13.84,13.84,13.84,3.543779541015625,3.543779541015625,3.543779541015625,3.543779541015625,3.03,3.03,3.03,3.03,51.8,15.796165289256196,18.563107438016527,,0.2299636363636364,,46.6444958677686,292.9884297520661,21.430336157024797,24.496661157024796,,14.58485950413223,0.7378512396694215,,24.361388429752065,35.57057851239669,0.6130314049586778,66.8,66.8,29.85223140495868,65.42280991735537,,90.50975206611572,2.1766611570247933,106.4,106.4,,65.2,5.6,5.6,57.0,,,48.55,48.55,0.101454545,0.854876033,0.1,0.976048264,0.0,0.0,0.1,0.2,1.1,0.06,2.209,0.6,0.0
1980-04-30,7.04,32.27504132231405,55.7,55.7,55.7,55.7,14.989090909090908,0.6426446280991736,,,41.0,7.009586776859504,,4.784132231404959,46.2,0.850909090909091,,,,,,90.92231404958676,2.4277685950413224,18.636694214876037,,206.77685950413223,766.215,766.215,,0.2308760330578512,31.317024793388423,15.2,15.2,15.2,15.2,10.08,62.3,62.3,62.3,48.799,,8.366280991735538,1.4,1.4,1.4,0.8568595041322314,13.84,13.84,13.84,4.023,4.023,4.023,4.023,3.03,3.03,3.03,3.03,54.5,12.882644628099174,18.529586776859503,,0.2528925619834711,,28.008595041322312,243.9074380165289,7.827235571625343,6.932231404958678,,2.1421487603305787,0.5855206611570247,,23.70644628099173,34.13157024793389,0.6009917355371901,66.9,66.9,29.085619834710744,46.270413223140494,,39.338181818181816,2.1183471074380167,106.25,106.25,,61.1,5.6,5.6,57.0,,,48.55,48.55,0.404628099,0.550611573,0.1,4.397918678,0.599,10.43702479,0.8,1.1,1.0,0.48,3.563,1.0,0.0
1980-05-31,7.28,29.145123966942148,69.6,69.6,69.6,69.6,16.257322314049585,0.7378512396694215,,,45.3,8.583669421487603,,3.037487603305786,48.2,0.7378512396694215,,,,,,129.30842975206616,17.118148760330577,1.7339504132231405,,142.6512396694215,826.303,826.303,,0.2650115702479338,50.21077685950413,40.2,40.2,40.2,40.2,4.79603305785124,71.7,71.7,71.7,51.318,,9.604363636363637,5.299999999999999,5.4,5.4,22.77500826446281,13.84,13.84,13.84,4.035,4.035,4.035,4.035,3.03,3.03,3.03,3.03,68.8,9.149355371900828,18.587702479338844,,1.1621157024793387,,42.76462809917356,182.3107438016529,3.642096556473829,4.150413223140496,,0.7624462809917355,0.971504132231405,,21.717421487603307,35.017190082644625,0.6130314049586778,66.8,66.8,29.61857851239669,39.02618181818183,,8.571371900826446,2.2258512396694217,105.8,105.8,,68.5,5.6,5.6,55.2,,,48.55,48.55,0.546624793,1.104793388,0.2,7.227328264,2.993,27.05454545,2.2,2.2,1.4,1.32,4.258,3.4,0.0
1980-06-30,6.95,17.684628099173555,70.0,70.0,70.0,70.0,17.506115702479338,1.7970247933884298,,,32.9,2.374214876033058,,1.1365289256198348,33.7,0.6009917355371899,,,,,,76.8198347107438,5.599338842975207,0.8568595041322314,,136.56198347107437,816.936,816.936,,0.2314710743801653,36.10710743801653,46.6,46.6,46.6,46.6,25.61057851239669,74.6,74.6,74.6,49.269,,8.842314049586777,5.400000000000001,5.5,5.5,25.2297520661157,13.84,13.84,13.84,4.013,4.013,4.013,4.013,3.03,3.03,3.03,3.03,68.8,14.102479338842976,18.059504132231407,,3.225123966942149,,36.35702479338843,165.8380165289256,1.2266700068870509,0.708099173553719,,0.6426446280991736,1.1186776859504133,,22.20099173553719,29.722314049586775,0.5944462809917355,66.8,66.8,28.395371900826447,30.668429752066118,,3.7725619834710735,2.1659504132231406,104.5,104.5,,67.6,5.6,5.6,51.5,,,48.12,48.12,0.311206612,1.134545455,0.4,4.553087603,2.274,26.18181818,3.1,2.6,1.8,1.86,5.089,4.6,0.0
1980-07-31,5.080000000000001,11.608859504132232,66.3,66.3,66.3,66.3,8.4422479338843,7.458446280991735,,0.2152066115702479,5.8,1.690909090909091,,0.4894413223140494,5.9,0.5546181818181818,,,,,,28.94221487603306,1.3158347107438015,0.8608264462809917,,183.9094214876033,681.596,681.596,,0.3234247933884298,8.503735537190083,46.3,46.3,46.3,46.3,11.0739173553719,55.5,55.5,55.5,48.815,,5.626115702479339,3.8,3.8,3.8,4.660760330578513,13.84,13.84,13.84,3.989,3.989,3.989,3.989,3.03,3.03,3.03,3.03,62.4,17.388694214876033,18.47087603305785,,0.7378512396694215,,10.858710743801652,186.61487603305784,1.2825521005509637,0.4070479338842975,,0.731702479338843,1.524892561983471,,18.39094214876033,30.024396694214875,0.6136462809917356,66.6,66.6,28.720859504132232,24.687272727272727,,0.996099173553719,2.2258512396694217,94.4,94.4,,67.9,5.6,5.6,47.3,,,44.79,44.79,0.054723967,1.410247934,0.6,7.303580826,2.677,27.05454545,3.8,2.9,2.5,2.28,5.005,5.1,0.0
1980-08-31,5.27,10.071669421487604,65.8,65.8,65.8,65.8,0.3258842975206611,0.3019041322314049,,0.2127471074380165,1.3,1.9245619834710743,,0.1740099173553719,0.1,0.5718347107438019,,,,,,13.601057851239675,0.0565071074380165,0.8608264462809917,,190.85752066115705,509.969,509.969,,0.5146512396694214,0.7378512396694215,41.1,41.1,41.1,41.1,10.01018181818182,39.3,39.3,39.3,39.051,,4.814479338842975,3.2,3.2,3.2,0.3289586776859504,10.94,10.94,10.94,3.984,3.984,3.984,3.984,2.268,2.268,2.268,2.268,47.1,18.34790082644628,18.13884297520661,,0.1654016528925619,,3.4740495867768595,193.0710743801653,-0.483097031168828,0.2705454545454546,,0.6394710743801653,1.6417190082644628,,11.295272727272726,27.909223140495868,0.6148760330578512,62.3,62.3,29.30499173553719,15.70393388429752,,0.6702148760330578,2.275041322314049,73.2,73.2,,67.9,5.6,5.6,40.0,,,38.74,38.74,0.004304132,1.58677686,0.6,7.530878678,2.516,26.95933884,3.9,3.0,2.7,2.34,3.935,5.8,0.0
1980-09-30,3.05,6.723966942148761,54.8,54.8,54.8,54.8,10.901157024793388,10.288264462809918,,0.2273057851239669,0.2,2.136198347107438,,0.1118677685950413,0.0,0.3594049586776858,,,,,,10.20495867768595,0.0,0.6961983471074382,,178.21487603305786,339.226,339.226,,0.4706776859504133,1.297190082644628,18.2,18.2,18.2,18.2,29.597355371900825,39.8,39.8,39.8,33.745,,3.742809917355372,2.9,2.9,2.9,0.3344132231404958,10.7,10.7,10.7,3.98,3.98,3.98,3.98,1.878,1.878,1.878,1.878,47.4,10.615537190082645,10.478677685950414,,0.2451570247933884,,3.022809917355372,187.0809917355372,1.616630211334123,1.1365289256198348,,0.5557685950413223,0.5462479338842975,,11.787768595041324,20.921652892561983,0.5944462809917355,55.8,55.8,28.484628099173555,11.133223140495868,,0.5658842975206613,1.6839669421487604,65.7,65.7,,69.3,5.6,5.6,35.2,,,34.46,34.46,0.002380165,1.219239669,0.5,6.621004959,0.66,11.59338843,3.7,2.8,2.5,2.22,3.438,4.0,0.0
1980-10-31,1.31,7.237090909090909,35.3,35.3,35.3,35.3,19.58380165289256,19.073454545454545,,0.2699305785123966,0.6,1.7831404958677686,,0.1561785123966942,0.6,0.2367272727272727,,,,,,9.66585123966942,0.0277923966942148,0.694809917355372,,87.74280991735537,259.701,259.701,,0.4439404958677687,1.2297520661157024,4.47,4.5,4.47,4.47,14.732429752066116,44.2,44.2,44.2,24.724,,4.322578512396694,2.7,2.7,2.7,0.3541685950413223,10.24,10.24,10.24,3.734,3.734,3.734,3.734,3.03,3.03,3.03,3.03,48.7,17.997421487603305,18.212628099173557,18.335603305785124,0.1863074380165289,,3.148165289256198,103.48363636363636,4.083748971709674,1.8384793388429752,,,1.4203636363636365,,6.290181818181818,16.607801652892565,0.3240396694214875,49.0,49.0,26.11378512396694,5.675305785123967,,0.3547834710743801,0.0182618181818181,66.0,66.0,,65.666,5.2,5.2,32.9,,,31.5,31.5,0.005533884,1.11570248,0.6,5.518720661,0.702,3.074380165,2.966161983,1.3,2.03,1.77969719,3.376,,0.0
1980-11-30,3.12,8.062809917355372,20.8,20.8,20.8,20.8,15.215206611570247,14.828429752066116,,0.2665785123966943,1.2,1.654214876033058,,0.2296859504132231,1.4,0.1511404958677686,,,,,,9.943140495867768,0.3177520661157024,0.5706446280991734,,57.55834710743802,213.124,213.124,,0.407603305785124,0.4165289256198347,3.49,3.5,3.49,3.49,1.2912396694214876,33.8,33.8,33.8,25.611,,3.3143801652892564,2.1,2.1,2.1,0.3284628099173553,10.06,10.06,10.06,3.26,3.26,3.26,3.26,3.03,3.03,3.03,3.03,47.5,16.512396694214875,16.191074380165293,16.22677685950413,0.1315041322314049,,3.635702479338843,67.47768595041322,1.7370400520829783,0.2070743801652893,,,1.1186776859504133,,13.031404958677689,11.246280991735537,0.3034710743801653,45.4,45.4,24.426446280991737,5.349421487603306,,0.743801652892562,0.0092231404958677,68.5,68.5,,65.875,5.6,5.6,30.7,,,31.49,31.49,0.004760331,0.938380164,0.4,2.190440331,0.21,0.297520661,1.084760331,0.1,1.2,0.650856198,2.029,,0.0
1980-12-31,4.26,16.466380165289255,21.6,21.6,21.6,21.6,0.2557884297520661,0.3535537190082645,,0.2674710743801652,4.0,1.7708429752066115,,0.7255537190082645,4.4,0.4347173553719008,,,,,,17.265719008264462,3.504793388429752,1.6417190082644628,,64.62347107438016,178.703,178.703,,0.3431008264462809,1.0022479338842976,3.83,3.8,3.83,3.83,0.4107371900826446,19.3,19.3,19.3,28.819,,3.0313388429752064,2.099999999999999,2.1,2.1,0.4507041322314049,10.23,10.23,10.23,3.57,3.57,3.57,3.57,3.03,3.03,3.03,3.03,36.5,12.088462809917356,12.383603305785124,12.420495867768595,0.218895867768595,,6.960396694214876,84.2995041322314,2.590525511831676,0.5294082644628099,,,0.959206611570248,,22.69507438016529,4.224198347107438,0.3092826446280992,34.4,34.4,29.88297520661157,11.522776859504132,,0.5927404958677687,0.0552773553719008,86.4,86.4,,60.475,5.6,5.6,31.4,,,32.48,32.48,0.014142149,0.632330581,0.2,0.952323967,0.0,0.0,0.301289256,0.1,1.7,0.180773554,2.039,,0.0
1981-01-31,4.41,20.53071074380165,22.6,22.6,22.6,22.6,0.2484099173553718,0.2699305785123966,,0.2594776859504132,6.4,1.8815206611570248,,2.1151735537190084,8.5,0.516495867768595,,,,,,19.10419834710744,3.1727603305785124,2.631669421487602,,25.492760330578516,202.134,202.134,,0.2859173553719009,1.512595041322314,4.52,4.5,4.52,4.52,0.2926809917355372,15.7,15.7,15.7,15.618,,3.904462809917356,3.2,3.2,3.2,0.5570776859504132,10.23,10.23,10.23,3.88,3.88,3.88,3.88,3.03,3.03,3.03,3.03,29.8,10.004033057851238,10.225388429752067,10.268429752066115,0.1451107438016529,,13.336661157024793,52.7686611570248,10.992444060128184,7.98109090909091,,,0.8669752066115702,,10.66195041322314,4.562380165289256,0.3154314049586776,40.8,40.8,14.492628099173556,2.0229421487603307,,1.82003305785124,0.0854677685950413,105.5,105.5,,62.169,5.6,5.6,40.0,,,35.79,35.79,0.022135537,0.683702477,0.2,1.004505124,0.0,0.0,0.288991736,0.2,1.55,0.173395041,0.907,,0.0
1981-02-28,5.9,24.15867768595041,25.4,25.4,25.4,25.4,0.3543272727272726,0.672,,0.2265917355371901,14.6,2.282578512396694,,3.9431404958677687,19.1,0.516495867768595,,,,,,38.459504132231416,10.840859504132233,3.9931239669421488,,23.814347107438017,264.247,264.247,,0.2921256198347107,8.386115702479339,8.0,8.0,8.0,8.0,0.3909818181818182,20.2,20.2,20.2,23.636999999999997,,2.982347107438017,2.7,2.7,2.7,0.8719338842975206,10.42,10.42,10.42,4.008311767578125,4.008311767578125,4.008311767578125,4.008311767578125,3.03,3.03,3.03,3.03,26.7,10.03001652892562,11.44621487603306,11.473983471074382,0.3176727272727273,,15.61705785123967,43.80773553719008,5.863966694687131,2.304793388429752,,,0.7997355371900826,,8.11398347107438,19.05480991735537,0.2876826446280991,47.1,47.1,25.813685950413223,1.1385123966942148,,7.791867768595042,0.6442314049586778,104.8,104.8,,66.759,5.6,5.6,42.5,,,38.88,38.88,0.112185124,0.638677686,0.2,0.551841322,0.0,0.0,0.267133884,0.2,1.73,0.160280331,0.607,,0.0
1981-03-31,7.3,33.23404958677686,28.6,28.6,28.6,28.6,0.4156561983471074,0.7993388429752066,,0.2428760330578512,21.0,3.215801652892562,,7.5998677685950415,29.8,0.7501487603305785,,,,,,44.99047933884298,15.45798347107438,2.262743801652892,,21.545256198347104,359.269,359.269,,0.3824528925619835,7.575272727272727,10.4,10.4,10.4,10.4,0.5970446280991737,25.3,25.3,25.3,24.054,,2.93295867768595,3.0,3.0,3.0,0.9407603305785124,12.02,12.02,12.02,4.02441552734375,4.02441552734375,4.02441552734375,4.02441552734375,3.03,3.03,3.03,3.03,20.9,11.744132231404958,14.142148760330578,14.160595041322312,0.2748495867768595,,27.06684297520661,67.08297520661156,14.55554726715016,8.805024793388428,,,0.7378512396694215,,6.52998347107438,21.51451239669421,0.5589223140495868,61.4,61.4,29.37877685950413,2.0290909090909093,,25.621884297520666,1.36502479338843,105.3,105.3,,65.201,5.6,5.6,52.5,,,44.73,44.73,0.101454545,0.581157024,0.1,0.682690909,0.0,0.0,0.272390083,0.2,1.62,0.16343405,0.621,,0.0
1981-04-30,7.07,24.4502479338843,40.3,40.3,40.3,40.3,0.4754380165289256,1.3388429752066116,,0.2273057851239669,20.5,2.505123966942149,,5.236363636363636,26.4,0.6664462809917355,,,,,,63.43140495867769,17.952396694214876,0.6902479338842974,,19.963636363636365,450.391,450.391,,0.3207272727272727,27.520661157024797,23.9,23.9,23.9,23.9,0.7854545454545454,56.9,56.9,56.9,15.739,,1.689917355371901,1.3,1.3,1.3,0.4778181818181817,13.51,13.51,13.51,4.04,4.04,4.04,4.04,3.03,3.03,3.03,3.03,32.2,2.0350413223140498,7.235702479338843,7.217851239669422,0.1797024793388429,,15.137851239669422,40.67107438016529,5.300121486225895,1.309090909090909,,,0.3653553719008263,,7.527272727272727,10.002644628099173,0.5950413223140496,54.8,54.8,29.0499173553719,1.666115702479339,,3.171570247933884,1.689917355371901,102.1,102.1,,68.026,4.9,4.9,54.4,,,45.58,45.58,0.336198347,0.560132227,0.1,2.500250579,0.891,4.149421488,1.18353719,1.1,1.24,0.710122314,1.432,,0.0
1981-05-31,7.24,18.26181818181818,52.6,52.6,52.6,52.6,0.4008991735537189,0.9469090909090908,,0.235497520661157,8.4,3.0989752066115703,,1.2297520661157024,9.3,0.7255537190082645,,,,,,54.87153719008264,7.249388429752066,0.6271735537190082,,38.07312396694216,489.335,489.335,,0.5724495867768595,23.137785123966943,38.5,38.5,38.5,38.5,3.332628099173553,71.4,71.4,71.4,22.308000000000007,,3.6462148760330577,3.0,3.0,3.0,0.3658512396694215,13.84,13.84,13.84,4.018,4.018,4.018,4.018,3.03,3.03,3.03,3.03,41.3,2.496396694214876,5.952,5.90895867768595,0.1832330578512396,,7.556826446280992,52.70102479338843,3.1178554510035434,0.2201256198347107,,,0.6394710743801653,,8.503735537190083,12.648,0.6148760330578512,46.1,46.1,29.11438016528925,4.882115702479339,,0.7993388429752066,0.6210247933884298,81.6,81.6,,66.917,4.3,4.3,50.7,,,43.79,43.79,0.239186777,0.978049586,0.2,5.624854215,1.893,18.11107438,2.766327273,2.2,2.16,1.659796364,3.699,,0.0
1981-06-30,4.89,10.883305785123968,54.2,54.2,54.2,54.2,0.3332231404958677,0.3713057851239669,,0.1987438016528925,1.6,2.338512396694215,,0.4242644628099173,1.5,0.5950413223140496,,,,,,17.815537190082644,1.5233057851239669,0.586115702479339,,43.60462809917355,470.068,470.068,,0.3231074380165288,2.5765289256198347,31.2,31.2,31.2,31.2,9.615867768595042,52.9,52.9,52.9,33.78600000000001,,5.170909090909091,3.8,3.8,3.8,0.3344132231404958,13.09,13.09,13.09,3.992,3.992,3.992,3.992,3.03,3.03,3.03,3.03,37.9,5.069752066115703,6.497851239669422,6.545454545454546,0.1791074380165289,,3.6178512396694216,52.42314049586777,2.7009314064429084,0.108297520661157,,,1.404297520661157,,13.650247933884298,16.80396694214876,0.5950413223140496,50.0,50.0,24.176528925619834,5.081652892561984,,0.648595041322314,0.0546247933884297,62.2,62.2,,65.588,2.7,2.7,44.0,,,40.07,40.07,0.021421488,1.247603306,0.4,6.251004298,2.022,16.14347107,3.843966942,2.6,2.72,2.306380165,4.014,,0.0
1981-07-31,4.4,9.069421487603304,53.7,53.7,53.7,53.7,0.3074380165289256,0.2736198347107438,,0.2041388429752066,0.2,1.7216528925619834,,0.1242049586776859,0.2,0.1979900826446281,,,,,,9.192396694214876,0.1242049586776859,0.6333223140495868,,49.2761652892562,431.458,431.458,,0.2182809917355372,0.4494743801652892,29.6,29.6,29.6,29.6,1.3342809917355372,32.1,32.1,32.1,32.61899999999999,,5.613818181818182,3.6,3.6,3.6,0.3117421487603306,9.65,9.65,9.65,3.897,3.897,3.897,3.897,1.957,1.957,1.957,1.957,27.8,14.019173553719009,13.877752066115702,13.945388429752066,0.1936859504132231,,2.3365289256198345,52.77480991735537,2.936981911536517,0.0873123966942148,,,1.7216528925619834,,12.297520661157025,16.048264462809918,0.6148760330578512,49.4,49.4,26.273652892561984,4.980495867768595,,0.3953652892561983,0.0071940495867768,38.6,38.6,,66.571,2.7,2.7,35.8,,,34.76,34.76,0.001229752,1.503471074,0.6,5.007836033,2.627,18.87669421,4.328727273,2.9,3.05,2.597236364,5.259,,0.0
1981-08-31,2.5400000000000005,6.6591074380165285,52.9,52.9,52.9,52.9,0.3074380165289256,0.1617123966942149,,0.2287338842975207,0.3,1.4265123966942148,,0.0707107438016528,0.2,0.1807735537190083,,,,,,6.652958677685951,0.0,0.5244892561983471,,39.1491570247934,398.605,398.605,,0.379993388429752,0.3092826446280992,28.0,28.0,28.0,28.0,1.2912396694214876,15.0,15.0,15.0,31.143000000000004,,5.097322314049587,3.6,3.6,3.6,0.2637818181818182,9.05,9.05,9.05,3.703,3.703,3.703,3.703,1.025,1.025,1.025,1.025,11.2,17.468628099173557,17.130446280991737,17.247272727272726,0.1930710743801652,,2.0413884297520664,42.444892561983465,2.4811385634424044,0.1137520661157024,,,1.740099173553719,,11.651900826446282,15.91299173553719,0.6148760330578512,49.7,49.7,24.041652892561984,4.943603305785125,,0.3910611570247934,0.0032588429752066,13.2,13.2,,68.274,2.1,2.1,33.6,,,29.01,29.01,0.001229752,1.307504133,0.6,5.126106446,2.12,20.00727273,4.266009917,3.0,3.08,2.55960595,5.266,,0.0
1981-09-30,0.44,4.19504132231405,52.3,52.3,52.3,52.3,0.2695537190082645,0.1023471074380165,,0.275504132231405,0.1,1.3983471074380165,,0.2154049586776859,0.2,0.1451900826446281,,,,,,5.992066115702481,0.0,0.6009917355371899,,29.0499173553719,375.993,375.993,,0.3534545454545454,0.5468429752066115,27.2,27.2,27.2,27.2,1.6363636363636365,1.91,1.91,1.91,22.736999999999995,,5.295867768595041,3.6,3.6,3.6,0.2499173553719008,8.66,8.66,8.66,3.78,3.78,3.78,3.78,2.89,2.89,2.89,2.89,0.0,11.573553719008263,11.216528925619835,11.365289256198349,0.2130247933884298,,2.1897520661157026,35.083636363636366,2.4718618897031512,0.1761322314049586,,,0.5896859504132232,,9.008925619834711,10.478677685950414,0.5950413223140496,46.4,46.4,20.05289256198347,4.825785123966942,,0.2612231404958677,0.0109487603305785,4.6,4.6,,68.09,1.2,1.2,29.5,,,24.58,24.58,0.004760331,1.146247934,0.5,5.004289587,0.496,7.759338843,3.871933884,2.8,2.64,2.323160331,3.488,,0.0
1981-10-31,1.82,8.626710743801654,35.6,35.6,35.6,35.6,17.14274380165289,16.896793388429753,,0.2201256198347107,1.5,1.8446280991735535,,1.0391404958677684,2.6,0.2957553719008264,,,,,,11.190743801652893,1.7585454545454546,1.488,,26.42122314049587,371.144,371.144,,0.4101223140495869,1.764694214876033,15.4,15.4,15.4,15.4,16.4540826446281,19.2,19.2,19.2,6.419,6.898909090909091,5.294082644628099,3.640066115702479,3.640066115702479,3.640066115702479,0.5146512396694214,5.16,5.16,5.16,3.98,3.98,3.98,3.98,3.03,3.03,3.03,3.03,12.9,9.456793388429752,9.67814876033058,9.26003305785124,0.2379570247933884,,4.697652892561984,39.08766942148761,3.613387576049926,0.971504132231405,,,1.2789421487603303,1.4265123966942148,5.281785123966943,1.0821818181818184,0.3105123966942149,36.2,36.2,13.201388429752068,4.574677685950414,,0.2803834710743801,0.2834578512396695,5.8,5.8,,65.969,4.3,4.3,28.6,,,25.41,25.41,0.015986777,1.178181818,,2.557013554,0.075,1.388429752,2.134234711,1.3,1.53,1.280540826,2.95,,0.0
1981-11-30,5.98,65.09752066115702,45.3,45.3,45.3,45.3,15.64363636363636,16.8099173553719,,0.2070743801652893,30.9,27.47305785123967,,8.836363636363636,37.4,4.31404958677686,,,,,,123.05454545454543,18.678347107438015,30.10314049586777,,36.99371900826446,614.134,614.134,,0.5057851239669422,42.81917355371901,29.0,29.0,29.0,29.0,10.5500826446281,59.0,59.0,59.0,39.802,39.35603305785124,6.408595041322314,3.9451239669421487,3.9451239669421487,3.9451239669421487,24.616859504132236,9.5,9.5,9.5,3.976,3.976,3.976,3.976,3.03,3.03,3.03,3.03,50.5,8.830413223140496,14.453553719008264,13.870413223140496,0.4831735537190083,,65.93057851239669,155.96033057851238,36.48822280433463,17.506115702479338,,,0.9163636363636364,1.5292561983471074,19.969586776859504,23.373223140495867,1.8565289256198347,66.5,66.5,19.67206611570248,21.760661157024792,,0.6902479338842975,1.7494214876033058,69.5,69.5,,65.317,5.2,5.2,45.8,,,45.42,45.42,0.580165289,1.016925618,,0.935880992,0.266,0.0,0.709289256,0.1,1.39,0.425573554,0.764,,0.0
1981-12-31,6.97,75.93719008264463,55.0,55.0,55.0,55.0,17.60390082644628,3.074380165289256,,0.1844628099173553,38.6,63.94710743801653,,24.730314049586777,53.1,16.81071074380165,,,,,,167.9841322314049,0.0,59.38472727272728,,165.09421487603305,830.761,830.761,,70.89520661157025,38.18995041322314,39.8,39.8,39.8,39.8,10.643504132231405,62.4,62.4,62.4,51.09,49.17778512396694,8.534479338842976,4.08892561983471,4.08892561983471,4.08892561983471,42.11900826446281,13.84,13.84,13.84,3.98,3.98,3.98,3.98,3.03,3.03,3.03,3.03,64.3,8.159404958677685,14.763173553719009,13.963834710743802,4.297983471074381,,114.4899173553719,452.79471074380166,27.68999904022038,25.849388429752064,,,0.6517685950413223,1.7462479338842976,29.040595041322312,30.694611570247933,3.523239669421488,67.9,67.9,28.43801652892562,102.5613223140496,,136.7484297520661,2.1766611570247933,110.5,110.5,,74.261,5.0,5.0,57.0,,,48.55,48.55,0.499894215,0.532561982,,0.77898843,0.0,0.0,0.108218182,0.1,1.76,0.064930909,1.254,,0.0
1982-01-31,7.0,53.14988429752066,54.4,54.4,54.4,54.4,5.638413223140496,1.5556363636363637,,,37.2,8.608264462809917,,9.92409917355372,48.5,1.32198347107438,,,,,,73.1702479338843,1.7093553719008263,13.404297520661157,,211.39438016528925,761.893,761.893,,87.86578512396694,6.136462809917355,37.1,37.1,37.1,37.1,6.45004958677686,38.7,38.7,38.7,49.73700000000001,45.16264462809917,8.423801652892562,3.855272727272727,3.855272727272727,3.855272727272727,2.7239008264462807,13.84,13.84,13.84,3.98,3.98,3.98,3.98,3.03,3.03,3.03,3.03,56.8,12.309818181818182,17.597752066115703,17.112,1.4818512396694214,,54.86538842975207,379.5014876033058,32.424460110468324,31.86287603305785,,,0.7993388429752066,1.4818512396694214,24.871735537190084,31.881322314049587,0.4925157024793388,66.7,66.7,28.210512396694217,79.3804958677686,,134.71933884297522,2.3795702479338847,107.0,107.0,,70.044,5.6,5.6,57.0,,,48.55,48.55,0.081163636,0.609719019,,0.746796694,0.0,0.0,1.205771901,0.2,2.56,0.72346314,0.437,,0.0
1982-02-28,6.38,64.42314049586777,54.9,54.9,54.9,54.9,18.704925619834707,4.59292561983471,,0.1666115702479338,33.8,56.75900826446281,,18.621619834710742,45.7,11.63504132231405,,,,,,139.78710743801653,4.004231404958678,41.09752066115703,,187.77123966942148,802.415,802.415,,134.8998347107438,29.412495867768595,37.0,37.0,37.0,37.0,16.261289256198346,60.2,60.2,60.2,45.818000000000005,40.76985123966941,7.669685950413223,3.926479338842975,3.926479338842975,3.926479338842975,17.666380165289254,13.84,13.84,13.84,3.98,3.98,3.98,3.98,3.03,3.03,3.03,3.03,64.4,9.974479338842976,16.211305785123965,15.6281652892562,8.041785123966942,,98.41190082644628,508.4429752066116,34.15472077493113,34.68297520661157,,,0.1271801652892562,1.344,25.34717355371901,25.56376859504132,6.642247933884297,66.7,66.7,26.30241322314049,95.30181818181818,,136.23272727272726,2.110413223140496,106.8,106.8,,71.086,5.6,5.6,57.0,,,48.91,48.91,0.41486281,0.550611575,,0.685428099,0.0,0.0,0.936357025,0.2,1.4,0.561814215,0.454,,0.0
1982-03-31,7.04,61.044892561983474,54.8,54.8,54.8,54.8,10.139305785123966,6.142611570247934,,,45.3,10.13315702479339,,11.885553719008264,59.6,0.744,,,,,,98.81057851239667,5.00509090909091,21.24396694214876,,212.13223140495867,846.412,846.412,,14.972231404958675,11.996231404958678,35.9,35.9,35.9,35.9,7.114115702479339,52.0,52.0,52.0,50.106,45.58690909090909,8.571371900826446,4.986644628099173,4.986644628099173,4.986644628099173,3.2588429752066115,13.84,13.84,13.84,3.98,3.98,3.98,3.98,3.03,3.03,3.03,3.03,63.5,13.80396694214876,19.06115702479339,17.726876033057852,3.406413223140496,,64.25454545454545,334.86148760330576,33.94937178980718,36.025586776859505,,,0.0121130578512396,1.2543471074380164,27.632528925619837,21.065652892561985,10.723438016528926,67.5,67.5,29.120528925619837,77.59735537190083,,119.53190082644628,2.1766611570247933,107.4,107.4,,71.583,5.6,5.6,57.0,,,48.91,48.91,0.165401653,0.708099174,,0.773414876,0.0,0.0,0.502353719,0.2,1.3,0.301412231,0.908,,0.0
1982-04-30,6.71,109.96363636363635,55.5,55.5,55.5,55.5,19.642314049586776,5.224462809917355,,,30.6,81.40165289256198,,23.2899173553719,47.6,12.501818181818182,,,,,,167.9206611570248,4.254545454545455,44.800661157024784,,201.1239669421488,895.801,895.801,,246.58512396694212,34.18512396694215,35.4,35.4,35.4,35.4,18.285619834710744,64.4,64.4,64.4,46.794,40.290247933884295,8.02115702479339,0.0,0.0,0.0,36.89256198347108,13.84,13.84,13.84,3.98,3.98,3.98,3.98,3.03,3.03,3.03,3.03,65.3,11.704462809917356,15.24495867768595,17.05388429752066,12.70413223140496,,166.8495867768595,711.0743801652893,55.51709645730028,52.8099173553719,,,0.227900826446281,1.5828099173553718,30.18644628099173,10.54413223140496,23.569586776859506,66.8,66.8,11.03801652892562,149.71239669421487,,225.8776859504132,2.195702479338843,107.4,107.4,,71.251,5.6,5.6,57.0,,,48.69,48.69,0.42307438,0.854082646,,1.323169587,0.0,0.218181818,0.04938843,1.1,1.59,0.029633058,1.259,,0.0
1982-05-31,7.26,44.73838016528926,67.4,67.4,67.4,67.4,31.389421487603308,4.931305785123967,,0.2459504132231404,61.0,34.863471074380165,,5.410909090909091,66.9,0.9653553719008264,,,,,,185.63107438016524,0.0,39.61031404958678,,219.203305785124,963.893,963.893,,96.22809917355372,66.34512396694215,40.0,40.0,40.0,40.0,38.53428099173554,73.1,73.1,73.1,48.446,43.93904132231405,8.005685950413222,2.0475371900826445,2.0475371900826445,2.0475371900826445,97.9497520661157,13.84,13.84,13.84,3.98,3.98,3.98,3.98,3.03,3.03,3.03,3.03,65.7,8.294677685950413,19.325553719008266,17.505520661157025,26.888528925619838,,157.28528925619835,476.5289256198347,9.763669106336089,5.195702479338843,,,0.2557884297520661,0.9469090909090908,29.846082644628098,8.68819834710744,19.669884297520657,66.4,66.4,26.636429752066118,48.925685950413225,,28.751603305785125,2.299636363636364,105.5,105.5,,70.765,5.2,5.2,54.4,,,48.48,48.48,0.684357025,0.846545455,,6.453054545,1.538,22.56991736,1.946697521,2.2,2.05,1.168018512,4.288,,0.0
1982-06-30,6.93,21.1001652892562,69.9,69.9,69.9,69.9,17.345454545454544,4.064132231404959,,0.2380165289256198,35.6,3.195371900826446,,1.1246280991735538,36.3,0.72,,,,,,99.72892561983473,11.680661157024794,1.1365289256198348,,182.61818181818185,948.42,948.42,,0.7616528925619834,40.64132231404959,49.5,49.5,49.5,49.5,24.87867768595041,74.7,74.7,74.7,49.87,47.514049586776856,8.300826446280992,4.43900826446281,4.43900826446281,4.43900826446281,38.82049586776859,13.84,13.84,13.84,4.025,4.025,4.025,4.025,3.03,3.03,3.03,3.03,69.0,12.638677685950412,18.422479338842976,17.14314049586777,4.950743801652893,,52.41123966942149,229.03140495867768,4.551310472451794,1.4697520661157024,,,1.404297520661157,1.6244628099173557,24.777520661157023,26.979173553719008,0.6009917355371901,66.5,66.5,28.73454545454545,32.72132231404959,,2.1183471074380167,2.088595041322314,105.7,105.7,,68.186,5.3,5.3,50.0,,,47.03,47.03,0.340363636,1.324958678,,7.346610248,1.788,25.2892562,3.098975207,2.6,2.74,1.859385124,4.461,,0.0
1982-07-31,5.7,14.523371900826444,69.4,69.4,69.4,69.4,4.513190082644629,4.13196694214876,,0.3566280991735537,5.1,2.275041322314049,,0.5281785123966943,5.1,0.6456198347107438,,,,,,34.26704132231404,2.631669421487603,0.6702148760330578,,183.9094214876033,825.126,825.126,,0.3166611570247934,7.298578512396694,35.0,35.0,35.0,35.0,23.03325619834711,71.5,71.5,71.5,48.255,46.6998347107438,5.490842975206611,3.7630413223140495,3.7630413223140495,3.7630413223140495,1.5064462809917356,13.84,13.84,13.84,3.995,3.995,3.995,3.995,3.03,3.03,3.03,3.03,60.0,17.468628099173557,18.618446280991737,17.855999999999998,0.7009586776859504,,8.706644628099173,182.49520661157024,4.300317181542701,0.3271140495867769,,,1.3158347107438015,1.4080661157024792,19.47927272727273,26.80244628099173,0.6210247933884298,64.7,64.7,29.37877685950413,24.84099173553719,,1.4080661157024792,0.9899504132231408,96.1,96.1,,67.732,5.4,5.4,44.0,,,44.06,44.06,0.045500826,0.995900827,,7.527582149,2.151,26.1322314,3.64867438,2.9,3.0,2.189204628,4.555,,0.0
1982-08-31,4.75,10.760330578512397,68.8,68.8,68.8,68.8,0.5410909090909092,0.4341024793388429,,0.2834578512396695,1.1,2.3365289256198345,,0.1973752066115703,0.9,0.4685355371900826,,,,,,16.853752066115707,0.388601652892562,0.744,,180.2201652892562,674.924,674.924,,0.272390082644628,0.6333223140495868,15.8,15.8,15.8,15.8,20.09414876033058,51.4,51.4,51.4,47.167,46.8166611570248,5.091173553719008,3.5355371900826444,3.5355371900826444,3.5355371900826444,0.3553983471074379,13.21,13.21,13.21,3.995,3.995,3.995,3.995,3.03,3.03,3.03,3.03,49.5,10.9878347107438,11.725685950413222,10.91404958677686,0.264396694214876,,3.8921652892561984,175.6085950413223,2.6734235927587484,0.2102876033057851,,,1.4388099173553717,1.2789421487603303,16.44793388429752,29.200462809917354,0.6148760330578512,63.9,63.9,29.16971900826446,20.358545454545457,,1.0452892561983471,1.223603305785124,79.8,79.8,,68.747,4.1,4.1,39.6,,,39.01,39.01,0.004304132,0.939966942,,7.803133884,2.295,26.1322314,3.996694215,3.0,2.93,2.398016529,5.427,,0.0
1982-09-30,2.82,8.800661157024793,53.7,53.7,53.7,53.7,15.80429752066116,15.500826446280993,,0.2142148760330578,1.0,2.2611570247933885,,0.1892231404958678,0.9,0.3903471074380165,,,,,,15.024793388429751,0.0285619834710743,0.8152066115702478,,124.8396694214876,573.514,573.514,,0.2183801652892561,2.9573553719008263,3.28,3.3,3.28,3.28,16.536198347107437,56.8,56.8,56.8,29.156999999999996,28.633388429752067,4.629421487603306,3.415537190082645,3.415537190082645,3.415537190082645,0.4058181818181819,13.3,13.3,13.3,2.462,2.462,2.462,2.462,3.013,3.013,3.013,3.013,48.2,17.40495867768595,18.10710743801653,17.232396694214877,0.1999338842975206,,4.099834710743802,155.96033057851238,3.906689742424244,0.5587438016528926,,,1.297190082644628,1.5828099173553718,8.961322314049587,19.33289256198347,0.7557024793388429,47.7,47.7,28.199008264462808,18.23801652892562,,1.0472727272727274,2.148099173553719,82.7,82.7,,68.06450000000001,5.3,5.3,35.6,,,35.89,35.89,0.01785124,1.205950413,,6.879875702,0.591,10.27636364,3.886214876,2.8,2.7,2.331728926,4.543,,0.0
1982-10-31,3.74,12.14380165289256,39.3,39.3,39.3,39.3,18.544661157024795,18.43398347107438,,0.2588628099173554,5.0,3.240396694214876,,0.8423801652892562,5.5,0.545395041322314,,,,,,26.482710743801658,2.674710743801653,5.435504132231405,,130.2307438016529,488.528,488.528,,0.2539438016528925,15.027570247933884,11.6,11.6,11.6,11.6,3.26499173553719,51.0,51.0,51.0,50.235,48.5875041322314,3.148165289256198,2.152066115702479,2.152066115702479,2.152066115702479,0.707107438016529,13.84,13.84,13.84,4.036,4.036,4.036,4.036,3.014,3.014,3.014,3.014,55.0,17.339504132231404,18.84595041322314,17.966677685950412,0.2982148760330578,,9.272330578512396,116.76495867768595,6.458788431624217,3.5355371900826444,,,1.0575867768595042,1.574082644628099,15.66704132231405,32.803636363636365,0.3326479338842975,66.7,66.7,22.541355371900828,15.54406611570248,,0.983801652892562,1.6786115702479338,102.9,102.9,,67.382,4.3,4.3,35.3,,,33.85,33.85,0.183233058,1.136528926,,3.745398347,0.05,1.933884298,3.593950413,1.3,1.68,2.156370248,3.132,,0.0
1982-11-30,5.67,23.74809917355372,33.7,33.7,33.7,33.7,9.229090909090909,10.133553719008264,,0.239801652892562,12.1,4.308099173553719,,4.3676033057851225,16.4,1.2376859504132227,,,,,,37.10677685950413,9.812231404958675,5.676694214876033,,122.5190082644628,456.465,456.465,,0.3094214876033058,8.3900826446281,4.9,4.9,4.9,4.9,10.67504132231405,48.0,48.0,48.0,47.48399999999999,47.16297520661157,3.0942148760330577,2.3563636363636364,2.3563636363636364,2.3563636363636364,1.0651239669421488,13.84,13.84,13.84,2.934086173502604,2.933419506835938,2.934086173502604,2.933419506835938,3.03,3.03,3.03,3.03,55.0,16.417190082644627,18.26776859504132,17.321652892561982,0.2457520661157024,,22.903140495867767,161.79173553719008,15.57920036378816,9.925289256198347,,,1.1424793388429753,1.642314049586777,19.95768595041322,28.21685950413223,0.5718347107438015,67.3,67.3,20.1897520661157,49.227768595041326,,72.05950413223141,1.4102479338842977,112.2,112.2,,68.788,5.2,5.2,44.1,,,38.54,38.54,0.116628099,0.959404959,,1.329282645,0.0,0.0,0.61646281,0.1,1.47,0.369877686,1.02,,0.0
1982-12-31,6.84,45.384,37.7,37.7,37.7,37.7,0.5281785123966943,1.0022479338842976,,0.247795041322314,34.9,13.010776859504132,,11.713388429752069,45.7,4.002842975206611,,,,,,71.44859504132232,16.69388429752066,11.590413223140496,,136.502479338843,514.441,514.441,,0.4857520661157025,6.892760330578512,7.37,7.4,7.37,7.37,0.4347173553719008,34.8,34.8,34.8,47.395,47.75127272727273,3.689256198347108,2.64396694214876,2.64396694214876,2.64396694214876,1.6355702479338845,13.84,13.84,13.84,3.318228908962674,3.317562242296007,3.318228908962674,3.317562242296007,3.03,3.03,3.03,3.03,46.6,15.562512396694215,18.87054545454545,17.49937190082645,0.247795041322314,,55.0006611570248,235.804958677686,32.16401907067522,21.01031404958678,,,0.5859768595041321,1.5556363636363637,24.238413223140498,25.787900826446283,1.5494876033057852,66.6,66.6,28.720859504132232,70.89520661157025,,121.37652892561984,1.986049586776859,106.6,106.6,,67.153,5.0,5.0,49.7,,,48.76,48.76,0.103299174,0.598413223,,0.995557686,0.0,0.0,0.435947107,0.1,1.95,0.261568264,1.054,,0.0
1983-01-31,6.97,60.540694214876034,40.9,40.9,40.9,40.9,0.4912859504132231,0.8362314049586776,,0.247795041322314,36.5,7.360066115702479,,8.915702479338844,46.4,1.414214876033058,,,,,,57.515504132231406,15.894545454545456,7.716694214876033,,120.39272727272729,556.824,556.824,,0.4095074380165289,5.324826446280991,3.07,3.1,3.07,3.07,5.896661157024793,18.5,18.5,18.5,47.358,47.80661157024793,8.171702479338842,2.859173553719008,2.859173553719008,2.859173553719008,1.051438016528926,13.84,13.84,13.84,3.614757720269097,3.613646609157986,3.614757720269097,3.613646609157986,3.03,3.03,3.03,3.03,36.5,15.83305785123967,18.47087603305785,17.76376859504132,0.2102876033057851,,45.56231404958677,195.8380165289256,39.919555445730005,38.81712396694214,,,0.0,1.2604958677685951,22.11709090909091,32.28714049586777,0.6394710743801653,66.9,66.9,28.05064462809917,64.13157024793388,,90.44826446280992,2.0290909090909093,109.0,109.0,,68.587,5.6,5.6,57.0,,,49.05,49.05,0.087312397,0.597421485,,1.378716694,0.0,0.0,0.198604959,0.2,2.34,0.119162975,1.478,,0.0
1983-02-28,6.4,102.02181818181818,32.4,32.4,32.4,32.4,12.323702479338843,5.142743801652893,,0.2221487603305785,41.1,25.369388429752068,,20.8153388429752,61.2,6.225719008264463,,,,,,91.02545454545456,0.0,34.466380165289245,,170.99900826446282,722.717,722.717,,0.5470413223140497,5.570380165289257,5.22,5.2,5.22,5.22,0.3415537190082645,5.61,5.61,5.61,41.603,42.56370247933885,4.865057851239669,3.2378181818181817,3.2378181818181817,3.2378181818181817,1.6105785123966945,13.84,13.84,13.84,3.69665009765625,3.697316764322917,3.69665009765625,3.697316764322917,3.03,3.03,3.03,3.03,34.7,13.645487603305783,16.99993388429752,15.86697520661157,0.2310347107438016,,85.80495867768595,321.50479338842973,49.73313864738292,50.011239669421485,,,0.0,1.9715702479338844,21.592859504132228,27.20211570247934,1.6383471074380165,67.7,67.7,24.780694214876032,103.41024793388428,,166.11173553719007,1.9271404958677687,110.0,110.0,,71.774,5.6,5.6,57.0,,,48.76,48.76,0.094968595,0.365553718,,1.344731901,0.0,0.0,0.211041322,0.2,2.05,0.126624793,1.32,,0.0
1983-03-31,6.95,154.76429752066116,28.9,28.9,28.9,28.9,14.91689256198347,2.6501157024793387,,,50.1,61.67206611570248,,27.097586776859504,74.3,10.004033057851238,,,,,,162.3272727272727,0.0,55.37573553719008,,206.96727272727276,794.667,794.667,,268.63933884297523,16.995173553719006,3.93,3.9,3.93,3.93,6.720595041322314,22.0,22.0,22.0,45.618,46.29401652892562,5.355570247933883,4.119669421487603,4.119669421487603,4.119669421487603,3.3695206611570248,13.84,13.84,13.84,3.7846192816840274,3.7857303927951382,3.7846192816840274,3.7857303927951382,3.03,3.03,3.03,3.03,39.2,13.68714049586777,19.098049586776863,17.60390082644628,0.3990545454545454,,138.22413223140495,718.1752066115703,70.71525110964191,71.20264462809918,,,0.0,2.121322314049587,21.065652892561985,34.09487603305785,3.812231404958678,67.2,67.2,24.693421487603302,142.89719008264464,,236.4198347107438,2.059834710743801,108.1,108.1,,71.169,5.6,5.6,57.0,,,48.9,48.9,0.266856198,0.451041323,,1.496959339,0.0,0.0,0.189381818,0.2,2.15,0.113629091,1.2,,0.0
1983-04-30,6.85,58.80793388429752,22.5,22.5,22.5,22.5,13.709752066115705,1.356694214876033,,,50.2,11.76396694214876,,11.775867768595038,63.5,1.5768595041322322,,,,,,89.13719008264461,0.0,26.77090909090909,,169.3487603305785,848.701,848.701,,44.80661157024793,12.47206611570248,3.51,3.5,3.51,3.51,4.700826446280992,20.4,20.4,20.4,45.199,42.54545454545455,7.66413223140496,2.314710743801653,2.314710743801653,2.314710743801653,1.8446280991735535,13.84,13.84,13.84,3.902262217881944,3.904262217881944,3.902262217881944,3.904262217881944,3.03,3.03,3.03,3.03,35.2,13.965619834710743,18.23801652892562,17.38115702479339,0.2868099173553719,,56.54082644628099,305.55371900826447,25.22470545867769,24.313388429752067,,,0.0,1.297190082644628,21.60595041322314,29.98413223140496,2.784793388429752,67.4,67.4,26.64,73.48760330578513,,93.18347107438017,2.076694214876033,110.5,110.5,,70.748,5.6,5.6,57.0,,,48.83,48.83,0.188033058,0.538909088,,3.145134545,0.0,0.0,0.412363636,1.1,1.24,0.247418182,2.64,,0.0
1983-05-31,7.24,56.08899173553719,53.6,53.6,53.6,53.6,6.376264462809917,1.7093553719008263,,,58.5,22.738115702479337,,10.323768595041322,70.2,1.260495867768595,,,,,,181.75735537190087,0.0,48.85190082644628,,187.78314049586777,924.88,924.88,,130.5381818181818,64.37752066115702,20.7,20.7,20.7,20.7,13.041520661157024,65.6,65.6,65.6,50.85600000000001,48.62439669421487,8.331570247933884,4.359471074380166,4.359471074380166,4.359471074380166,43.92674380165289,13.84,13.84,13.84,3.9427777777777777,3.942555555555556,3.9427777777777777,3.942555555555556,3.03,3.03,3.03,3.03,60.8,8.903404958677687,19.63299173553719,18.101950413223136,0.4783735537190082,,94.44495867768596,440.1897520661157,16.299245973829198,15.556363636363637,,,0.0,0.9469090909090908,24.51510743801653,34.99259504132231,0.731702479338843,66.7,66.7,29.354181818181814,65.42280991735537,,63.6396694214876,2.4533553719008263,106.1,106.1,,72.358,5.2,5.2,52.5,,,48.4,48.4,0.784581818,0.429818179,,5.118961983,0.699,11.05586777,1.220528926,2.2,1.66,0.732317355,5.04,,0.0
1983-06-30,6.9,39.67140495867768,68.7,68.7,68.7,68.7,41.39107438016529,1.7613223140495868,,,60.3,43.979504132231405,,2.844297520661157,62.7,1.172231404958678,,,,,,215.8214876033058,12.739834710743802,28.621487603305784,,215.9404958677686,965.718,965.718,,112.52231404958678,95.50413223140497,42.0,42.0,42.0,42.0,37.74942148760331,73.8,73.8,73.8,48.859,47.56165289256198,7.848595041322314,3.308429752066116,3.308429752066116,3.308429752066116,155.48429752066116,13.84,13.84,13.84,3.920355555555556,3.919911111111111,3.920355555555556,3.919911111111111,3.03,3.03,3.03,3.03,66.9,4.415206611570248,18.767603305785123,17.357355371900827,28.550082644628095,,188.5090909090909,536.5487603305785,5.555805053719014,1.3626446280991735,,,0.4861487603305785,1.1067768595041323,19.68396694214876,33.07239669421487,0.5950413223140496,66.5,66.5,27.455206611570247,37.862479338842974,,11.418842975206612,2.0528925619834717,105.5,105.5,,70.864,5.3,5.3,51.6,,,47.24,47.24,0.988958678,1.037355372,,7.699681983,1.845,22.32595041,2.935933884,2.6,2.41,1.761560331,5.04,,0.0
1983-07-31,7.04,19.70677685950413,69.8,69.8,69.8,69.8,16.515570247933887,5.109619834710744,,0.1844628099173553,30.3,3.049785123966942,,0.694809917355372,30.2,0.9346115702479338,,,,,,85.09884297520664,8.878809917355373,0.9407603305785124,,187.96760330578516,914.79,914.79,,7.390809917355372,40.63100826446281,49.8,49.8,49.8,49.8,30.09203305785124,73.5,73.5,73.5,50.438,49.03636363636364,8.011834710743804,4.058181818181819,4.058181818181819,4.058181818181819,50.54895867768595,13.84,13.84,13.84,4.028,4.028,4.028,4.028,3.03,3.03,3.03,3.03,67.7,14.05606611570248,18.73527272727273,17.57315702479339,7.60601652892562,,61.25395041322314,248.0409917355372,4.193719891460048,0.3535537190082645,,,1.2666446280991737,1.4203636363636365,23.709619834710743,29.33573553719008,0.6148760330578512,66.2,66.2,28.413421487603305,33.049586776859506,,3.14201652892562,2.281190082644628,103.5,103.5,,68.989,5.4,5.4,47.8,,,44.93,44.93,0.321580165,1.184132231,,8.119642314,2.081,24.84495868,3.391656198,2.9,2.78,2.034993719,5.37,,0.0
1983-08-31,6.42,13.613355371900829,69.3,69.3,69.3,69.3,2.4410578512396697,2.6193719008264464,,0.2029090909090909,3.4,2.0229421487603307,,0.3584727272727272,3.0,0.8054876033057852,,,,,,25.646479338842965,1.488,0.8239338842975205,,165.15570247933886,793.739,793.739,,0.3092826446280992,4.91900826446281,33.5,33.5,33.5,33.5,24.77950413223141,63.6,63.6,63.6,49.405,48.56290909090909,5.490842975206611,3.7937851239669422,3.7937851239669422,3.7937851239669422,0.3652363636363637,13.84,13.84,13.84,4.001,4.001,4.001,4.001,3.03,3.03,3.03,3.03,57.8,15.32885950413223,15.857652892561982,14.228231404958676,0.3400264462809917,,5.220297520661158,164.72528925619835,3.1419241987013007,0.3037487603305785,,,1.5679338842975206,1.7155041322314049,21.176330578512395,26.488859504132236,0.6148760330578512,66.2,66.2,29.3603305785124,24.63193388429752,,1.4941487603305783,2.3857190082644624,93.1,93.1,,68.306,4.1,4.1,41.7,,,40.74,40.74,0.050419835,1.517355372,,8.271923306,1.968,24.8231405,3.672654545,3.0,2.97,2.203592727,5.37,,0.0
1983-09-30,3.92,9.96099173553719,58.6,58.6,58.6,58.6,11.2700826446281,11.26413223140496,,0.2451570247933884,1.9,1.8565289256198347,,0.5426776859504132,1.9,0.708099173553719,,,,,,15.24495867768595,0.3683305785123967,0.910413223140496,,130.43305785123968,692.553,692.553,,0.2362314049586777,1.1008264462809918,14.3,14.3,14.3,14.3,26.443636363636365,69.7,69.7,69.7,32.739,30.26380165289256,5.444628099173554,3.6178512396694216,3.6178512396694216,3.6178512396694216,0.564694214876033,13.46,13.46,13.46,3.994,3.994,3.994,3.994,1.896,1.896,1.896,1.896,51.7,17.940495867768593,18.523636363636363,17.512066115702478,0.2029090909090909,,4.224793388429752,130.7900826446281,3.8810001352673273,0.3861818181818182,,,1.5411570247933883,1.7077685950413224,13.043305785123968,16.91702479338843,0.5504132231404959,50.0,50.0,26.8899173553719,22.79603305785124,,1.7315702479338844,0.9758677685950412,96.5,96.5,,68.892,5.3,5.3,39.2,,,37.06,37.06,0.011900826,1.455867769,,7.82759405,0.875,11.25818182,4.393190083,2.8,2.71,2.63591405,3.798,,0.0
1983-10-31,3.79,10.600462809917357,48.6,48.6,48.6,48.6,11.221487603305786,11.596561983471076,,0.3295735537190083,2.5,2.0967272727272728,,0.7132561983471074,3.0,0.4384066115702479,,,,,,16.866049586776857,0.996099173553719,0.7132561983471074,,147.81619834710744,575.471,575.471,,0.1973752066115703,5.244892561983471,11.0,11.0,11.0,11.0,13.158347107438017,51.0,51.0,51.0,49.86,48.64899173553719,3.996694214876033,2.846876033057851,2.846876033057851,2.846876033057851,0.5072727272727273,13.44,13.44,13.44,4.034,4.034,4.034,4.034,2.021,2.021,2.021,2.021,50.4,15.009123966942148,16.872198347107435,16.42333884297521,0.3252694214876033,,5.99504132231405,154.94876033057852,5.9607644180806165,2.9575537190082644,,,0.8608264462809917,1.5556363636363637,21.065652892561985,27.663272727272727,0.3258842975206611,66.7,66.7,20.28476033057851,17.364099173553715,,2.545586776859504,1.389619834710744,103.4,103.4,,66.83,4.3,4.3,35.8,,,35.24,35.24,0.036892562,1.137917354,,6.412466777,0.131,3.689256198,3.019656198,1.3,2.18,1.811793719,2.712,,0.0
1983-11-30,6.5,36.48198347107438,54.9,54.9,54.9,54.9,12.864793388429751,8.955371900826446,,0.3570247933884297,30.9,25.6998347107438,,9.8003305785124,41.9,2.796694214876033,,,,,,105.97685950413224,19.07702479338843,11.591404958677684,,83.48429752066116,734.368,734.368,,0.3231074380165288,37.999338842975206,26.7,26.7,26.7,26.7,1.368595041322314,60.8,60.8,60.8,49.04899999999999,46.645289256198346,5.658842975206611,3.0585123966942147,3.0585123966942147,3.0585123966942147,40.66512396694215,13.98,13.98,13.98,4.006,4.006,4.006,4.006,3.03,3.03,3.03,3.03,64.0,12.168595041322314,18.327272727272728,16.91702479338843,11.603305785123966,,80.3305785123967,230.69752066115703,27.049033298335853,17.863140495867768,,,0.9818181818181818,1.9457851239669424,21.742809917355373,32.93553719008264,2.0945454545454547,66.5,66.5,19.505454545454544,75.39173553719009,,95.56363636363636,1.344793388429752,106.6,106.6,,63.823,5.2,5.2,54.4,,,43.66,43.66,0.492694215,0.893950413,,2.225041983,0.0,0.0,0.918743802,0.1,1.37,0.551246281,1.762,,0.0
1983-12-31,6.92,97.5193388429752,55.7,55.7,55.7,55.7,17.14889256198347,1.389619834710744,,12.35900826446281,44.1,57.48476033057851,,25.013157024793397,64.8,13.023074380165289,,,,,,162.4502479338843,9.21699173553719,42.37110743801653,,195.77652892561983,801.99,801.99,,219.5107438016529,27.626380165289252,35.2,35.2,35.2,35.2,1.752396694214876,64.0,64.0,64.0,51.31099999999999,48.49527272727273,8.725090909090909,4.359471074380166,4.359471074380166,4.359471074380166,25.191471074380164,13.98,13.98,13.98,3.996699951171875,3.996699951171875,3.996699951171875,3.996699951171875,3.03,3.03,3.03,3.03,65.5,11.971636363636364,19.20872727272727,16.177388429752067,9.616661157024794,,127.95570247933884,601.779173553719,51.8031332399449,46.171041322314046,,,0.9530578512396696,2.152066115702479,25.33289256198347,35.730446280991735,5.060429752066116,67.3,67.3,28.68396694214876,113.2601652892562,,164.0489256198347,2.1951074380165294,110.5,110.5,,74.074,5.0,5.0,57.0,,,49.05,49.05,0.376919008,0.659900824,,1.551393719,0.0,0.0,0.704647934,0.1,2.08,0.42278876,1.8,,0.0
1984-01-31,7.08,42.35266115702479,54.5,54.5,54.5,54.5,9.413752066115702,1.149818181818182,,6.025785123966942,30.1,10.858710743801652,,6.542280991735537,39.4,0.5613818181818183,,,,,,82.20892561983472,2.514842975206612,14.037619834710744,,214.9606611570248,742.662,742.662,,44.338710743801656,11.756429752066117,38.9,38.9,38.9,38.9,2.9206611570247936,43.0,43.0,43.0,51.465,48.78426446280992,9.51828099173554,3.941355371900826,3.941355371900826,3.941355371900826,5.896661157024793,13.91,13.91,13.91,4.01355615234375,4.01355615234375,4.01355615234375,4.01355615234375,3.03,3.03,3.03,3.03,56.8,14.369652892561984,19.21487603305785,16.478677685950412,2.828429752066116,,39.67795041322314,324.77752066115704,15.096532755096414,14.677090909090907,,,0.0,0.8731239669421488,24.10928925619835,34.96185123966942,0.5140363636363635,66.6,66.6,28.43801652892562,59.88892561983471,,75.26082644628099,2.4349090909090907,106.4,106.4,,62.879,5.6,5.6,57.0,,,48.62,48.62,0.157408264,0.463140501,,1.965582149,0.0,0.0,0.483292562,0.2,2.31,0.289975537,0.48,,0.0
1984-02-29,6.63,32.66598347107438,54.4,54.4,54.4,54.4,4.687933884297521,4.837487603305784,,0.3451239669421487,21.6,3.0313388429752077,,6.062677685950415,27.6,0.9375867768595044,,,,,,52.97077685950412,5.769322314049585,8.766148760330582,,152.9474380165289,735.613,735.613,,0.4463603305785124,7.32813223140496,23.6,23.6,23.6,23.6,18.861024793388427,36.9,36.9,36.9,47.932,45.10770247933885,8.685619834710744,2.8702809917355365,2.8702809917355365,2.8702809917355365,1.184925619834711,13.91,13.91,13.91,4.029324951171875,4.029324951171875,4.029324951171875,4.029324951171875,3.03,3.03,3.03,3.03,51.6,14.500958677685947,17.791140495867772,16.58320661157025,0.4371570247933883,,29.00766942148761,194.53487603305783,18.489365269421494,16.957090909090912,,,0.0,0.8340495867768595,18.930049586776864,34.30532231404958,0.2991074380165289,66.7,66.7,26.2236694214876,55.99636363636364,,74.83438016528926,2.260561983471074,106.8,106.8,,65.464,5.6,5.6,57.0,,,48.76,48.76,0.099510744,0.624396694,,1.840661157,0.0,0.0,0.452687603,0.2,1.94,0.271612562,0.48,,0.0
1984-03-31,7.14,42.32806611570248,54.8,54.8,54.8,54.8,7.765884297520661,7.19404958677686,,0.3689256198347107,30.6,3.3264793388429754,,7.144859504132231,38.1,0.4574677685950414,,,,,,75.69123966942149,7.144859504132231,13.55801652892562,,138.53157024793387,796.906,796.906,,0.3750743801652892,15.882247933884296,7.94,7.9,7.94,7.94,21.723570247933885,46.5,46.5,46.5,51.52700000000001,48.6735867768595,8.522181818181819,3.000595041322314,3.000595041322314,3.000595041322314,3.7261487603305774,13.91,13.91,13.91,4.04618115234375,4.04618115234375,4.04618115234375,4.04618115234375,3.03,3.03,3.03,3.03,54.9,13.330512396694214,18.96892561983471,17.68998347107438,0.4912859504132231,,34.89421487603306,180.40462809917355,15.422636290082645,13.896198347107438,,,0.0,0.5749090909090909,22.68892561983471,36.19160330578512,0.7378512396694215,66.7,66.7,27.657123966942148,59.73520661157025,,70.7107438016529,2.39801652892562,106.6,106.6,,67.947,5.6,5.6,57.0,,,48.69,48.69,0.209057851,0.35385124,,1.999075041,0.0,0.0,0.499894215,0.2,2.11,0.299936529,0.6,,0.0
1984-04-30,6.86,28.09190082644628,54.9,54.9,54.9,54.9,11.549752066115705,5.88495867768595,,0.4105785123966942,31.5,2.772892561983471,,4.343801652892562,35.4,0.6009917355371899,,,,,,69.02479338842976,14.614214876033058,0.8568595041322314,,89.01818181818182,850.906,850.906,,0.3344132231404958,20.39206611570248,15.5,15.5,15.5,15.5,2.808595041322314,43.4,43.4,43.4,49.811,46.85355371900827,7.866446280991735,1.6363636363636365,1.6363636363636365,1.6363636363636365,2.772892561983471,13.91,13.91,13.91,4.06249365234375,4.06249365234375,4.06249365234375,4.06249365234375,3.03,3.03,3.03,3.03,58.5,12.674380165289255,18.4998347107438,17.077685950413223,0.3183471074380165,,23.837355371900827,119.36528925619837,8.948755304407708,6.075371900826446,,,0.0,0.4492561983471074,21.85586776859504,34.857520661157025,0.5950413223140496,66.6,66.6,27.645619834710743,48.82909090909091,,41.23636363636364,2.374214876033058,106.1,106.1,,66.602,5.6,5.6,56.1,,,48.255,48.255,0.25646281,0.450446282,,5.167781157,0.678,8.874049587,1.300760331,2.192207395,1.46,0.780456198,1.05,,0.0
1984-05-31,7.04,23.285355371900827,70.0,70.0,70.0,70.0,15.488727272727273,0.9776528925619836,,2.7669421487603305,41.2,3.941355371900826,,2.717752066115702,43.2,0.9038677685950414,,,,,,115.41223140495867,13.994578512396696,0.7255537190082645,,88.35768595041323,954.607,954.607,,0.5730644628099174,57.48476033057851,46.2,46.2,46.2,46.2,8.485289256198348,72.2,72.2,72.2,51.115,47.93573553719008,9.192396694214876,2.8222809917355374,2.8222809917355374,2.8222809917355374,21.299305785123963,13.91,13.91,13.91,4.068,4.068,4.068,4.068,3.03,3.03,3.03,3.03,68.4,11.608859504132232,18.962776859504128,17.48092561983471,2.9821487603305785,,32.36707438016529,120.6386776859504,6.559656253443528,1.703206611570248,,,0.0,0.9161652892561984,19.829752066115702,36.714247933884295,0.6148760330578512,66.5,66.5,29.292694214876036,42.069818181818185,,9.91180165289256,2.1643636363636367,105.7,105.7,,66.759,5.2,5.2,51.6,,,47.82,47.82,0.584747107,0.759272728,,8.124690248,2.283,25.51735537,2.736198347,2.87125686,2.11,1.641719008,4.2,,0.0
1984-06-30,5.77,15.857851239669422,69.7,69.7,69.7,69.7,11.53190082644628,8.943471074380165,,2.0409917355371903,11.1,2.683636363636364,,0.7438016528925618,11.4,0.6783471074380165,,,,,,55.594710743801656,3.4393388429752068,0.648595041322314,,125.43471074380166,918.362,918.362,,0.4593719008264463,22.879338842975205,49.8,49.8,49.8,49.8,20.451570247933883,72.0,72.0,72.0,48.395,45.34809917355372,7.598677685950413,3.0466115702479337,3.0466115702479337,3.0466115702479337,19.237685950413223,13.97,13.97,13.97,4.018,4.018,4.018,4.018,3.03,3.03,3.03,3.03,66.8,15.768595041322314,18.38677685950413,16.845619834710742,4.944793388429752,,27.532561983471076,146.85619834710744,4.261304258953164,0.4784132231404958,,,0.1981487603305785,1.7196694214876034,15.596033057851242,34.405289256198344,0.5950413223140496,66.2,66.2,28.163305785123967,31.073057851239675,,1.8029752066115703,0.6783471074380165,102.0,102.0,,67.39,5.3,5.3,48.7,,,45.29,45.29,0.191603306,1.40231405,,7.11523438,2.404,24.69421488,3.220363636,2.864895868,2.46,1.932218182,4.2,,0.0
1984-07-31,4.91,11.645752066115705,69.3,69.3,69.3,69.3,1.3834710743801653,1.389619834710744,,0.264396694214876,1.8,2.207404958677686,,0.1979900826446281,1.5,0.5257190082644629,,,,,,19.177983471074377,0.8054876033057852,0.6763636363636364,,156.97785123966943,796.906,796.906,,0.6456198347107438,1.9799008264462812,28.5,28.5,28.5,28.5,22.842644628099173,61.5,61.5,61.5,49.30700000000001,47.14869421487603,5.589223140495869,3.523239669421488,3.523239669421488,3.523239669421488,0.5503140495867768,9.296,9.296,9.296,4.01,4.01,4.01,4.01,3.03,3.03,3.03,3.03,52.0,17.468628099173557,17.27186776859504,15.654743801652891,0.3283438016528925,,4.420958677685952,154.88727272727272,2.8392446666160724,0.1887669421487603,,,1.918413223140496,2.035239669421488,13.668694214876034,33.3939173553719,0.6148760330578512,65.9,65.9,28.97910743801653,24.18922314049587,,1.0575867768595042,1.6417190082644628,88.6,88.6,,66.956,5.4,5.4,41.7,,,40.48,40.48,0.011682645,1.737520661,,8.043534545,2.698,25.51735537,3.813461157,3.088095868,2.97,2.288076694,4.32,,0.0
1984-08-31,3.81,9.942545454545453,68.7,68.7,68.7,68.7,0.3418710743801652,0.2244297520661157,,0.3215801652892562,0.3,2.5886280991735537,,0.1506446280991736,0.1,0.392905785123967,,,,,,12.285223140495868,0.1654016528925619,0.6763636363636364,,192.45619834710743,624.861,624.861,,0.5835173553719009,0.2613223140495868,10.4,10.4,10.4,10.4,18.80905785123967,40.6,40.6,40.6,45.716,44.01897520661157,5.386314049586776,3.701553719008265,3.701553719008265,3.701553719008265,0.4193454545454545,10.45,10.45,10.45,4.015,4.015,4.015,4.015,2.906,2.906,2.906,2.906,43.6,10.91404958677686,10.483636363636364,10.182347107438016,0.4513190082644628,,3.609322314049587,190.85752066115705,2.515289156333274,0.1844628099173553,,,1.9368595041322316,1.703206611570248,11.830214876033056,32.42241322314049,0.6333223140495868,63.1,63.1,28.68396694214876,22.393785123966943,,1.2297520661157024,1.813884297520661,76.3,76.3,,68.587,4.1,4.1,36.7,,,35.67,35.67,0.002459504,1.499305785,,7.958562645,2.22,22.96661157,3.734142149,3.130452893,2.9,2.240485289,4.8,,0.0
1984-09-30,2.11,7.4201652892561984,53.3,53.3,53.3,53.3,15.185454545454546,14.132231404958675,,0.5831404958677686,0.9,2.302809917355372,,0.1368595041322314,0.3,0.850909090909091,,,,,,9.972892561983471,0.0263008264462809,0.6128925619834711,,161.19669421487603,476.213,476.213,,0.4064132231404959,1.4102479338842977,4.06,4.1,4.06,4.06,9.770578512396694,32.2,32.2,32.2,32.19199999999999,31.68,4.5639669421487605,3.4393388429752068,3.4393388429752068,3.4393388429752068,0.3695206611570248,9.81,9.81,9.81,2.079,2.079,2.079,2.079,1.861,1.861,1.861,1.861,44.2,16.744462809917355,16.286280991735538,16.286280991735538,0.407603305785124,,3.588099173553719,170.77685950413223,2.21216162158318,0.1963636363636363,,,1.1662809917355372,1.392396694214876,9.520661157024794,21.570247933884296,0.6307438016528926,49.4,49.4,27.33619834710744,20.933553719008263,,1.1365289256198348,0.9818181818181818,83.0,83.0,,64.655,5.3,5.3,33.6,,,31.55,31.55,0.003570248,1.084958678,,7.319781818,0.359,6.243966942,3.47385124,2.992766281,2.58,2.084310744,4.67,,0.0
1984-10-31,2.152066115702479,8.46684297520661,35.4,35.4,35.4,35.4,18.335603305785124,18.44013223140496,,0.2324231404958677,1.1,1.9614545454545456,,0.2920661157024793,0.8,0.694809917355372,,,,,,12.408198347107438,0.5078876033057851,0.6763636363636364,,77.59735537190083,420.003,420.003,,0.3627768595041322,1.6294214876033055,5.54,5.5,5.54,5.54,0.9284628099173554,23.2,23.2,23.2,21.189000000000004,21.58829752066116,4.1811570247933885,3.486347107438017,3.486347107438017,3.486347107438017,0.3676958677685951,9.58,9.58,9.58,2.867,2.867,2.867,2.867,1.791,1.791,1.791,1.791,50.6,12.02697520661157,13.047669421487605,11.319867768595042,0.4457851239669421,,5.275636363636363,83.56165289256198,3.647766488396021,1.94300826446281,,,1.0022479338842976,1.0637355371900827,7.212495867768595,13.871603305785124,0.3683107438016528,31.8,31.8,24.38598347107438,15.888396694214872,,1.6417190082644628,0.4162710743801652,95.9,95.9,,66.109,5.527,5.527,32.9,,,30.35,30.35,0.00922314,0.916363636,,4.728507769,0.067,2.124297521,1.770228099,1.454362314,2.39,1.06213686,4.04,,0.0
1984-11-30,5.748099173553719,23.908760330578517,33.8,33.8,33.8,33.8,4.706776859504132,5.379173553719008,,0.2249256198347107,12.6,3.088264462809917,,4.19504132231405,17.1,0.7795041322314049,,,,,,33.95900826446281,8.723305785123967,1.2019834710743798,,61.76528925619835,443.721,443.721,,0.6664462809917355,8.217520661157025,7.6,7.6,7.6,7.6,1.7970247933884298,16.7,16.7,16.7,43.325,41.99206611570248,3.3262809917355374,2.891900826446281,2.891900826446281,2.891900826446281,0.9282644628099174,10.14,10.14,10.14,4.008,4.008,4.008,4.008,1.661,1.661,1.661,1.661,43.8,16.518347107438018,17.750082644628097,17.01818181818182,0.5182809917355373,,20.70743801652893,92.94545454545457,13.941149591836735,8.050909090909093,,,1.0056198347107437,1.404297520661157,13.412231404958678,30.067438016528925,0.3617851239669421,66.6,66.6,12.12694214876033,13.352727272727272,,14.465454545454543,0.3611900826446282,106.6,106.6,,65.573,5.555,5.555,35.0,,,35.0,35.0,0.098181818,0.815008264,,1.651186116,0.0,0.0,0.385586777,0.449335537,2.41,0.231352066,0.9,,0.0
1984-12-31,4.716099173553719,17.112,34.4,34.4,34.4,34.4,0.4752991735537191,0.8177851239669421,,0.2324231404958677,6.7,2.797685950413223,,2.631669421487602,9.1,0.8792727272727273,,,,,,22.387636363636368,4.79603305785124,0.7378512396694215,,102.19239669421488,392.812,392.812,,0.4802181818181817,3.209652892561984,3.68,3.7,3.68,3.68,5.28793388429752,11.8,11.8,11.8,33.60300000000001,33.7382479338843,2.846876033057851,2.988297520661157,2.988297520661157,2.988297520661157,0.4863669421487603,11.36,11.36,11.36,3.995,3.995,3.995,3.995,2.927,2.927,2.927,2.927,28.9,18.0281652892562,18.52621487603306,18.35404958677686,0.2779239669421487,,12.02697520661157,130.84561983471073,5.411311477365495,1.752396694214876,,,0.5663008264462811,0.7562975206611571,10.409851239669424,23.697322314049583,0.3744595041322313,53.9,53.9,29.26195041322314,27.76780165289256,,32.67451239669421,1.4326611570247934,105.7,105.7,,55.534,5.555,5.555,40.0,,,37.67,37.67,0.043041322,0.425454546,,1.428472066,0.0,0.0,0.509732231,0.668271074,2.16,0.305839339,0.9,,0.0
1985-01-31,3.467900826446281,11.424396694214876,21.5,21.5,21.5,21.5,12.297520661157025,12.955438016528923,,0.2324231404958677,3.8,2.773090909090909,,1.512595041322314,5.2,0.5091173553719007,,,,,,15.91299173553719,2.459504132231405,0.7378512396694215,,66.96,358.554,358.554,,0.4033586776859503,2.47795041322314,4.54,4.5,4.54,4.54,0.3916760330578512,13.5,13.5,13.5,18.815,19.005818181818185,3.209652892561984,3.012892561983471,3.012892561983471,3.012892561983471,0.3590876033057851,11.36,11.36,11.36,3.9958466796875,3.9958466796875,3.9958466796875,3.9958466796875,3.03,3.03,3.03,3.03,27.1,16.0544132231405,16.767669421487604,16.534016528925616,0.2576330578512397,,8.448396694214876,74.4,3.5257310001461786,0.6825123966942149,,,0.6210247933884298,0.768595041322314,8.270082644628099,10.385256198347108,0.3732297520661157,44.5,44.5,28.579438016528925,6.087272727272727,,11.184595041322314,1.0145454545454546,104.7,104.7,,64.647,5.555,5.555,41.7,,,40.2,40.2,0.033203306,0.476429755,,1.913652893,0.0,0.0,0.330803306,0.69153719,1.74,0.198481983,0.144,,0.0
1985-02-28,4.115305785123967,19.260297520661155,12.3,12.3,12.3,12.3,10.324363636363636,10.940826446280992,,0.2099305785123966,8.1,2.915702479338843,,4.043107438016529,12.2,1.0385454545454549,,,,,,21.026380165289257,4.76509090909091,0.6664462809917355,,11.718347107438015,407.827,407.827,,0.4437421487603306,3.576595041322314,5.69,5.7,5.69,5.69,0.3959801652892562,7.33,7.33,7.33,18.76,18.671603305785126,3.0989752066115703,2.8435041322314047,2.8435041322314047,2.8435041322314047,0.6997685950413224,11.66,11.66,11.66,3.99923388671875,3.99923388671875,3.99923388671875,3.99923388671875,3.03,3.03,3.03,3.03,33.7,6.386776859504132,7.719669421487604,7.530842975206611,0.2199272727272727,,16.655603305785124,45.66823140495868,14.241851915129027,9.263603305785123,,,0.6275702479338843,0.7886280991735537,2.06598347107438,18.06069421487604,0.3387768595041322,46.4,46.4,23.814347107438017,8.358347107438016,,26.213553719008264,1.1107438016528923,104.4,104.4,,62.916,5.169,5.169,52.5,,,44.65,44.65,0.047761983,0.326082639,,1.233475041,0.0,0.0,0.251028099,0.749335537,2.11,0.15061686,0.21,,0.0
1985-03-31,5.706049586776859,20.321652892561985,12.0,12.0,12.0,12.0,2.859173553719008,3.3449256198347106,,0.2324231404958677,12.4,2.348826446280992,,4.783735537190084,17.6,0.8054876033057852,,,,,,29.83993388429752,9.223140495867767,0.694809917355372,,10.606611570247932,477.742,477.742,,0.3566280991735537,6.665256198347107,5.5,5.5,5.5,5.5,2.773090909090909,5.93,5.93,5.93,25.062,25.25295867768595,3.652363636363636,3.4740495867768595,3.4740495867768595,3.4740495867768595,0.5589223140495868,11.66,11.66,11.66,4.00298388671875,4.00298388671875,4.00298388671875,4.00298388671875,3.03,3.03,3.03,3.03,33.4,7.56297520661157,9.75193388429752,9.4998347107438,0.2594776859504132,,19.005818181818185,42.85685950413223,13.844902127823696,10.385256198347108,,,0.9161652892561984,0.9161652892561984,0.0,28.278148760330577,0.3781487603305785,52.4,52.4,28.376528925619837,8.84806611570248,,28.55484297520661,1.6847603305785124,104.5,104.5,,64.127,5.555,5.555,57.0,,,48.04,48.04,0.093461157,0.328066112,,1.417412231,0.0,0.0,0.285302479,0.835259504,2.12,0.171181488,0.364,,0.0
1985-04-30,6.8429752066115705,25.628429752066115,29.5,29.5,29.5,29.5,0.7854545454545454,2.136198347107438,,0.2249256198347107,30.1,2.88,,6.515702479338843,37.5,0.8806611570247934,,,,,,85.62644628099171,25.02743801652893,0.7259504132231405,,24.289586776859505,614.42,614.42,,0.3409586776859504,35.86909090909091,21.5,21.5,21.5,21.5,0.9877685950413224,35.2,35.2,35.2,37.08899999999999,36.666446280991735,1.4459504132231404,0.6247933884297521,0.6247933884297521,0.6247933884297521,0.6426446280991736,4.238,4.238,4.238,4.00661279296875,4.00661279296875,4.00661279296875,4.00661279296875,3.03,3.03,3.03,3.03,48.6,1.8803305785123967,9.740826446280993,9.47900826446281,0.31299173553719,,23.99206611570248,54.434380165289255,9.220053603305784,4.1652892561983474,,,0.3689256198347107,0.8033057851239669,11.454545454545457,28.3001652892562,0.5950413223140496,59.5,59.5,28.401322314049587,19.285289256198347,,13.370578512396694,2.1302479338842977,103.1,103.1,,65.047,5.555,5.555,54.4,,,47.75,47.75,0.453421488,0.303074378,,3.460909091,1.181,6.827107438,1.681586777,2.177381157,1.97,1.008952066,1.948,,0.0
1985-05-31,7.0895206611570245,17.394842975206608,47.0,47.0,47.0,47.0,0.6702148760330578,1.7339504132231405,,0.2324231404958677,12.8,3.547834710743801,,1.475702479338843,13.8,0.8485289256198347,,,,,,70.89520661157025,9.149355371900828,0.6763636363636364,,49.49752066115703,666.408,666.408,,0.4058181818181818,33.46155371900827,42.1,42.1,42.1,42.1,1.918413223140496,60.1,60.1,60.1,24.373999999999995,24.201520661157023,4.168859504132231,3.2342479338842973,3.2342479338842973,3.2342479338842973,0.3498644628099174,8.78,8.78,8.78,4.01,4.01,4.01,4.01,3.03,3.03,3.03,3.03,67.2,2.902214876033058,8.159404958677685,7.931900826446281,0.2625520661157024,,9.684297520661158,60.33163636363636,4.299139323966943,0.4703801652892562,,,1.0145454545454546,1.1867107438016529,7.329322314049587,16.583206611570247,0.6763636363636364,54.4,54.4,28.671669421487604,6.36396694214876,,2.0229421487603307,1.0022479338842976,80.8,80.8,,67.549,4.231,4.231,52.5,,,45.65,45.65,0.351709091,0.840198346,,6.91785124,2.315,20.18578512,3.201044628,3.133073058,2.55,1.920626777,4.156,,0.0
1985-06-30,3.8677685950413214,9.675371900826446,49.2,49.2,49.2,49.2,1.3388429752066116,1.4935537190082644,,0.2249256198347107,2.1,2.7669421487603305,,0.4159338842975206,2.0,0.6545454545454545,,,,,,22.78413223140496,1.511404958677686,0.6545454545454545,,63.19338842975207,635.777,635.777,,0.4058181818181819,5.010247933884298,30.2,30.2,30.2,30.2,17.684628099173555,69.6,69.6,69.6,16.75,16.46479338842975,4.926942148760331,3.6654545454545455,3.6654545454545455,3.6654545454545455,0.4028429752066115,7.45,7.45,7.45,4.041,4.041,4.041,4.041,3.03,3.03,3.03,3.03,66.5,7.086942148760331,8.110413223140498,7.735537190082645,0.228495867768595,,4.403305785123967,68.54876033057852,3.181311982762697,0.1916033057851239,,,1.3626446280991735,1.4935537190082644,6.682314049586777,9.336198347107436,0.6545454545454545,38.6,38.6,28.21090909090909,6.277685950413223,,1.6482644628099177,0.0511735537190082,55.5,55.5,,67.756,3.462,3.462,45.0,,,42.53,42.53,0.042842975,1.077024793,,7.412564628,2.279,20.16595041,3.503008264,3.082409256,2.67,2.101804959,5.342,,0.0
1985-07-31,3.996694214876033,8.663603305785124,40.8,40.8,40.8,40.8,8.26393388429752,8.331570247933884,,0.2324231404958677,0.7,1.7954380165289257,,0.244105785123967,0.6,0.4845223140495868,,,,,,11.178446280991738,0.1746247933884297,0.6763636363636364,,73.23173553719008,577.741,577.741,,0.4076628099173554,0.5638413223140496,8.76,8.8,8.76,8.76,22.22161983471074,65.4,65.4,65.4,34.691,34.07642975206612,5.060429752066116,3.701553719008265,3.701553719008265,3.701553719008265,0.4064330578512397,2.35,2.35,2.35,2.095,2.095,2.095,2.095,3.03,3.03,3.03,3.03,66.3,14.763173553719009,15.009123966942148,14.929190082644627,0.2662413223140495,,2.969851239669421,78.27371900826446,1.495755506128067,0.1371173553719008,,,1.4695537190082644,1.6355702479338845,11.375206611570247,21.32390082644628,0.6763636363636364,39.4,39.4,28.874578512396692,7.56297520661157,,0.9776528925619836,0.007993388429752,29.3,29.3,,65.666,2.09,2.09,41.7,,,36.46,36.46,0.001229752,1.219834711,,8.046840992,2.879,20.55867769,3.72614876,3.212784793,2.99,2.235689256,5.634,,0.0
1985-08-31,3.4494545454545453,7.870413223140495,32.1,32.1,32.1,32.1,8.331570247933884,8.159404958677685,,0.2324231404958677,0.3,1.7216528925619834,,0.1420363636363636,0.3,0.2428760330578512,,,,,,8.399206611570245,0.0,0.5533884297520663,,47.98492561983471,539.154,539.154,,0.4451702479338843,0.3830677685950414,3.79,3.8,3.79,3.79,4.175008264462811,42.0,42.0,42.0,32.73599999999999,31.272595041322315,5.121917355371901,3.4494545454545453,3.4494545454545453,3.4494545454545453,0.3615471074380165,2.15,2.15,2.15,0.247,0.247,0.247,0.247,3.03,3.03,3.03,3.03,66.4,9.272330578512396,9.555173553719008,9.210842975206614,0.4131966942148761,,2.754644628099173,50.80105785123967,3.2198158957047305,0.1537190082644628,,,1.5494876033057852,1.1559669421487604,8.276231404958677,22.47986776859504,0.6763636363636364,38.2,38.2,28.86842975206612,6.050380165289257,,0.8854214876033057,0.004857520661157,7.5,7.5,,66.869,1.928,1.928,35.8,,,31.55,31.55,0.001844628,0.884429752,,6.010399339,2.33,16.33785124,4.390214876,3.403862479,2.95,2.634128926,5.124,,0.0
1985-09-30,0.8330578512396695,6.140826446280991,26.9,26.9,26.9,26.9,5.456528925619835,5.456528925619835,,0.2249256198347107,0.5,1.701818181818182,,0.2035041322314049,0.3,0.4581818181818182,,,,,,8.753057851239669,0.1749421487603306,0.6009917355371899,,19.1900826446281,531.369,531.369,,0.3320330578512397,1.8386776859504133,6.1,6.1,6.1,6.1,0.468892561983471,32.3,32.3,32.3,24.593,23.89090909090909,4.498512396694215,3.112066115702479,3.112066115702479,3.112066115702479,0.4081983471074381,1.93,1.93,1.93,0.389,0.389,0.389,0.389,2.385,2.385,2.385,2.385,56.0,16.1196694214876,16.893223140495866,16.988429752066114,0.4950743801652893,,3.4750413223140497,30.59107438016529,3.3523466379996645,0.3802314049586776,,,1.1186776859504133,1.1900826446280992,7.735537190082645,15.13190082644628,0.6545454545454545,33.3,33.3,26.11636363636364,4.849586776859504,,0.6366942148760331,0.008092561983471,4.9,4.9,,61.723,1.71,1.71,32.1,,,28.59,28.59,0.008330579,0.919537191,,5.463387769,0.616,2.885950413,3.538115702,2.456495207,2.5,2.122869421,3.654,,0.0
1985-10-31,1.4941487603305783,6.886611570247934,26.6,26.6,26.6,26.6,0.4992793388429751,0.4377917355371901,,0.2293487603305784,0.4,1.752396694214876,,0.2078280991735537,0.3,0.4175008264462811,,,,,,8.516033057851242,0.1666314049586777,0.6074975206611571,,32.613024793388426,510.542,510.542,,0.3277289256198347,0.3652363636363637,3.72,3.7,3.72,3.72,3.922909090909091,36.1,36.1,36.1,11.424,12.106909090909092,5.16495867768595,3.59702479338843,3.59702479338843,3.59702479338843,0.4193454545454545,1.73,1.73,1.73,0.571,0.571,0.571,0.571,3.03,3.03,3.03,3.03,42.0,14.154446280991737,14.529520661157024,14.46803305785124,0.293295867768595,,3.209652892561984,43.16429752066116,5.8617885372575484,3.6462148760330577,,,1.5494876033057852,1.5802314049586776,10.489785123966945,0.4107371900826446,0.3572429752066115,26.1,26.1,14.597157024793388,4.931305785123967,,0.6579173553719008,1.2912396694214876,4.4,4.4,,55.637,4.303,4.303,30.0,,,27.48,27.48,0.004919008,1.408264463,,3.780791405,0.232,1.701818182,2.481639669,1.513741488,2.42,1.488983802,2.194,,0.0
1985-11-30,1.8803305785123967,9.705123966942148,27.0,27.0,27.0,27.0,0.4915041322314049,0.4742479338842975,,0.2029090909090909,3.3,1.820826446280992,,0.8866115702479339,3.8,0.6188429752066114,,,,,,11.341487603305785,1.2436363636363637,0.6069421487603306,,29.40099173553719,507.361,507.361,,0.3683305785123967,0.564099173553719,4.44,4.4,4.44,4.44,0.3760661157024794,22.5,22.5,22.5,23.147,24.57520661157025,4.19504132231405,3.248925619834711,3.248925619834711,3.248925619834711,0.5730247933884297,1.73,1.73,1.73,1.14,1.14,1.14,1.14,2.896,2.896,2.896,2.896,34.1,9.068429752066116,9.8598347107438,9.800330578512396,0.2975206611570248,,8.348429752066115,39.98677685950413,5.45518340087704,2.540826446280992,,,1.0353719008264464,1.1900826446280992,20.261157024793388,3.2548760330578514,0.3409586776859504,39.1,39.1,16.446942148760332,1.5352066115702478,,0.8628099173553719,1.7315702479338844,15.3,15.3,,60.256,5.218,5.218,28.6,,,29.49,29.49,0.007140496,0.930842976,,1.490995041,0.0,0.0,0.992528926,0.820522314,1.88,0.595517355,1.236,,0.0
1985-12-31,3.609322314049587,14.658644628099172,27.8,27.8,27.8,27.8,0.5933553719008264,0.694809917355372,,0.1986049586776859,9.4,2.127471074380165,,2.262743801652892,11.5,0.7009586776859504,,,,,,21.766611570247928,7.27398347107438,1.2727933884297518,,28.89917355371901,533.366,533.366,,0.5490842975206611,3.996694214876033,5.52,5.5,5.52,5.52,0.4470148760330578,21.2,21.2,21.2,18.963,19.319404958677687,3.0067438016528927,2.4287603305785126,2.4287603305785126,2.4287603305785126,0.9899504132231408,2.43,2.43,2.43,1.7937353515625,1.7937353515625,1.7937353515625,1.7937353515625,2.855,2.855,2.855,2.855,31.7,5.00509090909091,6.52998347107438,6.462347107438016,0.3787636363636364,,15.5379173553719,53.85084297520661,8.068859748912127,3.4125619834710745,,,0.5853619834710744,0.9223140495867768,10.274578512396694,9.346115702479338,0.3541685950413223,36.6,36.6,23.211570247933885,8.958743801652892,,1.03299173553719,0.996099173553719,40.6,40.6,,56.663,5.0,5.0,34.3,,,32.54,32.54,0.052879339,0.43100827,,0.932064793,0.0,0.0,0.841150413,0.597996694,2.01,0.504690248,0.682,,0.0
1986-01-31,6.259438016528926,34.43920661157025,33.2,33.2,33.2,33.2,0.8300826446280992,1.5679338842975206,,0.2029090909090909,20.8,4.912859504132232,,6.025785123966942,27.4,1.1252231404958677,,,,,,53.03305785123967,21.32390082644628,6.579173553719006,,52.36899173553719,621.97,621.97,,0.6136462809917356,16.700033057851243,5.96,6.0,5.96,5.96,5.171107438016528,33.5,33.5,33.5,34.273,35.44760330578512,3.30803305785124,3.166611570247934,3.166611570247934,3.166611570247934,1.2174545454545451,4.24,4.24,4.24,2.325294189453125,2.325294189453125,2.325294189453125,2.325294189453125,2.927,2.927,2.927,2.927,35.1,7.009586776859504,11.66419834710744,11.53507438016529,0.4267239669421488,,28.43186776859504,90.9401652892562,14.217942707556078,7.27398347107438,,,0.3498644628099174,1.0760330578512396,14.105256198347108,23.14393388429752,0.3553983471074379,59.6,59.6,23.863338842975207,8.829619834710744,,1.2789421487603303,1.6786115702479338,72.4,72.4,,56.545,5.555,5.555,44.2,,,38.98,38.98,0.221355372,0.290380165,,0.973755372,0.0,0.0,0.136502479,0.6264,2.34,0.081901488,0.455,,0.0
1986-02-28,4.720661157024794,162.4462809917355,55.3,55.3,55.3,55.3,8.88595041322314,8.658247933884295,,0.1888264462809917,43.5,84.47206611570248,,36.85447933884296,55.9,34.24423140495867,,,,,,242.5309090909091,25.48046280991736,78.58512396694215,,100.8,818.526,818.526,,414.140826446281,47.47319008264463,23.0,23.0,23.0,23.0,3.204495867768595,63.6,63.6,63.6,26.869,26.09692561983471,2.982347107438017,2.304793388429752,2.304793388429752,2.304793388429752,90.30347107438016,6.13,6.13,6.13,2.805411865234375,2.805411865234375,2.805411865234375,2.805411865234375,3.03,3.03,3.03,3.03,65.5,7.358677685950413,14.20085950413223,13.22895867768595,4.704,,226.4806611570248,962.4595041322314,87.72476866137066,77.69652892561983,,,0.1227371900826446,1.0663140495867771,11.79609917355372,18.771570247933884,16.988826446280992,66.5,66.5,14.745123966942147,160.44694214876034,,288.8489256198347,1.5939173553719008,106.1,106.1,,72.938,5.555,5.555,57.0,,,48.55,48.55,0.623127273,0.137851238,,0.910236694,0.0,0.0,0.281018182,0.475299174,1.32,0.168610909,2.469,,0.0
1986-03-31,6.782082644628099,83.93057851239669,55.4,55.4,55.4,55.4,26.77785123966942,16.300363636363638,,0.2152066115702479,26.6,57.07279338842975,,9.5859173553719,35.2,3.5109421487603307,,,,,,172.3497520661157,8.737388429752066,35.097123966942135,,201.86380165289256,815.647,815.647,,223.81487603305783,41.34426446280992,39.8,39.8,39.8,39.8,2.56403305785124,63.8,63.8,63.8,16.970999999999997,16.82915702479339,3.701553719008265,0.0,0.0,0.0,80.1798347107438,9.0,9.0,9.0,3.336970703125,3.336970703125,3.336970703125,3.336970703125,3.03,3.03,3.03,3.03,65.7,0.2459504132231404,9.050975206611568,8.927999999999999,38.70029752066116,,186.24595041322317,701.5735537190083,40.843981542975214,37.55047933884298,,,0.0,0.0,3.3141818181818183,0.0261937190082644,22.41223140495868,66.3,66.3,16.534016528925616,65.91471074380165,,131.8909090909091,1.727801652892562,104.8,104.8,,71.028,5.555,5.555,57.0,,,48.11,48.11,0.538631405,1.395768595,,1.077711074,0.0,0.0,1.313375207,0.498426446,1.41,0.788025124,5.738,,0.0
1986-04-30,6.604958677685951,35.107438016528924,55.6,55.6,55.6,55.6,21.08826446280992,2.2492561983471075,,0.2142148760330578,33.9,13.537190082644628,,3.3143801652892564,37.6,0.4825785123966942,,,,,,84.67438016528925,13.245619834710745,2.7907438016528925,,113.53388429752066,868.683,868.683,,1.404297520661157,32.983140495867765,40.9,40.9,40.9,40.9,18.73785123966942,66.4,66.4,66.4,47.704,43.66413223140496,1.8446280991735535,0.0,0.0,0.0,23.944462809917358,12.58,12.58,12.58,3.85138232421875,3.85138232421875,3.85138232421875,3.85138232421875,3.03,3.03,3.03,3.03,65.3,7.223801652892562,13.263471074380163,13.370578512396694,8.830413223140496,,56.398016528925616,191.36528925619837,8.380547235537193,4.665123966942149,,,0.0,0.0427834710743801,24.2003305785124,0.0,24.44429752066116,66.7,66.7,22.129586776859504,40.01652892561984,,38.011239669421485,2.0350413223140498,104.2,104.2,,63.459,5.555,5.555,57.0,,,48.07,48.07,0.399867769,0.684297521,,4.44071405,0.163,3.782479339,1.12938843,1.782172562,0.92,0.677633058,2.477,,0.0
1986-05-31,7.046479338842976,28.591735537190083,70.5,70.5,70.5,70.5,10.200793388429751,0.4728396694214877,,0.2275041322314049,18.8,11.522776859504132,,1.6232727272727272,20.4,0.4919008264462809,,,,,,81.53256198347107,9.83186776859504,0.6886611570247934,,43.28727272727273,957.711,957.711,,0.7132561983471074,50.54280991735537,47.2,47.2,47.2,47.2,30.227305785123967,73.8,73.8,73.8,51.391,44.89824793388431,7.126413223140496,0.0,0.0,0.0,33.787438016528924,13.84,13.84,13.84,4.065,4.065,4.065,4.065,3.03,3.03,3.03,3.03,69.0,7.944198347107436,9.389157024793388,9.647404958677686,5.337123966942149,,53.00231404958678,102.25388429752066,11.02780003140496,2.39801652892562,,,0.0,0.0,32.68680991735537,0.0,13.06611570247934,66.4,66.4,28.36423140495868,33.91656198347108,,8.829619834710744,1.752396694214876,103.1,103.1,,66.586,5.191,5.191,56.1,,,48.0,48.0,0.502353719,0.538631405,,7.810161322,2.037,21.99669421,2.231385124,2.863991405,2.29,1.338831074,4.135,,0.0
1986-06-30,4.790082644628099,14.483305785123967,69.5,69.5,69.5,69.5,10.901157024793388,2.0052892561983477,,0.2148099173553719,5.7,11.16297520661157,,0.6842975206611572,5.9,0.6545454545454545,,,,,,42.71206611570248,2.4991735537190083,0.6545454545454545,,74.02314049586776,946.522,946.522,,0.6128925619834711,20.582479338842976,45.4,45.4,45.4,45.4,21.903471074380164,72.0,72.0,72.0,48.871,40.82578512396695,5.801652892561983,1.2614876033057851,1.2614876033057851,1.2614876033057851,20.61223140495868,11.5,11.5,11.5,4.046,4.046,4.046,4.046,3.03,3.03,3.03,3.03,64.9,16.69685950413223,17.434710743801652,16.964628099173552,1.1841322314049587,,28.31206611570248,107.10743801652892,8.429260690082645,0.4409256198347108,,,0.0,1.029421487603306,31.418181818181814,1.5768595041322313,5.64694214876033,65.3,65.3,26.985123966942147,21.391735537190083,,1.7315702479338844,0.4022479338842975,91.8,91.8,,66.508,5.334,5.334,52.5,,,47.49,47.49,0.170181818,0.872330579,,7.597795041,2.348,21.94710744,3.076958678,2.877227107,2.48,1.846175207,4.752,,0.0
1986-07-31,2.268892561983471,8.67590082644628,62.3,62.3,62.3,62.3,7.243239669421488,6.892760330578512,,0.2182809917355372,1.6,1.94300826446281,,0.2760793388429752,1.1,0.8300826446280992,,,,,,16.5955041322314,0.5343272727272728,0.6763636363636364,,122.2988429752066,852.673,852.673,,0.5355570247933885,1.0760330578512396,26.0,26.0,26.0,26.0,21.569851239669426,60.6,60.6,60.6,40.32999999999999,38.26373553719008,3.664661157024793,2.963702479338843,2.963702479338843,2.963702479338843,0.4254942148760331,6.355,6.355,6.355,4.041,4.041,4.041,4.041,2.917,2.917,2.917,2.917,67.4,11.215338842975209,11.57196694214876,11.061619834710744,0.3394115702479338,,4.365619834710744,121.5609917355372,4.494672283471071,0.2416462809917355,,,0.0,1.3834710743801653,9.327669421487602,26.42122314049587,2.121322314049587,63.5,63.5,27.534148760330577,15.716231404958677,,0.8300826446280992,0.0532482644628099,70.6,70.6,,67.367,5.389,5.389,44.2,,,43.37,43.37,0.00614876,1.152396694,,8.024368264,2.56,25.33289256,3.476509091,3.005543802,2.95,2.085905455,5.076,,0.0
1986-08-31,1.3527272727272728,6.579173553719008,57.8,57.8,57.8,57.8,4.0458842975206615,3.88601652892562,,0.2096727272727272,0.9,1.5310413223140495,,0.1684760330578512,0.5,0.6271735537190082,,,,,,11.492033057851245,0.0676363636363636,0.6517685950413223,,87.18942148760331,783.574,783.574,,0.4433256198347106,0.5060429752066117,12.0,12.0,12.0,12.0,16.558611570247933,54.9,54.9,54.9,32.527,30.33798347107438,4.218049586776859,3.9167603305785126,3.9167603305785126,3.9167603305785126,0.4248793388429752,0.0,0.0,0.0,4.01,4.01,4.01,4.01,1.261,1.261,1.261,1.261,61.4,14.750876033057851,14.185190082644628,14.06221487603306,0.3732297520661157,,3.209652892561984,86.02115702479338,2.1666453439365894,0.2668561983471074,,,0.0,1.512595041322314,8.743537190082643,20.063404958677687,1.6355702479338845,60.4,60.4,27.958413223140496,6.591471074380165,,0.707107438016529,0.6702148760330578,42.0,42.0,,66.862,4.076,4.076,41.7,,,37.85,37.85,0.003689256,1.243636364,,8.174975207,2.182,23.60132231,3.607477686,3.117689256,3.03,2.164486612,4.801,,0.0
1986-09-30,3.1299173553719006,10.06809917355372,48.9,48.9,48.9,48.9,8.830413223140496,8.848264462809917,,0.2219504132231405,1.0,2.3563636363636364,,0.4034380165289256,1.1,0.3879669421487603,,,,,,13.650247933884298,1.2555371900826446,0.7676033057851241,,103.95371900826446,705.771,705.771,,0.4189090909090908,1.5054545454545454,6.38,6.4,6.38,6.38,7.568925619834711,40.4,40.4,40.4,39.356,37.10082644628099,3.9808264462809926,3.296528925619835,3.296528925619835,3.296528925619835,0.6128925619834711,0.0,0.0,0.0,4.01,4.01,4.01,4.01,1.165,1.165,1.165,1.165,55.2,16.07801652892562,17.393057851239668,17.274049586776858,0.5028099173553718,,5.408925619834711,113.29586776859504,3.921707495642884,0.731900826446281,,,0.0,1.356694214876033,11.008264462809915,25.68198347107438,0.7854545454545454,62.9,62.9,27.175537190082643,12.079338842975206,,0.7021487603305785,1.32099173553719,37.9,37.9,,61.516,5.318,5.318,36.7,,,35.34,35.34,0.010710744,1.057190083,,6.459429421,0.569,9.824132231,2.903206612,2.548318017,2.63,1.741923967,3.213,,0.0
1986-10-31,3.55398347107438,9.389157024793388,42.2,42.2,42.2,42.2,6.825123966942149,6.683702479338843,,0.2139768595041322,0.8,2.5886280991735537,,0.2293487603305784,0.9,0.5072727272727271,,,,,,13.035371900826446,0.9100165289256198,0.7378512396694215,,64.00859504132231,663.923,663.923,,0.4101223140495869,2.711603305785124,7.69,7.7,7.69,7.69,0.6702148760330578,53.1,53.1,53.1,1.3469999999999998,0.0,6.370115702479339,5.613818181818182,5.613818181818182,5.613818181818182,0.4267239669421488,0.716,0.716,0.716,3.997,3.997,3.997,3.997,1.156,1.156,1.156,1.156,49.0,13.650247933884298,14.246677685950411,14.142148760330578,0.351094214876033,,4.525487603305784,69.48099173553719,6.309148291561247,3.941355371900826,,,,0.996099173553719,0.0,0.3836826446280991,0.731702479338843,32.2,32.2,25.345190082644628,5.343272727272728,,0.7255537190082645,0.0102684297520661,41.6,41.6,,59.44,3.048,3.048,35.0,,,34.32,34.32,0.019676033,0.864793388,,5.499637686,0.0,2.029090909,3.510942149,2.123133223,2.44,2.106565289,2.646,,0.0
1986-11-30,2.3801652892561984,7.985454545454544,36.0,36.0,36.0,36.0,6.176528925619834,6.36694214876033,,0.2082644628099173,0.6,2.3920661157024794,,0.2130247933884298,0.7,0.3564297520661157,,,,,,9.229090909090912,0.3826115702479338,0.6426446280991736,,45.27074380165289,634.972,634.972,,0.4004628099173554,0.6783471074380165,7.41,7.4,7.41,7.41,0.6545454545454545,58.5,58.5,58.5,1.755,0.4742479338842975,5.456528925619835,4.010578512396695,4.010578512396695,4.010578512396695,0.4177190082644628,0.179,0.179,0.179,3.987,3.987,3.987,3.987,1.174,1.174,1.174,1.174,45.5,10.56198347107438,10.30611570247934,10.419173553719007,0.2725289256198347,,4.064132231404959,48.96,2.716370248917749,0.5712396694214876,,,,1.5352066115702478,0.0,0.3808264462809917,0.7378512396694215,29.2,29.2,3.2191735537190085,1.416198347107438,,1.0651239669421488,0.0156495867768595,43.9,43.9,,59.3,2.497,2.497,32.9,,,34.43,34.43,0.007140496,1.247603306,,2.248946777,0.0,0.0,1.883305785,0.74812562,1.84,1.129983471,1.209,,0.0
1986-12-31,1.906115702479339,8.005685950413222,30.0,30.0,30.0,30.0,6.013487603305785,6.253289256198348,,0.2152066115702479,0.8,1.272793388429752,,0.2859173553719009,0.9,0.5343272727272728,,,,,,9.050975206611568,0.5404760330578512,0.7317024793388428,,36.82492561983471,615.854,615.854,,0.4125818181818181,0.5060429752066117,7.1,7.1,7.1,7.1,0.7378512396694215,40.9,40.9,40.9,32.299,32.31788429752066,3.689256198347108,3.1543140495867767,3.1543140495867767,3.1543140495867767,0.3775338842975206,0.2,0.2,0.2,3.98,3.98,3.98,3.98,3.03,3.03,3.03,3.03,35.3,16.982876033057853,16.386446280991734,16.601652892561983,0.3338776859504131,,4.254942148760331,41.325818181818185,1.5622330379434424,0.5749090909090909,,,,0.8731239669421488,9.223140495867767,23.297652892561985,0.5601520661157023,50.9,50.9,13.957685950413223,1.2604958677685951,,1.051438016528926,1.918413223140496,45.6,45.6,,59.86,2.978,2.978,32.1,,,35.26,35.26,0.00614876,0.759669421,,1.411441983,0.0,0.0,0.112522314,0.610492562,1.55,0.067513388,0.899,,0.0
1987-01-31,2.9452561983471077,12.03312396694215,27.8,27.8,27.8,27.8,2.8222809917355374,2.6501157024793387,,0.2145917355371901,2.6,0.4365619834710744,,0.8546776859504133,3.0,3.424859504132232,,,,,,11.762578512396692,1.826181818181818,0.7194049586776858,,39.24138842975207,605.649,605.649,,0.4267239669421488,0.8423801652892562,7.07,7.1,7.07,7.07,0.7378512396694215,37.9,37.9,37.9,12.186999999999998,13.34895867768595,4.021289256198348,3.178909090909091,3.178909090909091,3.178909090909091,0.5988892561983471,0.2,0.2,0.2,3.987355712890625,3.987355712890625,3.987355712890625,3.987355712890625,3.03,3.03,3.03,3.03,31.3,7.974942148760329,8.454545454545455,8.595966942148761,0.3326479338842975,,7.858115702479338,50.86869421487604,4.793548909816162,2.244297520661157,,,,0.744,8.602115702479338,3.732297520661157,0.3566280991735537,55.5,55.5,12.223735537190082,1.1190743801652892,,1.0268429752066115,1.3404297520661157,51.2,51.2,,60.26,4.275,4.275,34.3,,,37.85,37.85,0.010452893,0.616859501,,1.158716033,0.0,0.0,0.130968595,0.534267769,1.54,0.078581157,0.545,,0.0
1987-02-28,4.2374876033057856,21.85388429752066,28.8,28.8,28.8,28.8,1.0052231404958678,1.0885289256198347,,0.1899371900826446,10.7,3.248925619834711,,3.2933553719008257,12.3,2.0937520661157025,,,,,,32.41150413223141,8.602710743801651,4.942809917355372,,18.73269421487603,671.207,671.207,,0.3693223140495867,4.842842975206611,8.3,8.3,8.3,8.3,0.6553388429752066,38.8,38.8,38.8,15.116999999999996,15.217190082644628,2.9434710743801653,2.4380826446280994,2.4380826446280994,2.4380826446280994,0.98300826446281,0.3,0.3,0.3,3.99947119140625,3.99947119140625,3.99947119140625,3.99947119140625,3.03,3.03,3.03,3.03,34.4,2.732429752066116,3.8542809917355374,4.2652561983471085,0.3598809917355371,,18.327272727272728,47.56204958677686,11.129004504463932,6.903272727272728,,,,0.5353785123966942,7.086545454545455,10.568727272727273,0.3265586776859503,54.4,54.4,22.0982479338843,4.570710743801653,,1.105190082644628,0.5886942148760331,73.7,73.7,,59.12,5.113,5.113,42.5,,,41.53,41.53,0.062201653,0.392132227,,0.706212893,0.113,0.0,0.142175207,0.465143802,1.59,0.085305124,0.282,,0.0
1987-03-31,6.179504132231405,48.0156694214876,31.5,31.5,31.5,31.5,0.8792727272727273,1.1190743801652892,,0.2053685950413223,19.1,3.000595041322314,,4.83292561983471,21.4,0.7747438016528926,,,,,,43.33031404958678,19.50386776859504,2.514842975206612,,13.816264462809915,768.401,768.401,,0.4211900826446281,8.749685950413225,10.7,10.7,10.7,10.7,0.8116363636363636,47.7,47.7,47.7,13.589,14.105256198347108,3.5109421487603307,3.117421487603306,3.117421487603306,3.117421487603306,0.8731239669421488,0.893,0.893,0.893,4.012884521484375,4.012884521484375,4.012884521484375,4.012884521484375,3.03,3.03,3.03,3.03,38.7,2.834578512396694,5.355570247933883,5.4047603305785135,0.4131966942148761,,23.260760330578517,49.51596694214876,13.341620661803562,8.915702479338844,,,,0.5380165289256198,9.026380165289256,7.636760330578513,0.3295735537190083,56.7,56.7,23.795702479338843,1.1682644628099172,,1.524892561983471,1.2543471074380164,100.5,100.5,,62.46,5.014,5.014,54.4,,,45.79,45.79,0.111292562,0.403239667,,0.865894215,0.436,0.0,0.0744,0.462406612,1.76,0.04464,0.208,,0.0
1987-04-30,6.741818181818182,21.46909090909091,40.0,40.0,40.0,40.0,4.546115702479339,4.867438016528926,,0.1933884297520661,7.7,2.802644628099173,,1.5352066115702483,8.4,0.708099173553719,,,,,,49.51338842975204,9.401652892561984,0.660495867768595,,34.95867768595041,813.975,813.975,,0.4111735537190083,31.935867768595045,27.2,27.2,27.2,27.2,1.207933884297521,70.1,70.1,70.1,25.087,24.438347107438016,2.5229752066115703,1.5768595041322313,1.5768595041322313,1.5768595041322313,0.4272396694214875,4.0,4.0,4.0,4.024,4.024,4.024,4.024,3.03,3.03,3.03,3.03,51.8,2.5646280991735537,6.24198347107438,6.236033057851239,0.2659834710743801,,9.270743801652891,40.38545454545454,5.114322316804406,0.9639669421487604,,,,0.7795041322314049,7.396363636363636,16.512396694214875,0.3272727272727272,63.7,63.7,19.410247933884296,2.3920661157024794,,1.4459504132231404,0.95801652892562,94.4,94.4,,65.8,4.067,4.067,53.5,,,45.04,45.04,0.389752066,0.688661158,,3.622135537,0.675,6.926280992,1.976727273,2.044766281,1.85,1.186036364,2.737,,0.0
1987-05-31,5.675305785123967,14.59100826446281,42.0,42.0,42.0,42.0,6.554578512396694,6.493090909090909,,0.1986049586776859,3.0,3.3756694214876037,,0.5810578512396694,3.3,0.694809917355372,,,,,,32.19490909090909,3.670809917355372,0.7255537190082645,,50.70267768595041,811.235,811.235,,0.4285685950413224,15.390347107438016,37.1,37.1,37.1,37.1,2.121322314049587,68.9,68.9,68.9,28.166999999999994,26.808595041322317,4.064330578512396,3.4494545454545453,3.4494545454545453,3.4494545454545453,0.4507041322314049,5.971,5.971,5.971,3.991,3.991,3.991,3.991,3.03,3.03,3.03,3.03,57.7,6.763636363636364,8.313123966942147,8.460694214876034,0.2834578512396695,,5.435504132231405,57.39252892561984,3.7917926671276834,0.3498644628099174,,,,1.2543471074380164,9.444495867768596,16.896793388429753,0.3455603305785124,62.7,62.7,23.59279338842975,7.200198347107438,,1.3773223140495867,0.3240396694214875,73.5,73.5,,65.13,3.367,3.367,44.2,,,42.27,42.27,0.159252893,1.03338843,,6.987879669,2.281,18.35107438,3.16661157,2.831508099,2.66,1.899966942,5.516,,0.0
1987-06-30,2.3325619834710745,7.765289256198347,34.5,34.5,34.5,34.5,8.217520661157025,8.15206611570248,,0.2029090909090909,0.7,2.457520661157025,,0.214809917355372,0.8,0.2909752066115702,,,,,,11.26413223140496,0.6545454545454545,0.6961983471074382,,56.52892561983471,771.794,771.794,,0.4111735537190083,1.1186776859504133,21.1,21.1,21.1,21.1,16.518347107438018,69.7,69.7,69.7,26.301000000000005,24.438347107438016,3.885619834710744,3.4393388429752068,3.4393388429752068,3.4393388429752068,0.3617851239669421,5.451,5.451,5.451,3.534,3.534,3.534,3.534,3.03,3.03,3.03,3.03,54.0,13.328925619834711,12.870743801652893,12.983801652892565,0.2820495867768595,,2.951404958677686,57.6,2.7949412324439167,0.1011570247933884,,,,0.8806611570247934,9.717024793388427,21.01090909090909,0.3207272727272727,62.0,62.0,22.266446280991737,5.462479338842975,,1.0889256198347108,0.227900826446281,52.1,52.1,,65.32,2.677,2.677,40.0,,,38.476,38.476,0.010115702,0.752330578,,5.492511074,2.384,16.91107438,3.432793388,2.900562645,2.81,2.059676033,5.737,,0.0
1987-07-31,3.092826446280992,7.126413223140496,27.8,27.8,27.8,27.8,6.419305785123967,6.517685950413223,,0.2059834710743801,0.2,1.6478677685950414,,0.0928462809917355,0.2,0.1727801652892561,,,,,,8.233190082644628,0.091001652892562,0.7132561983471074,,49.51596694214876,733.286,733.286,,0.4193454545454545,0.4248793388429752,6.88,6.9,6.88,6.88,13.705586776859503,66.1,66.1,66.1,27.227,25.62803305785124,3.8060826446280993,3.523239669421488,3.523239669421488,3.523239669421488,0.4131966942148761,4.658,4.658,4.658,2.278,2.278,2.278,2.278,3.03,3.03,3.03,3.03,48.9,12.992330578512396,12.89395041322314,13.18909090909091,0.2748495867768595,,2.4533553719008263,48.91338842975207,1.888830181829431,0.1039140495867768,,,,1.5679338842975206,9.733487603305786,18.040462809917354,0.3197355371900826,58.2,58.2,25.966214876033057,5.718347107438016,,0.8485289256198347,0.971504132231405,30.8,30.8,,66.61,1.943,1.943,34.3,,,32.914,32.914,0.001844628,1.257520661,,5.759472397,2.455,16.24859504,3.63945124,3.042160661,3.01,2.183670744,6.065,,0.0
1987-08-31,2.7915371900826447,6.517685950413223,23.8,23.8,23.8,23.8,3.55398347107438,3.5355371900826444,,0.2102876033057851,0.2,1.32198347107438,,0.0614876033057851,0.2,0.1254347107438016,,,,,,6.382413223140494,0.0,0.4574677685950414,,93.83008264462808,648.216,648.216,,0.462386776859504,0.3904462809917355,6.13,6.1,6.13,6.13,0.7009586776859504,51.2,51.2,51.2,25.487,23.15623140495868,3.781487603305785,3.2957355371900827,3.2957355371900827,3.2957355371900827,0.3615471074380165,4.28,4.28,4.28,2.327,2.327,2.327,2.327,2.882,2.882,2.882,2.882,40.6,13.662545454545455,12.291371900826446,12.266776859504132,0.2865322314049587,,2.1582148760330577,93.33818181818182,2.84774809377635,0.111292561983471,,,,1.6601652892561984,8.835768595041321,13.64409917355372,0.322195041322314,52.4,52.4,24.410578512396693,5.607669421487604,,0.8116363636363636,0.8054876033057852,12.4,12.4,,65.417,1.229,1.229,29.3,,,28.254,28.254,0.001844628,1.305123967,,5.684667769,2.13,13.5907438,3.628998347,2.935015537,3.11,2.177399008,5.942,,0.0
1987-09-30,0.4284297520661157,4.266446280991736,20.3,20.3,20.3,20.3,3.064462809917355,2.9454545454545453,,0.204099173553719,0.2,1.2376859504132232,,0.0567669421487603,0.2,0.1190082644628099,,,,,,5.64694214876033,0.0,0.3647603305785123,,40.08793388429752,614.599,614.599,,0.4462809917355372,0.5182809917355373,3.24,3.2,3.24,3.24,5.64099173553719,51.5,51.5,51.5,18.845,16.601652892561983,3.814214876033057,3.5107438016528927,3.5107438016528927,3.5107438016528927,0.3326280991735537,3.97,3.97,3.97,2.304,2.304,2.304,2.304,1.826,1.826,1.826,1.826,27.3,16.3398347107438,15.82809917355372,15.810247933884298,0.251702479338843,,1.9338842975206607,41.230413223140495,2.622254409600271,0.144,,,,1.356694214876033,6.652561983471075,9.008925619834711,0.3094214876033058,48.5,48.5,16.845619834710742,5.349421487603306,,0.6902479338842975,0.4879338842975205,7.1,7.1,,65.04,1.54,1.54,26.5,,,24.033,24.033,0.001190083,1.079404958,,5.086853554,0.824,4.20892562,3.46968595,2.836435041,2.99,2.08181157,5.654,,0.0
1987-10-31,0.768595041322314,4.869818181818181,18.2,18.2,18.2,18.2,,1.813884297520661,,0.2281190082644628,0.1,1.4449586776859504,,0.0860826446280991,0.2,0.1709355371900826,,,,,,6.056528925619836,0.0,0.429798347107438,,37.790280991735536,584.242,584.242,,0.4531636363636364,0.4648462809917354,2.95,3.0,2.95,2.95,0.322195041322314,37.0,37.0,37.0,17.942,15.445685950413225,3.2465454545454544,2.846876033057851,2.846876033057851,2.846876033057851,0.3449454545454546,3.617,3.617,3.617,2.376,2.376,2.376,2.376,0.955,0.955,0.955,0.955,24.1,5.195702479338843,5.16495867768595,5.2325950413223135,0.2170512396694214,,1.9491570247933885,42.65395041322314,1.146547462034069,0.1192859504132231,,,,1.6417190082644628,5.367867768595041,9.727338842975206,0.3590876033057851,40.8,40.8,20.832,3.922909090909091,,0.768595041322314,0.0365236363636363,6.2,6.2,,62.33,2.685,2.685,21.9,,,21.407,21.407,0.007378512,1.336859504,,3.272150083,0.43,1.07107438,1.897507438,1.743816198,2.25,1.138504463,3.523,,0.0
1987-11-30,1.4697520661157024,6.825123966942149,17.0,17.0,17.0,17.0,,1.2198347107438017,,0.2290909090909091,0.3,1.7970247933884298,,0.1981487603305786,0.5,0.3302479338842975,,,,,,6.979834710743802,0.1005619834710743,0.6188429752066114,,34.45289256198347,561.823,561.823,,0.4397355371900825,0.2719338842975207,2.8,2.8,2.8,2.8,0.2826446280991735,26.9,26.9,26.9,12.3,11.341487603305785,2.481322314049587,2.2849586776859505,2.2849586776859505,2.2849586776859505,0.3290578512396694,3.485,3.485,3.485,2.663,2.663,2.663,2.663,2.845,2.845,2.845,2.845,23.0,3.040661157024793,2.6717355371900826,3.873719008264462,0.155900826446281,,2.832396694214876,39.46909090909091,2.270776427552708,0.5397024793388431,,,,1.3983471074380165,4.974545454545455,5.1054545454545455,0.3516694214876034,40.5,40.5,11.186776859504132,1.475702479338843,,0.8747107438016529,0.0624793388429752,8.1,8.1,,59.511,3.838,3.838,22.4,,,22.177,22.177,0.005950413,1.181355373,,1.206226116,0.084,0.0,0.346909091,0.458380165,1.7,0.208145455,0.68,,0.0
1987-12-31,5.626115702479339,27.6140826446281,17.6,17.6,17.6,17.6,,1.4572561983471075,,0.2410314049586777,9.3,9.321520661157026,,3.381818181818182,12.4,1.0206942148760332,,,,,,29.08978512396694,10.176198347107436,1.7954380165289257,,14.455735537190083,624.644,624.644,,0.4408661157024794,3.357223140495868,4.44,4.4,4.44,4.44,0.3529388429752065,20.3,20.3,20.3,20.352,20.1740826446281,2.545586776859504,2.3918677685950414,2.3918677685950414,2.3918677685950414,0.8854214876033057,3.485,3.485,3.485,3.98,3.98,3.98,3.98,3.03,3.03,3.03,3.03,23.9,3.658512396694215,4.648462809917355,5.121917355371901,0.3185057851239669,,13.281322314049588,40.98148760330579,9.453315266520493,4.87596694214876,,,,0.5908958677685949,6.696,13.64409917355372,0.3652363636363637,41.1,41.1,28.247404958677684,1.32198347107438,,1.0575867768595042,0.8915702479338843,23.2,23.2,,58.88,4.687,4.687,33.6,,,25.583,25.583,0.046730579,0.388165285,,0.977926612,0.0,0.0,0.316046281,0.592859504,1.85,0.189627769,0.25,,0.0
1988-01-31,5.872066115702479,30.774545454545454,18.0,18.0,18.0,18.0,,1.069884297520661,,0.2428760330578512,10.8,2.4287603305785126,,5.490842975206611,15.9,0.8731239669421488,,,,,,23.598942148760337,6.726743801652892,0.7194049586776858,,43.08436363636364,665.09,665.09,,0.4181157024793388,2.8837685950413223,5.29,5.3,5.29,5.29,0.3535537190082645,13.8,13.8,13.8,20.703,21.139438016528924,2.490247933884297,2.416462809917355,2.416462809917355,2.416462809917355,1.0760330578512396,5.055,5.055,5.055,3.98,3.98,3.98,3.98,3.03,3.03,3.03,3.03,21.5,6.443900826446281,7.138710743801653,7.544528925619835,0.2471801652892562,,22.166280991735537,77.41289256198347,14.502351027610052,8.632859504132231,,,,0.566915702479339,8.540628099173555,14.492628099173556,0.3658512396694215,53.0,53.0,26.86393388429752,1.4203636363636365,,1.0022479338842976,1.1805619834710743,53.0,53.0,,59.612,5.024,5.024,47.8,,,30.227,30.227,0.040581818,0.290578509,,0.962128264,0.0,0.0,0.439636364,0.491940496,1.99,0.263781818,0.111,,0.0
1988-02-29,5.429950413223141,17.388495867768597,18.4,18.4,18.4,18.4,,1.0871404958677684,,0.2306578512396694,0.6,2.076495867768595,,2.4216198347107443,9.0,0.6097190082644627,,,,,,19.672066115702485,7.702016528925621,0.6499834710743803,,59.01619834710744,657.813,657.813,,0.3531768595041323,5.711801652892561,6.85,6.9,6.85,6.85,0.415299173553719,12.9,12.9,12.9,14.093,14.472198347107437,2.1225123966942143,2.295074380165289,2.295074380165289,2.295074380165289,0.5498975206611572,5.304,5.304,5.304,3.98,3.98,3.98,3.98,3.03,3.03,3.03,3.03,23.1,2.513652892561984,3.347702479338844,3.802115702479339,0.197295867768595,,9.151537190082644,69.54247933884298,4.205179215695736,1.144661157024793,,,,0.3928661157024794,5.734809917355373,8.932958677685951,0.3261421487603306,49.1,49.1,21.915371900826447,1.2654545454545454,,0.6384793388429751,0.9318347107438016,56.8,56.8,,59.238,5.196,5.196,46.8,,,32.369,32.369,0.077077686,0.332628097,,0.919749421,0.0,0.0,0.125970248,0.465679339,1.86,0.075582149,0.443,,0.0
1988-03-31,6.923504132231405,19.19642975206612,22.1,22.1,22.1,22.1,,1.4449586776859504,,0.2514842975206611,9.9,2.1090247933884294,,2.7239008264462807,12.4,0.5927404958677687,,,,,,30.393322314049588,13.72403305785124,0.6825123966942149,,30.55319008264463,693.905,693.905,,0.3713851239669422,13.730181818181816,12.4,12.4,12.4,12.4,0.7194049586776858,33.6,33.6,33.6,1.39,3.30803305785124,4.494743801652892,4.316429752066116,4.316429752066116,4.316429752066116,0.5017388429752067,5.729,5.729,5.729,3.991,3.991,3.991,3.991,3.03,3.03,3.03,3.03,30.4,0.2115173553719008,2.5947768595041327,3.738446280991736,0.2053685950413223,,10.2438347107438,38.829421487603305,5.706032375091919,1.3773223140495867,,,,0.5570776859504132,0.0196145454545454,2.539438016528925,0.6148760330578512,50.4,50.4,5.699900826446281,1.3096859504132232,,0.8485289256198347,1.0145454545454546,60.8,60.8,,63.701,5.555,5.555,46.8,,,36.287,36.287,0.178928926,0.456396694,,0.713573554,0.259,0.0,1.25557686,0.451279339,1.82,0.753346116,0.816,,0.0
1988-04-30,6.610909090909091,18.94611570247934,29.6,29.6,29.6,29.6,,1.5768595041322313,,0.2189752066115703,6.7,2.7788429752066115,,1.6423140495867772,8.2,0.7021487603305785,,,,,,34.79206611570248,10.127603305785124,0.660495867768595,,25.09884297520661,735.572,735.572,,0.3701157024793388,19.83867768595041,22.2,22.2,22.2,22.2,1.2019834710743802,64.3,64.3,64.3,1.363,2.9335537190082643,1.356694214876033,1.2793388429752066,1.2793388429752066,1.2793388429752066,0.5153057851239671,7.579,7.579,7.579,3.995,3.995,3.995,3.995,3.03,3.03,3.03,3.03,37.9,1.3388429752066116,3.7249586776859513,4.43900826446281,0.2766942148760331,,9.34214876033058,37.30909090909091,6.229141960951252,2.39801652892562,,,,0.5867107438016528,1.3864462809917355,0.1267438016528925,0.3260826446280992,50.1,50.1,6.581157024793389,1.368595041322314,,1.3626446280991735,0.9461157024793388,61.9,61.9,,65.41,5.123,5.123,48.7,,,36.275,36.275,0.24277686,0.491107438,,2.79710281,1.26,2.21553719,1.794049587,1.187648926,1.07,1.076429752,2.501,,0.0
1988-05-31,6.806677685950413,17.794512396694213,34.3,34.3,34.3,34.3,,2.5763305785123967,,0.2219702479338843,4.7,3.271140495867769,,1.260495867768595,5.9,0.8116363636363636,,,,,,29.47100826446281,6.57302479338843,0.6763636363636364,,35.52138842975207,753.135,753.135,,0.379993388429752,14.806214876033058,31.6,31.6,31.6,31.6,1.813884297520661,68.8,68.8,68.8,21.847,20.19867768595041,4.08892561983471,3.738446280991736,3.738446280991736,3.738446280991736,0.4543933884297521,9.121,9.121,9.121,4.017,4.017,4.017,4.017,3.03,3.03,3.03,3.03,41.2,4.980495867768595,7.015735537190083,7.452297520661157,0.2619371900826446,,6.911206611570248,44.06201652892562,4.401692478907065,0.4599272727272728,,,,0.6702148760330578,18.956628099173557,0.0,0.3289586776859504,60.6,60.6,9.229289256198348,5.158809917355373,,1.4326611570247934,0.3898314049586777,52.6,52.6,,65.186,5.129,5.129,47.8,,,36.299,36.299,0.1488,0.620033054,,5.285071736,1.74,7.580826446,2.72328595,2.557055207,2.35,1.63397157,3.089,,0.0
1988-06-30,4.1652892561983474,11.716363636363637,28.7,28.7,28.7,28.7,,7.90214876033058,,0.2249256198347107,1.8,2.653884297520661,,0.4980495867768595,2.3,0.6961983471074382,,,,,,15.221157024793389,2.5110743801652893,0.6545454545454545,,48.698181818181816,731.564,731.564,,0.3707107438016529,4.534214876033058,33.1,33.1,33.1,33.1,2.314710743801653,64.5,64.5,64.5,17.856999999999996,15.36396694214876,3.564297520661157,3.5107438016528927,3.5107438016528927,3.5107438016528927,0.3582148760330578,8.385,8.385,8.385,4.013,4.013,4.013,4.013,3.03,3.03,3.03,3.03,45.1,7.336859504132231,7.592727272727273,7.896198347107437,0.2713388429752066,,3.968925619834711,51.82809917355372,3.177577523659976,0.1463801652892561,,,,0.9639669421487604,10.68694214876033,4.135537190082645,0.3195371900826446,61.7,61.7,11.829421487603303,5.063801652892562,,1.32099173553719,0.0773553719008264,42.1,42.1,,65.55,3.724,3.724,40.0,,,33.677,33.677,0.037487603,0.811239669,,6.099046612,2.406,7.449917355,3.14538843,2.680879339,2.88,1.887233058,3.909,,0.0
1988-07-31,3.0436363636363635,7.526082644628099,23.7,23.7,23.7,23.7,,4.998942148760331,,0.2072132231404958,0.3,1.918413223140496,,0.1494148760330578,0.4,0.2859173553719009,,,,,,8.042578512396696,0.405203305785124,0.6763636363636364,,84.91438016528926,659.908,659.908,,0.3763041322314049,0.5429355371900827,16.5,16.5,16.5,16.5,16.066710743801654,56.2,56.2,56.2,26.716000000000005,24.01705785123967,4.427107438016529,4.341024793388429,4.341024793388429,4.341024793388429,0.3713851239669422,6.536,6.536,6.536,4.01,4.01,4.01,4.01,3.03,3.03,3.03,3.03,46.7,5.097322314049587,5.12806611570248,5.066578512396695,0.2902214876033058,,2.342677685950413,86.14413223140495,3.157024382981958,0.0811636363636363,,,,1.1682644628099172,7.888859504132233,16.558611570247933,0.3271140495867769,61.1,61.1,21.41613223140496,4.980495867768595,,0.7870413223140496,0.5982743801652892,24.8,24.8,,65.74,1.54,1.54,32.9,,,29.953,29.953,0.002459504,1.000661156,,6.448345785,3.001,11.88694215,3.835596694,2.960259174,3.28,2.301358017,4.727,,0.0
1988-08-31,2.367272727272727,6.480793388429752,22.9,22.9,22.9,22.9,,0.4224198347107438,,0.2127471074380165,0.1,1.3158347107438015,,0.0516495867768595,0.2,0.1063735537190083,,,,,,5.939702479338843,0.0015371900826446,0.5890512396694215,,85.03735537190083,582.37,582.37,,0.3793785123966943,0.5730644628099174,6.23,6.2,6.23,6.23,9.59206611570248,41.0,41.0,41.0,23.888,21.520661157024797,4.482446280991736,4.00899173553719,4.00899173553719,4.00899173553719,0.3486347107438017,5.263,5.263,5.263,3.159,3.159,3.159,3.159,3.03,3.03,3.03,3.03,45.8,2.840727272727273,2.4718016528925624,2.459504132231405,0.3289586776859504,,1.727801652892562,84.48396694214875,2.257008482524878,0.0573679338842975,,,,1.2051570247933887,7.962644628099174,12.764826446280992,0.3258842975206611,52.5,52.5,25.07464462809917,5.78598347107438,,0.7501487603305785,0.0010452892561983,8.0,8.0,,65.767,1.452,1.452,27.9,,,25.098,25.098,0.001229752,1.003914049,,5.595855868,2.299,12.2538843,3.804852893,2.937865785,3.37,2.282911736,4.186,,0.0
1988-09-30,0.3141818181818182,3.4750413223140497,21.4,21.4,21.4,21.4,,0.9699173553719008,,0.2201652892561983,0.0,1.1781818181818182,,0.0398677685950413,0.0,0.0815206611570248,,,,,,5.081652892561982,0.0,0.4212892561983471,,45.92528925619835,541.732,541.732,,0.371900826446281,0.5676694214876032,6.15,6.2,6.15,6.15,3.320330578512397,42.2,42.2,42.2,15.953000000000005,14.298842975206613,4.450909090909091,3.9153719008264463,3.9153719008264463,3.9153719008264463,0.3713057851239669,5.055,5.055,5.055,1.987,1.987,1.987,1.987,2.618,2.618,2.618,2.618,30.5,18.02380165289256,17.26809917355372,16.964628099173552,0.2713388429752066,,1.7791735537190083,48.287603305785126,2.9181325601003545,0.0928264462809917,,,,0.7140495867768595,5.444628099173554,8.485289256198348,0.4421157024793387,38.0,38.0,25.31305785123967,4.968595041322314,,0.6188429752066116,0.2576528925619835,3.5,3.5,,63.86,0.966,0.966,23.1,,,21.495,21.495,0.001190083,0.715438017,,5.039055868,0.708,3.318347107,3.579173554,2.699615207,3.09,2.147504132,3.608,,0.0
1988-10-31,0.4746842975206612,4.550082644628099,14.2,14.2,14.2,14.2,,6.929652892561983,,0.2182809917355372,0.0,1.358876033057851,,0.0518955371900826,0.0,0.1199008264462809,,,,,,5.281785123966943,0.0,0.4027438016528926,,40.14525619834711,507.361,507.361,,0.3824528925619835,0.3603173553719008,4.65,4.7,4.65,4.65,1.6478677685950414,39.7,39.7,39.7,15.556,12.752528925619837,3.9167603305785126,3.689256198347108,3.689256198347108,3.689256198347108,0.3836826446280991,4.885,4.885,4.885,0.667,0.667,0.667,0.667,3.03,3.03,3.03,3.03,24.4,14.191338842975206,13.4780826446281,13.361256198347109,0.2410314049586777,0.0394135537190082,2.1459173553719006,42.37110743801653,1.825495953896104,0.06579173553719,,,,1.3957685950413223,4.894413223140496,6.929652892561983,0.3689256198347107,28.6,28.6,17.14889256198347,4.83907438016529,,0.4765289256198347,0.2570181818181817,3.9,3.9,,63.135,2.896,2.896,23.1,,,20.379,20.379,0.000614876,1.196231406,,3.172913058,0.232,0.0,1.51751405,1.503197355,2.79,0.91050843,1.496,,0.0
1988-11-30,2.2849586776859505,11.984132231404958,14.9,14.9,14.9,14.9,,1.6363636363636365,,0.1999338842975206,4.290247933884298,7.414214876033058,,2.725289256198347,6.230082644628099,1.332892561983471,,,,,,23.819504132231405,4.55801652892562,4.415206611570248,,22.855537190082643,552.29,552.29,,0.397487603305785,4.391404958677686,6.01,6.0,6.01,6.01,0.8330578512396695,46.5,46.5,46.5,11.383,10.865454545454543,2.951404958677686,2.951404958677686,2.951404958677686,2.951404958677686,0.9877685950413224,4.724,4.724,4.724,1.2567857666015625,1.2567857666015625,1.2567857666015625,1.2567857666015625,2.567,2.567,2.567,2.567,23.5,5.170909090909091,5.9861157024793386,6.212231404958677,0.3915371900826446,0.0361785123966942,15.203305785123966,55.28528925619835,9.935887936920222,6.813223140495868,,,,1.029421487603306,5.420826446280992,6.12892561983471,0.3451239669421487,45.0,45.0,4.706776859504132,1.6839669421487604,,0.4992396694214876,0.372495867768595,14.2,14.2,,60.642,4.618,4.618,28.6,,,22.821,22.821,0.057123967,0.799338844,,1.129898182,0.06,0.0,0.0,0.480436364,2.38,0.0,0.293,,0.0
1988-12-31,2.39801652892562,10.348363636363638,14.6,14.6,14.6,14.6,,1.5494876033057852,,0.2004495867768594,4.082776859504133,2.2565950413223144,,0.8608264462809917,4.353322314049587,0.6579173553719007,,,,,,13.859305785123963,2.7669421487603305,0.6763636363636364,,25.400528925619835,558.611,558.611,,0.3855272727272726,3.0866776859504133,6.63,6.6,6.63,6.63,0.9407603305785124,29.4,29.4,29.4,27.3,27.392727272727274,3.566280991735537,2.244297520661157,2.244297520661157,2.244297520661157,0.4500892561983471,5.858,5.858,5.858,2.249892822265625,2.249892822265625,2.249892822265625,2.249892822265625,1.461,1.461,1.461,1.461,21.3,6.191801652892562,6.370115702479339,7.261685950413223,0.2976,,7.808925619834711,41.59021487603306,9.558647455112164,4.863669421487603,,,,0.6640661157024794,10.127008264462807,16.66314049586777,0.3523239669421488,50.4,50.4,24.21996694214876,4.783735537190083,,0.7194049586776858,1.0821818181818184,33.4,33.4,,59.36,5.555,5.555,28.6,,,26.353,26.353,0.04181157,0.567867758,,1.67754843,0.0,0.0,0.0,0.487338843,2.44,0.0,0.23,,0.0
1989-01-31,4.931305785123967,12.125355371900826,14.3,14.3,14.3,14.3,,1.3834710743801653,,0.2029090909090909,7.759735537190083,2.1090247933884294,,2.244297520661157,9.88720661157025,0.6640661157024794,,,,,,16.626247933884294,2.9083636363636365,0.6763636363636364,,31.506247933884296,572.212,572.212,,0.3855272727272726,2.6378181818181816,6.87,6.9,6.87,6.87,0.9899504132231408,20.8,20.8,20.8,17.831,19.098049586776863,3.984396694214876,3.0805289256198347,3.0805289256198347,3.0805289256198347,0.6456198347107438,5.858,5.858,5.858,3.243,3.243,3.243,3.243,1.487,1.487,1.487,1.487,18.7,5.6630082644628095,5.607669421487604,5.976595041322314,0.2588628099173554,,12.383603305785124,51.39748760330578,7.830118394735196,4.476297520661157,,,,0.731702479338843,9.432198347107438,9.91180165289256,0.3578578512396694,45.1,45.1,24.908628099173555,10.397553719008265,,0.8362314049586776,1.4265123966942148,60.3,60.3,,59.622,5.031,5.031,37.05,,,29.416,29.416,0.03566281,0.485355366,,3.302475372,0.0,0.0,0.0,0.43128595,2.51,0.0,0.492,,0.0
1989-02-28,3.3544462809917355,11.473983471074382,15.8,15.8,15.8,15.8,,0.7330909090909091,,0.1771636363636363,13.145652892561984,2.0493223140495878,,5.142743801652893,18.504991735537192,0.5998016528925619,,,,,,27.607537190082645,8.82485950413223,1.03299173553719,,30.728727272727276,618.619,618.619,,0.3465520661157025,5.492628099173554,8.02,8.0,8.02,8.02,0.9219173553719008,25.0,25.0,25.0,10.463,11.801652892561984,3.3877685950413223,2.3381157024793384,2.3381157024793384,2.3381157024793384,0.8108429752066115,5.858,5.858,5.858,3.597,3.597,3.597,3.597,0.57,0.57,0.57,0.57,18.7,3.959801652892562,4.398545454545454,5.364892561983471,0.2821289256198347,,16.788892561983467,50.827636363636366,7.58943843738573,2.8990413223140497,,,,0.4870611570247934,5.99801652892562,7.75299173553719,0.326003305785124,50.1,50.1,17.3942479338843,1.4661818181818185,,0.7053223140495868,1.4384132231404958,69.5,69.5,,61.909,5.495,5.495,44.1,,,33.23,33.23,0.073864463,0.354644628,,1.182115041,0.545,0.0,0.0,0.38606281,2.33,0.0,0.019,,0.0
1989-03-31,6.45004958677686,77.90479338842975,34.5,34.5,34.5,34.5,,3.3018842975206613,,0.2121322314049586,20.37699173553719,62.4099173553719,,27.86618181818182,45.211834710743794,5.853619834710742,,,,,,163.37256198347103,33.406214876033054,39.548826446281,,149.5993388429752,818.913,818.913,,99.73289256198348,39.26598347107438,21.0,21.0,21.0,21.0,1.6663140495867768,61.3,61.3,61.3,38.89699999999999,38.68185123966942,6.905057851239669,3.627768595041322,3.627768595041322,3.627768595041322,3.88601652892562,9.47,9.47,9.47,4.003,4.003,4.003,4.003,2.247,2.247,2.247,2.247,40.9,3.271140495867769,12.887801652892565,12.875504132231406,0.5257190082644629,,97.64231404958676,457.1603305785124,54.181610883548665,39.02618181818183,,,,1.6970578512396697,21.717421487603307,31.61692561983472,1.5925289256198347,66.9,66.9,25.972363636363635,70.46479338842975,,123.28264462809918,2.244297520661157,106.4,106.4,,70.469,5.555,5.555,50.325,,,48.547,48.547,0.522644628,0.30307438,,1.105309091,0.099,0.0,0.0,0.392489256,2.49,0.0,0.0,,0.0
1989-04-30,6.860826446280992,34.76231404958678,60.1,60.1,60.1,60.1,,3.0942148760330577,,0.2064793388429752,35.44661157024793,5.444628099173554,,6.8667768595041325,40.80198347107438,0.7616528925619834,,,,,,127.2793388429752,9.96099173553719,21.498842975206607,,208.4429752066116,874.962,874.962,,0.4801983471074381,47.55570247933884,37.4,37.4,37.4,37.4,5.9861157024793386,66.2,66.2,66.2,48.74,45.943140495867766,7.711735537190083,2.243305785123967,2.243305785123967,2.243305785123967,33.10214876033058,13.513,13.513,13.513,4.006,4.006,4.006,4.006,3.03,3.03,3.03,3.03,53.3,8.324628099173554,17.440661157024792,17.04793388429752,0.8747107438016529,,61.52727272727272,273.7785123966942,11.989030957300278,8.705454545454545,,,,0.419504132231405,21.59404958677686,33.82809917355372,0.5950413223140496,66.6,66.6,27.871735537190084,46.30611570247934,,57.42743801652893,2.409917355371901,103.8,103.8,,67.788,5.555,5.555,56.55,,,48.466,48.466,0.608132231,0.270347108,,5.081359339,0.05,2.328595041,0.981818182,1.29436562,2.01,0.589090909,1.461,,0.0
1989-05-31,6.61606611570248,18.661487603305787,70.2,70.2,70.2,70.2,,8.239338842975206,,4.599272727272727,19.614545454545453,3.3018842975206613,,2.084429752066116,22.141685950413223,0.8485289256198347,,,,,,85.83669421487603,9.782677685950413,0.6763636363636364,,79.81090909090909,930.586,930.586,,0.5361719008264464,43.471735537190085,49.8,49.8,49.8,49.8,15.796165289256196,71.7,71.7,71.7,49.811,43.85910743801652,8.528330578512396,3.904462809917356,3.904462809917356,3.904462809917356,23.01480991735537,13.84,13.84,13.84,4.025,4.025,4.025,4.025,3.03,3.03,3.03,3.03,67.9,10.053223140495868,14.701685950413223,14.978380165289256,0.2803834710743801,0.0344330578512396,32.15801652892562,112.70677685950412,7.298988832782371,2.8653223140495867,,,,0.5238743801652893,17.124297520661155,34.359272727272725,0.6148760330578512,66.4,66.4,27.933818181818182,32.95120661157025,,15.943735537190085,2.133619834710744,103.6,103.6,,67.043,5.555,5.555,53.5,,,47.967,47.967,0.453163636,0.525818182,,6.494997025,2.259,21.76264463,2.439828099,2.555412893,2.33,1.46389686,3.767,,0.0
1989-06-30,3.12396694214876,10.09190082644628,68.3,68.3,68.3,68.3,,4.641322314049587,,5.896859504132231,9.96694214876033,2.701487603305785,,0.6545454545454545,10.645289256198348,0.72,,,,,,37.48165289256198,2.273057851239669,0.6545454545454545,,62.65785123966942,928.806,928.806,,0.5087603305785124,17.708429752066117,45.5,45.5,45.5,45.5,21.653553719008265,70.1,70.1,70.1,46.33,42.05752066115703,6.289586776859504,4.367603305785124,4.367603305785124,4.367603305785124,8.949421487603306,13.84,13.84,13.84,4.003,4.003,4.003,4.003,3.03,3.03,3.03,3.03,62.5,14.608264462809917,16.048264462809918,15.68528925619835,1.5947107438016528,0.0366545454545454,15.358016528925624,73.90413223140496,4.73725361294766,0.6128925619834711,,,,0.9461157024793388,15.84,28.53818181818182,0.5950413223140496,64.0,64.0,27.10413223140496,26.26512396694215,,1.8565289256198347,0.288595041322314,97.6,97.6,,66.728,5.555,5.555,49.7,,,46.656,46.656,0.144595041,0.81183471,,6.692326612,2.628,22.02842975,2.872859504,2.83963438,2.78,1.723715702,3.815,,0.0
1989-07-31,2.8530247933884296,7.956495867768595,62.0,62.0,62.0,62.0,,6.345520661157025,,0.2225851239669421,0.8546776859504133,2.139768595041322,,0.2699305785123966,0.6886611570247934,0.5484694214876034,,,,,,13.951537190082645,0.5417057851239669,0.6763636363636364,,112.33785123966942,840.356,840.356,,0.4839074380165289,1.801586776859504,21.6,21.6,21.6,21.6,22.95947107438016,56.2,56.2,56.2,47.00100000000001,43.14585123966943,4.125818181818181,3.523239669421488,3.523239669421488,3.523239669421488,0.3615471074380165,13.677,13.677,13.677,4.044,4.044,4.044,4.044,3.03,3.03,3.03,3.03,58.5,11.049322314049585,10.274578512396694,10.852561983471077,0.4039735537190083,0.0421190082644628,3.5355371900826444,109.2019834710744,4.356762744582001,0.3793785123966943,,,,1.6171239669421489,16.62009917355372,24.453619834710743,0.6148760330578512,63.2,63.2,28.77004958677686,19.31325619834711,,0.959206611570248,0.0182003305785123,82.1,82.1,,67.138,3.7415,3.7415,43.3,,,42.638,42.638,0.003689256,1.283305785,,7.399386446,2.858,24.54743802,3.326479339,2.92915438,3.42,1.995887603,4.532,,0.0
1989-08-31,2.6562644628099177,7.046479338842976,50.7,50.7,50.7,50.7,,11.123107438016527,,0.2379570247933884,0.1512595041322314,2.102876033057852,,0.136502479338843,0.1051438016528925,0.2896066115702479,,,,,,10.04707438016529,0.0731702479338843,0.6886611570247934,,145.66413223140495,712.046,712.046,,0.4482446280991736,0.4980495867768595,6.2,6.2,6.2,6.2,14.62790082644628,52.3,52.3,52.3,31.26,28.84998347107438,3.972099173553718,3.2588429752066115,3.2588429752066115,3.2588429752066115,0.3984396694214877,6.903,6.903,6.903,4.037,4.037,4.037,4.037,3.026,3.026,3.026,3.026,59.8,16.21428099173554,15.728528925619834,15.476429752066116,0.2471801652892562,0.0463001652892562,2.613223140495868,145.29520661157025,3.0456720698937505,0.3209652892561983,,,,1.6601652892561984,11.78102479338843,15.32885950413223,0.6886611570247934,58.7,58.7,28.03219834710744,7.335471074380165,,0.9899504132231408,0.0,53.1,53.1,,67.525,1.928,1.928,37.5,,,37.597,37.597,0.00307438,1.32892562,,7.690448926,2.729,24.59504132,3.341236364,2.964702149,3.3,2.004741818,4.225,,0.0
1989-09-30,0.4004628099173554,4.855537190082645,47.9,47.9,47.9,47.9,,2.9335537190082643,,0.2106446280991735,0.3522644628099173,1.9398347107438016,,0.1511404958677686,0.3171570247933885,0.2945454545454545,,,,,,9.288595041322314,0.096396694214876,0.7497520661157027,,106.98842975206612,620.888,620.888,,0.4355702479338844,0.72,6.54,6.5,6.54,6.54,3.2013223140495866,53.1,53.1,53.1,17.94,16.191074380165293,3.344132231404959,2.927603305785124,2.927603305785124,2.927603305785124,0.4450909090909091,4.199,4.199,4.199,3.994,3.994,3.994,3.994,2.979,2.979,2.979,2.979,47.9,18.32132231404959,18.02380165289256,17.720330578512396,0.2368264462809917,0.0493289256198347,3.052561983471074,113.89090909090908,4.162746390865238,0.7616528925619834,,,,1.344793388429752,5.40297520661157,9.931239669421489,0.660495867768595,43.3,43.3,27.46710743801653,6.485950413223141,,0.9163636363636364,0.0,42.2,42.2,,63.42,2.285,2.285,34.3,,,34.164,34.164,0.005950413,1.065123967,,6.52406876,0.76,10.1831405,2.976396694,2.49979438,2.88,1.785838017,3.205,,0.0
1989-10-31,2.35497520661157,10.268429752066115,48.7,48.7,48.7,48.7,,0.7255537190082645,,0.2287338842975207,3.1604628099173557,2.262743801652892,,0.6050380165289257,3.3756694214876037,0.5785983471074378,,,,,,17.456330578512393,2.4349090909090907,1.4019173553719009,,39.56727272727273,615.674,615.674,,0.405203305785124,2.4718016528925624,5.2,5.2,5.2,5.2,5.533884297520661,51.6,51.6,51.6,26.311000000000007,26.65487603305785,3.4310082644628097,2.9391074380165287,2.9391074380165287,2.9391074380165287,0.5749090909090909,4.173,4.173,4.173,3.998,3.998,3.998,3.998,3.03,3.03,3.03,3.03,33.6,17.76376859504132,17.714578512396695,17.554710743801653,0.3449454545454546,0.048636694214876,6.8743140495867765,50.32145454545454,7.983954271074387,4.507041322314049,,,,1.2174545454545451,11.639603305785124,13.51497520661157,0.4537785123966942,48.7,48.7,19.110347107438017,5.595371900826446,,0.9346115702479338,1.2666446280991737,43.9,43.9,,59.605,4.105,4.105,34.3,,,33.618,33.618,0.028899174,0.976066116,,4.23585124,0.0,1.725619835,1.540879339,1.309521322,2.61,0.924527603,1.173,,0.0
1989-11-30,3.0347107438016527,9.72297520661157,44.0,44.0,44.0,44.0,,6.027768595041322,,0.2296859504132231,2.9811570247933883,2.136198347107438,,0.7854545454545454,3.814214876033057,0.6307438016528926,,,,,,15.524628099173553,2.0826446280991737,0.660495867768595,,45.859834710743804,602.319,602.319,,0.3915371900826446,2.457520661157025,4.88,4.9,4.88,4.88,2.0052892561983477,46.4,46.4,46.4,27.437,28.73454545454545,2.7788429752066115,2.386115702479339,2.386115702479339,2.386115702479339,0.5879008264462809,5.125,5.125,5.125,3.301,3.301,3.301,3.301,3.03,3.03,3.03,3.03,25.9,17.303801652892563,17.458512396694214,17.5299173553719,0.3016859504132231,0.045699173553719,7.771239669421488,53.44066115702479,5.170853329004324,1.820826446280992,,,,1.1008264462809918,9.764628099173551,17.964297520661155,0.4665123966942148,50.6,50.6,20.088595041322318,11.7699173553719,,0.827107438016529,1.969586776859504,58.6,58.6,,59.814,5.141,5.141,35.0,,,35.607,35.607,0.03153719,0.889785123,,3.848818512,0.077,0.0,0.393917355,0.471213223,1.85,0.236350413,0.237,,0.0
1989-12-31,2.1090247933884294,7.919603305785126,35.3,35.3,35.3,35.3,,9.807272727272728,,0.235497520661157,2.299636363636364,2.1951074380165294,,0.4605421487603305,2.207404958677686,0.6099570247933883,,,,,,13.31821487603306,1.3773223140495867,0.6763636363636364,,50.204628099173554,575.436,575.436,,0.3996694214876033,2.1889586776859504,5.82,5.8,5.82,5.82,0.546009917355372,27.5,27.5,27.5,33.874,35.53368595041322,2.846876033057851,2.4287603305785126,2.4287603305785126,2.4287603305785126,0.4359471074380165,5.242,5.242,5.242,1.984,1.984,1.984,1.984,1.774,1.774,1.774,1.774,27.9,11.867107438016529,13.76092561983471,13.55801652892562,0.2502545454545455,,4.648462809917355,55.627834710743805,2.225327846230391,0.3578578512396694,,,,0.744,12.309818181818182,21.643636363636364,0.4248793388429752,41.2,41.2,29.04674380165289,19.21487603305785,,0.7993388429752066,1.9368595041322316,79.3,79.3,,59.598,5.527,5.527,43.85,,,36.311,36.311,0.028899174,0.592066115,,2.541157686,0.0,0.0,0.341871074,0.505864463,1.95,0.205122645,0.215,,0.0
1990-01-31,4.144264462809918,19.055008264462806,37.3,37.3,37.3,37.3,,0.9161652892561984,,0.2041388429752066,9.106314049586777,2.219702479338843,,2.834578512396694,11.467438016528924,0.7317024793388428,,,,,,25.197619834710743,7.612165289256199,0.744,,36.136264462809926,606.359,606.359,,0.4156561983471074,5.779834710743802,8.12,8.1,8.12,8.12,0.694809917355372,24.2,24.2,24.2,18.176,19.12879338842976,2.779239669421488,2.4041652892561984,2.4041652892561984,2.4041652892561984,0.545395041322314,5.646,5.646,5.646,1.426,1.426,1.426,1.426,1.739,1.739,1.739,1.739,29.4,4.87596694214876,6.050380165289257,5.988892561983471,0.3055933884297521,,12.90009917355372,61.303140495867765,11.205490489922978,7.267834710743801,,,,0.5490842975206611,13.533421487603306,5.810578512396694,0.4267239669421488,41.4,41.4,26.46426446280992,3.26499173553719,,3.203504132231405,1.4019173553719009,103.3,103.3,,59.547,5.147,5.147,57.0,,,38.941,38.941,0.075629752,0.456793389,,1.820033058,0.0,0.0,0.372,0.498842975,2.07,0.2232,0.215,,0.0
1990-02-28,3.0545454545454547,13.978710743801653,38.6,38.6,38.6,38.6,,0.672,,0.1838280991735537,7.503074380165289,2.032661157024793,,2.2992396694214885,9.119206611570249,0.6497851239669421,,,,,,18.099570247933883,3.26003305785124,0.6164628099173556,,16.60006611570248,639.369,639.369,,0.3882049586776859,3.243371900826446,9.06,9.1,9.06,9.06,0.7053223140495868,20.6,20.6,20.6,13.512,15.19497520661157,2.5713719008264464,1.488396694214876,1.488396694214876,1.488396694214876,0.744198347107438,5.646,5.646,5.646,1.608,1.608,1.608,1.608,1.643,1.643,1.643,1.643,28.3,3.987570247933885,4.004231404958678,4.076429752066116,0.2638016528925619,,12.71801652892562,39.94234710743802,11.284083388227357,6.858842975206612,,,,0.2893487603305785,10.774214876033058,2.9934545454545454,0.3859834710743802,45.1,45.1,19.36026446280992,1.5550413223140496,,23.014611570247933,1.3828760330578511,103.1,103.1,,59.81,4.48,4.48,57.0,,,41.394,41.394,0.042208264,0.365752065,,1.538762975,0.0,0.0,0.708654545,0.507828099,1.68,0.425192727,0.194,,0.0
1990-03-31,6.542280991735537,24.76105785123967,38.4,38.4,38.4,38.4,,6.105719008264463,,0.2121322314049586,20.616793388429752,2.988297520661157,,6.757487603305785,27.509553719008263,0.8116363636363636,,,,,,48.73507438016529,18.12654545454545,0.768595041322314,,9.561322314049589,754.276,754.276,,0.4125818181818181,15.445685950413225,14.0,14.0,14.0,14.0,0.9899504132231408,35.5,35.5,35.5,15.79,18.421685950413227,3.012892561983471,2.674710743801653,2.674710743801653,2.674710743801653,1.0145454545454546,5.646,5.646,5.646,2.914,2.914,2.914,2.914,3.03,3.03,3.03,3.03,33.9,3.8614214876033057,7.10796694214876,7.003438016528926,0.4845223140495868,,25.81864462809917,42.34651239669422,11.162251797922082,5.343272727272728,,,,0.1973752066115703,10.545123966942148,8.589818181818181,0.4236495867768595,49.6,49.6,27.509553719008263,1.813884297520661,,13.88390082644628,1.3096859504132232,102.9,102.9,,62.027,4.548,4.548,57.0,,,46.603,46.603,0.205368595,0.265388439,,1.323397686,0.0,0.0,0.376919008,0.592899174,1.68,0.226151405,4.029,,0.0
1990-04-30,6.212231404958677,16.57190082644628,52.3,52.3,52.3,52.3,,4.790082644628099,,0.2070743801652893,17.107438016528924,2.9811570247933883,,2.784793388429753,19.749421487603307,0.6902479338842974,,,,,,64.91900826446283,16.268429752066115,0.7140495867768595,,31.793057851239663,832.239,832.239,,0.4117685950413223,33.64958677685951,29.38,29.4,29.38,29.38,1.7077685950413224,69.3,69.3,69.3,16.535999999999998,18.15471074380165,1.8624793388429752,1.2674380165289256,1.2674380165289256,1.2674380165289256,0.5355371900826447,8.424,8.424,8.424,4.022,4.022,4.022,4.022,3.03,3.03,3.03,3.03,47.8,2.0945454545454547,7.485619834710744,7.432066115702479,0.2927603305785123,,12.4899173553719,41.24231404958677,5.317311615702475,1.1543801652892562,,,,0.2868099173553719,10.419173553719007,6.337190082644628,0.4046280991735537,58.1,58.1,11.841322314049586,2.588429752066116,,1.701818181818182,1.207933884297521,98.2,98.2,,66.18,4.424,4.424,57.0,,,46.635,46.635,0.417719008,0.332429754,,3.480472066,1.065,5.246280992,1.272198347,1.465848595,1.75,0.763319008,2.432,,0.0
1990-05-31,4.888264462809917,15.37190082644628,59.5,59.5,59.5,59.5,,3.941355371900826,,0.2201256198347107,10.877157024793387,4.156561983471073,,2.711603305785124,11.670347107438015,0.8854214876033057,,,,,,48.827305785123954,10.58201652892562,2.0413884297520664,,73.04727272727273,852.584,852.584,,0.4218049586776859,19.55920661157025,38.2,38.2,38.2,38.2,4.8267768595041325,74.5,74.5,74.5,29.539,29.09593388429752,3.701553719008265,3.178909090909091,3.178909090909091,3.178909090909091,3.0436363636363635,11.903,11.903,11.903,4.04,4.04,4.04,4.04,3.03,3.03,3.03,3.03,55.1,5.693752066115702,8.14710743801653,8.55292561983471,0.3424859504132231,,12.783272727272728,84.48396694214875,6.904056258953167,2.152066115702479,,,,0.182003305785124,12.014677685950414,17.167338842975205,0.4125818181818181,66.3,66.3,20.51226446280992,7.790479338842975,,1.918413223140496,0.5933553719008264,85.5,85.5,,68.154,5.541,5.541,52.5,,,46.077,46.077,0.196760331,0.273322313,,5.241746777,2.009,14.82644628,2.256595041,2.429006281,2.89,1.353957025,4.881,,0.0
1990-06-30,5.254214876033058,14.542809917355372,63.7,63.7,63.7,63.7,,1.0651239669421488,,0.2011239669421487,9.645619834710743,2.9097520661157024,,2.588429752066116,11.341487603305785,0.7140495867768595,,,,,,36.83305785123967,8.134214876033058,1.0353719008264466,,97.05123966942148,829.545,829.545,,0.4129586776859504,7.806942148760329,37.5,37.5,37.5,37.5,5.777851239669421,69.3,69.3,69.3,31.21,30.924297520661163,4.617520661157025,3.7606611570247934,3.7606611570247934,3.7606611570247934,1.1603305785123967,12.399,12.399,12.399,3.993,3.993,3.993,3.993,3.03,3.03,3.03,3.03,46.0,13.68595041322314,14.828429752066116,14.721322314049589,0.2552727272727272,,10.222809917355372,108.53553719008264,5.628260455922861,0.7735537190082644,,,,0.192198347107438,14.566611570247934,15.768595041322314,0.3843966942148761,60.3,60.3,26.657851239669423,15.768595041322314,,1.868429752066116,0.3171570247933885,78.4,78.4,,67.565,4.92,4.92,42.5,,,45.736,45.736,0.067834711,0.269950414,,5.871229091,1.928,18.08528926,2.395636364,2.428964628,2.95,1.437381818,9.426,,0.0
1990-07-31,4.494743801652892,8.829619834710744,54.1,54.1,54.1,54.1,,9.561322314049589,,0.2139768595041322,1.32198347107438,2.0967272727272728,,0.4334876033057851,1.1559669421487604,0.5607669421487602,,,,,,12.27292561983471,0.9161652892561984,0.6763636363636364,,64.43900826446281,786.967,786.967,,0.405203305785124,0.4636165289256199,15.4,15.4,15.4,15.4,20.36469421487603,60.7,60.7,60.7,32.564,31.457057851239668,4.998942148760331,4.322578512396694,4.322578512396694,4.322578512396694,0.3597024793388429,12.143,12.143,12.143,3.98,3.98,3.98,3.98,3.03,3.03,3.03,3.03,48.2,7.661355371900826,8.971041322314049,7.661355371900826,0.2490247933884297,0.06579173553719,3.424859504132232,68.55867768595041,4.2073932415078446,0.4728396694214877,,,,0.2391867768595041,12.77097520661157,16.521719008264462,0.545395041322314,60.5,60.5,25.83094214876033,7.396958677685951,,0.731702479338843,0.0239186776859504,47.7,47.7,,67.232,4.948,4.948,33.6,,,42.664,42.664,0.001844628,0.298710748,,7.593367934,2.989,24.27768595,3.306803306,2.872548099,3.34,1.984081983,7.809,,0.0
1990-08-31,2.889917355371901,6.302479338842975,39.5,39.5,39.5,39.5,,14.504925619834712,,0.2139768595041322,0.0934611570247933,2.004495867768595,,0.1727801652892561,0.0167861157024793,0.3320330578512397,,,,,,7.944198347107436,0.0323424793388429,0.7808925619834711,,62.96330578512397,737.623,737.623,,0.3996694214876033,0.5638413223140496,5.99,6.0,5.99,5.99,9.315371900826449,48.8,48.8,48.8,32.705000000000005,29.76,4.445553719008265,3.830677685950413,3.830677685950413,3.830677685950413,0.3793785123966943,11.542,11.542,11.542,3.98,3.98,3.98,3.98,3.03,3.03,3.03,3.03,47.5,14.62790082644628,14.06221487603306,13.496528925619836,0.4002842975206611,0.0593970247933884,2.342677685950413,64.56198347107438,3.1476547298476376,0.3412561983471074,,,,0.2262743801652892,11.000132231404958,17.388694214876033,0.4543933884297521,55.6,55.6,27.8723305785124,7.913454545454544,,0.7870413223140496,0.0,18.8,18.8,,67.035,4.783,4.783,28.6,,,37.985,37.985,0.001844628,0.288396695,,7.920716033,2.394,22.00066116,3.394115702,2.890262479,3.5,2.036469421,4.355,,0.0
1990-09-30,0.4534214876033058,4.07603305785124,25.4,25.4,25.4,25.4,,14.132231404958675,,0.2035041322314049,0.0555173553719008,1.7494214876033058,,0.1225785123966941,0.0132694214876033,0.2243305785123966,,,,,,6.462148760330579,0.0,0.6069421487603306,,32.8700826446281,714.33,714.33,,0.38499173553719,1.3388429752066116,7.46,7.5,7.46,7.46,0.6545454545454545,43.6,43.6,43.6,14.375999999999998,13.156363636363636,3.701157024793389,3.0585123966942147,3.0585123966942147,3.0585123966942147,0.3629752066115702,11.212,11.212,11.212,3.989,3.989,3.989,3.989,3.03,3.03,3.03,3.03,50.4,11.061818181818182,10.758347107438016,10.663140495867768,0.2689586776859504,,2.023140495867769,36.36297520661157,3.029195728457863,0.3135867768595041,,,,0.2368264462809917,5.849256198347107,6.729917355371901,0.4831735537190083,38.0,38.0,26.110413223140498,4.760330578512397,,0.696198347107438,0.3713057851239669,12.6,12.6,,65.25,2.777,2.777,23.1,,,34.054,34.054,0.003570248,0.287404958,,6.737006281,0.498,4.881322314,2.999603306,2.596827769,3.12,1.799761983,3.897,,0.0
1990-10-31,0.9161652892561984,4.660760330578513,24.5,24.5,24.5,24.5,,0.8977190082644628,,0.2244297520661157,0.0249024793388429,1.7155041322314049,,0.1297388429752066,0.0043041322314049,0.1955305785123967,,,,,,6.905057851239669,0.0,0.58659173553719,,70.58776859504133,655.647,655.647,,0.3763041322314049,0.3849123966942149,8.7,8.7,8.7,8.7,0.7993388429752066,33.5,33.5,33.5,14.941,13.625652892561984,3.7138512396694217,2.988297520661157,2.988297520661157,2.988297520661157,0.3633917355371901,10.779,10.779,10.779,3.995,3.995,3.995,3.995,1.487,1.487,1.487,1.487,43.7,7.839669421487604,7.987239669421488,7.870413223140495,0.2791537190082644,,2.1582148760330577,74.27702479338843,5.739845346415918,2.834578512396694,,,,0.9776528925619836,0.0,13.084561983471074,0.5035834710743802,30.0,30.0,16.56476033057851,5.011239669421488,,0.7808925619834711,0.2656264462809918,11.9,11.9,,61.516,4.815,4.815,20.2,,,32.716,32.716,0.002459504,1.44277686,,3.872396033,0.228,1.388429752,1.480006612,1.36819438,3.11,0.888003967,2.743,,0.0
1990-11-30,1.4459504132231404,5.694545454545454,24.0,24.0,24.0,24.0,,0.4302148760330578,,0.1987438016528925,0.084495867768595,1.8148760330578515,,0.180297520661157,0.0761652892561983,0.2772892561983472,,,,,,7.009586776859504,0.019695867768595,0.6902479338842974,,61.52727272727272,606.715,606.715,,0.3784462809917356,0.1249586776859504,7.9,7.9,7.9,7.9,0.7259504132231405,21.3,21.3,21.3,14.114,13.114710743801654,3.272727272727273,2.975206611570248,2.975206611570248,2.975206611570248,0.3623801652892561,10.679,10.679,10.679,1.993,1.993,1.993,1.993,1.565,1.565,1.565,1.565,42.4,4.135537190082645,4.629421487603306,4.462809917355372,0.2213553719008264,,2.64198347107438,64.85950413223141,2.540029919649178,0.2897851239669421,,,,1.404297520661157,3.1775206611570246,8.669752066115702,0.3713057851239669,29.6,29.6,13.156363636363636,1.5887603305785123,,0.8806611570247934,0.0009520661157024,12.3,12.3,,59.793,4.645,4.645,25.7,,,33.727,33.727,0.001785124,1.161719008,,1.842979835,0.309,0.0,0.378446281,0.47208595,2.56,0.227067769,1.004,,0.0
1990-12-31,1.1621157024793387,5.503140495867768,23.7,23.7,23.7,23.7,,0.4347173553719008,,0.2035239669421487,0.0836231404958677,1.8999669421487604,,0.1973752066115703,0.0507887603305785,0.3166611570247934,,,,,,7.15100826446281,0.0502968595041322,0.6825123966942149,,62.102479338842976,558.543,558.543,,0.3824528925619835,0.1518743801652892,8.0,8.0,8.0,8.0,0.6763636363636364,17.2,17.2,17.2,6.241,7.390809917355372,2.5947768595041327,2.3057851239669422,2.3057851239669422,2.3057851239669422,0.3597024793388429,10.443,10.443,10.443,1.609,1.609,1.609,1.609,1.687,1.687,1.687,1.687,40.8,4.285685950413223,6.505388429752066,4.79603305785124,0.1537190082644628,,2.5886280991735537,65.36132231404959,2.473989175640636,0.3443305785123967,,,,0.6702148760330578,4.906710743801653,1.414214876033058,0.3707702479338842,31.3,31.3,5.060429752066116,1.537190082644628,,0.9530578512396696,0.8054876033057852,13.7,13.7,,59.145,4.734,4.734,31.3,,,34.285,34.285,0.002459504,0.582148764,,1.512158678,0.119,0.0,0.413196694,0.537242975,1.99,0.247918017,0.32,,0.0
1991-01-31,1.358876033057851,5.595371900826446,23.3,23.3,23.3,23.3,,0.6210247933884298,,0.2109024793388429,0.1340429752066116,1.9614545454545456,,0.2385719008264462,0.0713256198347107,0.4033586776859503,,,,,,7.200198347107438,0.0799338842975206,0.7808925619834711,,50.62889256198347,519.84,519.84,,0.38060826446281,0.1764694214876032,7.2,7.2,7.2,7.2,0.6118016528925619,18.4,18.4,18.4,1.888,2.1643636363636367,2.47795041322314,2.127471074380165,2.127471074380165,2.127471074380165,0.384297520661157,10.17,10.17,10.17,1.717,1.717,1.717,1.717,1.687,1.687,1.687,1.687,37.6,4.168859504132231,5.4478016528925615,4.685355371900826,0.1666314049586777,,2.7669421487603305,55.019107438016526,2.5745548917748997,0.3228099173553719,,,,0.7194049586776858,0.5730644628099174,0.3996694214876033,0.3695404958677686,28.0,28.0,4.91900826446281,1.6417190082644628,,0.8362314049586776,0.4101223140495869,15.1,15.1,,59.081,5.113,5.113,36.8,,,35.17,35.17,0.002459504,0.621421484,,1.221070413,0.101,0.0,0.439021488,0.57187438,1.72,0.263412893,0.186,,0.0
1991-02-28,1.821619834710744,6.631140495867768,23.0,23.0,23.0,23.0,,0.8108429752066115,,0.2193719008264462,0.9219173553719008,1.7827438016528925,,0.3487735537190082,0.9274710743801652,0.4448528925619834,,,,,,7.897388429752066,1.1329586776859504,0.6664462809917355,,32.81692561983471,502.422,502.422,,0.3421090909090909,0.4937256198347107,7.9,7.9,7.9,7.9,0.4987239669421487,19.0,19.0,19.0,0.0,0.2499173553719008,2.1270743801652894,1.7827438016528925,1.7827438016528925,1.7827438016528925,0.4020892561983471,10.17,10.17,10.17,2.488,2.488,2.488,2.488,3.03,3.03,3.03,3.03,38.9,0.2621355371900827,1.188495867768595,0.3532165289256198,0.1638347107438016,,3.798743801652893,37.84304132231406,2.880444427312077,0.8052892561983471,,,,0.5020561983471074,0.0,0.367100826446281,0.3532165289256198,25.9,25.9,3.271140495867769,1.0996363636363635,,0.6331239669421487,0.1077421487603305,18.2,18.2,,60.54,4.97,4.97,42.3,,,36.226,36.226,0.007219835,0.425057854,,1.097676694,1.004,0.0,0.302677686,0.513381818,1.41,0.181606612,0.166,,0.0
1991-03-31,5.318677685950413,43.79147107438017,27.1,27.1,27.1,27.1,,1.5556363636363637,,0.2502545454545455,16.20198347107438,9.444495867768596,,6.5238347107438015,22.24006611570248,1.8938181818181816,,,,,,57.44786776859504,10.354512396694217,8.245487603305783,,12.19299173553719,645.554,645.554,,0.4113520661157026,10.065520661157024,7.9,7.9,7.9,7.9,0.768595041322314,39.7,39.7,39.7,9.727,11.590413223140496,2.287338842975207,1.8569256198347108,1.8569256198347108,1.8569256198347108,1.5617851239669422,11.813,11.813,11.813,3.98,3.98,3.98,3.98,3.03,3.03,3.03,3.03,44.4,3.0989752066115703,7.673652892561983,4.1934545454545455,0.4304132231404958,,41.07371900826446,93.52264462809916,32.06612484895598,23.8940826446281,,,,0.7255537190082645,10.04707438016529,2.8714710743801657,0.744,55.2,55.2,5.374016528925621,1.6601652892561984,,1.8815206611570248,1.0637355371900827,82.9,82.9,,61.24,5.307,5.307,47.8,,,42.598,42.598,0.143266116,0.183272726,,1.167851901,0.046,0.0,0.419960331,0.780575207,1.68,0.251976198,0.184,,0.0
1991-04-30,6.521652892561984,29.75801652892562,33.6,33.6,33.6,33.6,,1.5173553719008264,,0.2463471074380165,23.5398347107438,3.6059504132231406,,7.509421487603306,31.32297520661157,0.7616528925619834,,,,,,57.254876033057855,20.79074380165289,1.5887603305785123,,17.65487603305785,764.525,764.525,,0.3736859504132231,20.832396694214875,15.6,15.6,15.6,15.6,1.0234710743801654,55.5,55.5,55.5,27.943,30.10909090909091,1.273388429752066,1.0889256198347108,1.0889256198347108,1.0889256198347108,1.2436363636363637,12.497,12.497,12.497,3.98,3.98,3.98,3.98,3.03,3.03,3.03,3.03,47.9,7.551074380165289,11.127272727272729,10.972561983471074,0.3748760330578512,,25.830743801652893,42.652561983471074,9.18083860001799,1.9338842975206607,,,,0.5652892561983471,18.37487603305785,12.436363636363636,0.3707107438016529,63.0,63.0,26.64,9.889586776859504,,1.6006611570247933,1.5590082644628098,92.0,92.0,,66.5,4.882,4.882,49.7,,,46.388,46.388,0.27907438,0.062122315,,3.599355372,0.367,1.896198347,0.849123967,1.550374215,1.75,0.50947438,1.399,,0.0
1991-05-31,6.880462809917355,22.018710743801652,51.6,51.6,51.6,51.6,,1.9307107438016529,,0.2650115702479338,21.145586776859503,3.363371900826446,,4.205752066115704,25.431272727272727,0.8731239669421488,,,,,,72.24793388429752,20.69672727272728,0.6640661157024794,,29.415669421487603,863.279,863.279,,0.4076628099173554,36.419107438016525,34.8,34.8,34.8,34.8,1.9307107438016529,72.8,72.8,72.8,43.429,43.65619834710744,3.4125619834710745,3.117421487603306,3.117421487603306,3.117421487603306,0.6825123966942149,13.84,13.84,13.84,4.031,4.031,4.031,4.031,3.03,3.03,3.03,3.03,62.4,4.230347107438017,11.541223140495866,11.436694214876033,0.2484099173553718,,17.683834710743806,48.66128925619834,6.173526911570245,0.7931900826446281,,,,0.2484099173553718,17.050512396694216,26.80244628099173,0.4925157024793388,65.7,65.7,26.507305785123968,25.91087603305785,,1.8753719008264464,1.690909090909091,97.1,97.1,,66.242,5.555,5.555,46.8,,,47.65,47.65,0.415656198,0.18543471,,6.342593058,1.66,14.7292562,2.277500826,2.55205686,2.17,1.366500496,3.01,,0.0
1991-06-30,4.778181818181818,11.258181818181818,60.0,60.0,60.0,60.0,,0.95801652892562,,0.2511074380165289,7.9259504132231395,2.630082644628099,,1.309090909090909,8.622148760330578,0.72,,,,,,40.677024793388426,5.736198347107438,0.6426446280991736,,38.29685950413223,888.199,888.199,,0.4230743801652893,18.678347107438015,41.3,41.3,41.3,41.3,8.491239669421487,66.7,66.7,66.7,43.902,41.87900826446281,4.32,3.2013223140495866,3.2013223140495866,3.2013223140495866,1.5471074380165288,13.84,13.84,13.84,3.98,3.98,3.98,3.98,3.03,3.03,3.03,3.03,62.7,8.907768595041322,11.609256198347108,11.51404958677686,0.251702479338843,,8.27107438016529,45.36595041322314,3.651050735537191,0.4891239669421488,,,,0.6783471074380165,15.822148760330576,25.854545454545452,0.3736859504132231,63.5,63.5,25.372561983471076,27.97289256198347,,1.8327272727272728,0.2766942148760331,95.2,95.2,,66.736,5.555,5.555,42.5,,,44.562,44.562,0.181487603,0.616919009,,7.195059174,2.513,20.19371901,3.227504132,2.800913058,2.53,1.936502479,3.949,,0.0
1991-07-31,3.480198347107438,7.612165289256199,60.0,60.0,60.0,60.0,,0.6517685950413223,,0.268700826446281,1.3773223140495867,2.244297520661157,,0.4113520661157026,1.3342809917355372,0.5761388429752066,,,,,,12.832462809917356,1.008396694214876,0.6763636363636364,,70.46479338842975,840.4,840.4,,0.4427107438016529,1.069884297520661,19.3,19.3,19.3,19.3,21.600595041322315,46.7,46.7,46.7,43.293000000000006,40.059173553719006,3.664661157024793,3.332628099173553,3.332628099173553,3.332628099173553,0.7255537190082645,13.775,13.775,13.775,4.004,4.004,4.004,4.004,3.03,3.03,3.03,3.03,61.3,2.7423471074380164,2.8038347107438018,2.459504132231405,0.2908363636363636,,4.199603305785124,70.52628099173553,4.307084771129485,0.4218049586776859,,,,1.1621157024793387,16.12204958677686,22.25851239669421,0.3855272727272726,61.9,61.9,26.65487603305785,19.829752066115702,,0.9776528925619836,0.1924561983471074,79.8,79.8,,67.28,5.169,5.169,36.7,,,41.109,41.109,0.00614876,0.979834711,,7.955226446,2.813,22.99834711,3.569970248,2.899830744,2.96,2.141982149,4.388,,0.0
1991-08-31,0.7378512396694215,4.863669421487603,52.2,52.2,52.2,52.2,,7.298578512396694,,0.2803834710743801,0.2035239669421487,2.059834710743801,,0.1844628099173553,0.0621024793388429,0.3898314049586777,,,,,,8.47299173553719,0.0595814876033057,0.7317024793388428,,124.51239669421489,732.084,732.084,,0.4027438016528926,0.4427107438016529,11.0,11.0,11.0,11.0,9.536727272727273,31.9,31.9,31.9,35.09100000000001,33.54148760330578,3.959801652892563,3.750743801652893,3.750743801652893,3.750743801652893,0.3935206611570248,10.125,10.125,10.125,4.025,4.025,4.025,4.025,3.03,3.03,3.03,3.03,58.1,13.625652892561984,13.951537190082645,13.459636363636363,0.2551735537190083,,2.3057851239669422,121.80694214876031,1.9917674898566329,0.2102876033057851,,,,1.19900826446281,13.908495867768597,18.50161983471074,0.3830677685950414,60.1,60.1,25.80019834710744,12.500429752066117,,0.9038677685950414,1.475702479338843,56.9,56.9,,66.72,5.058,5.058,32.9,,,35.814,35.814,0.003689256,1.021487603,,8.091978843,2.509,23.17090909,3.669580165,2.865536529,3.08,2.201748099,4.232,,0.0
1991-09-30,2.3087603305785125,5.182809917355372,44.2,44.2,44.2,44.2,,7.640330578512397,,0.2647933884297521,0.0031537190082644,1.689917355371901,,0.1029421487603305,0.0,0.1588760330578512,,,,,,6.36099173553719,0.0,0.5474380165289257,,123.35206611570248,619.591,619.591,,0.3748760330578512,0.5456528925619836,10.0,10.0,10.0,10.0,3.552396694214876,29.7,29.7,29.7,15.78,14.88793388429752,4.284297520661157,3.6059504132231406,3.6059504132231406,3.6059504132231406,0.3570247933884297,7.912,7.912,7.912,2.564,2.564,2.564,2.564,1.217,1.217,1.217,1.217,55.3,13.459834710743802,13.54314049586777,13.507438016528926,0.2463471074380165,,1.8446280991735535,123.88760330578512,2.595659523517175,0.192793388429752,,,,1.1484297520661155,5.605289256198347,8.943471074380165,0.3867768595041322,49.3,49.3,22.56396694214876,5.236363636363636,,0.8568595041322314,0.9163636363636364,44.6,44.6,,64.924,1.913,1.913,28.32,,,31.871,31.871,0.002380165,0.971900826,,7.283444628,0.756,9.931239669,3.400661157,2.742963967,2.9,2.040396694,3.76,,0.0
1991-10-31,0.7009586776859504,4.0458842975206615,36.6,36.6,36.6,36.6,,7.72899173553719,,0.2533289256198347,0.6142611570247933,1.6355702479338845,,0.3375669421487604,0.7870413223140496,0.2594776859504132,,,,,,7.790479338842975,0.1678611570247934,0.768595041322314,,80.05685950413223,554.101,554.101,,0.4033586776859503,0.7194049586776858,9.33,9.3,9.33,9.33,0.8239338842975207,41.1,41.1,41.1,2.017,0.768595041322314,4.427107438016529,3.59702479338843,3.59702479338843,3.59702479338843,0.4236495867768595,7.68,7.68,7.68,2.315,2.315,2.315,2.315,0.934,0.934,0.934,0.934,51.7,13.79781818181818,13.877752066115702,13.828561983471074,0.2939107438016529,,2.926809917355372,86.7590082644628,2.3950257429414816,0.6050380165289257,,,,1.5556363636363637,0.6050380165289257,0.2170512396694214,0.364006611570248,29.6,29.6,14.47418181818182,6.204099173553719,,0.8608264462809917,1.463404958677686,43.4,43.4,,61.303,4.259,4.259,25.9,,,29.824,29.824,0.00307438,1.58,,4.861761322,0.038,2.582479339,2.095497521,1.685823471,2.56,1.257298512,3.034,,0.0
1991-11-30,1.0175206611570249,4.629421487603306,34.7,34.7,34.7,34.7,,2.4039669421487604,,0.2142148760330578,1.0591735537190083,2.0171900826446283,,0.4909090909090909,1.1484297520661155,0.5206611570247934,,,,,,9.074380165289256,0.4801983471074381,0.7378512396694215,,45.25289256198347,525.503,525.503,,0.3838016528925619,1.0591735537190083,9.47,9.5,9.47,9.47,0.7616528925619834,34.1,34.1,34.1,21.398,19.77917355371901,2.6122314049586777,2.374214876033058,2.374214876033058,2.374214876033058,0.4855537190082645,8.014,8.014,8.014,2.91,2.91,2.91,2.91,1.287,1.287,1.287,1.287,41.7,13.21586776859504,13.275371900826446,13.102809917355373,0.2201652892561983,,3.796363636363637,53.43471074380165,2.367039132154663,0.4397355371900825,,,,0.672396694214876,9.972892561983471,10.252561983471074,0.3623801652892561,34.2,34.2,16.982479338842975,1.5233057851239669,,0.731900826446281,0.3231074380165288,45.6,45.6,,57.395,4.413,4.413,25.9,,,30.823,30.823,0.008330579,0.755,,1.785250909,0.0,0.0,0.592661157,0.611880992,1.61,0.355596694,0.936,,0.0
1991-12-31,1.2051570247933887,6.542280991735537,34.7,34.7,34.7,34.7,,0.5392462809917355,,0.2029090909090909,1.272793388429752,2.121322314049587,,0.5521586776859505,1.414214876033058,0.6825123966942149,,,,,,9.524429752066114,0.8854214876033057,0.7501487603305785,,51.64958677685951,493.133,493.133,,0.4347173553719008,0.9223140495867768,9.29,9.3,9.29,9.29,0.7378512396694215,26.7,26.7,26.7,21.982,21.01646280991736,2.736198347107438,2.459504132231405,2.459504132231405,2.459504132231405,0.4685355371900826,8.019,8.019,8.019,3.301,3.301,3.301,3.301,2.412,2.412,2.412,2.412,29.9,13.262876033057852,13.68099173553719,13.576462809917356,0.2428760330578512,,4.75299173553719,56.91907438016529,2.8780809319472085,1.2297520661157024,,,,0.4064330578512397,13.176793388429752,8.374611570247932,0.38060826446281,33.1,33.1,23.67887603305785,1.574082644628099,,0.7808925619834711,0.4599272727272728,49.8,49.8,,59.159,4.397,4.397,25.55,,,31.888,31.888,0.014142149,0.492,,1.34136595,0.0,0.0,0.475299174,0.6696,1.36,0.285179504,0.793,,0.0
1992-01-31,1.6048264462809918,8.958743801652892,34.5,34.5,34.5,34.5,,0.5238743801652893,,0.2029090909090909,1.764694214876033,2.133619834710744,,0.9346115702479338,2.232,0.6886611570247934,,,,,,9.88720661157025,1.2604958677685951,0.6394710743801653,,50.67193388429752,464.031,464.031,,0.4008991735537189,1.0760330578512396,7.15,7.2,7.15,7.15,2.6624132231404958,19.5,19.5,19.5,17.303000000000004,16.724628099173554,2.5209917355371902,2.2135537190082646,2.2135537190082646,2.2135537190082646,0.4574677685950414,8.019,8.019,8.019,3.659,3.659,3.659,3.659,3.03,3.03,3.03,3.03,24.5,5.970446280991736,6.972694214876033,6.843570247933885,0.2871471074380166,,5.503140495867768,59.16952066115702,5.219909153938271,2.613223140495868,,,,0.1807735537190082,9.862611570247934,7.710545454545454,0.3824528925619835,32.8,32.8,19.9158347107438,1.5064462809917356,,0.7194049586776858,0.4273388429752066,56.8,56.8,,59.959,4.397,4.397,28.53,,,33.69,33.69,0.015986777,0.465,,1.287966942,0.0,0.0,0.400899174,0.717183471,1.39,0.240539504,0.233,,0.0
1992-02-29,4.791471074380165,37.227371900826455,36.3,36.3,36.3,36.3,,0.8743140495867767,,0.2013223140495867,16.985851239669426,3.853884297520661,,7.069289256198348,23.53745454545454,1.34598347107438,,,,,,35.294677685950425,13.362049586776862,2.5826776859504124,,28.74307438016528,553.06,553.06,,0.3790611570247933,8.265719008264462,8.02,8.0,8.02,8.02,1.8003966942148764,24.3,24.3,24.3,20.408,20.437090909090912,2.203041322314049,2.145520661157025,2.145520661157025,2.145520661157025,1.0698842975206613,8.356,8.356,8.356,3.98,3.98,3.98,3.98,3.03,3.03,3.03,3.03,25.7,4.630413223140496,6.327272727272727,5.631272727272728,0.561401652892562,,28.97890909090909,78.80330578512397,24.08953198639569,17.1584132231405,,,,0.2973818181818182,10.209917355371902,14.023537190082648,0.3646809917355371,58.6,58.6,18.026975206611567,2.030479338842975,,6.062677685950415,1.0871404958677684,99.1,99.1,,63.595,4.152,4.152,46.9,,,39.898,39.898,0.107563636,0.295,,1.428182479,0.0,0.0,0.314638017,0.728086612,1.52,0.18878281,0.068,,0.0
1992-03-31,6.94195041322314,31.10042975206612,40.1,40.1,40.1,40.1,,1.2543471074380164,,0.2281190082644628,16.091305785123968,2.035239669421488,,5.619966942148761,22.166280991735537,0.6825123966942149,,,,,,39.59186776859503,18.79676033057851,0.6702148760330578,,12.094611570247936,641.354,641.354,,0.3775338842975206,15.273520661157026,12.4,12.4,12.4,12.4,0.7194049586776858,27.0,27.0,27.0,29.828000000000007,30.36257851239669,3.8060826446280993,3.492495867768595,3.492495867768595,3.492495867768595,0.6099570247933884,9.442,9.442,9.442,3.991,3.991,3.991,3.991,3.03,3.03,3.03,3.03,24.8,8.780429752066118,11.344462809917356,11.264528925619834,0.4488595041322314,,18.673785123966944,38.94009917355371,9.887478737055153,4.783735537190083,,,,0.0,7.212495867768595,25.849388429752064,0.3775338842975206,54.5,54.5,27.251305785123968,22.08019834710744,,29.96290909090909,1.4265123966942148,101.8,101.8,,62.303,5.086,5.086,51.6,,,45.417,45.417,0.193071074,0.186,,5.294991074,0.0,0.0,0.448859504,1.355508099,1.36,0.269315702,0.081,,0.0
1992-04-30,7.104793388429752,24.0396694214876,53.8,53.8,53.8,53.8,,1.8981818181818184,,0.2154049586776859,15.262809917355373,2.606280991735537,,2.939504132231405,17.779834710743803,0.7378512396694215,,,,,,58.24264462809917,17.422809917355373,0.6247933884297522,,31.56099173553719,713.857,713.857,,0.3540495867768595,35.01223140495868,29.1,29.1,29.1,29.1,1.553057851239669,59.3,59.3,59.3,17.749999999999996,18.38082644628099,1.1246280991735538,0.815206611570248,0.815206611570248,0.815206611570248,0.3707107438016529,11.873,11.873,11.873,3.994,3.994,3.994,3.994,3.03,3.03,3.03,3.03,37.0,1.44,6.658512396694215,6.682314049586777,0.2618181818181818,,11.454545454545457,40.17123966942149,5.147913971074377,1.32099173553719,,,,0.3986776859504132,12.751735537190084,6.194380165289256,0.3659504132231405,53.4,53.4,23.77785123966942,2.3920661157024794,,1.8446280991735535,1.618512396694215,102.7,102.7,,67.272,4.081,4.081,52.05,,,44.961,44.961,0.415338843,0.519,,2.683707769,0.067,2.229421488,1.545917355,1.489800992,1.26,0.927550413,0.998,,0.0
1992-05-31,6.566876033057851,15.138247933884298,51.9,51.9,51.9,51.9,,7.249388429752066,,0.3812231404958677,3.406413223140496,3.1973553719008265,,0.8239338842975205,3.271140495867769,0.7993388429752063,,,,,,25.714115702479344,3.486347107438017,0.6148760330578512,,74.64595041322315,680.181,680.181,,0.3701553719008263,10.957090909090908,35.5,35.5,35.5,35.5,2.545586776859504,63.1,63.1,63.1,19.633,17.929785123966944,3.5355371900826444,3.240396694214876,3.240396694214876,3.240396694214876,0.379993388429752,13.382,13.382,13.382,1.431,1.431,1.431,1.431,3.03,3.03,3.03,3.03,39.2,10.754181818181818,12.27292561983471,12.365157024793389,0.2059834710743801,,4.199603305785124,79.07305785123967,3.476090215766577,0.3400264462809917,,,,0.9530578512396696,5.380165289256198,12.697190082644628,0.3769190082644628,47.5,47.5,19.53461157024793,7.526082644628099,,1.764694214876033,0.2145917355371901,78.5,78.5,,66.61,5.072,5.072,46.62,,,42.478,42.478,0.109447934,0.964,,5.752490579,2.307,19.58082645,2.917586777,2.83176595,2.96,1.750552066,3.928,,0.0
1992-06-30,2.939504132231405,8.294876033057852,40.6,40.6,40.6,40.6,,11.716363636363637,,0.4296198347107438,0.6307438016528926,2.4158677685950414,,0.3201322314049587,0.4296198347107438,0.5093553719008266,,,,,,10.115702479338845,0.6128925619834711,0.6545454545454545,,71.22644628099174,626.491,626.491,,0.3689256198347107,0.6069421487603306,28.6,28.6,28.6,28.6,7.396363636363636,48.5,48.5,48.5,27.58600000000001,24.682314049586772,4.022479338842975,3.689256198347108,3.689256198347108,3.689256198347108,0.3826115702479338,10.008,10.008,10.008,4.034,4.034,4.034,4.034,3.03,3.03,3.03,3.03,44.6,7.580826446280992,8.193719008264463,7.229752066115703,0.239801652892562,,2.683636363636364,72.0,2.566884271995276,0.2362314049586777,,,,0.7795041322314049,11.424793388429752,12.442314049586775,0.3677355371900825,47.5,47.5,21.3203305785124,6.331239669421487,,1.654214876033058,0.0088661157024793,55.3,55.3,,67.035,4.976,4.976,42.5,,,38.994,38.994,0.004760331,0.795,,5.60068562,2.382,17.71636364,3.196561983,2.826989752,2.92,1.91793719,4.065,,0.0
1992-07-31,3.683107438016529,7.747438016528926,37.2,37.2,37.2,37.2,,3.2465454545454544,,0.384297520661157,0.3929057851239669,1.8077355371900827,,0.2084429752066115,0.2625520661157024,0.3972099173553717,,,,,,7.51993388429752,0.1377322314049587,0.7132561983471074,,48.870347107438015,588.589,588.589,,0.3898314049586777,0.549699173553719,12.4,12.4,12.4,12.4,15.974479338842976,39.2,39.2,39.2,28.143,25.296,3.6462148760330577,3.5109421487603307,3.5109421487603307,3.5109421487603307,0.5435504132231406,5.813,5.813,5.813,4.032,4.032,4.032,4.032,3.03,3.03,3.03,3.03,46.2,5.103471074380165,5.681454545454546,5.515438016528925,0.3769190082644628,0.0582287603305785,2.6562644628099177,51.21302479338843,2.6165045490841594,0.2951404958677686,,,,0.9100165289256198,12.082314049586778,13.035371900826446,0.384297520661157,46.3,46.3,22.22776859504132,7.15100826446281,,0.996099173553719,0.0,30.8,30.8,,67.177,5.003,5.003,36.25,,,34.564,34.564,0.00307438,0.879,,6.109453884,2.146,19.3646281,3.365831405,2.949100165,3.06,2.019498843,4.322,,0.0
1992-08-31,1.967603305785124,5.25104132231405,30.6,30.6,30.6,30.6,,6.154909090909091,,0.2244297520661157,0.0,1.303537190082645,,0.0885421487603306,0.0,0.161097520661157,,,,,,5.146512396694215,0.0,0.4820628099173554,,47.5299173553719,547.045,547.045,,0.3873719008264463,0.5306380165289257,4.58,4.6,4.58,4.58,7.489190082644628,32.8,32.8,32.8,27.743,24.349090909090908,4.002842975206611,3.670809917355372,3.670809917355372,3.670809917355372,0.404588429752066,3.361,3.361,3.361,2.632,2.632,2.632,2.632,3.03,3.03,3.03,3.03,38.8,17.57315702479339,16.749223140495864,16.189685950413224,0.2631669421487603,0.0627173553719008,1.512595041322314,48.60595041322314,2.453049004945183,0.1660165289256198,,,,1.1375206611570248,12.684892561983473,11.73798347107438,0.387986776859504,41.1,41.1,24.207669421487605,7.06492561983471,,0.8731239669421488,0.0,7.6,7.6,,66.461,4.88,4.88,30.98,,,29.828,29.828,0.001844628,1.11,,6.241073058,2.632,17.22842975,3.738446281,3.032152066,3.0,2.243067769,5.224,,0.0
1992-09-30,0.1332892561983471,3.088264462809917,24.2,24.2,24.2,24.2,,5.956363636363636,,0.2338512396694215,0.0,1.285289256198347,,0.0648595041322314,0.0,0.1237685950413223,,,,,,4.522314049586777,0.0,0.3879669421487603,,19.36264462809917,533.169,533.169,,0.3748760330578512,0.4373553719008264,5.12,5.1,5.12,5.12,0.4028429752066115,35.8,35.8,35.8,11.900999999999998,10.472727272727273,4.0700826446281,3.5821487603305786,3.5821487603305786,3.5821487603305786,0.3927272727272727,2.693,2.693,2.693,1.29,1.29,1.29,1.29,3.03,3.03,3.03,3.03,29.4,18.017851239669422,17.76198347107438,17.607272727272726,0.2481322314049586,0.053494214876033,1.4816528925619834,23.319669421487603,1.3836778530856808,0.1636363636363636,,,,0.9163636363636364,4.278347107438017,6.271735537190082,0.397487603305785,32.1,32.1,15.893553719008269,4.885289256198347,,0.815206611570248,0.0159471074380165,5.4,5.4,,65.201,2.748,2.748,22.61,,,24.903,24.903,0.001190083,0.907,,6.100040331,0.478,1.616528926,3.425057851,2.81754843,2.79,2.055034711,7.615,,0.0
1992-10-31,2.4718016528925624,7.009586776859504,20.4,20.4,20.4,20.4,,3.929057851239669,,0.2662413223140495,0.6517685950413223,1.488,,0.2225851239669421,1.3096859504132232,0.2176661157024792,,,,,,6.997289256198347,0.5294082644628099,0.565685950413223,,37.69804958677686,507.996,507.996,,0.38060826446281,0.6271735537190082,6.4,6.4,6.4,6.4,0.4937454545454545,29.5,29.5,29.5,10.545,9.672,3.357223140495868,2.963702479338843,2.963702479338843,2.963702479338843,0.4666909090909091,2.529,2.529,2.529,1.464,1.464,1.464,1.464,3.03,3.03,3.03,3.03,29.9,4.427107438016529,4.912859504132232,5.0173884297520654,0.2650115702479338,,2.5209917355371902,44.76297520661157,4.738496004580875,3.135867768595041,,,,1.1805619834710743,0.3369520661157025,9.530578512396694,0.3664661157024793,28.1,28.1,9.407603305785123,5.12806611570248,,0.744,1.1252231404958677,6.1,6.1,,60.737,4.152,4.152,20.0,,,23.171,23.171,0.006763636,1.01,,4.156986446,0.264,0.0,1.805890909,1.50950281,2.02,1.083534545,2.842313943,,0.0
1992-11-30,1.8327272727272728,6.0575206611570245,20.3,20.3,20.3,20.3,,0.4111735537190083,,0.2314710743801653,0.251702479338843,1.8624793388429752,,0.2314710743801653,0.1582809917355372,0.3421487603305786,,,,,,7.860495867768595,0.1951735537190082,0.8092561983471075,,35.19669421487603,484.227,484.227,,0.3951074380165288,1.0472727272727274,5.18,5.2,5.18,5.18,2.4039669421487604,25.9,25.9,25.9,10.324000000000003,10.294214876033058,2.4872727272727277,2.0826446280991737,2.0826446280991737,2.0826446280991737,0.3659504132231405,2.675,2.675,2.675,1.894,1.894,1.894,1.894,2.979,2.979,2.979,2.979,26.4,4.010578512396695,4.361652892561984,4.6115702479338845,0.1582809917355372,,2.469421487603306,38.39206611570248,2.298127954380168,0.3409586776859504,,,,0.8330578512396695,0.0,10.157355371900826,0.3254876033057851,33.2,33.2,5.04,1.4102479338842977,,0.9282644628099174,0.9818181818181818,7.3,7.3,,61.339,4.168,4.168,20.15,,,24.038,24.038,0.012495868,0.736,,1.497040661,0.0,0.0,0.44985124,0.522386777,1.68,0.269910744,0.430452876,,0.0
1992-12-31,3.2834380165289256,16.306512396694213,21.2,21.2,21.2,21.2,,0.7132561983471074,,0.2275041322314049,7.163305785123967,2.736198347107438,,2.490247933884298,8.374611570247932,0.6886611570247934,,,,,,18.72912396694215,4.402512396694214,1.488,,25.73256198347108,516.076,516.076,,0.4248793388429752,2.8161322314049584,6.02,6.0,6.02,6.02,0.5380165289256198,15.7,15.7,15.7,20.82,20.05725619834711,2.3611239669421487,2.059834710743801,2.059834710743801,2.059834710743801,0.768595041322314,2.976,2.976,2.976,3.027,3.027,3.027,3.027,3.03,3.03,3.03,3.03,25.3,3.7630413223140495,3.935206611570248,4.230347107438017,0.3049785123966942,,14.7939173553719,50.831801652892565,11.139301192723904,6.609917355371901,,,,0.8116363636363636,7.009586776859504,12.795570247933885,0.3375669421487603,47.6,47.6,15.642446280991736,2.582479338842975,,0.959206611570248,0.971504132231405,29.4,29.4,,61.716,4.893,4.893,29.23,,,26.974,26.974,0.043656198,0.478,,1.854061488,0.0,0.0,0.332033058,0.823755372,1.7,0.199219835,0.330228087,,0.0
1993-01-31,5.736793388429752,62.28694214876033,24.3,24.3,24.3,24.3,,1.463404958677686,,0.2410314049586777,25.2099173553719,15.427239669421487,,13.367404958677684,34.12561983471075,5.78598347107438,,,,,,64.74644628099173,18.040462809917354,9.936396694214878,,63.39371900826446,673.329,673.329,,0.4574677685950414,9.684297520661158,8.43,8.4,8.43,8.43,0.6579173553719008,15.0,15.0,15.0,33.88,32.77289256198347,2.5886280991735537,0.0,1.8979173553719024,1.8979173553719024,1.82003305785124,2.976,2.976,2.976,3.98,3.98,3.98,3.98,3.03,3.03,3.03,3.03,23.9,10.053223140495868,10.944793388429751,11.03087603305785,0.4679206611570248,,65.23834710743802,189.38181818181815,46.64725202125148,30.29494214876033,,,,0.8177851239669421,14.88614876033058,21.551404958677686,0.4254942148760331,66.6,66.6,22.455272727272728,43.3795041322314,,59.53229752066116,1.0575867768595042,104.8,104.8,,61.457,5.78,5.78,57.9,,,39.646,39.646,0.142036364,0.227,,4.213449917,0.0,0.0,0.424879339,0.576119008,1.83,0.254927603,1.757355306,,0.0
1993-02-28,6.331239669421487,58.8694214876033,13.7,13.7,13.7,13.7,,2.032661157024793,,10.818644628099172,26.95219834710744,5.098314049586778,,8.269487603305782,37.11550413223141,0.8774876033057851,,,,,,46.45130578512396,4.709553719008265,13.04013223140496,,142.56396694214877,701.789,701.789,,0.3659900826446281,5.403768595041323,2.885,2.9,2.885,2.885,6.40899173553719,6.99,6.99,6.99,38.321,37.11550413223141,3.793190082644628,0.0,3.24542883379247,3.24542883379247,1.0829752066115703,2.976,2.976,2.976,3.98,3.98,3.98,3.98,3.03,3.03,3.03,3.03,17.1,12.934611570247936,15.25606611570248,15.250512396694214,0.3076760330578513,,39.031537190082645,200.7114049586777,30.50731402674986,18.4883305785124,,,,0.5998016528925619,16.372363636363634,23.97540495867769,0.3737652892561983,66.6,66.6,21.864991735537192,49.26704132231405,,93.19140495867768,0.496502479338843,107.4,107.4,,70.2,5.974,5.974,58.11,,,48.547,48.547,0.081084298,0.138,,2.554163306,0.0,0.0,0.513163636,0.327510744,1.56,0.307898182,5.475570043,,0.0
1993-03-31,7.224793388429752,65.48429752066116,19.1,19.1,19.1,19.1,,8.4422479338843,,0.2527140495867769,39.62261157024793,18.27411570247934,,15.636297520661158,48.72892561983471,3.357223140495868,,,,,,121.25355371900828,36.15471074380165,18.495471074380166,,210.041652892562,809.569,809.569,,0.4224198347107438,26.685619834710742,10.441,10.4,10.441,10.441,1.1867107438016529,26.4,26.4,26.4,46.86,45.254876033057855,5.226446280991736,0.0,4.517061524334251,4.517061524334251,2.35497520661157,2.976,2.976,2.976,3.560859375,3.560859375,3.560859375,3.560859375,3.03,3.03,3.03,3.03,32.5,9.610512396694215,17.64694214876033,17.37639669421488,0.8423801652892562,,57.441719008264464,296.4317355371901,25.34885789366391,21.58829752066116,,,,1.3096859504132232,24.02320661157025,30.70076033057851,2.8161322314049584,66.9,66.9,25.689520661157022,63.086280991735535,,90.9401652892562,2.311933884297521,106.3,106.3,,70.314,6.135,6.135,58.11,,,48.547,48.547,0.379378512,0.159,,2.972612231,0.0,0.0,0.734161983,0.796962645,1.65,0.44049719,7.289255925,,0.0
1993-04-30,7.027438016528926,49.36462809917355,33.4,33.4,33.4,33.4,,5.40297520661157,,0.2344462809917355,33.215206611570245,3.379834710743802,,7.158347107438017,39.189421487603305,0.8449586776859505,,,,,,101.69256198347108,41.08165289256198,3.0585123966942143,,208.7404958677686,823.051,823.051,,0.4314049586776859,39.183471074380165,22.3,22.3,22.3,22.3,1.4697520661157024,40.1,40.1,40.1,49.38200000000001,44.97917355371901,8.122314049586777,0.0,7.016859504132234,7.016859504132234,1.7553719008264463,5.014,5.014,5.014,3.127265625,3.127265625,3.127265625,3.127265625,3.03,3.03,3.03,3.03,43.3,8.937520661157025,17.714380165289256,17.577520661157024,1.297190082644628,,36.86280991735537,251.58347107438016,10.772165986225902,8.699504132231406,,,,0.6664462809917355,24.94413223140496,32.72727272727273,0.696198347107438,66.6,66.6,24.87272727272727,53.48826446280992,,63.84793388429752,2.064793388429752,104.6,104.6,,68.16,5.909,5.909,57.0,,,45.388,45.388,0.51768595,0.191,,3.122340496,0.03,1.489586777,1.526876033,2.04095405,1.52,0.91612562,4.886598164,,0.0
1993-05-31,7.286280991735537,39.37666115702479,71.1,71.1,71.1,71.1,,8.884958677685951,,0.4150413223140496,31.721454545454545,3.486347107438017,,2.9391074380165287,34.67900826446281,0.9100165289256198,,,,,,161.03603305785123,6.370115702479339,25.28985123966942,,179.54380165289257,924.786,924.786,,0.4525487603305785,81.77851239669421,42.1,42.1,42.1,42.1,24.47206611570248,69.1,69.1,69.1,50.83200000000001,45.0396694214876,8.34386776859504,0.0,7.193366391184572,7.193366391184572,52.37514049586777,13.185,13.185,13.185,4.065,4.065,4.065,4.065,3.03,3.03,3.03,3.03,57.2,9.512132231404957,18.56925619834711,18.267966942148764,12.961586776859503,,91.24760330578512,263.6588429752066,12.983594148484848,1.955305785123967,,,,1.1436694214876035,19.35629752066116,32.74214876033058,0.7132561983471074,66.5,66.5,26.488859504132236,36.35147107438017,,14.228231404958676,1.8815206611570248,103.8,103.8,,70.527,5.78,5.78,55.04,,,48.299,48.299,0.913705785,1.05,,5.870158017,2.087,21.82809917,2.059219835,2.746286281,2.69,1.235531901,3.601765154,,0.0
1993-06-30,7.033388429752066,28.72264462809917,66.7,66.7,66.7,66.7,,13.358677685950411,,13.007603305785125,29.924628099173557,3.2132231404958675,,2.671735537190082,32.27504132231405,0.7259504132231405,,,,,,103.65619834710743,9.562314049586776,5.611239669421487,,178.9289256198347,931.899,931.899,,0.4593719008264463,41.55768595041322,49.4,49.4,49.4,49.4,30.0198347107438,74.7,74.7,74.7,49.15,42.46809917355372,6.854876033057852,0.0,5.985013774104683,5.985013774104683,39.82611570247934,13.84,13.84,13.84,4.016,4.016,4.016,4.016,3.03,3.03,3.03,3.03,66.3,14.39404958677686,18.02380165289256,17.696528925619834,8.330578512396695,,67.00165289256198,243.13388429752067,9.023599858126726,2.0350413223140498,,,,0.3986776859504132,17.696528925619834,30.091239669421487,0.7140495867768595,66.2,66.2,25.6998347107438,32.745123966942145,,10.472727272727273,1.1424793388429753,102.9,102.9,,67.28,5.716,5.716,51.6,,,47.011,47.011,0.376066116,0.466,,6.373933884,2.273,20.94347107,2.449785124,2.656351736,2.52,1.469871074,3.778214734,,0.0
1993-07-31,5.417057851239669,13.06611570247934,64.1,64.1,64.1,64.1,,2.631669421487603,,3.2588429752066115,6.849719008264463,2.084429752066116,,0.5595371900826446,5.99504132231405,0.5601520661157023,,,,,,29.17586776859504,2.152066115702479,0.6763636363636364,,126.97190082644627,854.133,854.133,,0.4500892561983471,5.650710743801653,35.5,35.5,35.5,35.5,21.12099173553719,61.7,61.7,61.7,48.35399999999999,43.31186776859504,4.175008264462811,0.0,3.733436179981635,3.733436179981635,0.5109619834710744,13.464,13.464,13.464,3.99,3.99,3.99,3.99,3.03,3.03,3.03,3.03,59.4,10.834115702479338,11.03702479338843,10.45904132231405,0.8608264462809917,,6.597619834710744,130.90710743801654,7.5435158754820915,0.3424859504132231,,,,1.65401652892562,14.394247933884298,26.32284297520661,0.7378512396694215,65.6,65.6,27.017652892561983,21.07180165289256,,0.971504132231405,0.0030743801652892,91.2,91.2,,67.169,5.307,5.307,45.81,,,43.594,43.594,0.038122314,1.51,,7.870139504,2.967,23.36528926,3.325249587,3.014808595,3.08,1.995149752,5.573950204,,0.0
1993-08-31,4.334876033057851,9.776528925619834,63.8,63.8,63.8,63.8,,0.1352727272727273,,0.3295735537190083,1.1067768595041323,2.0290909090909093,,0.2588628099173554,0.4802181818181817,0.5595371900826446,,,,,,14.406545454545457,0.4021289256198348,0.7132561983471074,,123.1596694214876,755.379,755.379,,0.4334876033057851,0.4187305785123966,18.7,18.7,18.7,18.7,15.673190082644629,57.6,57.6,57.6,37.05200000000001,34.50684297520662,4.119669421487603,0.0,3.758942148760332,3.758942148760332,0.4064330578512397,11.272,11.272,11.272,4.02,4.02,4.02,4.02,2.309,2.309,2.309,2.309,42.3,18.421685950413227,19.399338842975208,18.37864462809917,0.2514842975206611,,2.926809917355372,125.00429752066115,7.2546964090178205,0.272390082644628,,,,1.4203636363636365,0.0,34.33467768595041,0.7501487603305785,59.0,59.0,28.179768595041324,15.37804958677686,,1.0575867768595042,0.0024595041322314,71.1,71.1,,67.011,5.619,5.619,40.32,,,39.041,39.041,0.004304132,1.25,,7.979214545,2.747,23.14710744,4.048343802,3.051661488,3.24,2.429006281,5.161249393,,0.0
1993-09-30,2.6717355371900826,7.19404958677686,63.4,63.4,63.4,63.4,,0.1065123966942149,,0.2784793388429751,0.2421818181818182,1.963636363636364,,0.1529256198347107,0.0176132231404958,0.4712727272727273,,,,,,10.127603305785124,0.0,0.7557024793388429,,64.62148760330578,705.263,705.263,,0.3951074380165288,0.850909090909091,16.9,16.9,16.9,16.9,5.04,56.5,56.5,56.5,18.018000000000004,16.131570247933887,4.242644628099174,0.0,3.8981818181818166,3.8981818181818166,0.3594049586776858,7.598,7.598,7.598,4.013,4.013,4.013,4.013,1.022,1.022,1.022,1.022,31.4,14.16793388429752,15.57223140495868,14.751074380165289,0.2368264462809917,,2.290909090909091,67.83471074380165,7.558347901597799,0.2957355371900826,,,,1.249586776859504,5.748099173553719,9.23504132231405,0.7616528925619834,36.1,36.1,26.50314049586777,13.340826446280992,,0.850909090909091,0.5456528925619836,68.9,68.9,,65.685,3.879,3.879,35.72,,,35.377,35.377,0.002975207,1.02,,7.004739174,0.704,9.403636364,4.011173554,2.905138512,3.07,2.406704132,3.893950267,,0.0
1993-10-31,2.4349090909090907,7.642909090909091,59.2,59.2,59.2,59.2,,3.879867768595041,,0.4316429752066115,0.7501487603305785,2.035239669421488,,0.2348826446280991,0.3597024793388429,0.5417057851239669,,,,,,11.356760330578512,0.0,1.1006280991735535,,66.71404958677687,658.673,658.673,,0.3978247933884298,1.463404958677686,7.64,7.6,7.64,7.64,12.371305785123967,36.0,36.0,36.0,41.627,41.81771900826446,5.82902479338843,0.6394710743801653,0.6394710743801653,0.6394710743801653,0.3769190082644628,5.615,5.615,5.615,3.958,3.958,3.958,3.958,0.942,0.942,0.942,0.942,25.2,12.334413223140496,13.01692561983471,12.48198347107438,0.4033586776859503,,3.0866776859504133,86.26710743801652,10.425596403059538,4.75299173553719,,,,1.223603305785124,14.566413223140495,25.406677685950413,0.4211900826446281,48.4,48.4,20.6598347107438,11.123107438016527,,0.7993388429752066,2.3918677685950414,73.4,73.4,,48.332,4.645,4.645,33.11,,,34.527,34.527,0.004304132,0.98,,4.840792066,0.301,3.235041322,1.796667769,1.708401322,2.4,1.078000661,2.713725518,,0.0
1993-11-30,1.9576859504132231,7.354710743801653,38.8,38.8,38.8,38.8,,19.963636363636365,,0.2939504132231404,0.7021487603305785,1.969586776859504,,0.2588429752066116,0.4718677685950412,0.5605289256198348,,,,,,9.83603305785124,0.3510743801652892,0.7140495867768595,,84.13884297520661,592.116,592.116,,0.3707107438016529,1.0115702479338844,6.01,6.0,6.01,6.01,2.0290909090909093,20.4,20.4,20.4,27.164,26.96727272727273,5.051900826446281,4.373553719008265,4.373553719008265,4.373553719008265,0.36,5.501,5.501,5.501,3.9505625,3.9505625,3.9505625,3.9505625,1.13,1.13,1.13,1.13,33.3,12.60892561983471,12.787438016528926,12.531570247933884,0.1672066115702479,,3.516694214876033,88.60165289256199,3.435713750942823,1.9993388429752064,,,,1.1067768595041323,10.829752066115702,14.060826446280991,0.3504793388429751,45.3,45.3,17.73818181818182,13.68,,0.731900826446281,1.1900826446280992,87.1,87.1,,46.047,5.684,5.684,32.42,,,35.365,35.365,0.003570248,0.84,,2.800901157,0.0,0.0,1.538181818,1.187555702,1.64,0.922909091,1.742261092,,0.0
1993-12-31,3.2834380165289256,14.88614876033058,23.1,23.1,23.1,23.1,,16.66314049586777,,0.2195107438016529,4.082776859504133,2.0782809917355367,,1.0145454545454542,3.947504132231405,0.6640661157024794,,,,,,15.476429752066116,2.1889586776859504,0.7378512396694215,,76.12165289256198,555.31,555.31,,0.3947504132231406,0.731702479338843,5.61,5.6,5.61,5.61,0.8300826446280992,15.2,15.2,15.2,15.906999999999996,15.814611570247934,3.000595041322314,2.73004958677686,2.73004958677686,2.73004958677686,0.5417057851239669,5.501,5.501,5.501,3.968,3.968,3.968,3.968,1.13,1.13,1.13,1.13,42.8,9.321520661157026,9.64125619834711,9.112462809917352,0.2145917355371901,,10.360661157024794,79.87239669421487,6.456126963247312,3.480198347107438,,,,0.731702479338843,10.717289256198349,4.96204958677686,0.3535537190082645,35.9,35.9,26.2121652892562,5.527735537190083,,12.807867768595042,0.996099173553719,93.9,93.9,,57.57,4.728,4.728,36.76,,,37.202,37.202,0.012297521,0.349,,2.28264595,0.0,0.0,0.525104132,0.647821488,1.94,0.315062479,0.582148739,,0.0
1994-01-31,3.3018842975206613,12.703338842975208,22.4,22.4,22.4,22.4,,1.248198347107438,,0.2158214876033057,2.5086942148760327,2.072132231404959,,0.8546776859504133,2.3365289256198345,0.6333223140495868,,,,,,13.219834710743807,2.2934876033057847,0.7378512396694215,,64.68495867768596,518.681,518.681,,0.3904462809917355,1.2912396694214876,5.17,5.2,5.17,5.17,0.9284628099173554,17.3,17.3,17.3,5.3,5.269487603305785,2.6070743801652894,2.3303801652892564,2.3303801652892564,2.3303801652892564,0.4371768595041322,5.501,5.501,5.501,3.9854375,3.9854375,3.9854375,3.9854375,3.03,3.03,3.03,3.03,41.3,4.765289256198347,5.650710743801653,4.783735537190083,0.1752396694214876,,6.197950413223141,71.81752066115702,4.206160018848601,2.152066115702479,,,,0.7132561983471074,5.25104132231405,0.1217454545454545,0.3597024793388429,31.0,31.0,12.537322314049586,1.537190082644628,,0.959206611570248,0.5884363636363636,98.0,98.0,,60.599,5.375,5.375,39.36,,,38.622,38.622,0.019061157,0.395,,1.622044959,0.0,0.0,0.0,0.801560331,1.77,0.0,0.766671046,,0.0
1994-02-28,3.876495867768595,22.292628099173555,22.9,22.9,22.9,22.9,,0.4409652892561984,,0.2354776859504132,7.80297520661157,1.932694214876033,,2.4880661157024795,8.941487603305784,0.6664462809917355,,,,,,17.710809917355373,3.4099834710743804,0.6664462809917355,,25.813685950413223,546.479,546.479,,0.3654347107438017,1.2884628099173556,5.02,5.0,5.02,5.02,0.8108429752066115,19.8,19.8,19.8,7.459000000000001,8.025123966942148,2.177057851239669,1.91603305785124,1.91603305785124,1.91603305785124,0.5609256198347108,6.129,6.129,6.129,4.0011875,4.0011875,4.0011875,4.0011875,3.03,3.03,3.03,3.03,38.2,6.075768595041322,6.036892561983471,5.9702479338842975,0.1927140495867769,,16.022479338842974,51.31636363636363,11.219020462558046,6.6755702479338845,,,,0.5998016528925619,1.9493553719008263,6.72,0.336,37.8,37.8,12.173752066115702,1.366214876033058,,13.895404958677686,0.910809917355372,103.3,103.3,,60.264,4.92,4.92,47.89,,,42.089,42.089,0.018882645,0.164,,1.230612893,0.0,0.0,0.005553719,0.805309091,1.7,0.003332231,0.408753704,,0.0
1994-03-31,7.071074380165289,21.987966942148763,25.8,25.8,25.8,25.8,,1.0022479338842976,,0.2527140495867769,15.820760330578512,2.152066115702479,,4.716099173553719,18.962776859504128,0.7378512396694215,,,,,,38.94009917355371,14.904595041322311,0.7378512396694215,,34.58062809917355,604.443,604.443,,0.3750743801652892,12.125355371900826,7.05,7.1,7.05,7.05,2.2258512396694217,22.5,22.5,22.5,25.941999999999997,27.386578512396696,2.1643636363636367,2.35497520661157,2.35497520661157,2.35497520661157,0.731702479338843,6.649,6.649,6.649,4.018625,4.018625,4.018625,4.018625,3.03,3.03,3.03,3.03,42.6,3.166611570247934,5.540033057851239,5.540033057851239,0.3683107438016528,,19.1718347107438,57.66307438016529,7.764672043157366,2.281190082644628,,,,0.3351074380165289,13.23213223140496,15.46413223140496,0.3633917355371901,48.2,48.2,27.577190082644627,1.4019173553719009,,6.837421487603306,1.6847603305785124,102.3,102.3,,59.858,5.411,5.411,48.43,,,45.968,45.968,0.160482645,0.143,,1.385912727,0.042,0.0,0.351709091,0.743781818,1.99,0.211025455,0.921937156,,0.0
1994-04-30,6.967933884297521,18.422479338842976,35.8,35.8,35.8,35.8,,1.475702479338843,,0.1838677685950412,10.80595041322314,2.677685950413223,,1.874380165289256,10.32396694214876,0.7259504132231405,,,,,,45.34809917355372,11.335537190082643,0.7140495867768595,,37.12462809917356,645.924,645.924,,0.3701157024793388,24.09322314049587,18.6,18.6,18.6,18.6,0.9639669421487604,49.1,49.1,49.1,13.156,13.114710743801654,2.362314049586777,2.2849586776859505,2.2849586776859505,2.2849586776859505,0.3796363636363636,8.546,8.546,8.546,4.0355,4.0355,4.0355,4.0355,3.03,3.03,3.03,3.03,48.8,4.778181818181818,8.15206611570248,7.985454545454544,0.2273057851239669,,9.282644628099174,49.87636363636364,5.473553429752067,1.5709090909090908,,,,0.7259504132231405,6.521652892561984,7.098842975206612,0.3475041322314048,49.0,49.0,14.6499173553719,2.6955371900826446,,1.7434710743801654,1.32099173553719,95.9,95.9,,59.303,4.59,4.59,46.44,,,46.215,46.215,0.302280992,0.463,,3.970145455,1.238,7.277355372,1.451900826,1.788696198,2.05,0.871140496,2.768072623,,0.0
1994-05-31,6.892760330578512,18.09580165289256,47.7,47.7,47.7,47.7,,1.3158347107438015,,0.2404165289256198,9.253884297520662,3.2834380165289256,,1.414214876033058,8.497586776859503,0.8239338842975205,,,,,,47.720528925619845,7.870413223140495,0.7255537190082645,,51.29910743801653,669.844,669.844,,0.3701553719008263,23.808,32.8,32.8,32.8,32.8,1.6294214876033055,65.0,65.0,65.0,25.991,26.04,2.834578512396694,3.062082644628099,3.062082644628099,3.062082644628099,0.3824528925619835,6.855,6.855,6.855,4.026,4.026,4.026,4.026,3.03,3.03,3.03,3.03,53.8,9.64125619834711,13.010776859504132,13.256727272727272,0.3043636363636363,,7.31702479338843,61.54909090909091,3.6542907647382896,0.6062677685950413,,,,0.8669752066115702,14.092958677685951,10.231537190082644,0.3535537190082645,55.9,55.9,16.626247933884294,5.509289256198347,,1.918413223140496,0.694809917355372,77.6,77.6,,59.102,4.934,4.934,42.98,,,44.459,44.459,0.25271405,0.61,,5.277155702,1.965,15.47305785,2.527755372,2.648415868,2.38,1.516653223,3.782737048,,0.0
1994-06-30,4.052231404958677,9.5801652892562,48.7,48.7,48.7,48.7,,0.6128925619834711,,0.2142148760330578,1.1365289256198348,2.63603305785124,,0.3826115702479338,0.9223140495867768,0.6188429752066114,,,,,,14.99504132231405,1.1960330578512397,0.6545454545454545,,59.36727272727273,634.461,634.461,,0.3510743801652892,1.963636363636364,25.4,25.4,25.4,25.4,9.413553719008265,50.8,50.8,50.8,33.941,32.126280991735534,3.6059504132231406,3.2548760330578514,3.2548760330578514,3.2548760330578514,0.3772561983471073,4.48,4.48,4.48,3.237,3.237,3.237,3.237,3.03,3.03,3.03,3.03,48.9,9.97884297520661,10.466776859504131,10.413223140495868,0.240396694214876,,2.7788429752066115,62.71735537190083,3.1405541040310267,0.2344462809917355,,,,0.5873057851239669,13.745454545454546,16.92297520661157,0.3504793388429751,62.6,62.6,21.34413223140496,5.617190082644628,,1.767272727272727,0.0,55.9,55.9,,59.353,4.986,4.986,37.66,,,41.028,41.028,0.016661157,0.51,,5.516598347,2.485,15.38975207,3.274512397,2.811316364,2.76,1.964707438,4.952251054,,0.0
1994-07-31,3.3756694214876037,7.298578512396694,41.0,41.0,41.0,41.0,8.067173553719007,7.132561983471074,,0.247795041322314,0.0527563636363636,1.826181818181818,,0.1549487603305785,0.0065176859504132,0.256403305785124,,,,,,7.962644628099174,0.0057798347107438,0.768595041322314,,58.40707438016529,587.056,587.056,,0.3830677685950414,0.2840727272727272,14.8,14.8,14.8,14.8,10.66195041322314,36.2,36.2,36.2,29.071000000000005,26.507305785123968,4.236495867768595,3.818380165289256,3.818380165289256,3.818380165289256,0.4064330578512397,3.737,3.737,3.737,1.881,1.881,1.881,1.881,3.03,3.03,3.03,3.03,50.0,7.575272727272727,7.464595041322314,7.3846611570247935,0.3049785123966942,0.045193388429752,1.8630743801652887,53.40198347107438,3.136221490378374,0.1863074380165289,,,,1.4572561983471075,13.170644628099174,11.996231404958678,0.3670809917355372,57.9,57.9,25.57884297520661,7.101818181818182,,0.8116363636363636,0.0,35.8,35.8,,66.508,4.976,4.976,31.26,,,36.578,36.578,0.000614876,1.2,,6.993205289,2.591,15.08033058,3.673884298,3.098703471,3.36,2.204330579,5.409123764,,0.0
1994-08-31,1.5679338842975206,4.857520661157025,32.2,32.2,32.2,32.2,8.792727272727273,8.245487603305785,,0.2582479338842975,0.0,1.389619834710744,,0.0688661157024793,0.0,0.1174413223140495,,,,,,5.8782148760330575,0.0,0.4740694214876031,,61.79504132231405,531.499,531.499,,0.3769190082644628,0.3117421487603306,4.93,4.9,4.93,4.93,10.004033057851238,29.2,29.2,29.2,31.273,27.626380165289252,4.310280991735537,3.88601652892562,3.88601652892562,3.88601652892562,0.3744595041322313,2.962,2.962,2.962,1.177,1.177,1.177,1.177,3.03,3.03,3.03,3.03,42.4,16.509421487603305,16.78611570247934,16.779966942148757,0.2164363636363636,0.0383682644628099,1.524892561983471,62.96330578512397,2.0186050564412192,0.1949157024793388,,,,1.4326611570247934,11.362909090909092,14.597157024793388,0.3836826446280991,52.1,52.1,24.49051239669421,10.145454545454545,,0.7993388429752066,0.0,18.7,18.7,,67.145,4.783,4.783,25.76,,,30.731,30.731,0.001229752,1.16,,6.889951736,2.371,14.72727273,4.165785124,3.063582149,3.43,2.499471074,5.146175014,,0.0
1994-09-30,1.8089256198347108,4.843636363636364,24.0,24.0,24.0,24.0,8.205619834710744,7.842644628099175,,0.2499173553719008,0.0013685950413223,1.3388429752066116,,0.0630743801652892,0.0,0.1196033057851239,,,,,,5.486280991735537,0.0,0.4308099173553719,,31.186115702479334,506.599,506.599,,0.3552396694214875,0.3510743801652892,3.32,3.3,3.32,3.32,2.2135537190082646,38.5,38.5,38.5,6.016,4.813884297520661,3.814214876033057,3.278677685950413,3.278677685950413,3.278677685950413,0.4236694214876033,2.727,2.727,2.727,0.973,0.973,0.973,0.973,2.989,2.989,2.989,2.989,35.1,15.655537190082647,16.006611570247934,16.155371900826445,0.216,0.03219173553719,1.630413223140496,35.92264462809917,3.2030803083471047,0.240396694214876,,,,1.207933884297521,4.159338842975207,0.2142148760330578,0.3683305785123967,35.4,35.4,16.256528925619836,4.849586776859504,,0.7795041322314049,0.24099173553719,12.9,12.9,,65.317,3.01,3.01,18.42,,,26.432,26.432,0.001190083,1.03,,6.020517025,0.683,4.107768595,3.880859504,2.847391736,3.11,2.328515702,6.842102223,,0.0
1994-10-31,1.4572561983471075,4.894413223140496,19.9,19.9,19.9,19.9,4.033586776859504,3.8921652892561984,,0.2447206611570247,0.0039352066115702,1.6171239669421489,,0.1026842975206611,0.0,0.173395041322314,,,,,,7.120264462809917,0.0,0.5128066115702481,,30.805289256198343,484.042,484.042,,0.3781487603305785,0.3935206611570248,5.21,5.2,5.21,5.21,0.6763636363636364,32.287,32.287,32.287,9.057000000000002,8.208595041322313,3.135867768595041,3.1235702479338845,3.1235702479338845,3.1235702479338845,0.3633917355371901,2.625,2.625,2.625,1.026,1.026,1.026,1.026,2.979,2.979,2.979,2.979,34.3,4.722247933884297,4.574677685950414,4.691504132231405,0.3111272727272727,0.0331418181818181,1.9245619834710743,43.02902479338842,4.538553134707374,3.1235702479338845,,,,1.346578512396694,7.187900826446281,0.4002842975206611,0.3683107438016528,33.8,33.8,6.081123966942148,4.906710743801653,,0.9223140495867768,0.9530578512396696,13.7,13.7,,58.966,3.7,3.7,17.3,,,24.864,24.864,0.002459504,1.09,,3.971402975,0.376,0.0,1.942393388,1.725647603,2.14,1.165436033,2.793223036,,0.0
1994-11-30,1.8922314049586777,6.9143801652892565,20.7,20.7,20.7,20.7,0.4700826446280992,0.5313719008264461,,0.227900826446281,1.6482644628099177,2.868099173553719,,0.5022148760330577,1.404297520661157,0.6961983471074382,,,,,,9.342148760330575,0.4450909090909091,0.7676033057851241,,26.443636363636365,477.314,477.314,,0.3784462809917356,1.4340495867768597,5.35,5.4,5.35,5.35,0.5260165289256198,22.246,22.246,22.246,17.393,17.28595041322314,0.8747107438016529,0.4581818181818182,0.4581818181818182,0.4581818181818182,0.7140495867768595,2.551,2.551,2.551,1.852,1.852,1.852,1.852,3.02,3.02,3.02,3.02,32.3,3.873719008264462,4.046280991735538,4.177190082644628,0.2493223140495867,,6.575206611570248,41.43272727272727,4.023963001829984,1.475702479338843,,,,0.660495867768595,10.157355371900826,6.753719008264463,0.3469090909090909,37.3,37.3,18.48198347107438,1.6482644628099177,,0.83900826446281,1.0056198347107437,22.5,22.5,,59.088,5.099,5.099,17.4,,,24.522,24.522,0.018446281,0.55,,1.786871405,0.0,0.0,1.587570248,0.407603306,0.48,0.952542149,0.849580133,,0.0
1994-12-31,2.6501157024793387,14.246677685950411,20.7,20.7,20.7,20.7,0.4919008264462809,0.5060429752066117,,0.2342677685950413,10.059371900826449,3.935206611570248,,3.400264462809919,10.95094214876033,1.2850909090909088,,,,,,19.688330578512392,3.26499173553719,0.6825123966942149,,8.091768595041323,530.682,530.682,,0.4138115702479339,1.6970578512396697,5.41,5.4,5.41,5.41,0.4955900826446281,16.858,16.858,16.858,16.343000000000007,16.939834710743803,2.1951074380165294,1.8753719008264464,1.8753719008264464,1.8753719008264464,1.0760330578512396,2.551,2.551,2.551,3.226,3.226,3.226,3.226,3.03,3.03,3.03,3.03,29.4,5.195702479338843,5.6630082644628095,5.4478016528925615,0.3062082644628099,,21.926479338842977,49.40528925619834,15.233493706453029,10.09011570247934,,,,0.6210247933884298,9.50598347107438,9.352264462809917,0.3498644628099174,43.7,43.7,26.753256198347103,2.121322314049587,,1.1559669421487604,1.03299173553719,59.3,59.3,,60.075,4.962,4.962,28.502,,,28.282,28.282,0.031358678,0.353,,1.64289719,0.0,0.0,0.407047934,0.209950413,1.82,0.24422876,0.357143788,,0.0
1995-01-31,4.8267768595041325,135.1497520661157,28.7,28.7,28.7,28.7,0.5103471074380166,1.5187438016528925,,0.247795041322314,31.32793388429752,48.26161983471074,,24.41672727272727,42.746181818181824,12.500429752066117,,,,,,131.95239669421483,25.07464462809917,30.67001652892562,,140.80661157024792,783.533,783.533,,1.826181818181818,18.446280991735534,10.3,10.3,10.3,10.3,0.7132561983471074,37.626,37.626,37.626,32.964,35.78578512396694,4.814479338842975,3.4125619834710745,3.4125619834710745,3.4125619834710745,2.582479338842975,5.03,5.03,5.03,3.98,3.98,3.98,3.98,3.03,3.03,3.03,3.03,32.8,8.964892561983472,14.203636363636363,13.43504132231405,3.049785123966942,,127.340826446281,384.60495867768594,65.98470165420363,46.398545454545456,,,,1.19900826446281,18.932033057851235,29.667768595041323,2.2381487603305783,66.9,66.9,20.825851239669426,82.33190082644629,,153.7190082644628,1.6847603305785124,107.0,107.0,,71.04,5.555,5.555,59.32,,,48.547,48.547,0.276079339,0.152,,3.514308099,0.0,0.0,0.0,0.284647934,1.78,0.0,4.524832888,,0.0
1995-02-28,6.553388429752066,41.71953719008265,33.7,33.7,33.7,33.7,0.4942809917355372,0.9052561983471076,,0.2221487603305785,20.99305785123967,3.165619834710744,,6.086876033057851,25.13613223140496,0.827504132231405,,,,,,63.03471074380165,17.627504132231405,3.587702479338843,,191.54776859504133,727.65,727.65,,20.63206611570248,9.768991735537188,12.5,12.5,12.5,12.5,0.8441652892561984,25.295,25.295,25.295,45.391,45.38499173553719,7.836297520661157,3.62102479338843,3.62102479338843,3.62102479338843,1.5439338842975208,5.123,5.123,5.123,3.98,3.98,3.98,3.98,3.03,3.03,3.03,3.03,23.5,12.995702479338844,17.26095867768595,11.8460826446281,2.315900826446281,,33.47226446280992,252.2499173553719,12.023118112947651,12.54585123966942,,,,0.6775537190082644,20.97639669421488,31.53401652892562,0.3393322314049586,66.7,66.7,22.37038016528925,49.51695867768595,,57.92528925619835,1.821619834710744,104.4,104.4,,64.616,5.555,5.555,57.4,,,48.547,48.547,0.159947107,0.132,,4.751020165,0.0,0.0,0.0,0.377692562,2.0,0.0,6.791603051,,0.0
1995-03-31,4.777586776859504,159.9292561983471,51.6,51.6,51.6,51.6,4.513190082644629,1.088330578512397,,3.769190082644628,32.717553719008265,75.50677685950413,,23.59279338842976,48.3046611570248,9.413752066115702,,,,,,189.01289256198345,26.50115702479339,55.21586776859502,,197.80561983471077,783.491,783.491,,285.7943801652893,17.2841652892562,24.9,24.9,24.9,24.9,1.6663140495867768,56.818,56.818,56.818,45.12,43.69309090909091,8.005685950413222,3.627768595041322,3.627768595041322,3.627768595041322,4.070479338842976,5.325,5.325,5.325,3.98,3.98,3.98,3.98,3.03,3.03,3.03,3.03,31.7,8.067173553719007,17.25342148760331,16.232727272727274,8.22089256198347,,152.36628099173555,803.0280991735538,65.04693681707988,64.50049586776859,,,,0.9161652892561984,25.892429752066118,32.748297520661154,3.664661157024793,66.9,66.9,22.17857851239669,137.73223140495867,,232.85355371900823,1.9737520661157024,106.6,106.6,,70.543,5.555,5.555,59.21,,,48.547,48.547,0.485752066,0.112,,5.561706446,0.0,0.0,0.526333884,0.228555372,2.97,0.315800331,6.96644602,,0.0
1995-04-30,6.813223140495868,89.85123966942149,55.9,55.9,55.9,55.9,7.747438016528924,0.9818181818181818,,11.14512396694215,40.96859504132232,22.623471074380166,,12.60892561983471,51.5900826446281,1.7851239669421488,,,,,,126.74380165289256,24.771570247933884,20.487272727272728,,200.5884297520661,881.316,881.316,,27.020826446280992,29.78776859504132,28.9,28.9,28.9,28.9,7.68198347107438,67.047,67.047,67.047,48.19799999999999,48.16859504132231,8.223471074380166,4.242644628099174,4.242644628099174,4.242644628099174,10.66909090909091,5.468,5.468,5.468,3.98,3.98,3.98,3.98,3.03,3.03,3.03,3.03,27.7,10.835702479338844,17.904793388429752,16.66710743801653,9.687272727272727,,87.11404958677686,333.8776859504132,23.562350381542696,24.313388429752067,,,,0.9401652892561984,23.831404958677687,33.905454545454546,1.4578512396694214,67.0,67.0,25.301157024793387,83.60330578512396,,76.70082644628098,1.969586776859504,106.6,106.6,,73.166,5.555,5.555,58.77,,,48.547,48.547,0.421884298,0.145,,5.586797355,0.0,0.995702479,0.801520661,1.23397686,2.08,0.480912397,7.548455915,,0.0
1995-05-31,7.237090909090909,80.79471074380166,56.6,56.6,56.6,56.6,8.073322314049587,0.9653553719008264,,44.42479338842976,2.3365289256198345,104.34446280991736,,12.174545454545454,10.61890909090909,5.681454545454546,,,,,,218.7114049586777,26.20601652892562,27.15292561983471,,102.86876033057852,946.712,946.712,,222.89256198347107,70.11431404958678,41.6,41.6,41.6,41.6,23.260760330578517,68.492,68.492,68.492,50.635,48.55061157024793,8.71279338842975,2.127471074380165,2.127471074380165,2.127471074380165,79.7494214876033,13.84,13.84,13.84,4.004,4.004,4.004,4.004,3.03,3.03,3.03,3.03,37.4,6.880462809917355,18.759867768595043,17.407140495867772,17.30261157024793,,171.5504132231405,636.396694214876,22.355223950964195,18.50161983471074,,,,0.5810578512396694,25.70796694214876,34.912661157024786,1.149818181818182,66.6,66.6,24.373685950413225,74.46148760330578,,63.45520661157025,2.035239669421488,104.8,104.8,,72.074,5.555,5.555,56.82,,,48.547,48.547,0.832542149,0.131,,6.748760331,0.93,16.99636364,1.606056198,1.5456,2.2,0.963633719,7.403662532,,0.0
1995-06-30,7.092892561983471,36.41652892561984,66.8,66.8,66.8,66.8,10.758347107438016,0.7616528925619834,,37.541157024793385,13.525289256198349,59.12330578512397,,2.7193388429752066,22.06413223140496,1.1662809917355372,,,,,,187.67603305785124,21.409586776859506,3.0466115702479337,,169.1107438016529,970.342,970.342,,74.20165289256198,79.31305785123966,42.0,42.0,42.0,42.0,56.92165289256199,68.997,68.997,68.997,48.829,46.56793388429752,9.092231404958678,5.325619834710744,5.325619834710744,5.325619834710744,111.03471074380164,13.84,13.84,13.84,4.069,4.069,4.069,4.069,3.03,3.03,3.03,3.03,49.7,9.883636363636365,18.392727272727274,17.714380165289256,14.191735537190082,,164.29090909090908,455.3256198347107,7.272000914600559,4.671074380165289,,,,0.432595041322314,19.612561983471075,32.78677685950413,0.6545454545454545,66.4,66.4,23.367272727272727,43.348760330578514,,19.529256198347102,2.0945454545454547,102.7,102.7,,71.161,5.555,5.555,55.2,,,48.402,48.402,0.76522314,0.434,,7.218860826,1.781,19.83867769,2.233785124,2.567496198,2.52,1.340271074,4.169057695,,0.0
1995-07-31,6.98499173553719,16.300363636363638,67.5,67.5,67.5,67.5,14.375801652892562,7.778181818181818,,7.292429752066115,16.52786776859504,2.5886280991735537,,0.7993388429752063,21.360793388429748,0.7317024793388428,,,,,,78.88859504132232,5.054280991735538,0.8423801652892562,,171.18148760330578,915.949,915.949,,6.204099173553719,36.62201652892562,46.3,46.3,46.3,46.3,33.35087603305785,66.674,66.674,66.674,49.62,47.28396694214876,7.224793388429752,5.060429752066116,5.060429752066116,5.060429752066116,32.18876033057851,13.84,13.84,13.84,4.007,4.007,4.007,4.007,3.03,3.03,3.03,3.03,56.0,12.39590082644628,16.392595041322316,15.45798347107438,2.8530247933884296,,48.212429752066114,219.1418181818182,4.715001622038572,1.2789421487603303,,,,1.1375206611570248,19.92813223140496,28.97910743801653,0.707107438016529,65.8,65.8,26.064595041322317,31.315636363636365,,4.464,0.7624462809917355,99.1,99.1,,68.043,5.527,5.527,49.79,,,46.837,46.837,0.268700826,0.897,,7.821193388,2.505,23.67272727,3.085447934,3.136843636,2.92,1.85126876,5.362294014,,0.0
1995-08-31,6.130314049586777,10.821818181818182,60.7,60.7,60.7,60.7,7.64905785123967,7.329322314049587,,0.2084429752066115,2.201256198347107,1.967603305785124,,0.3043636363636363,2.0782809917355367,0.7009586776859504,,,,,,21.85269421487603,0.7194049586776858,0.6210247933884299,,121.9299173553719,827.724,827.724,,0.4359471074380165,2.484099173553719,42.0,42.0,42.0,42.0,8.276231404958677,43.863,43.863,43.863,47.714,46.31861157024793,4.082776859504133,3.836826446280992,3.836826446280992,3.836826446280992,0.3916760330578512,12.628,12.628,12.628,3.98,3.98,3.98,3.98,0.24,0.24,0.24,0.24,47.0,17.831404958677687,18.45857851239669,17.634644628099174,0.3178909090909091,,4.13196694214876,126.48,2.531285014353175,0.4224198347107438,,,,1.1190743801652892,23.72806611570248,20.63523966942149,0.7378512396694215,62.8,62.8,26.07689256198347,25.8124958677686,,1.2789421487603303,0.0285302479338842,89.5,89.5,,68.547,5.362,5.362,44.2,,,42.199,42.199,0.023980165,0.918,,7.858589752,2.138,23.52991736,3.434697521,3.159889587,3.07,2.060818512,5.313698974,,0.0
1995-09-30,1.5887603305785123,6.783471074380166,43.6,43.6,43.6,43.6,17.464462809917354,16.46479338842975,,0.2267107438016529,0.8806611570247934,1.9517355371900824,,0.1678016528925619,0.4010578512396694,0.6426446280991736,,,,,,13.245619834710745,0.0035702479338842,0.8330578512396695,,59.34347107438017,790.664,790.664,,0.4248595041322313,0.9223140495867768,25.6,25.6,25.6,25.6,19.33884297520661,48.686,48.686,48.686,25.985,24.49190082644628,3.83206611570248,3.611900826446281,3.611900826446281,3.611900826446281,0.3582148760330578,12.268,12.268,12.268,3.967,3.967,3.967,3.967,1.4,1.4,1.4,1.4,47.1,16.125619834710744,16.958677685950413,16.530247933884297,0.2802644628099174,,2.987107438016529,66.46611570247934,3.496341022479342,0.4605619834710743,,,,0.4659173553719008,12.156694214876032,11.335537190082643,0.7140495867768595,40.8,40.8,26.122314049586777,22.456859504132236,,1.309090909090909,0.0050578512396694,92.6,92.6,,63.527,4.438,4.438,41.16,,,38.442,38.442,0.002975207,0.429,,7.408546116,0.966,11.17090909,3.776727273,3.021175537,2.97,2.266036364,4.39816843,,0.0
1995-10-31,2.631669421487603,7.77203305785124,29.8,29.8,29.8,29.8,14.338909090909093,13.871603305785124,,0.2244297520661157,0.5140363636363635,2.0290909090909093,,0.1555636363636363,0.0836231404958677,,,,,,,11.184595041322314,0.0,0.7009586776859504,,76.67504132231404,732.645,732.645,,0.3941355371900826,11.953190082644628,19.3,19.3,19.3,19.3,8.669752066115702,30.2,30.2,30.2,40.557,39.75788429752066,3.9167603305785126,3.566280991735537,3.566280991735537,3.566280991735537,0.3295735537190083,12.023,12.023,12.023,3.957,3.957,3.957,3.957,3.03,3.03,3.03,3.03,46.2,14.412694214876034,15.267371900826449,15.009123966942148,0.2963702479338843,,2.846876033057851,76.55206611570247,5.050226398110978,3.092826446280992,,,,1.488,14.873851239669422,22.68277685950413,0.3652363636363637,57.3,57.3,13.4780826446281,11.707239669421488,,1.0452892561983471,0.983801652892562,96.1,96.1,,62.065,3.843,3.843,36.61,,,37.033,37.033,0.001844628,1.43,,6.15474843,0.393,2.479338843,1.944852893,1.697365289,2.59,1.166911736,3.906029606,,0.0
1995-11-30,1.8981818181818184,6.753719008264463,29.4,29.4,29.4,29.4,0.5771900826446281,0.4754380165289256,,0.1910082644628099,0.5040000000000001,1.9576859504132231,,0.1814876033057851,0.1553057851239669,,,,,,,10.246611570247934,0.0,0.7140495867768595,,67.65619834710743,682.17,682.17,,0.3588099173553719,0.696198347107438,12.4,12.4,12.4,12.4,7.79504132231405,18.8,18.8,18.8,26.747,27.83603305785124,2.8740495867768594,2.546776859504132,2.546776859504132,2.546776859504132,0.3778512396694214,11.722,11.722,11.722,3.98,3.98,3.98,3.98,3.03,3.03,3.03,3.03,38.2,8.788760330578512,9.12198347107438,8.943471074380165,0.300495867768595,,3.070413223140496,70.8694214876033,1.9767336811435312,0.1975537190082644,,,,0.9163636363636364,7.07504132231405,20.11239669421488,0.3629752066115702,52.7,52.7,12.61487603305785,23.010247933884298,,27.84198347107438,1.7613223140495868,99.5,99.5,,60.053,5.003,5.003,37.67037109375,,,37.697,37.697,0.005355372,0.763,,4.655077686,0.0,0.0,0.672396694,0.633183471,1.66,0.403438017,0.110300822,,0.0
1995-12-31,4.162710743801653,22.547504132231406,34.4,34.4,34.4,34.4,0.6087272727272727,1.1006280991735535,,0.2004495867768594,9.979438016528928,6.265586776859504,,2.5332892561983478,11.639603305785124,,,,,,,43.21348760330578,5.060429752066116,5.490842975206611,,96.7814876033058,682.706,682.706,,0.3867570247933885,9.985586776859504,20.0,20.0,20.0,20.0,1.1067768595041323,31.9,31.9,31.9,24.411,26.54419834710744,2.4041652892561984,2.262743801652892,2.262743801652892,2.262743801652892,0.9530578512396696,13.807,13.807,13.807,3.98,3.98,3.98,3.98,3.03,3.03,3.03,3.03,41.4,8.454545454545455,9.708892561983472,9.524429752066116,0.459312396694215,,19.70677685950413,123.46710743801653,6.632712292269639,2.9821487603305785,,,,0.6517685950413223,8.356165289256198,18.39094214876033,1.088330578512397,55.0,55.0,18.52621487603306,18.84595041322314,,26.974611570247934,1.6724628099173553,102.1,102.1,,68.876,5.555,5.555,39.31,,,40.371,40.371,0.13957686,0.349,,2.725180165,0.0,0.0,0.512806612,0.415021488,1.74,0.307683967,0.0,,0.0
1996-01-31,5.890512396694215,29.36647933884297,39.7,39.7,39.7,39.7,0.6148760330578512,1.3527272727272728,,0.1992198347107438,22.375338842975204,8.22704132231405,,9.708892561983472,28.917619834710745,,,,,,,57.95206611570248,12.346710743801651,1.1375206611570248,,102.31537190082643,739.717,739.717,,0.4008991735537189,8.509884297520662,23.7,23.7,23.7,23.7,1.3281322314049588,40.1,40.1,40.1,24.847,26.30439669421488,3.443305785123967,2.9452561983471077,2.9452561983471077,2.9452561983471077,1.0452892561983471,13.84,13.84,13.84,3.98,3.98,3.98,3.98,3.03,3.03,3.03,3.03,40.6,10.803371900826445,13.693289256198348,13.01692561983471,0.4273388429752066,,36.78803305785124,155.4406611570248,25.647145346638546,17.0259173553719,,,,0.8977190082644628,3.953652892561984,26.53804958677686,0.387986776859504,66.7,66.7,25.191471074380164,26.04,,50.948628099173554,1.6232727272727272,106.4,106.4,,69.523,5.555,5.555,56.37,,,48.547,48.547,0.121130579,0.255,,2.658075372,0.0,0.0,0.450089256,0.265864463,2.02,0.270053554,2.500264369,,0.0
1996-02-29,6.16621487603306,83.17487603305786,54.6,54.6,54.6,54.6,2.4273719008264467,6.747173553719007,,0.1990214876033057,28.875371900826448,46.1775867768595,,21.07557024793388,35.7203305785124,,,,,,,157.14644628099177,34.19603305785124,29.82446280991736,,148.2882644628099,762.386,762.386,,231.57818181818183,36.19200000000001,34.0,34.0,34.0,34.0,4.095471074380166,56.6,56.6,56.6,46.373,45.383801652892565,7.207338842975205,3.497256198347107,3.497256198347107,3.497256198347107,12.769586776859503,13.84,13.84,13.84,3.98,3.98,3.98,3.98,3.03,3.03,3.03,3.03,55.2,9.456396694214876,15.14519008264463,14.719537190082647,6.356033057851239,,109.40429752066116,581.5338842975207,45.24235145922865,45.504595041322325,,,,1.3057190082644627,25.29758677685951,32.338115702479335,3.767603305785124,66.8,66.8,15.86419834710744,106.01057851239668,,151.9695867768595,1.8981818181818184,106.6,106.6,,70.584,5.555,5.555,57.5,,,48.547,48.547,0.493527273,0.17,,2.865836033,0.0,0.0,0.424502479,0.247894215,2.05,0.254701488,6.947741888,,0.0
1996-03-31,6.972694214876033,56.72846280991735,54.6,54.6,54.6,54.6,5.103471074380165,10.729586776859504,,0.2139768595041322,28.677818181818186,10.64965289256198,,11.098512396694218,36.11781818181818,,,,,,,89.21851239669421,26.931570247933884,1.6355702479338845,,192.57917355371904,796.356,796.356,,6.056528925619835,20.832,33.2,33.2,33.2,33.2,8.350016528925622,52.1,52.1,52.1,51.447,49.946380165289256,8.884958677685951,3.787636363636364,3.787636363636364,3.787636363636364,2.7054545454545456,13.84,13.84,13.84,3.999,3.999,3.999,3.999,3.03,3.03,3.03,3.03,53.8,13.410446280991737,17.960528925619837,17.714578512396695,8.17785123966942,,63.33223140495868,272.8819834710744,23.535663911845724,23.654280991735536,,,,1.008396694214876,26.150677685950413,34.40231404958678,1.9799008264462812,66.6,66.6,18.962776859504128,90.38677685950414,,100.16330578512397,2.2135537190082646,105.7,105.7,,68.707,5.555,5.555,56.28,,,48.547,48.547,0.282842975,0.106,,3.048543471,0.0,0.0,0.384297521,0.206876033,2.4,0.230578512,7.428217903,,0.0
1996-04-30,6.908429752066116,44.47338842975206,55.6,55.6,55.6,55.6,5.813553719008264,7.31900826446281,,12.70413223140496,40.831735537190085,15.863801652892564,,9.925289256198347,47.0499173553719,,,,,,,112.28429752066116,14.88793388429752,13.81090909090909,,155.36528925619834,902.62,902.62,,0.4016528925619834,36.7795041322314,39.5,39.5,39.5,39.5,9.770578512396694,67.6,67.6,67.6,49.936,48.26380165289256,7.646280991735537,1.5411570247933883,1.5411570247933883,1.5411570247933883,6.8429752066115705,13.84,13.84,13.84,4.032,4.032,4.032,4.032,3.03,3.03,3.03,3.03,58.0,10.66909090909091,16.970578512396695,16.625454545454545,12.079338842975206,,66.28760330578513,232.3636363636364,20.558191873278236,17.39900826446281,,,,0.827107438016529,25.521322314049588,32.51900826446281,1.2614876033057851,66.5,66.5,6.723966942148761,88.30413223140496,,93.30247933884296,2.1778512396694216,105.9,105.9,,67.748,5.555,5.555,56.37,,,48.547,48.547,0.462942149,0.382,,4.295365289,0.0,1.225785124,1.056198347,1.193147107,2.02,0.633719008,7.16033031,,0.0
1996-05-31,6.94195041322314,48.870347107438015,69.4,69.4,69.4,69.4,24.50280991735537,3.191206611570248,,34.42690909090909,43.07821487603306,50.30300826446281,,10.729586776859504,50.40138842975207,,,,,,,212.0092561983472,23.27920661157025,16.589355371900826,,202.2327272727273,963.028,963.028,,117.93322314049588,40.0899173553719,48.8,48.8,48.8,48.8,44.67074380165289,74.3,74.3,74.3,51.158,48.925685950413225,9.364561983471075,5.269487603305785,5.269487603305785,5.269487603305785,106.6195041322314,13.84,13.84,13.84,4.043,4.043,4.043,4.043,3.03,3.03,3.03,3.03,68.3,11.621157024793389,18.7721652892562,17.794512396694213,21.72971900826446,,168.35305785123967,554.9256198347107,19.14296238787878,16.601652892561983,,,,0.4642314049586777,24.791801652892563,33.06803305785123,1.7155041322314049,66.5,66.5,24.63193388429752,66.22214876033058,,50.518214876033056,2.1705123966942144,105.1,105.1,,70.461,5.555,5.555,56.73,,,48.547,48.547,0.688661157,0.307,,5.908579835,1.474,18.46214876,2.166208264,2.177567603,2.45,1.299724959,5.55574194,,0.0
1996-06-30,6.164628099173553,20.84429752066116,68.7,68.7,68.7,68.7,10.663140495867768,1.511404958677686,,10.008595041322314,20.421818181818185,2.618181818181818,,2.118347107438016,25.146446280991736,,,,,,,65.9900826446281,5.051900826446281,0.6545454545454545,,138.88264462809917,942.024,942.024,,0.45699173553719,24.682314049586772,42.8,42.8,42.8,42.8,27.09223140495868,71.4,71.4,71.4,48.728,47.08561983471074,6.462148760330579,5.0459504132231405,5.0459504132231405,5.0459504132231405,10.573884297520662,13.84,13.84,13.84,3.992,3.992,3.992,3.992,3.03,3.03,3.03,3.03,59.0,17.40495867768595,18.41652892561984,17.53586776859504,1.3745454545454543,,27.98479338842975,169.2297520661157,6.690549779614326,3.278677685950413,,,,0.5492231404958677,18.077355371900826,31.32892561983471,0.660495867768595,66.1,66.1,25.93785123966942,35.83933884297521,,8.449586776859505,0.4439008264462811,99.7,99.7,,66.5,5.555,5.555,54.22,,,48.388,48.388,0.210644628,0.499,,6.346742479,2.269,25.45983471,2.284958678,2.822538843,2.61,1.370975207,4.43206595,,0.0
1996-07-31,2.539438016528925,10.62505785123967,68.6,68.6,68.6,68.6,0.7255537190082645,0.7624462809917355,,0.2219702479338843,3.55398347107438,2.1151735537190084,,0.6099570247933883,3.332628099173553,,,,,,,23.377586776859506,1.0022479338842976,0.7255537190082645,,128.32462809917357,854.486,854.486,,0.4580826446280991,16.62009917355372,20.5,20.5,20.5,20.5,26.759404958677685,56.8,56.8,56.8,42.15,41.41190082644628,3.8921652892561984,3.640066115702479,3.640066115702479,3.640066115702479,0.6456198347107438,13.742,13.742,13.742,3.98,3.98,3.98,3.98,3.03,3.03,3.03,3.03,53.2,6.554578512396694,6.0934214876033055,4.519338842975206,0.5552330578512396,,7.058776859504132,133.12066115702478,4.681466577961437,0.3080528925619835,,,,1.303537190082645,15.193586776859505,24.39213223140496,0.744,61.0,61.0,26.150677685950413,25.597289256198348,,1.36502479338843,0.4765289256198347,86.5,86.5,,65.736,5.417,5.417,48.52,,,45.78,45.78,0.004919008,1.13,,7.23997686,2.255,26.66380165,3.355993388,3.122794711,3.24,2.013596033,5.272839472,,0.0
1996-08-31,1.826181818181818,7.310876033057851,60.4,60.4,60.4,60.4,8.134809917355373,7.452297520661157,,0.2502545454545455,1.248198347107438,2.053685950413223,,0.2391867768595041,0.9346115702479338,,,,,,,14.080661157024794,0.0,0.9284628099173554,,146.21752066115704,734.007,734.007,,0.3947504132231406,1.6109752066115703,5.55,5.6,5.55,5.55,16.509421487603305,50.1,50.1,50.1,36.019,34.851173553719,4.168859504132231,3.6769586776859504,3.6769586776859504,3.6769586776859504,0.3984396694214877,13.022,13.022,13.022,3.98,3.98,3.98,3.98,3.03,3.03,3.03,3.03,45.2,17.77606611570248,17.88674380165289,17.855999999999998,0.2699305785123966,,3.547834710743801,147.5702479338843,2.4485354889975826,0.2176661157024793,,,,1.2359008264462812,12.014677685950414,21.293157024793388,0.8239338842975207,58.6,58.6,27.16522314049587,13.213685950413224,,1.3281322314049588,0.7624462809917355,60.8,60.8,,66.117,4.796,4.796,42.82,,,40.77,40.77,0.003689256,1.11,,7.652163967,1.902,26.06082645,3.69048595,3.167855207,3.16,2.21429157,5.283927075,,0.0
1996-09-30,4.272396694214876,9.675371900826446,52.1,52.1,52.1,52.1,8.687603305785125,8.050909090909093,,0.2392066115702479,0.8330578512396695,1.969586776859504,,0.1898181818181818,0.4784132231404958,,,,,,,11.466446280991736,0.0,0.7497520661157027,,68.60826446280991,684.2,684.2,,0.3367933884297521,1.0532231404958678,1.69,1.7,1.69,1.69,4.474710743801653,48.2,48.2,48.2,20.957,18.898512396694212,3.9570247933884297,3.629752066115703,3.629752066115703,3.629752066115703,0.4611570247933884,12.036,12.036,12.036,4.025,4.025,4.025,4.025,3.03,3.03,3.03,3.03,38.7,14.816528925619837,16.054214876033058,16.31603305785124,0.2302809917355371,,3.112066115702479,68.66776859504132,2.778405289813904,0.1957685950413223,,,,0.72,5.123305785123967,12.799338842975208,0.7735537190082644,47.3,47.3,26.538842975206613,5.88495867768595,,1.3745454545454543,0.6307438016528926,49.9,49.9,,66.211,3.034,3.034,38.06,,,37.257,37.257,0.007140496,0.661,,7.234246612,0.97,8.485289256,3.404231405,3.019247603,2.88,2.042538843,4.364627936,,0.0
1996-10-31,2.8038347107438018,8.288528925619836,43.6,43.6,43.6,43.6,8.829619834710744,8.14710743801653,,0.244105785123967,0.7562975206611571,2.06598347107438,,0.2115173553719008,0.4279537190082644,0.6271735537190082,,,,,,10.717289256198349,0.0,0.7931900826446281,,90.140826446281,614.098,614.098,,0.3910611570247934,0.9653553719008264,2.11,2.1,2.11,2.11,0.3080528925619835,34.3,34.3,34.3,25.198,25.271404958677685,3.277289256198347,2.9206611570247936,2.9206611570247936,2.9206611570247936,0.3787636363636364,6.792,6.792,6.792,3.98,3.98,3.98,3.98,3.03,3.03,3.03,3.03,38.2,11.651900826446282,12.807867768595042,13.004628099173551,0.2367272727272727,,3.166611570247934,92.47735537190084,4.702231860292347,3.178909090909091,,,,1.149818181818182,11.7318347107438,12.949289256198346,0.3314181818181818,49.9,49.9,18.80905785123967,4.254942148760331,,1.0821818181818184,1.389619834710744,46.4,46.4,,65.224,4.128,4.128,34.37,,,35.091,35.091,0.00614876,1.17,,5.078233388,0.575,3.736859504,2.016793388,1.94611438,2.28,1.210076033,3.906882498,,0.0
1996-11-30,3.171570247933884,12.829090909090908,39.1,39.1,39.1,39.1,7.973553719008264,8.015206611570246,,0.24099173553719,6.670413223140496,2.505123966942149,,1.2138842975206612,7.426115702479339,0.72,,,,,,24.09322314049587,2.136198347107438,2.8502479338842983,,61.64628099173554,607.213,607.213,,0.3897520661157024,8.455537190082644,8.99,9.0,8.99,8.99,1.380495867768595,34.2,34.2,34.2,29.377,29.87702479338843,2.350413223140496,2.0707438016528927,2.0707438016528927,2.0707438016528927,0.696198347107438,6.671,6.671,6.671,2.707,2.707,2.707,2.707,3.03,3.03,3.03,3.03,41.3,10.53818181818182,13.495537190082644,14.04297520661157,0.2808595041322314,,10.09190082644628,78.60495867768596,3.610242980862429,1.0413223140495869,,,,0.9282644628099174,14.215537190082644,18.749752066115704,0.3147768595041322,58.0,58.0,19.45785123966942,11.75801652892562,,0.8806611570247934,1.32099173553719,63.8,63.8,,61.568,5.561,5.561,36.616,,,36.93,36.93,0.111867769,0.813,,2.942340496,0.0,0.0,0.289785124,0.585480992,1.51,0.173871074,1.093348719,,0.0
1996-12-31,5.644561983471075,111.2310743801653,54.9,54.9,54.9,54.9,4.636165289256199,8.06102479338843,,0.2447206611570247,29.901421487603304,62.71735537190083,,23.832595041322318,38.62036363636364,14.314314049586775,,,,,,181.75735537190087,12.678743801652892,62.59438016528926,,98.01123966942149,838.825,838.825,,173.14909090909092,41.14135537190083,24.2,24.2,24.2,24.2,2.2135537190082646,67.8,67.8,67.8,48.803,47.4745785123967,7.790479338842975,2.73004958677686,2.73004958677686,2.73004958677686,13.730181818181816,10.719,10.719,10.719,3.99217529296875,3.99217529296875,3.99217529296875,3.99217529296875,3.03,3.03,3.03,3.03,62.3,8.4422479338843,15.863801652892562,16.44178512396694,5.853619834710744,,122.7907438016529,470.5646280991736,51.74629221808737,39.96079338842975,,,,1.0637355371900827,27.12218181818182,32.77289256198347,9.106314049586777,68.6,68.6,22.99636363636364,120.33123966942148,,144.6188429752066,1.9307107438016529,114.2,114.2,,79.145,6.555,6.555,58.77,,,48.547,48.547,0.52387438,0.25,,4.017040661,0.0,0.0,0.510347107,0.261699174,1.71,0.306208264,2.553996598,,0.0
1997-01-31,0.9223140495867768,175.05520661157024,54.5,54.5,54.5,54.5,3.5170909090909093,3.640066115702479,,38.103867768595045,0.0404588429752066,182.8026446280992,,34.11332231404958,9.346115702479338,30.95900826446281,,,,,,278.2928925619835,3.1727603305785124,71.32561983471075,,176.34644628099173,790.412,790.412,,516.3114049586777,43.61315702479338,39.281,39.3,39.281,39.281,17.087404958677684,63.4,63.4,63.4,1.857,0.707107438016529,1.1190743801652892,0.0934611570247933,0.0934611570247933,0.0934611570247933,151.56694214876032,13.84,13.84,13.84,4.003941650390625,4.003941650390625,4.003941650390625,4.003941650390625,3.03,3.03,3.03,3.03,56.7,12.955438016528923,13.588760330578513,13.293619834710745,27.804694214876037,,299.1371900826446,1374.2479338842977,89.24772417796142,87.18942148760331,,115.64995904429423,,0.0416271074380165,1.6847603305785124,1.6847603305785124,14.769322314049589,66.4,66.4,13.656396694214877,182.8026446280992,,243.1219834710744,1.6171239669421489,108.1,108.1,,71.816,5.555,5.555,57.4,,,48.547,48.547,0.606882645,0.193,,2.887213884,0.0,0.0,0.492515702,0.0,0.96,0.295509421,7.674445993,,0.0
1997-02-28,0.6942148760330579,35.41051239669421,54.0,54.0,54.0,54.0,3.143404958677686,1.2440330578512395,,5.026115702479339,4.359669421487603,28.890446280991736,,5.198280991735537,11.851636363636365,0.7719669421487607,,,,,,61.92396694214876,10.91305785123967,1.3551074380165289,,184.60561983471075,714.488,714.488,,28.08515702479339,8.569388429752067,39.1,39.1,39.1,39.1,2.8601652892561984,63.1,63.1,63.1,0.772,0.0,0.6331239669421487,0.0,0.0,0.0,29.8179173553719,13.84,13.84,13.84,4.0145693359375,4.0145693359375,4.0145693359375,4.0145693359375,3.03,3.03,3.03,3.03,42.2,13.9398347107438,15.150545454545457,15.789223140495867,6.053553719008264,,63.14578512396695,301.2337190082645,12.78787631074381,12.323702479338843,,54.53941249403586,,0.8497190082644628,0.0,0.0,2.232595041322314,63.5,63.5,14.16198347107438,17.36092561983471,,22.947966942148764,1.7827438016528925,99.5,99.5,,70.273,4.948,4.948,56.64,,,46.953,46.953,0.114406612,0.188,,2.078398017,0.0,0.0,0.56981157,0.0,0.81,0.341886942,7.009427836,,0.0
1997-03-31,0.2877619834710743,19.52231404958677,54.6,54.6,54.6,54.6,7.495338842975206,7.60601652892562,,1.690909090909091,12.64185123966942,3.3449256198347106,,2.6808595041322314,20.788958677685955,0.8239338842975205,,,,,,61.79504132231405,10.815669421487604,0.9653553719008264,,121.1305785123967,715.434,715.434,,0.3953652892561983,21.170181818181817,31.2,31.2,31.2,31.2,16.472528925619834,64.1,64.1,64.1,5.3,0.0,0.959206611570248,0.0,0.0,0.0,60.11642975206612,13.84,13.84,13.84,4.026335693359375,4.026335693359375,4.026335693359375,4.026335693359375,3.03,3.03,3.03,3.03,43.0,15.710082644628098,17.917487603305783,18.403239669421488,1.955305785123967,,72.80132231404959,210.28760330578515,6.778962620936636,4.500892561983471,,,,1.069884297520661,0.0,0.0,4.3963636363636365,65.1,65.1,12.789421487603306,1.389619834710744,,2.490247933884297,1.992198347107438,103.6,103.6,,63.96,4.948,4.948,55.74,,,46.258,46.258,0.269315702,0.329,,1.837053223,0.134,0.0,1.432046281,0.64104,0.45,0.859227769,6.156654315,,0.0
1997-04-30,0.1493553719008264,16.952727272727273,64.9,64.9,64.9,64.9,10.829752066115702,10.782148760330578,,0.7378512396694215,11.7401652892562,4.617520661157025,,1.5054545454545454,17.339504132231404,0.7497520661157027,,,,,,85.86446280991738,11.353388429752066,0.7973553719008264,,46.175206611570246,801.269,801.269,,0.3962975206611571,40.42710743801653,40.2,40.2,40.2,40.2,11.53190082644628,73.6,73.6,73.6,28.97300000000001,14.554710743801651,6.12892561983471,4.659173553719008,4.659173553719008,4.659173553719008,36.81520661157025,13.84,13.84,13.84,4.03772265625,4.03772265625,4.03772265625,4.03772265625,,,,,55.3,15.60793388429752,17.791735537190082,18.011900826446283,2.4991735537190083,,48.49586776859504,112.58181818181818,4.447354161157016,2.243305785123967,,,,1.4578512396694214,0.0,14.429752066115702,11.091570247933884,66.0,66.0,19.713719008264466,13.656198347107438,,2.618181818181818,1.5292561983471074,104.2,104.2,,63.037,5.652,5.652,54.8,,,47.736,47.736,0.468892562,0.301,,4.727674711,1.051,7.44,1.461421488,2.038970579,1.67,0.876852893,3.487993258,,0.0
1997-05-31,0.0585361983471074,12.783272727272728,69.3,69.3,69.3,69.3,13.945388429752066,16.95213223140496,,0.3910611570247934,8.048727272727273,4.580826446280992,,0.8423801652892562,9.770380165289255,0.7993388429752063,,,,,,78.5196694214876,5.195702479338843,0.7501487603305785,,44.06201652892562,864.127,864.127,,0.4224198347107438,41.22743801652893,49.7,49.7,49.7,49.7,25.271404958677685,74.7,74.7,74.7,50.72100000000001,32.250247933884296,8.460694214876034,5.619966942148761,5.619966942148761,5.619966942148761,25.07464462809917,13.84,13.84,13.84,4.04,4.04,4.04,4.04,,,,,68.8,17.60390082644628,18.913586776859507,18.741421487603304,3.320330578512397,,38.33137190082645,90.50975206611572,4.515037721212124,1.1129256198347108,,,,1.5494876033057852,0.0,35.712,16.540165289256198,66.8,66.8,27.20826446280992,29.89527272727273,,2.3242314049586774,0.8300826446280992,104.4,104.4,,67.764,5.555,5.555,50.9,,,48.003,48.003,0.400899174,0.798,,6.688355702,2.007,21.07438017,2.510538843,2.748079339,2.5,1.506323306,4.769672548,,0.0
1997-06-30,2.6241322314049587,10.603636363636364,65.8,65.8,65.8,65.8,9.044628099173554,8.806611570247934,,0.2463471074380165,2.975206611570248,2.9692561983471077,,0.4522314049586777,2.725289256198347,0.6426446280991736,,,,,,30.70413223140496,1.5233057851239669,0.6842975206611572,,47.00231404958678,861.143,861.143,,0.4070082644628098,10.234710743801651,42.7,42.7,42.7,42.7,18.077355371900826,68.7,68.7,68.7,42.52199999999999,31.668099173553724,8.181818181818182,4.635371900826447,4.635371900826447,4.635371900826447,4.55801652892562,13.84,13.84,13.84,3.988,3.988,3.988,3.988,,,,,62.8,16.970578512396695,17.922644628099174,18.035702479338845,3.778512396694215,0.031596694214876,10.341818181818182,64.20495867768595,3.498776355371903,0.5706446280991735,,,,1.249586776859504,0.0,33.72099173553719,8.247272727272728,65.2,65.2,26.1401652892562,23.022148760330577,,1.9576859504132231,0.1398347107438016,93.5,93.5,,67.446,4.838,4.838,45.18,,,46.388,46.388,0.081520661,0.816,,6.824848264,2.257,25.17619835,2.900231405,2.819849256,2.61,1.740138843,5.0167932,,0.0
1997-07-31,3.72,9.770380165289255,60.5,60.5,60.5,60.5,5.632264462809917,5.386314049586776,,0.2416462809917355,0.6333223140495868,2.447206611570248,,0.2127471074380166,0.546009917355372,0.4531636363636364,,,,,,15.00297520661157,0.0977652892561983,0.8054876033057852,,118.42512396694217,766.503,766.503,,0.4015140495867768,0.6640661157024794,31.6,31.6,31.6,31.6,11.473586776859504,43.8,43.8,43.8,40.44,32.13342148760331,8.528330578512396,3.738446280991736,3.738446280991736,3.738446280991736,0.6702148760330578,13.84,13.84,13.84,3.988,3.988,3.988,3.988,,,,,58.5,9.622809917355372,9.450644628099171,9.549024793388432,0.2551735537190083,0.0356628099173553,3.0067438016528927,116.08859504132232,2.829451890369373,0.3178909090909091,,,,1.5802314049586776,0.0,35.22009917355371,4.095074380165289,64.6,64.6,27.632528925619837,16.060561983471075,,1.2543471074380164,0.2465652892561983,69.8,69.8,,67.971,5.196,5.196,39.2,,,41.966,41.966,0.003689256,1.17,,7.673692562,2.305,27.01487603,3.632687603,3.052920992,3.03,2.179612562,5.805123749,,0.0
1997-08-31,4.248793388429752,9.143206611570246,54.8,54.8,54.8,54.8,5.509289256198347,5.2571900826446285,,0.2379570247933884,0.0249639669421487,2.281190082644628,,0.1438809917355371,0.0101454545454545,0.2520991735537189,,,,,,11.067768595041322,0.0,0.6394710743801653,,147.5702479338843,638.488,638.488,,0.3824528925619835,0.4365619834710744,23.1,23.1,23.1,23.1,8.571371900826446,23.8,23.8,23.8,40.625,32.43471074380165,8.448396694214876,3.6154710743801655,3.6154710743801655,3.6154710743801655,0.4685355371900826,13.283,13.283,13.283,3.736,3.736,3.736,3.736,,,,,45.7,17.960528925619837,18.071206611570243,18.618446280991737,0.2717752066115703,0.0414426446280991,2.490247933884297,137.48628099173553,3.1004808209692434,0.3517090909090909,,,,1.7216528925619834,0.0,35.36152066115702,7.224793388429752,64.8,64.8,27.355834710743803,16.109752066115703,,0.9038677685950414,1.0821818181818184,51.5,51.5,,67.375,5.474,5.474,33.74,,,37.536,37.536,0.004304132,1.2,,7.73097124,1.656,22.78214876,3.591490909,3.036993719,3.36,2.154894545,4.826439488,,0.0
1997-09-30,1.8862809917355368,7.176198347107438,48.6,48.6,48.6,48.6,6.521652892561984,6.24198347107438,,0.2255206611570248,0.0077355371900826,1.9576859504132231,,0.1172231404958677,0.0242181818181818,0.2011239669421487,,,,,,9.502809917355371,0.0,0.5438677685950414,,38.52297520661157,612.631,612.631,,0.3808264462809917,2.4277685950413224,17.9,17.9,17.9,17.9,8.776859504132231,17.8,17.8,17.8,23.016,18.761652892561983,6.182479338842975,3.4333884297520663,3.4333884297520663,3.4333884297520663,0.4867438016528925,9.324,9.324,9.324,4.015,4.015,4.015,4.015,,,,,42.7,11.698512396694214,12.210247933884297,12.37685950413223,0.7140495867768595,,2.6717355371900826,46.0204958677686,2.7636768135874514,0.4819834710743801,,,,1.8267768595041325,0.0,20.975206611570247,3.2013223140495866,53.7,53.7,25.604628099173556,10.597685950413224,,0.827107438016529,0.815206611570248,51.4,51.4,,63.588,4.314,4.314,28.95,,,33.988,33.988,0.004165289,0.912,,6.69710281,0.651,5.974214876,3.241190083,2.811131901,2.67,1.94471405,4.306710582,,0.0
1997-10-31,2.059834710743801,8.76198347107438,38.0,38.0,38.0,38.0,11.221487603305786,10.42214876033058,,0.2398016528925619,0.0394135537190082,2.496396694214876,,0.2422611570247934,0.0580442975206611,0.3787636363636364,,,,,,10.342214876033056,0.1438809917355371,0.7009586776859504,,69.48099173553719,562.737,562.737,,0.3978247933884298,0.9407603305785124,12.4,12.4,12.4,12.4,8.792727272727273,34.4,34.4,34.4,0.126,0.0,4.05203305785124,3.277289256198347,3.277289256198347,3.277289256198347,0.4630016528925619,5.521,5.521,5.521,3.993,3.993,3.993,3.993,1.495,1.495,1.495,1.495,46.6,10.858710743801652,11.504330578512397,11.94704132231405,0.3904462809917355,,2.963702479338843,70.15735537190082,4.284370079418679,3.0805289256198347,,,,1.1375206611570248,0.0,0.2127471074380165,0.8300826446280992,33.2,33.2,16.374148760330577,4.888264462809917,,0.8423801652892562,0.7132561983471074,51.6,51.6,,66.964,4.033,4.033,27.76,,,32.834,32.834,0.00614876,0.807,,5.699865124,0.071,2.465454545,1.613434711,1.52102281,2.2,0.968060826,3.135113932,,0.0
1997-11-30,3.320330578512397,15.697190082644628,32.3,32.3,32.3,32.3,6.8429752066115705,6.759669421487604,,0.2249256198347107,2.439669421487604,2.3444628099173555,,0.7735537190082644,3.272727272727273,0.5950413223140496,,,,,,15.042644628099174,4.212892561983471,0.708099173553719,,39.028760330578514,563.144,563.144,,0.3843966942148761,1.4340495867768597,7.17,7.2,7.17,7.17,6.902479338842976,38.6,38.6,38.6,12.728,11.984132231404958,5.004297520661157,2.4039669421487604,2.4039669421487604,2.4039669421487604,0.5950413223140496,5.521,5.521,5.521,3.98145849609375,3.98145849609375,3.98145849609375,3.98145849609375,1.87,1.87,1.87,1.87,43.9,11.537851239669422,12.35900826446281,12.95404958677686,0.4058181818181819,,5.754049586776859,70.63140495867769,2.906718620439644,1.2614876033057851,,,,0.7973553719008264,0.0,10.984462809917355,2.493223140495868,38.9,38.9,9.01487603305785,5.349421487603306,,0.9223140495867768,0.8330578512396695,56.6,56.6,,45.869,5.555,5.555,32.266666015625,,,34.03,34.03,0.023801653,0.514,,3.53159405,0.0,0.0,0.837818182,0.421666116,1.29,0.502690909,1.142558635,,0.0
1997-12-31,4.949752066115702,20.85044628099174,32.7,32.7,32.7,32.7,0.565685950413223,0.6148760330578512,,0.2195107438016529,5.583074380165289,2.262743801652892,,1.4818512396694214,6.130314049586777,0.8362314049586776,,,,,,18.421685950413227,5.619966942148761,0.8731239669421488,,65.79173553719008,547.311,547.311,,0.3861421487603305,2.988297520661157,13.1,13.1,13.1,13.1,1.4326611570247934,19.5,19.5,19.5,34.568000000000005,31.82598347107438,6.462347107438016,2.2381487603305783,2.2381487603305783,2.2381487603305783,0.5988892561983471,5.521,5.521,5.521,3.985569091796875,3.985569091796875,3.985569091796875,3.985569091796875,3.03,3.03,3.03,3.03,33.4,13.170644628099174,14.0499173553719,14.769322314049589,0.4267239669421488,,7.802776859504132,80.05685950413223,6.827456934300325,4.273388429752066,,,,0.5503140495867768,4.513190082644629,32.66221487603306,2.582479338842975,45.6,45.6,26.101487603305785,15.322710743801652,,1.1621157024793387,1.0145454545454546,95.4,95.4,,49.405,5.354,5.354,43.1585703125,,,36.565,36.565,0.047960331,0.409,,2.091639669,0.0,0.0,0.168476033,0.363986777,1.44,0.10108562,1.025692524,,0.0
1998-01-31,4.365619834710744,85.1603305785124,37.2,37.2,37.2,37.2,0.565685950413223,1.0760330578512396,,0.4789884297520662,26.716363636363635,23.924826446280992,,18.20647933884298,36.79418181818182,7.98109090909091,,,,,,87.92727272727272,19.69447933884297,22.455272727272728,,134.96528925619836,695.261,695.261,,0.4304132231404958,15.138247933884298,10.1,10.1,10.1,10.1,1.5064462809917356,32.8,32.8,32.8,29.717,29.667768595041323,4.451702479338843,2.496396694214876,2.496396694214876,2.496396694214876,1.5863801652892562,6.0,6.0,6.0,3.989679443359375,3.989679443359375,3.989679443359375,3.989679443359375,3.03,3.03,3.03,3.03,34.9,11.104661157024792,14.904595041322311,15.845355371900826,0.707107438016529,,52.49196694214876,240.7854545454545,38.76705676293137,29.796892561983476,,,,0.9469090909090908,8.927999999999999,32.9389090909091,0.3498644628099174,66.6,66.6,22.51061157024793,48.99947107438017,,115.84264462809918,1.7339504132231405,106.1,106.1,,70.101,5.555,5.555,59.54,,,45.939,45.939,0.229963636,0.165,,1.995375868,0.0,0.0,0.147570248,0.410459504,1.44,0.088542149,4.603656026,,0.0
1998-02-28,3.826512396694215,125.84727272727272,41.2,41.2,41.2,41.2,0.5109421487603306,0.8941487603305786,,0.3154512396694215,36.04919008264462,14.556297520661158,,17.594181818181813,48.01745454545455,2.7157685950413226,,,,,,80.47338842975209,7.625256198347107,19.093685950413217,,195.76859504132236,754.766,754.766,,56.59239669421488,7.286479338842975,11.3,11.3,11.3,11.3,1.4995041322314049,29.2,29.2,29.2,28.685,28.31285950413223,5.292694214876033,2.4547438016528926,2.4547438016528926,2.4547438016528926,1.2162644628099173,6.4,6.4,6.4,3.993392333984375,3.993392333984375,3.993392333984375,3.993392333984375,3.03,3.03,3.03,3.03,31.0,9.974479338842976,13.095669421487605,13.756561983471077,1.1829421487603304,,83.63900826446282,398.53487603305786,58.70448495895317,56.8700826446281,,,,1.2384793388429751,9.069223140495868,31.68396694214876,0.3071206611570247,66.8,66.8,17.016595041322315,97.0790082644628,,210.26380165289257,1.9271404958677687,107.0,107.0,,70.371,5.555,5.555,59.54,,,48.547,48.547,0.113295868,0.117,,3.431317686,0.0,0.0,0.289904132,0.104429752,1.26,0.173942479,6.701236112,,0.0
1998-03-31,6.124165289256198,61.29699173553719,40.8,40.8,40.8,40.8,11.282975206611573,11.282975206611573,,0.2600925619834711,32.48390082644627,13.988429752066116,,12.543471074380172,42.68469421487604,1.414214876033058,,,,,,101.76198347107436,10.040925619834711,25.050049586776854,,204.56925619834712,789.234,789.234,,40.46499173553719,24.213818181818183,12.0,12.0,12.0,12.0,5.712198347107439,41.3,41.3,41.3,46.466,32.250247933884296,8.171702479338842,3.738446280991736,3.738446280991736,3.738446280991736,1.6232727272727272,7.0,7.0,7.0,3.997502685546875,3.997502685546875,3.997502685546875,3.997502685546875,3.03,3.03,3.03,3.03,35.9,13.361256198347109,17.985123966942147,18.2556694214876,4.685355371900826,,47.49917355371901,318.8132231404959,20.004445967217627,21.809652892561985,,,,1.5863801652892562,22.51061157024793,35.80423140495867,0.6702148760330578,66.9,66.9,23.808,63.02479338842975,,86.32859504132232,2.207404958677686,106.1,106.1,,70.445,5.555,5.555,59.32,,,48.547,48.547,0.359087603,0.136,,4.428251901,0.0,0.0,0.366466116,0.408138843,0.87,0.219879669,7.940151768,,0.0
1998-04-30,4.117685950413224,52.845619834710746,37.7,37.7,37.7,37.7,14.733223140495868,12.180495867768595,,3.653553719008265,38.11834710743802,5.242314049586777,,10.347768595041323,46.002644628099176,0.8568595041322314,,,,,,90.98181818181818,6.176528925619834,21.183471074380165,,206.89586776859505,841.714,841.714,,0.4183140495867768,25.46776859504132,17.8,17.8,17.8,17.8,6.509752066115703,51.7,51.7,51.7,49.823,31.334876033057853,4.772231404958678,1.7910743801652893,1.7910743801652893,1.7910743801652893,1.7970247933884298,10.638,10.638,10.638,4.001480712890625,4.001480712890625,4.001480712890625,4.001480712890625,3.03,3.03,3.03,3.03,39.4,13.180165289256198,17.672727272727272,18.14876033057851,4.926942148760331,,45.10413223140496,275.62314049586774,21.38357331818182,19.92793388429752,,,,1.1543801652892562,22.302148760330574,34.42909090909091,0.5867107438016528,66.9,66.9,23.605289256198347,66.52561983471074,,91.57685950413224,1.92198347107438,105.7,105.7,,70.42,5.555,5.555,59.1,,,48.547,48.547,0.349289256,0.122,,4.255398347,0.0,0.126942149,0.874115702,0.910335868,1.27,0.524469421,7.744065825,,0.0
1998-05-31,6.228694214876033,67.26743801652893,47.2,47.2,47.2,47.2,14.904595041322311,18.077355371900826,,0.2668561983471074,41.75623140495868,8.884958677685951,,10.213090909090909,48.24932231404959,0.9346115702479338,,,,,,147.385785123967,26.5564958677686,18.37864462809917,,216.00595041322316,947.186,947.186,,0.4906710743801654,50.40138842975207,30.2,30.2,30.2,30.2,8.06102479338843,66.1,66.1,66.1,52.596,32.47160330578512,8.368462809917355,2.9206611570247936,2.9206611570247936,2.9206611570247936,19.485421487603304,13.84,14.1,14.1,4.02,4.02,4.02,4.02,3.03,3.03,3.03,3.03,55.8,9.438347107438016,18.13884297520661,18.624595041322312,11.430545454545454,,73.78512396694215,309.03669421487604,17.829632874104682,16.32495867768595,,,,0.8792727272727273,27.40502479338843,35.1401652892562,0.6148760330578512,66.8,66.8,25.54195041322314,64.25454545454545,,62.778842975206615,2.059834710743801,106.4,106.4,,70.551,5.555,5.555,59.54,,,48.547,48.547,0.613646281,0.134,,4.961688595,0.883,15.87966942,0.945679339,1.304039008,1.87,0.567407603,7.271999727,,0.0
1998-06-30,6.384793388429752,45.99669421487603,65.6,65.6,65.6,65.6,11.353388429752066,16.643305785123967,,6.0218181818181815,21.6,20.802644628099173,,5.492231404958678,13.269421487603308,23.450578512396696,,,,,,184.2842975206612,27.990743801652894,8.40793388429752,,204.099173553719,961.062,961.062,,81.28264462809918,85.53123966942148,45.5,45.5,45.5,45.5,34.708760330578514,74.0,74.0,74.0,50.442,39.891570247933885,8.199669421487604,3.367933884297521,3.367933884297521,3.367933884297521,92.82644628099172,13.84,14.3,14.3,4.041,4.041,4.041,4.041,3.03,3.03,3.03,3.03,68.7,9.6099173553719,17.720330578512396,18.00595041322314,30.44826446280992,,146.499173553719,437.9504132231405,9.4132090123967,7.693884297520663,,,,0.1898181818181818,21.70115702479339,33.923305785123965,0.6366942148760331,66.6,66.6,24.914380165289256,45.06842975206612,,28.817851239669423,2.064793388429752,103.8,103.8,,70.525,5.555,5.555,58.44,,,47.859,47.859,0.839008264,0.211,,5.943193388,1.48,18.87471074,1.367404959,2.409100165,2.01,0.820442975,5.635437805,,0.0
1998-07-31,6.788231404958678,21.864991735537192,68.0,68.0,68.0,68.0,5.515438016528925,3.049785123966942,,3.105123966942149,12.11305785123967,2.4718016528925624,,1.1006280991735535,15.304264462809916,0.6031933884297521,,,,,,65.42280991735535,6.136462809917355,1.309685950413223,,151.32099173553718,914.929,914.929,,0.5109619834710744,24.404429752066115,46.9,46.9,46.9,46.9,20.948826446280997,70.1,70.1,70.1,49.885,42.69699173553719,6.726743801652892,3.4617520661157024,3.4617520661157024,3.4617520661157024,14.658644628099172,13.84,13.8,13.8,3.998,3.998,3.998,3.998,3.03,3.03,3.03,3.03,60.0,16.798413223140496,18.544661157024795,12.924694214876032,3.320330578512397,,28.11828099173554,183.6019834710744,4.149794605234152,1.131371900826446,,,,1.1006280991735535,14.246677685950411,35.090975206611574,0.6763636363636364,65.0,65.0,26.08304132231405,30.66386776859504,,2.859173553719008,0.7624462809917355,98.8,98.8,,66.203,5.472,5.472,53.59,,,45.214,45.214,0.18138843,0.914,,7.981233719,2.527,27.05454545,2.74357686,3.070885289,2.9,1.646146116,5.387801451,,0.0
1998-08-31,4.91900826446281,12.955438016528923,63.2,63.2,63.2,63.2,4.685355371900826,4.888264462809917,,0.2299636363636364,2.545586776859504,2.102876033057852,,0.3787636363636364,2.3242314049586774,0.5380165289256198,,,,,,20.42003305785124,0.6702148760330578,0.7808925619834711,,175.48561983471075,777.981,777.981,,0.4439404958677687,0.8546776859504133,32.8,32.8,32.8,32.8,16.134347107438014,52.4,52.4,52.4,50.444,45.1564958677686,4.162710743801653,3.332628099173553,3.332628099173553,3.332628099173553,0.3363371900826446,9.23,8.22,8.22,3.985,3.985,3.985,3.985,3.03,3.03,3.03,3.03,52.6,18.083504132231408,18.19418181818181,18.6,0.3185057851239669,0.0536171900826446,4.666909090909091,177.3302479338843,3.404468479473774,0.5853619834710744,,,,1.4326611570247934,12.371305785123967,33.61527272727273,0.6763636363636364,65.1,65.1,26.661024793388428,21.772760330578517,,1.149818181818182,0.6763636363636364,84.8,84.8,,64.471,5.307,5.307,48.61,,,41.586,41.586,0.008608264,1.11,,8.29819438,2.192,26.38016529,3.354763636,3.213014876,3.01,2.012858182,5.551636155,,0.0
1998-09-30,4.385454545454546,10.865454545454543,53.1,53.1,53.1,53.1,9.675371900826446,10.145454545454545,,0.2231404958677686,1.404297520661157,2.0171900826446283,,0.2493223140495867,1.1781818181818182,0.5938512396694214,,,,,,15.090247933884298,0.0,1.0532231404958674,,96.39669421487604,708.238,708.238,,0.3855867768595041,1.0948760330578513,25.4,25.4,25.4,25.4,8.027107438016529,49.7,49.7,49.7,26.842,24.771570247933884,3.629752066115703,3.308429752066116,3.308429752066116,3.308429752066116,0.408793388429752,6.457,6.46,6.46,3.969,3.969,3.969,3.969,1.966,1.966,1.966,1.966,49.0,17.321652892561982,17.815537190082644,18.08330578512397,0.2915702479338843,,4.0700826446281,101.87107438016528,2.1612960304042343,0.696198347107438,,,,1.071074380165289,7.396363636363636,17.351404958677687,0.6545454545454545,44.7,44.7,25.747438016528925,20.31471074380165,,4.355702479338843,0.9818181818181818,84.3,84.3,,67.549,4.889,4.889,43.22,,,37.488,37.488,0.005355372,0.883,,8.035713719,0.829,11.47834711,3.007338843,2.816279008,2.66,1.804403306,5.059338653,,0.0
1998-10-31,4.187305785123966,11.442842975206611,40.3,40.3,40.3,40.3,12.924694214876032,12.758677685950412,,0.2342677685950413,1.1682644628099172,2.0290909090909093,,0.2539438016528926,0.9161652892561984,0.6640661157024794,,,,,,13.551867768595038,0.0,1.0022479338842976,,72.80132231404959,659.384,659.384,,0.4199603305785123,2.502545454545455,20.4,20.4,20.4,20.4,7.89500826446281,41.6,41.6,41.6,33.671,31.55543801652893,3.215801652892562,2.889917355371901,2.889917355371901,2.889917355371901,0.4384066115702479,6.19,6.19,6.19,3.98,3.98,3.98,3.98,1.408,1.408,1.408,1.408,44.7,17.413289256198347,18.50161983471074,19.13494214876033,0.3049785123966942,,4.107371900826446,76.18314049586778,5.152716215483215,3.252694214876033,,,,1.0575867768595042,10.3299173553719,22.04330578512397,0.3707702479338842,42.2,42.2,18.655338842975205,20.272462809917357,,16.146644628099175,1.5986776859504133,81.1,81.1,,67.955,5.345,5.345,37.74,,,35.935,35.935,0.011682645,0.876,,6.878774876,0.448,3.619834711,1.933170248,1.907892893,2.29,1.159902149,3.92112382,,0.0
1998-11-30,3.647603305785124,21.83801652892562,33.5,33.5,33.5,33.5,8.794710743801653,8.99702479338843,,0.2142148760330578,6.24198347107438,3.1061157024793387,,1.8505785123966945,7.55702479338843,1.1067768595041323,,,,,,27.02677685950413,6.24198347107438,4.617520661157025,,85.50743801652892,648.29,648.29,,0.4010578512396694,3.576198347107438,15.5,15.5,15.5,15.5,7.217851239669422,41.0,41.0,41.0,29.966,30.626776859504137,2.808595041322314,2.5170247933884298,2.5170247933884298,2.5170247933884298,0.7973553719008264,6.64,6.64,6.64,4.002,4.002,4.002,4.002,1.47,1.47,1.47,1.47,41.5,14.673719008264465,15.488925619834712,16.00066115702479,0.3808264462809917,,14.132231404958675,101.57355371900826,5.023507347298587,2.7074380165289256,,,,0.8866115702479339,10.56198347107438,19.981487603305784,0.3689256198347107,56.2,56.2,11.29388429752066,13.858512396694216,,18.73785123966942,1.5471074380165288,85.4,85.4,,71.095,5.555,5.555,40.8,,,37.9,37.9,0.051173554,0.793,,2.715992727,0.024,0.0,0.012495868,0.166591736,1.79,0.007497521,1.687755309,,0.0
1998-12-31,5.453950413223141,29.22505785123967,35.1,35.1,35.1,35.1,0.5595371900826446,0.731702479338843,,0.206598347107438,12.758677685950412,3.941355371900826,,4.304132231404958,16.81071074380165,1.051438016528926,,,,,,42.00218181818182,13.361256198347109,3.984396694214876,,127.2793388429752,634.425,634.425,,0.4131966942148761,7.458446280991735,11.0,11.0,11.0,11.0,6.917355371900826,31.2,31.2,31.2,43.011,42.29732231404959,2.2258512396694217,2.2258512396694217,2.2258512396694217,2.2258512396694217,0.694809917355372,7.12,7.12,7.12,4.011447265625,4.011447265625,4.011447265625,4.011447265625,1.75,1.75,1.75,1.75,34.7,12.832462809917356,14.111404958677683,14.603305785123966,0.3763041322314049,,20.51841322314049,164.8482644628099,11.08298090918086,6.443900826446281,,,,0.351094214876033,18.91973553719008,26.439669421487604,0.3898314049586777,63.7,63.7,23.389884297520663,25.01315702479339,,26.40892561983471,2.0905785123966942,102.3,102.3,,60.716,5.555,5.555,49.718,,,41.8,41.8,0.110677686,0.34,,2.784678347,0.0,0.0,0.518955372,0.0,1.57,0.311373223,0.709487577,,0.0
1999-01-31,5.146512396694215,33.09262809917356,38.2,38.2,38.2,38.2,0.5718347107438018,1.1436694214876035,,0.2158214876033057,17.81910743801653,16.29421487603306,,12.149950413223143,24.601190082644628,5.816727272727273,,,,,,72.49388429752067,19.005818181818185,9.21699173553719,,140.9910743801653,693.442,693.442,,0.4267239669421488,9.893355371900826,10.5,10.5,10.5,10.5,3.3695206611570248,33.6,33.6,33.6,35.7,36.62201652892562,3.191206611570248,3.3141818181818183,3.3141818181818183,3.3141818181818183,1.131371900826446,7.83,7.83,7.83,4.01348681640625,4.01348681640625,4.01348681640625,4.01348681640625,3.03,3.03,3.03,3.03,33.6,10.680396694214874,13.699438016528926,13.865454545454543,0.4390214876033058,,42.340363636363634,212.13223140495867,23.32417302837466,16.921388429752067,,,,0.6579173553719008,17.745322314049588,24.05395041322314,,66.7,66.7,25.62803305785124,45.73447933884297,,79.31900826446281,1.537190082644628,105.5,105.5,,69.126,5.555,5.555,57.1,,,48.547,48.547,0.1488,0.326,,3.118437025,0.0,0.0,0.475299174,0.0,1.68,0.285179504,2.929249477,,0.0
1999-02-28,4.787305785123967,75.03074380165289,43.0,43.0,43.0,43.0,0.5331570247933886,1.3273388429752069,,0.1971570247933884,31.700628099173557,19.665719008264464,,17.194314049586776,42.57480991735537,5.214942148760331,,,,,,88.58181818181818,24.658512396694213,6.858842975206612,,179.55173553719007,794.709,794.709,,1.0996363636363635,6.908826446280992,9.92,9.9,9.92,9.92,2.560264462809917,29.6,29.6,29.6,36.016,37.90968595041322,4.304132231404958,2.199272727272727,2.199272727272727,2.199272727272727,1.6383471074380165,8.38,8.38,8.38,4.015328857421875,4.015328857421875,4.015328857421875,4.015328857421875,3.03,3.03,3.03,3.03,31.7,10.118876033057852,13.773223140495867,14.239735537190082,0.4209719008264463,,78.91834710743802,311.0082644628099,43.79752840082645,43.62446280991736,,,,0.9774545454545456,16.52786776859504,24.59186776859504,,67.1,67.1,22.109355371900826,92.91371900826448,,160.83570247933883,1.8327272727272728,106.6,106.6,,71.152,5.555,5.555,57.3,,,48.547,48.547,0.107742149,0.103,,3.916877355,0.0,0.0,0.397090909,0.0,1.41,0.238254545,6.760938589,,0.0
1999-03-31,6.290181818181818,57.08509090909091,42.3,42.3,42.3,42.3,6.136462809917355,6.880462809917355,,0.2299636363636364,28.19821487603306,6.732892561983471,,9.561322314049589,37.58122314049587,1.752396694214876,,,,,,76.30611570247935,12.334413223140496,13.115305785123962,,200.57256198347108,762.263,762.263,,53.19292561983471,11.498181818181818,10.4,10.4,10.4,10.4,2.859173553719008,15.5,15.5,15.5,49.541,47.9603305785124,8.331570247933884,2.3365289256198345,2.3365289256198345,2.3365289256198345,1.3281322314049588,8.87,8.87,8.87,4.017368408203125,4.017368408203125,4.017368408203125,4.017368408203125,3.03,3.03,3.03,3.03,29.3,12.875504132231406,16.165090909090907,15.845355371900826,3.5170909090909093,,51.00396694214876,327.42148760330576,19.4907911214876,18.7721652892562,,,,0.7009586776859504,27.33123966942149,31.973553719008265,,66.8,66.8,25.83094214876033,68.9890909090909,,92.29289256198346,2.3365289256198345,105.5,105.5,,60.803,5.555,5.555,57.0,,,48.504,48.504,0.196145455,0.139,,4.824325289,0.0,0.0,0.680052893,0.327847934,1.61,0.408031736,7.826062516,,0.0
1999-04-30,6.027768595041322,38.84429752066116,41.8,41.8,41.8,41.8,12.186446280991737,13.418181818181818,,0.2290909090909091,24.83702479338843,2.784793388429752,,4.986446280991736,31.59074380165289,0.9044628099173554,,,,,,75.7487603305785,7.31305785123967,13.4300826446281,,162.86280991735538,781.652,781.652,,0.4147438016528925,28.08,16.7,16.7,16.7,16.7,2.9930578512396693,22.7,22.7,22.7,48.413,47.31173553719008,5.533884297520661,0.3254876033057851,0.3254876033057851,0.3254876033057851,0.7676033057851239,10.3,10.3,10.3,4.019342041015625,4.019342041015625,4.019342041015625,4.019342041015625,3.03,3.03,3.03,3.03,35.2,13.364628099173554,17.88099173553719,18.12495867768595,5.795702479338843,,34.875371900826444,198.56528925619835,11.851716933884298,8.015206611570246,,,,0.5159008264462811,24.37289256198347,30.46611570247934,,66.6,66.6,25.378512396694216,51.89355371900827,,57.71900826446281,2.320661157024793,104.8,104.8,,62.348,5.555,5.555,56.55,,,48.112,48.112,0.448661157,0.137,,5.097207273,0.282,2.983140496,1.314446281,1.628209587,1.36,0.788667769,6.386082405,,0.0
1999-05-31,3.406413223140496,28.130578512396696,55.6,55.6,55.6,55.6,13.207537190082643,18.13884297520661,,8.190148760330578,33.83047933884298,7.261685950413223,,3.338776859504132,37.72879338842975,0.8423801652892562,,,,,,141.91338842975208,23.08244628099173,0.6456198347107438,,116.88793388429752,894.114,894.114,,0.4470148760330578,80.0384132231405,41.5,41.5,41.5,41.5,12.697190082644628,69.4,69.4,69.4,52.006,49.46677685950413,8.380760330578514,2.6870082644628104,2.6870082644628104,2.6870082644628104,13.865454545454543,14.2,14.2,14.2,4.03,4.03,4.03,4.03,3.03,3.03,3.03,3.03,57.1,11.676495867768596,18.790611570247936,18.83980165289256,7.10796694214876,,47.55451239669421,158.39206611570248,6.602692487603309,2.502545454545455,,,,0.1131371900826446,25.923173553719007,32.877421487603314,,66.6,66.6,26.53804958677686,44.40019834710744,,15.162842975206612,2.459504132231405,103.8,103.8,,62.879,5.555,5.555,54.88,,,48.301,48.301,0.902638017,0.324,,7.08216,1.86,25.93190083,1.786214876,2.57001124,1.95,1.071728926,4.239371742,,0.0
1999-06-30,6.36099173553719,19.713719008264466,68.3,68.3,68.3,68.3,5.9861157024793386,8.04495867768595,,2.106446280991736,13.92396694214876,2.772892561983471,,0.8330578512396695,15.625785123966946,0.6902479338842974,,,,,,92.2909090909091,6.48,0.6426446280991736,,108.1190082644628,915.949,915.949,,0.4718677685950412,45.04462809917355,49.9,49.9,49.9,49.9,24.462148760330575,74.2,74.2,74.2,50.632,46.78809917355372,7.277355371900827,4.331900826446281,4.331900826446281,4.331900826446281,23.15900826446281,14.0,14.0,14.0,3.961,3.961,3.961,3.961,3.03,3.03,3.03,3.03,63.7,13.465785123966942,17.964297520661155,18.172561983471077,3.754710743801653,,48.4304132231405,146.73719008264462,3.1701126212121253,0.660495867768595,,,,0.6545454545454545,22.641322314049585,27.449256198347108,0.7140495867768595,66.3,66.3,25.384462809917355,30.65057851239669,,4.468760330578513,1.5471074380165288,99.3,99.3,,66.125,5.555,5.555,50.7,,,46.895,46.895,0.299305785,0.58,,7.668351074,2.467,24.19834711,2.673520661,2.866068099,2.53,1.604112397,4.979008078,,0.0
1999-07-31,4.156561983471073,12.14380165289256,64.1,64.1,64.1,64.1,6.142611570247934,6.068826446280991,,0.2219702479338843,2.502545454545455,2.299636363636364,,0.3443305785123967,2.4041652892561984,0.5927404958677687,,,,,,25.91087603305785,0.8054876033057852,0.7808925619834711,,145.29520661157025,811.449,811.449,,0.4660760330578511,3.873719008264463,26.6,26.6,26.6,26.6,27.183669421487604,62.0,62.0,62.0,49.159,44.5539173553719,5.872066115702479,3.566280991735537,3.566280991735537,3.566280991735537,0.7009586776859504,13.6,13.6,13.6,4.002,4.002,4.002,4.002,3.03,3.03,3.03,3.03,63.0,8.276231404958677,8.528330578512396,8.005685950413222,0.3664661157024793,,4.980495867768595,144.00396694214876,3.1059577563366503,0.4279537190082644,,,,1.2789421487603303,23.297652892561985,22.0617520661157,0.7194049586776858,62.6,62.6,26.507305785123968,26.45811570247934,,0.996099173553719,0.0,87.3,87.3,,67.359,5.362,5.362,44.02,,,42.917,42.917,0.014142149,1.16,,7.974035702,2.801,26.94545455,3.453758678,3.128161983,3.16,2.072255207,6.183867537,,0.0
1999-08-31,3.965950413223141,10.938644628099173,57.9,57.9,57.9,57.9,6.179504132231405,6.031933884297521,,0.2207404958677686,0.7931900826446281,2.275041322314049,,0.1936859504132231,0.5742942148760332,0.5398611570247933,,,,,,14.58485950413223,0.0,0.7993388429752063,,165.21719008264463,673.443,673.443,,0.4384066115702479,0.7624462809917355,6.61,6.6,6.61,6.61,19.903537190082645,56.4,56.4,56.4,42.48199999999999,40.23748760330579,4.021289256198348,3.781487603305785,3.781487603305785,3.781487603305785,0.3750743801652892,9.86,9.86,9.86,3.999,3.999,3.999,3.999,3.03,3.03,3.03,3.03,54.1,17.948231404958676,18.341752066115703,18.60614876033058,0.3363371900826446,0.0397824793388429,3.6339173553719006,165.6476033057851,2.4410745349637364,0.3849123966942149,,,,1.2543471074380164,32.50234710743802,0.2508694214876033,,65.0,65.0,26.255206611570248,12.924694214876032,,1.3158347107438015,0.6087272727272727,61.2,61.2,,65.93,5.527,5.527,37.9,,,38.888,38.888,0.004304132,1.08,,8.019127934,2.17,26.1877686,3.555828099,3.046726612,3.1,2.13349686,5.65289235,,0.0
1999-09-30,3.260826446280992,8.901818181818182,50.5,50.5,50.5,50.5,7.348760330578512,7.003636363636364,,0.2154049586776859,0.1315041322314049,2.201652892561984,,0.1374545454545454,0.0158280991735537,0.3677355371900825,,,,,,10.901157024793388,0.0,0.5890909090909091,,75.5702479338843,613.525,613.525,,0.4046280991735537,0.8925619834710744,0.746,0.7,0.746,0.746,6.045619834710744,53.7,53.7,53.7,23.51,21.3203305785124,4.272396694214876,3.469090909090909,3.469090909090909,3.469090909090909,0.420099173553719,7.69,7.69,7.69,1.69,1.69,1.69,1.69,2.75,2.75,2.75,2.75,49.7,16.488595041322313,16.91702479338843,16.191074380165293,0.2957355371900826,,3.231074380165289,76.28429752066116,0.9541211131208248,0.311801652892562,,,,1.1186776859504133,13.132561983471074,6.182479338842975,,50.6,50.6,25.81884297520661,11.88892561983471,,1.0472727272727274,0.1725619834710743,53.3,53.3,,67.668,4.33,4.33,33.11,,,34.249,34.249,0.001785124,0.984,,7.230109091,0.768,11.60727273,3.411966942,2.904162645,2.71,2.047180165,4.690710568,,0.0
1999-10-31,1.8999669421487604,8.024132231404959,41.2,41.2,41.2,41.2,9.74578512396694,9.284628099173554,,0.2336528925619834,0.372,2.1705123966942144,,0.2016793388429751,0.3978247933884298,0.3191206611570248,,,,,,11.16,0.070095867768595,0.7194049586776858,,64.50049586776859,566.066,566.066,,0.4261090909090909,1.7708429752066115,0.829,0.8,0.829,0.829,0.4402512396694215,38.6,38.6,38.6,27.319,26.9561652892562,4.347173553719008,3.424859504132232,3.424859504132232,3.424859504132232,0.4439404958677687,7.5,7.5,7.5,1.823,1.823,1.823,1.823,2.86,2.86,2.86,2.86,46.1,13.650247933884298,14.234380165289256,14.0499173553719,0.2219702479338843,,3.3879669421487604,71.81752066115702,4.693353559504129,3.2219504132231407,,,,1.1621157024793387,11.842512396694216,13.55801652892562,0.6763636363636364,54.1,54.1,16.269619834710745,8.977190082644627,,1.0452892561983471,1.3527272727272728,52.6,52.6,,67.843,4.562,4.562,28.6,,,32.259,32.259,0.003689256,1.14,,6.141728926,0.682,3.953057851,1.946697521,1.702544132,2.52,1.168018512,4.666512222,,0.0
1999-11-30,2.9811570247933883,12.055537190082644,39.1,39.1,39.1,39.1,2.749090909090909,2.713388429752066,,0.2130247933884298,1.5828099173553718,2.273057851239669,,0.4992396694214876,1.7077685950413224,0.5914710743801651,,,,,,13.150413223140497,0.8985123966942149,1.1484297520661155,,52.82181818181818,540.244,540.244,,0.4296198347107438,1.4578512396694214,2.35,2.4,2.35,2.35,0.731900826446281,30.1,30.1,30.1,21.529,21.54644628099173,2.665785123966942,2.1778512396694216,2.1778512396694216,2.1778512396694216,0.4736528925619835,7.56,7.56,7.56,2.345,2.345,2.345,2.345,3.02,3.02,3.02,3.02,38.7,10.823801652892564,11.728264462809918,12.115041322314047,0.1767272727272727,,5.16495867768595,62.00330578512397,3.073322107629168,0.7914049586776859,,,,0.9639669421487604,12.674380165289255,7.789090909090909,0.3897520661157024,58.3,58.3,12.805289256198346,8.068760330578513,,0.9996694214876032,1.5471074380165288,63.8,63.8,,66.696,4.38,4.38,28.81,,,33.594,33.594,0.014280992,0.906,,2.644415207,0.042,0.0,0.634909091,0.39941157,1.45,0.380945455,0.973884261,,0.0
1999-12-31,2.7669421487603305,11.522776859504132,38.9,38.9,38.9,38.9,0.6763636363636364,0.5546181818181818,,0.2059834710743801,2.06598347107438,2.2565950413223144,,0.6640661157024794,2.1643636363636367,0.6517685950413223,,,,,,12.648,1.0391404958677684,0.6763636363636364,,53.85084297520661,510.033,510.033,,0.4304132231404958,7.458446280991735,5.09,5.1,5.09,5.09,0.8300826446280992,22.5,22.5,22.5,20.752,20.524561983471077,2.5763305785123967,2.2381487603305783,2.2381487603305783,2.2381487603305783,0.3910611570247934,7.514,7.52,7.52,2.73,2.73,2.73,2.73,3.03,3.03,3.03,3.03,27.8,11.713388429752069,11.8179173553719,12.180694214876032,0.206598347107438,,5.269487603305785,62.71735537190083,2.337811833940513,0.3972099173553718,,,,0.6271735537190082,11.53507438016529,7.89500826446281,0.3738446280991734,57.0,57.0,23.03325619834711,1.6355702479338845,,1.0268429752066115,0.983801652892562,67.0,67.0,,66.807,5.196,5.196,29.37,,,34.406,34.406,0.105143802,0.514,,2.011787107,0.0,0.0,0.671444628,0.354644628,1.61,0.402866777,0.808224763,,0.0
2000-01-31,4.211900826446281,26.753256198347103,41.8,41.8,41.8,41.8,0.6763636363636364,1.1682644628099172,,0.2047537190082644,16.749223140495864,5.798280991735537,,6.253289256198348,21.62519008264463,1.512595041322314,,,,,,49.68198347107438,15.839206611570251,3.621619834710744,,35.65666115702479,604.763,604.763,,0.4476297520661156,9.893355371900826,7.19,7.2,7.19,7.19,1.1129256198347108,41.9,41.9,41.9,15.365999999999998,15.771570247933884,2.3734214876033057,2.3057851239669422,2.3057851239669422,2.3057851239669422,1.463404958677686,8.76,8.76,8.76,3.99,3.99,3.99,3.99,3.03,3.03,3.03,3.03,26.8,9.069421487603304,11.16614876033058,11.559669421487603,0.4888264462809917,,30.58393388429752,93.09223140495868,15.948617871724291,11.129256198347107,,,,0.5835173553719009,15.550214876033058,3.2280991735537192,,65.3,65.3,14.59100826446281,15.193586776859505,,11.49203305785124,1.2912396694214876,105.7,105.7,,60.082,5.555,5.555,39.68,,,38.655,38.655,0.137732231,0.297,,2.565106116,0.131,0.0,0.497434711,0.340343802,1.64,0.298460826,0.489223122,,0.0
2000-02-29,4.641917355371901,83.63504132231405,40.4,40.4,40.4,40.4,7.799801652892561,8.323239669421486,,0.2036231404958678,28.208132231404957,22.04766942148761,,16.335867768595037,39.04502479338842,5.855603305785123,,,,,,87.20132231404956,9.2780826446281,22.082181818181816,,98.53289256198347,781.986,781.986,,1.6393388429752067,11.958545454545458,9.48,9.5,9.48,9.48,1.3632396694214872,51.2,51.2,51.2,30.365,31.90095867768596,1.8234049586776857,1.909685950413223,1.909685950413223,1.909685950413223,1.48403305785124,9.82,9.82,9.82,3.99,3.99,3.99,3.99,3.03,3.03,3.03,3.03,36.9,8.001123966942147,12.458975206611568,12.72932231404959,0.7995371900826448,,75.69719008264462,243.1398347107438,50.81393490057346,40.73038016528926,,,,0.7592727272727271,16.4739173553719,21.27689256198347,,67.1,67.1,16.111537190082643,98.8204958677686,,161.80561983471074,1.6105785123966945,109.0,109.0,,71.376,5.555,5.555,57.7,,,48.547,48.547,0.166234711,0.306,,2.108413884,0.0,0.0,0.371008264,0.0816,1.26,0.222604959,3.765441181,,0.0
2000-03-31,5.99504132231405,67.94380165289256,36.2,36.2,36.2,36.2,11.006280991735537,10.975537190082644,,0.2465652892561983,32.9081652892562,2.7669421487603305,,11.658049586776857,43.57011570247934,0.7931900826446281,,,,,,72.06347107438016,19.786710743801653,2.951404958677686,,191.4109090909091,786.129,786.129,,25.523504132231405,16.40489256198347,13.2,13.2,13.2,13.2,1.524892561983471,41.0,41.0,41.0,48.809,46.56456198347107,7.569123966942149,1.9491570247933885,1.9491570247933885,1.9491570247933885,1.03299173553719,10.6,10.6,10.6,4.0,4.0,4.0,4.0,3.03,3.03,3.03,3.03,43.4,11.73798347107438,15.986776859504133,16.40489256198347,0.4562380165289257,,48.6182479338843,297.9689256198347,23.62289069256198,22.965619834710743,,,,1.0268429752066115,25.597289256198348,33.84892561983471,0.6763636363636364,66.6,66.6,19.19028099173554,81.34809917355372,,110.43173553719008,2.152066115702479,105.3,105.3,,67.819,5.555,5.555,57.073171875,,,48.547,48.547,0.221355372,0.124,,4.856915702,0.0,0.0,0.525104132,0.42277686,1.45,0.315062479,7.37851212,,0.0
2000-04-30,3.59404958677686,37.85057851239669,50.5,50.5,50.5,50.5,6.027768595041322,7.961652892561985,,0.2088595041322314,27.66347107438017,2.856198347107438,,5.15900826446281,33.31636363636363,0.7616528925619834,,,,,,96.75371900826448,15.096198347107435,16.191074380165293,,147.5702479338843,843.819,843.819,,0.4391404958677686,43.23570247933884,30.5,30.5,30.5,30.5,1.3507438016528923,63.9,63.9,63.9,46.967,46.99636363636364,8.092561983471075,0.0,0.0,0.0,1.1008264462809918,13.5,13.5,13.5,4.04,4.04,4.04,4.04,3.03,3.03,3.03,3.03,56.3,10.91305785123967,18.18446280991736,17.595371900826446,0.8806611570247934,,26.26512396694215,171.4909090909091,7.454635797520661,3.0823140495867767,,,,0.2457520661157024,23.49223140495868,32.816528925619835,0.6545454545454545,66.6,66.6,24.50380165289256,47.09752066115703,,44.27702479338843,2.023140495867769,104.5,104.5,,69.816,5.555,5.555,57.0,,,48.178,48.178,0.543272727,0.336,,5.846191736,0.587,3.332231405,1.906512397,1.64481124,1.0,1.143907438,3.864594896,,0.0
2000-05-31,4.507041322314049,23.82029752066116,69.9,69.9,69.9,69.9,5.195702479338843,7.292429752066115,,0.194300826446281,20.62909090909091,3.418710743801653,,2.834578512396694,24.527404958677685,0.9469090909090908,,,,,,105.881652892562,14.824661157024794,1.6232727272727272,,75.26082644628099,933.495,933.495,,0.4937454545454545,69.38261157024795,49.3,49.3,49.3,49.3,13.853157024793388,74.3,74.3,74.3,50.96700000000001,48.63669421487603,5.558479338842976,0.0,0.0,0.0,30.805289256198343,14.1,14.1,14.1,4.03,4.03,4.03,4.03,3.03,3.03,3.03,3.03,67.4,13.822413223140495,18.60614876033058,18.72912396694215,4.79603305785124,,53.838545454545454,136.62545454545457,5.63633802947659,1.5064462809917356,,,,0.2484099173553718,22.82419834710744,32.90201652892562,,66.3,66.3,24.79795041322314,45.06426446280992,,15.734677685950412,1.967603305785124,104.4,104.4,,68.05,5.555,5.555,54.88,,,45.063,45.063,0.721864463,0.374,,7.325236364,1.172,24.69818182,3.699709091,2.696840331,0.63,2.219825455,3.725771761,,0.0
2000-06-30,5.718347107438016,15.810247933884298,67.9,67.9,67.9,67.9,5.111404958677686,7.610578512396694,,0.2112396694214876,5.028099173553719,2.7312396694214875,,0.8390082644628103,5.0578512396694215,0.72,,,,,,38.35636363636364,3.195371900826446,0.6545454545454545,,90.26776859504132,900.694,900.694,,0.4849586776859504,11.698512396694214,46.5,46.5,46.5,46.5,14.709421487603306,65.5,65.5,65.5,48.79299999999999,45.59801652892562,5.896859504132231,3.629752066115703,3.629752066115703,3.629752066115703,2.558677685950413,13.9,13.9,13.9,3.98,3.98,3.98,3.98,3.03,3.03,3.03,3.03,62.4,17.101487603305785,17.91074380165289,18.130909090909093,0.9401652892561984,0.0371900826446281,9.10413223140496,101.75206611570248,3.804191735211108,0.696198347107438,,,,0.481388429752066,19.493553719008265,26.235371900826447,,64.7,64.7,24.61090909090909,31.31107438016529,,2.64198347107438,0.3808264462809917,97.3,97.3,,66.804,5.555,5.555,50.7,,,42.777,42.777,0.101157025,0.447,,7.515778512,2.549,26.00330579,2.868099174,2.954985124,2.84,1.720859504,5.484217976,,0.0
2000-07-31,3.492495867768595,10.348363636363638,61.7,61.7,61.7,61.7,5.890512396694215,6.11801652892562,,0.2145917355371901,1.3281322314049588,2.275041322314049,,0.3080528925619835,1.1129256198347108,0.5810578512396694,,,,,,15.562512396694215,0.4494743801652892,0.7317024793388428,,91.49355371900826,833.632,833.632,,0.4808330578512396,0.8054876033057852,43.4,43.4,43.4,43.4,3.289586776859504,34.5,34.5,34.5,41.123,37.046280991735536,5.337123966942149,4.150413223140496,4.150413223140496,4.150413223140496,0.3929057851239669,13.4,13.4,13.4,3.97,3.97,3.97,3.97,2.94,2.94,2.94,2.94,60.9,7.64905785123967,8.005685950413222,7.692099173553719,0.3111272727272727,0.0413196694214876,4.058181818181819,100.28628099173554,2.640591672663175,0.3517090909090909,,,,1.3158347107438015,20.26631404958678,16.048264462809918,0.6763636363636364,65.2,65.2,27.30664462809917,11.40595041322314,,1.1252231404958677,0.1414214876033057,68.5,68.5,,64.862,5.445,5.445,44.02,,,39.207,39.207,0.002459504,1.14,,8.478684298,2.511,26.84628099,3.513401653,3.293283967,3.11,2.108040992,6.189619603,,0.0
2000-08-31,3.855272727272727,9.5859173553719,51.7,51.7,51.7,51.7,9.124760330578512,9.395305785123968,,0.2152066115702479,0.161097520661157,2.262743801652892,,0.1543338842975206,0.0194915702479338,0.3984396694214877,,,,,,10.692694214876036,0.0,0.8054876033057852,,102.68429752066116,748.13,748.13,,0.4568528925619834,0.6394710743801653,38.6,38.6,38.6,38.6,5.570776859504131,15.5,15.5,15.5,37.446000000000005,35.60132231404959,4.87596694214876,4.119669421487603,4.119669421487603,4.119669421487603,0.4470148760330578,10.3,10.3,10.3,4.01,4.01,4.01,4.01,2.82,2.82,2.82,2.82,56.9,15.900694214876037,15.740826446280993,14.511074380165288,0.2680859504132232,0.0386757024793388,2.760793388429752,100.77818181818182,1.3394902054714055,0.396595041322314,,,,1.2666446280991737,16.712330578512397,17.124297520661155,0.6763636363636364,64.1,64.1,27.44806611570248,10.772628099173552,,1.088330578512397,0.983801652892562,40.6,40.6,,67.138,5.251,5.251,37.9,,,33.952,33.952,0.002459504,1.21,,8.123315702,1.93,25.83272727,3.581038017,3.181231736,3.27,2.14862281,5.523669214,,0.0
2000-09-30,2.9454545454545453,8.788760330578512,42.4,42.4,42.4,42.4,8.741157024793388,9.10413223140496,,0.2100495867768595,0.1654214876033057,2.1302479338842977,,0.1612561983471074,0.1094876033057851,0.3415537190082645,,,,,,9.663471074380167,0.0,0.7438016528925618,,59.56363636363636,702.88,702.88,,0.4302148760330578,0.8985123966942149,30.4,30.4,30.4,30.4,10.187107438016527,16.5,16.5,16.5,20.571,19.225785123966944,3.7249586776859513,1.9874380165289256,1.9874380165289256,1.9874380165289256,0.4117685950413223,7.24,7.24,7.24,3.98,3.98,3.98,3.98,3.0,3.0,3.0,3.0,56.3,13.245619834710745,13.608595041322314,13.394380165289256,0.2731239669421487,,2.784793388429752,64.38347107438017,3.338858248429752,0.4915041322314049,,,,1.0948760330578513,9.770578512396694,8.235371900826447,0.6545454545454545,42.2,42.2,28.139504132231405,15.756694214876031,,0.8687603305785124,0.4343801652892562,40.7,40.7,,65.549,5.031,5.031,33.11,,,30.396,30.396,0.003570248,0.95,,7.33329124,0.504,8.636033058,3.148363636,2.837341488,2.47,1.889018182,5.080065925,,0.0
2000-10-31,2.1951074380165294,9.155504132231403,35.2,35.2,35.2,35.2,7.052628099173554,7.433851239669422,,0.2084429752066115,0.694809917355372,2.2258512396694217,,,0.5976595041322315,0.4586975206611569,,2.7669421487603305,,,,10.237685950413224,0.1199008264462809,1.0022479338842976,,57.82909090909091,663.886,663.886,,0.4273388429752066,1.8569256198347108,16.9,16.9,16.9,16.9,17.173487603305784,25.9,25.9,25.9,21.49,20.770512396694212,3.504793388429752,3.0866776859504133,3.0866776859504133,3.0866776859504133,0.5109619834710744,6.9,6.9,6.9,3.99,3.99,3.99,3.99,3.03,3.03,3.03,3.03,48.1,16.98902479338843,16.601652892561983,16.970578512396695,0.3787636363636364,,4.150413223140496,66.34512396694215,3.991842025346602,3.012892561983471,,,,0.8977190082644628,9.635107438016528,9.88720661157025,0.3849123966942149,44.4,44.4,15.242776859504133,5.675305785123967,,1.0268429752066115,0.3996694214876033,39.1,39.1,,52.698,3.295,3.295,32.1,,,29.31,29.31,0.00614876,0.728,,6.612122975,0.361,6.283636364,1.332436364,1.47757686,2.1,0.799461818,2.862227992,,0.0
2000-11-30,1.6601652892561984,7.515371900826446,34.9,34.9,34.9,34.9,0.5533884297520661,0.469487603305785,,0.2326611570247934,0.6426446280991736,2.207603305785124,,,0.4296198347107438,0.564099173553719,,2.975206611570248,,,,9.717024793388427,0.2064793388429752,0.8806611570247934,,57.86181818181818,623.198,623.198,,0.3915371900826446,0.684297520661157,7.48,7.5,7.48,7.48,11.424793388429752,22.5,22.5,22.5,23.492,22.2902479338843,2.832396694214876,2.445619834710744,2.445619834710744,2.445619834710744,0.4361652892561983,6.876,6.88,6.88,3.99,3.99,3.99,3.99,3.03,3.03,3.03,3.03,38.6,9.901487603305783,10.847603305785125,9.467107438016528,0.4171239669421487,,4.028429752066116,62.12231404958678,1.546089012911119,0.1386446280991735,,,,1.0413223140495869,15.68528925619835,5.837355371900826,0.371900826446281,55.7,55.7,12.10909090909091,1.5471074380165288,,0.83900826446281,0.1428099173553719,41.4,41.4,,70.386,2.887,2.887,31.4,,,30.533,30.533,0.010115702,0.99,,2.78500562,0.008,0.0,0.415933884,0.384456198,1.26,0.249560331,1.298578464,,0.0
2000-12-31,1.8384793388429752,8.522181818181819,34.8,34.8,34.8,34.8,0.5718347107438018,0.4611570247933884,,0.2607074380165289,1.869223140495868,2.2504462809917354,,,2.1705123966942144,0.6148760330578512,,3.381818181818182,,,,11.369057851239672,1.0944793388429752,0.6763636363636364,,48.07100826446281,601.363,601.363,,0.3935206611570248,0.8854214876033057,5.95,6.0,5.95,5.95,2.072132231404959,22.2,22.2,22.2,12.599,12.088462809917356,4.039735537190083,3.695404958677686,3.695404958677686,3.695404958677686,0.5140363636363635,6.96,6.96,6.96,3.99,3.99,3.99,3.99,3.03,3.03,3.03,3.03,28.7,10.901752066115703,11.424396694214876,11.7318347107438,0.3197355371900826,,5.626115702479339,62.71735537190083,1.459083274966266,0.3308033057851239,,,,0.6074975206611571,9.807272727272728,1.9307107438016529,0.3855272727272726,53.5,53.5,16.68773553719008,1.3957685950413223,,0.8423801652892562,1.0452892561983471,43.8,43.8,,66.411,3.424,3.424,32.42,,,32.872,32.872,0.015986777,0.528,,1.718715372,0.0,0.0,0.475299174,0.41212562,1.14,0.285179504,0.987590046,,0.0
2001-01-31,2.0290909090909093,10.754181818181818,34.7,34.7,34.7,34.7,0.5718347107438018,0.4211900826446281,,0.2760793388429752,2.1766611570247933,2.2565950413223144,,,2.56403305785124,0.6148760330578512,,3.504793388429752,,,,10.840264462809918,0.8792727272727273,0.6763636363636364,,45.02122314049587,582.232,582.232,,0.3935206611570248,0.971504132231405,5.99,6.0,5.99,5.99,0.5269487603305785,18.4,18.4,18.4,9.543,8.731239669421488,2.828429752066116,2.5332892561983478,2.5332892561983478,2.5332892561983478,0.4039735537190083,7.045,7.05,7.05,3.98,3.98,3.98,3.98,3.03,3.03,3.03,3.03,25.1,5.158809917355373,5.810578512396694,0.1783140495867768,0.2945256198347107,,6.376264462809917,56.66082644628099,4.211037372717152,2.348826446280992,,,,0.5736793388429752,6.763636363636364,1.358876033057851,0.3769190082644628,56.1,56.1,9.733487603305786,1.4572561983471075,,0.8669752066115702,0.9223140495867768,50.2,50.2,,67.995,5.141,5.141,35.64,,,35.037,35.037,0.017216529,0.519,,1.508314711,0.0,0.0,0.500509091,0.461930579,0.84,0.300305455,1.062168555,,0.0
2001-02-28,1.4828429752066117,23.55887603305785,35.0,35.0,35.0,35.0,0.5331570247933886,0.4065322314049587,,0.2499173553719008,5.698115702479339,2.121520661157025,,,7.619702479338843,0.6331239669421486,,4.1652892561983474,,,,13.884297520661155,1.9493553719008263,0.6220165289256199,,15.25606611570248,612.81,612.81,,0.3554380165289256,1.7827438016528925,6.39,6.4,6.39,6.39,0.4770644628099174,16.6,16.6,16.6,8.892000000000001,8.319471074380166,2.3325619834710745,1.871603305785124,1.871603305785124,1.871603305785124,0.4981685950413223,7.283,7.28,7.28,3.99,3.99,3.99,3.99,3.03,3.03,3.03,3.03,22.8,4.681785123966943,5.448198347107438,0.0,0.232700826446281,,13.0179173553719,43.796628099173546,10.871597470770787,8.136198347107438,,,,0.6442314049586778,5.848066115702479,2.9323636363636365,0.3504396694214876,60.6,60.6,13.58995041322314,1.5494876033057852,,0.8608264462809917,0.8330578512396695,71.6,71.6,,66.219,4.97,4.97,50.15,,,37.856,37.856,0.027213223,0.329,,1.42478876,0.0,0.0,0.493170248,0.397209917,0.65,0.295902149,0.600753696,,0.0
2001-03-31,5.392462809917356,33.70750413223141,30.3,30.3,30.3,30.3,7.765884297520661,8.233190082644628,,0.3025190082644629,16.85990082644628,2.5332892561983478,,,22.06790082644628,0.9038677685950414,,4.550082644628099,,,,39.76403305785124,16.060561983471075,1.315834710743801,,14.338909090909093,702.022,702.022,,0.3935206611570248,16.44793388429752,11.4,11.4,11.4,11.4,0.6210247933884298,33.5,33.5,33.5,16.214,17.222677685950416,3.2219504132231407,3.14201652892562,3.14201652892562,3.14201652892562,1.2850909090909088,8.56,8.56,8.56,4.02,4.02,4.02,4.02,3.03,3.03,3.03,3.03,33.8,4.654611570247934,7.31702479338843,4.113520661157025,0.4076628099173554,,21.60674380165289,44.67074380165289,8.334601561258216,4.1934545454545455,,,,0.2840727272727272,9.450644628099171,11.092363636363636,,65.6,65.6,23.96786776859504,3.529388429752066,,0.983801652892562,1.475702479338843,84.8,84.8,,69.078,5.097,5.097,55.29,,,42.864,42.864,0.216436364,0.159,,1.539818182,0.0,0.0,0.458082645,0.448700826,0.75,0.274849587,1.368495816,,0.0
2001-04-30,3.3976859504132237,23.313719008264464,34.8,34.8,34.8,34.8,3.451239669421488,4.206942148760331,,0.2808595041322314,13.834710743801653,2.891900826446281,,,17.101487603305785,0.8449586776859505,,4.284297520661157,,,,44.1104132231405,16.45884297520661,0.6664462809917355,,31.70380165289256,762.304,762.304,,0.3992727272727273,24.587107438016528,20.5,20.5,20.5,20.5,0.8985123966942149,57.2,57.2,57.2,14.543,15.292561983471074,3.897520661157025,3.83206611570248,3.83206611570248,3.83206611570248,0.672396694214876,10.3,10.3,10.3,4.04,4.04,4.04,4.04,3.03,3.03,3.03,3.03,42.9,3.9332231404958673,8.223471074380166,8.354380165289257,0.2921652892561984,,14.548760330578512,56.91570247933884,5.112341084595491,1.4816528925619834,,,,0.4105785123966942,8.99702479338843,7.485619834710744,,65.4,65.4,23.141157024793387,1.9814876033057849,,1.5828099173553718,1.309090909090909,88.0,88.0,,65.441,5.141,5.141,55.12,,,46.272,46.272,0.298115702,0.26,,2.907131901,0.607,1.62446281,1.526876033,1.396996364,0.8,0.91612562,2.18042967,,0.0
2001-05-31,3.1543140495867767,18.169586776859504,46.7,46.7,46.7,46.7,1.8999669421487604,2.6870082644628104,,0.2803834710743801,9.64125619834711,3.3449256198347106,,,10.92019834710744,0.8300826446280992,,4.365619834710744,,,,52.72561983471074,11.252231404958678,0.6763636363636364,,48.5321652892562,799.276,799.276,,0.4273388429752066,33.787438016528924,39.5,39.5,39.5,39.5,1.524892561983471,68.5,68.5,68.5,35.239,34.24859504132231,4.119669421487603,3.84297520661157,3.84297520661157,3.84297520661157,0.4925157024793388,13.2,13.2,13.2,3.99,3.99,3.99,3.99,3.03,3.03,3.03,3.03,49.4,6.197950413223141,10.489785123966945,10.588165289256198,0.3019041322314049,,8.405355371900825,59.95656198347108,2.8897281911845782,0.5902809917355372,,,,0.2822280991735537,15.574809917355372,18.544661157024795,0.3812231404958677,65.2,65.2,26.98690909090909,11.98393388429752,,1.9737520661157024,0.9223140495867768,77.6,77.6,,66.14,5.417,5.417,50.42,,,44.339,44.339,0.359087603,0.343,,5.826783471,2.229,12.96,3.949963636,2.807821488,1.42,2.369978182,4.935570063,,0.0
2001-06-30,4.367603305785124,11.40099173553719,45.1,45.1,45.1,45.1,2.0945454545454547,2.0052892561983477,,0.2445619834710744,0.5040000000000001,2.7312396694214875,,,0.2350413223140496,0.6069421487603306,,3.5702479338842976,,,,12.5494214876033,0.9282644628099174,0.6545454545454545,,51.45917355371901,765.926,765.926,,0.3992727272727273,1.3031404958677686,36.1,36.1,36.1,36.1,3.9629752066115698,54.3,54.3,54.3,30.77,28.67504132231405,0.4712727272727273,0.3332231404958677,0.3332231404958677,0.3332231404958677,0.5123305785123966,12.9,12.9,12.9,3.97,3.97,3.97,3.97,3.03,3.03,3.03,3.03,41.4,10.383471074380166,10.56793388429752,10.91305785123967,0.2689586776859504,,3.052561983471074,57.46314049586777,2.554187551829993,0.3885619834710744,,,,1.2257851239669422,12.799338842975208,15.47107438016529,0.3677355371900825,62.7,62.7,25.57487603305785,7.485619834710744,,1.820826446280992,0.1249586776859504,61.4,61.4,,67.589,5.334,5.334,43.57,,,37.548,37.548,0.012495868,1.07,,7.244576529,2.624,10.51636364,4.192661157,2.830673058,1.84,2.515596694,6.322115465,,0.0
2001-07-31,3.640066115702479,8.22089256198347,38.1,38.1,38.1,38.1,6.61606611570248,6.400859504132232,,0.2434909090909091,0.0136502479338842,2.0229421487603307,,,0.0,0.1930710743801652,,2.3365289256198345,,,,8.350016528925623,0.0407662809917355,0.768595041322314,,118.05619834710744,659.646,659.646,,0.4070479338842975,0.4119669421487603,28.7,28.7,28.7,28.7,7.126413223140496,34.9,34.9,34.9,29.459,26.470413223140497,5.060429752066116,4.236495867768595,4.236495867768595,4.236495867768595,0.6271735537190082,12.4,12.4,12.4,3.96,3.96,3.96,3.96,3.03,3.03,3.03,3.03,41.4,6.025785123966942,6.185652892561984,3.756892561983471,0.272390082644628,0.0464846280991735,2.4287603305785126,121.99140495867768,0.9886164486422616,0.2410314049586777,,,,1.32198347107438,12.045421487603306,14.58485950413223,0.3812231404958677,56.6,56.6,26.07689256198347,8.202446280991735,,3.2588429752066115,0.0,42.0,42.0,,65.883,5.334,5.334,36.52,,,32.635,32.635,0.001844628,1.2,,7.972472727,2.559,11.89090909,4.42218843,2.839557025,2.04,2.653313058,6.457348518,,0.0
2001-08-31,2.9452561983471077,7.101818181818182,35.2,35.2,35.2,35.2,2.859173553719008,2.5517355371900825,,0.2361123966942148,0.0,1.5679338842975206,,,0.0,0.1106776859504132,,1.8446280991735535,,,,6.696,0.0,0.4962049586776859,,104.28297520661155,563.042,563.042,,0.4015140495867768,0.4058181818181818,22.5,22.5,22.5,22.5,5.872066115702479,21.3,21.3,21.3,32.754,30.12277685950413,5.201851239669421,4.070479338842976,4.070479338842976,4.070479338842976,0.4586975206611569,12.0,12.0,12.0,3.92,3.92,3.92,3.92,3.03,3.03,3.03,3.03,27.1,16.76152066115703,16.44178512396694,15.439537190082644,0.2914512396694215,0.0432257851239669,1.94300826446281,104.46743801652892,2.031368137352,0.2711603305785124,,,,1.1375206611570248,13.441190082644628,15.494876033057851,0.3861421487603305,54.8,54.8,24.410578512396693,8.067173553719007,,3.4310082644628097,0.0,22.3,22.3,,69.661,5.218,5.218,26.57,,,28.221,28.221,0.001844628,1.07,,7.977709091,2.204,11.74214876,4.573447934,2.906641983,2.22,2.74406876,9.377255847,,0.0
2001-09-30,2.207603305785124,6.134876033057851,32.7,32.7,32.7,32.7,2.4277685950413224,2.0945454545454547,,0.2249256198347107,0.0007140495867768,1.475702479338843,,,0.0,0.120198347107438,,1.725619834710744,,,,6.093223140495867,0.0,0.4177190082644628,,33.64363636363636,538.363,538.363,,0.3933223140495868,1.0115702479338844,16.8,16.8,16.8,16.8,6.468099173553719,20.1,20.1,20.1,13.757,12.293553719008264,5.391074380165289,4.647272727272727,4.647272727272727,4.647272727272727,0.4825785123966942,10.599,10.6,10.6,3.95,3.95,3.95,3.95,3.03,3.03,3.03,3.03,19.7,9.913388429752066,10.210909090909093,10.026446280991737,0.3284628099173553,,1.9576859504132231,39.70115702479339,1.0491946857151286,0.2844297520661157,,,,0.5777851239669423,4.5639669421487605,7.051239669421488,0.3748760330578512,44.1,44.1,18.803305785123968,5.736198347107438,,0.731900826446281,0.0,17.4,17.4,,66.516,4.48,4.48,20.0,,,24.37,24.37,0.001785124,0.658,,6.424946777,0.553,3.947107438,4.440198347,2.795843306,1.96,2.664119008,5.801811353,,0.0
2001-10-31,1.65401652892562,5.822876033057852,28.9,28.9,28.9,28.9,3.855272727272727,3.5908760330578517,,0.2293487603305784,0.0639471074380165,1.5187438016528925,,,0.0571219834710743,0.1635570247933884,,1.906115702479339,,,,6.296330578512396,0.0,0.5128066115702481,,40.92614876033058,504.067,504.067,,0.3984396694214877,0.8054876033057852,13.2,13.2,13.2,13.2,4.968198347107438,19.1,19.1,19.1,6.96,5.613818181818182,5.177256198347108,4.531636363636364,4.531636363636364,4.531636363636364,0.4267239669421488,6.85,6.85,6.85,4.03,4.03,4.03,4.03,3.03,3.03,3.03,3.03,22.2,5.337123966942149,5.804429752066116,5.718347107438016,0.2963702479338843,0.0418115702479338,2.102876033057852,45.654545454545456,3.723164402905212,2.8161322314049584,,,,1.223603305785124,3.873719008264463,0.1002247933884297,0.3904462809917355,34.3,34.3,10.323768595041322,5.195702479338843,,0.7870413223140496,0.2398016528925619,16.7,16.7,,66.94,5.334,5.334,16.45,,,24.053,24.053,0.001844628,1.15,,4.885009587,0.547,1.122644628,2.638433058,1.463232397,1.42,1.583059835,3.696237878,,0.0
2001-11-30,2.701487603305785,13.45388429752066,27.5,27.5,27.5,27.5,2.588429752066116,2.665785123966942,,0.2124297520661156,3.070413223140496,1.993388429752066,,,3.469090909090909,0.4623471074380165,,2.975206611570248,,,,12.888595041322317,2.195702479338843,1.1543801652892562,,30.335206611570246,507.774,507.774,,0.3820165289256198,2.0707438016528927,11.0,11.0,11.0,11.0,4.0938842975206615,22.1,22.1,22.1,7.277,6.694214876033058,2.951404958677686,2.433719008264463,2.433719008264463,2.433719008264463,0.4885289256198348,6.31,6.31,6.31,3.17,3.17,3.17,3.17,3.03,3.03,3.03,3.03,28.0,2.9097520661157024,4.337851239669422,3.974876033057851,0.2945454545454545,,6.4442975206611575,45.31239669421488,2.5946285727863065,0.8449586776859505,,,,1.1484297520661155,5.355371900826446,0.3248925619834711,0.3689256198347107,40.9,40.9,3.873719008264462,1.3864462809917355,,0.9877685950413224,0.5950413223140496,22.7,22.7,,65.837,4.75,4.75,23.756154296875,,,25.617,25.617,0.030347107,1.01,,2.266212893,0.0,0.0,0.73785124,0.216119008,1.0,0.442710744,0.572171879,,0.0
2001-12-31,4.464,35.92720661157024,28.8,28.8,28.8,28.8,0.5779834710743802,0.7009586776859504,,0.2096727272727272,13.791669421487605,2.902214876033058,,,17.942082644628098,0.8546776859504133,,6.579173553719008,,,,28.013752066115703,7.040330578512397,1.260495867768595,,8.528330578512396,597.978,597.978,,0.4119669421487603,3.984396694214876,10.4,10.4,10.4,10.4,2.299636363636364,25.8,25.8,25.8,12.968000000000004,13.004628099173551,2.502545454545455,2.3918677685950414,2.3918677685950414,2.3918677685950414,0.9776528925619836,6.79,6.79,6.79,4.01,4.01,4.01,4.01,3.03,3.03,3.03,3.03,28.4,4.1811570247933885,5.607669421487604,5.527735537190083,0.2957553719008264,,26.968462809917355,55.30195041322314,17.15648448783943,12.875504132231406,,,,0.7624462809917355,10.200793388429751,5.109619834710744,0.3750743801652892,52.9,52.9,13.078413223140496,12.14380165289256,,1.4326611570247934,1.1067768595041323,68.9,68.9,,65.449,5.941,5.941,38.14,,,30.237,30.237,0.060872727,0.226,,2.230115702,0.0,0.0,0.667140496,0.202849587,0.75,0.400284298,0.369540482,,0.0
2002-01-31,5.650710743801653,41.2643305785124,31.4,31.4,31.4,31.4,0.5779834710743802,1.211305785123967,,0.2158214876033057,19.712925619834717,3.215801652892562,,,25.775603305785125,0.8423801652892562,,6.825123966942149,,,,45.5561652892562,15.181289256198347,2.3611239669421487,,60.214809917355375,658.785,658.785,,0.3787636363636364,9.112462809917352,11.9,11.9,11.9,11.9,1.32198347107438,12.7,12.7,12.7,41.676,42.00218181818182,2.4041652892561984,2.3303801652892564,2.3303801652892564,2.3303801652892564,0.8854214876033057,7.43,7.43,7.43,3.99,3.99,3.99,3.99,3.03,3.03,3.03,3.03,26.5,9.813421487603303,12.334413223140496,12.666446280991735,0.3357223140495868,,26.57494214876033,107.9107438016529,14.933438160591448,8.134809917355373,,,,0.4820628099173554,20.37699173553719,24.79795041322314,,65.1,65.1,25.96006611570248,25.91087603305785,,23.27305785123967,1.475702479338843,97.6,97.6,,61.857,5.684,5.684,50.6,,,37.512,37.512,0.129738843,0.208,,4.816286281,0.0,0.0,0.598889256,0.199894215,0.66,0.359333554,0.543292542,,0.0
2002-02-28,5.370446280991735,23.79213223140496,30.9,30.9,30.9,30.9,2.965685950413224,3.271140495867769,,0.2010446280991735,15.167206611570249,3.1711735537190084,,,19.715702479338844,0.9163636363636364,,6.331239669421487,,,,31.117487603305783,11.718347107438015,0.6720000000000002,,54.432,704.012,704.012,,0.345996694214876,7.65302479338843,12.6,12.6,12.6,12.6,3.7043305785123968,20.9,20.9,20.9,19.355,19.732363636363637,2.32700826446281,2.315900826446281,2.315900826446281,2.315900826446281,0.755305785123967,7.74,7.74,7.74,3.99,3.99,3.99,3.99,3.03,3.03,3.03,3.03,26.4,7.891834710743802,10.485421487603306,10.679801652892564,0.2999008264462809,,21.648396694214878,92.96925619834713,7.384913012487765,6.553388429752066,,,,0.6942148760330579,1.1718347107438016,20.61540495867769,0.3443305785123967,64.3,64.3,24.214214876033054,15.694809917355371,,31.123041322314048,1.332892561983471,103.8,103.8,,63.83,5.671,5.671,57.0,,,38.58,38.58,0.109963636,0.21,,3.346573884,0.0,0.0,0.568700826,0.30926281,0.8,0.341220496,1.447120607,,0.0
2002-03-31,6.068826446280991,32.447008264462816,30.8,30.8,30.8,30.8,5.1895537190082655,6.062677685950413,,0.2256595041322314,24.63193388429752,3.0067438016528927,,,33.25249586776859,0.7931900826446281,,7.19404958677686,,,,50.1062479338843,17.112,1.0145454545454542,,79.99537190082644,758.898,758.898,,0.3892165289256197,13.18909090909091,14.4,14.4,14.4,14.4,4.433256198347107,23.4,23.4,23.4,34.365,35.75504132231405,2.859173553719008,2.93295867768595,2.93295867768595,2.93295867768595,0.9284628099173554,8.4,8.4,8.4,4.01,4.01,4.01,4.01,3.03,3.03,3.03,3.03,31.7,7.612165289256199,11.590413223140496,11.7318347107438,0.3449454545454546,,35.89646280991735,137.79371900826447,22.04968797453534,13.127603305785124,,,,0.8977190082644628,0.0,31.475504132231404,,66.7,66.7,25.658776859504133,41.22128925619835,,73.47768595041322,1.967603305785124,104.8,104.8,,63.914,5.909,5.909,56.91,,,48.388,48.388,0.182003306,0.117,,3.330837025,0.0,0.0,0.390446281,0.381480992,0.96,0.234267769,6.836707182,,0.0
2002-04-30,5.498181818181818,26.14611570247934,45.9,45.9,45.9,45.9,3.7844628099173554,5.968264462809917,,0.2118347107438016,25.592727272727277,2.7193388429752066,,,30.870743801652885,0.7378512396694215,,4.462809917355372,,,,82.47272727272727,25.31305785123967,0.6247933884297522,,103.77520661157024,810.636,810.636,,0.3832066115702479,43.84264462809917,22.5,22.5,22.5,22.5,5.450578512396694,54.3,54.3,54.3,45.652,46.15140495867769,3.0168595041322317,1.1365289256198348,1.1365289256198348,1.1365289256198348,0.6188429752066116,11.298,11.3,11.3,4.0,4.0,4.0,4.0,3.03,3.03,3.03,3.03,44.2,8.669752066115702,17.345454545454544,17.0598347107438,0.3201322314049587,,21.986776859504133,127.75537190082645,6.745452495867768,3.730909090909091,,,,0.3385785123966942,0.0,34.74446280991736,,66.5,66.5,26.193719008264463,36.821157024793386,,32.602314049586774,2.1421487603305787,104.6,104.6,,64.532,5.748,5.748,55.83,,,48.199,48.199,0.556363636,0.363,,6.175249587,0.688,5.730247934,1.462016529,1.707050579,1.08,0.877209917,3.633084161,,0.0
2002-05-31,3.547834710743801,16.466380165289255,63.3,63.3,63.3,63.3,4.218049586776859,5.933553719008264,,0.2109024793388429,15.525619834710744,3.3449256198347106,,,17.720727272727274,0.8485289256198347,,4.91900826446281,,,,75.87570247933884,10.446743801652891,0.6148760330578512,,114.8588429752066,816.85,816.85,,0.396595041322314,50.46287603305785,47.0,47.0,47.0,47.0,4.113520661157025,74.5,74.5,74.5,47.856,46.25097520661157,4.580826446280992,3.135867768595041,3.135867768595041,3.135867768595041,5.804429752066116,14.2,14.2,14.2,4.07,4.07,4.07,4.07,3.03,3.03,3.03,3.03,54.6,10.237685950413224,16.066710743801654,15.531768595041322,0.2281190082644628,,17.923636363636362,131.09157024793387,4.47408714545455,1.1559669421487604,,,,0.2668561983471074,4.420958677685952,37.08317355371901,,66.7,66.7,27.6140826446281,28.89917355371901,,3.055933884297521,2.0290909090909093,104.5,104.5,,66.203,5.8,5.8,52.5,,,47.374,47.374,0.530638017,0.372,,7.207326942,2.095,21.93322314,2.362968595,2.77929719,2.25,1.417781157,4.480125452,,0.0
2002-06-30,4.516363636363637,11.627107438016528,66.2,66.2,66.2,66.2,3.207272727272727,3.826115702479339,,0.2058842975206611,4.397355371900827,2.772892561983471,,,4.105785123966943,0.6902479338842974,,3.748760330578512,,,,33.33421487603306,2.326611570247934,0.648595041322314,,105.26280991735536,751.871,751.871,,0.3594049586776858,16.881322314049587,45.5,45.5,45.5,45.5,16.708760330578514,70.3,70.3,70.3,41.43300000000001,38.59438016528926,5.408925619834711,3.540495867768595,3.540495867768595,3.540495867768595,4.688925619834711,13.9,13.9,13.9,3.99,3.99,3.99,3.99,3.03,3.03,3.03,3.03,53.1,10.782148760330578,12.769586776859503,12.579173553719007,0.3748760330578512,,10.609586776859503,120.79338842975208,2.704198939393939,0.3826115702479338,,,,1.1722314049586775,15.715041322314052,27.83603305785124,0.6545454545454545,64.5,64.5,26.717355371900823,20.84429752066116,,3.5226446280991737,0.4879338842975205,88.4,88.4,,63.565,5.307,5.307,45.99,,,44.127,44.127,0.149355372,1.08,,8.024411901,2.63,25.96760331,3.290578512,3.006602975,2.76,1.974347107,6.031933658,,0.0
2002-07-31,2.8653223140495867,7.698247933884297,58.9,58.9,58.9,58.9,7.415404958677686,7.120264462809917,,0.2275041322314049,0.5576925619834711,2.3365289256198345,,,0.3406413223140496,0.5115768595041322,,2.828429752066116,,,,12.002380165289257,0.1721652892561983,0.7931900826446281,,122.48330578512396,647.106,647.106,,0.3627768595041322,0.7808925619834711,32.6,32.6,32.6,32.6,14.043768595041325,47.8,47.8,47.8,36.911,34.31623140495868,4.3963636363636365,3.836826446280992,3.836826446280992,3.836826446280992,0.4955900826446281,13.4,13.4,13.4,3.98,3.98,3.98,3.98,3.03,3.03,3.03,3.03,56.6,3.547834710743801,3.836826446280992,0.0,0.3553983471074379,,3.6154710743801655,126.66446280991735,1.1785560633608858,0.2779239669421487,,,,1.463404958677686,3.898314049586777,30.491702479338844,,65.4,65.4,27.60793388429752,8.26393388429752,,1.0391404958677684,0.1106776859504132,54.8,54.8,,64.916,5.058,5.058,39.76333203125,,,38.054,38.054,0.003689256,1.36,,8.430620826,2.769,26.89586777,4.494743802,3.131934545,2.7,2.696846281,7.108561717,,0.0
2002-08-31,3.000595041322314,7.243239669421488,50.5,50.5,50.5,50.5,7.808925619834711,7.716694214876033,,0.2281190082644628,0.0474069421487603,1.992198347107438,,,0.0,0.2133619834710744,,2.275041322314049,,,,8.460694214876034,0.0,0.5853619834710744,,101.45454545454544,559.962,559.962,,0.4224198347107438,0.4796033057851239,22.2,22.2,22.2,22.2,11.651900826446282,33.9,33.9,33.9,33.88,31.75219834710744,4.777586776859504,4.156561983471073,4.156561983471073,4.156561983471073,0.4464,12.0,12.0,12.0,4.02,4.02,4.02,4.02,3.03,3.03,3.03,3.03,52.2,12.69104132231405,12.39590082644628,0.0,0.2336528925619834,,2.4041652892561984,100.59371900826446,2.125958006692525,0.2711603305785124,,,,1.2973884297520664,1.7831404958677686,29.76,,62.7,62.7,27.829289256198347,9.09401652892562,,2.7669421487603305,0.4673057851239669,22.2,22.2,,67.383,5.105,5.105,32.7914296875,,,33.339,33.339,0.002459504,1.2,,8.770435041,1.918,24.11107438,4.571603306,3.175049256,2.58,2.742961983,6.36555348,,0.0
2002-09-30,2.15404958677686,5.968264462809917,42.6,42.6,42.6,42.6,7.44396694214876,7.366611570247934,,0.2255206611570248,0.0049388429752066,1.725619834710744,,,0.0,0.1184132231404958,,1.904132231404959,,,,7.140495867768595,0.0,0.4403305785123967,,32.70942148760331,532.088,532.088,,0.3808264462809917,1.2793388429752066,12.1,12.1,12.1,12.1,12.74578512396694,39.9,39.9,39.9,14.828000000000005,13.358677685950411,4.385454545454546,3.653553719008265,3.653553719008265,3.653553719008265,0.4450909090909091,7.841,7.84,7.84,3.98,3.98,3.98,3.98,3.03,3.03,3.03,3.03,51.5,12.144793388429752,12.162644628099171,0.0,0.2332561983471074,,2.5110743801652893,38.13619834710744,1.0595424635672086,0.2195702479338843,,,,0.8806611570247934,0.1166280991735537,13.638347107438015,0.6545454545454545,45.5,45.5,26.6102479338843,6.0218181818181815,,2.8383471074380164,0.3629752066115702,10.4,10.4,,68.731,3.272,3.272,26.14,,,28.095,28.095,0.002380165,0.807,,7.347576198,0.76,7.459834711,4.11292562,2.982162645,2.41,2.467755372,5.558280783,,0.0
2002-10-31,1.088330578512397,5.097322314049587,35.4,35.4,35.4,35.4,7.083371900826446,7.052628099173554,,0.231193388429752,0.003996694214876,1.7708429752066115,,,0.0,0.1506446280991736,,1.906115702479339,,,,6.8189752066115705,0.0,0.4408661157024795,,43.902148760330576,494.695,494.695,,0.3849123966942149,1.5310413223140495,9.31,9.3,9.31,9.31,4.912859504132232,29.6,29.6,29.6,25.05,21.70512396694215,4.248793388429752,3.658512396694215,3.658512396694215,3.658512396694215,0.4574677685950414,7.44,7.44,7.44,3.99,3.99,3.99,3.99,3.03,3.03,3.03,3.03,46.4,12.27292561983471,12.045421487603306,0.0,0.2367272727272727,0.0596429752066115,2.6009256198347104,50.2476694214876,3.581933979450163,2.846876033057851,,,,1.3711735537190082,19.45467768595041,5.109619834710744,0.3467900826446281,52.0,52.0,13.201388429752068,5.103471074380165,,0.8792727272727273,1.1067768595041323,8.0,8.0,,68.066,4.081,4.081,21.36,,,26.293,26.293,0.001844628,1.24,,4.837650248,0.476,2.572561983,1.995887603,1.775880992,2.19,1.197532562,4.137183316,,0.0
2002-11-30,1.8505785123966945,8.1699173553719,36.4,36.4,36.4,36.4,0.5831404958677686,0.7497520661157024,,0.2052892561983471,3.3500826446281,2.1778512396694216,,,3.83206611570248,0.4558016528925621,,3.0347107438016527,,,,16.601652892561983,2.1659504132231406,0.6902479338842974,,34.99438016528926,492.073,492.073,,0.3701157024793388,3.516694214876033,10.5,10.5,10.5,10.5,1.5411570247933883,24.8,24.8,24.8,19.131000000000004,18.529586776859503,2.7788429752066115,2.290909090909091,2.290909090909091,2.290909090909091,0.6307438016528926,8.09,8.09,8.09,3.99,3.99,3.99,3.99,3.03,3.03,3.03,3.03,45.8,6.045619834710744,6.920330578512397,0.0,0.3153719008264463,,6.83107438016529,51.8102479338843,2.3444651497562843,0.72,,,,1.1841322314049587,18.77950413223141,0.9223140495867768,0.3540495867768595,60.0,60.0,12.638677685950412,1.5292561983471074,,0.7973553719008264,1.368595041322314,10.9,10.9,,64.77,4.259,4.259,28.95,,,27.404,27.404,0.050578512,1.08,,2.423387107,0.0,0.0,0.561123967,0.327768595,1.29,0.33667438,0.803543772,,0.0
2002-12-31,2.9452561983471077,60.29474380165289,40.3,40.3,40.3,40.3,0.6148760330578512,1.1805619834710743,,0.2127471074380165,17.69613223140496,5.085024793388429,,,21.926479338842977,0.9161652892561984,,13.219834710743802,,,,49.43603305785122,7.716694214876033,8.952595041322313,,32.090380165289254,615.746,615.746,,0.4027438016528926,11.11080991735537,10.7,10.7,10.7,10.7,3.965950413223141,33.5,33.5,33.5,24.656999999999996,24.785652892561984,2.4410578512396697,2.219702479338843,2.219702479338843,2.219702479338843,1.1559669421487604,9.3,9.3,9.3,4.0,4.0,4.0,4.0,3.03,3.03,3.03,3.03,46.8,10.163900826446282,11.713388429752069,10.028628099173554,0.4642314049586777,,34.8819173553719,96.28958677685952,21.337534728294827,15.310413223140497,,,,0.9346115702479338,21.643636363636364,7.292429752066115,0.3812231404958677,66.7,66.7,16.872198347107435,23.31609917355372,,1.2420495867768595,1.475702479338843,70.8,70.8,,66.783,6.07,6.07,44.52,,,33.697,33.697,0.157408264,0.516,,2.236286281,0.0,0.0,0.429798347,0.232760331,0.97,0.257879008,0.191028092,,0.0
2003-01-31,5.693752066115702,67.08297520661156,45.5,45.5,45.5,45.5,0.6148760330578512,1.524892561983471,,0.2176661157024793,27.73705785123967,3.2588429752066115,,,37.10776859504132,0.7931900826446281,,6.394710743801653,,,,73.29322314049587,25.31444628099173,3.7630413223140495,,77.78181818181818,729.845,729.845,,0.3732297520661157,16.779966942148757,10.8,10.8,10.8,10.8,4.691504132231405,39.1,39.1,39.1,42.611,43.18889256198347,4.002842975206611,2.6808595041322314,2.6808595041322314,2.6808595041322314,1.537190082644628,10.3,10.3,10.3,4.0,4.0,4.0,4.0,3.03,3.03,3.03,3.03,43.2,13.877752066115702,17.923636363636362,17.05666115702479,0.3996694214876033,,29.91371900826446,122.97520661157024,11.260648886916282,5.12806611570248,,,,0.7562975206611571,23.752661157024797,25.49890909090909,0.3812231404958677,66.6,66.6,19.645289256198343,45.62995041322314,,30.87907438016529,1.8446280991735535,104.2,104.2,,64.074,5.948,5.948,55.38,,,40.291,40.291,0.235497521,0.17,,2.245814876,0.0,0.0,0.435947107,0.323920661,0.89,0.261568264,1.747834645,,0.0
2003-02-28,5.198280991735537,31.06195041322314,49.6,49.6,49.6,49.6,0.5553719008264463,1.188495867768595,,0.1999338842975206,14.667371900826446,2.3381157024793384,,,18.943735537190083,0.6275702479338842,,3.998677685950413,,,,43.31900826446281,12.384793388429753,0.6942148760330579,,90.91438016528926,732.725,732.725,,0.3404429752066115,9.541289256198349,11.0,11.0,11.0,11.0,4.098644628099175,27.0,27.0,27.0,42.764,42.37487603305785,6.159074380165289,3.5099504132231405,3.5099504132231405,3.5099504132231405,1.332892561983471,10.5,10.5,10.5,3.99,3.99,3.99,3.99,3.03,3.03,3.03,3.03,36.0,13.245619834710745,17.044363636363638,17.072132231404957,0.3010115702479339,,16.050247933884297,120.68231404958678,6.033050874818691,3.1711735537190084,,,,0.09219173553719,6.320132231404958,29.22922314049587,,66.8,66.8,18.11623140495868,39.90347107438016,,49.19484297520661,1.4995041322314049,104.4,104.4,,64.226,5.832,5.832,55.83,,,44.539,44.539,0.136066116,0.177,,1.982975207,0.0,0.0,0.323781818,0.315947107,0.87,0.194269091,5.356680791,,0.0
2003-03-31,6.36396694214876,43.79147107438017,55.1,55.1,55.1,55.1,0.6148760330578512,4.740694214876032,,0.2256595041322314,21.33619834710744,3.191206611570248,,,25.75100826446281,0.7132561983471074,,5.964297520661157,,,,62.47140495867769,17.167338842975205,5.1895537190082655,,93.33818181818182,783.24,783.24,,0.3867570247933885,22.818049586776866,16.3,16.3,16.3,16.3,2.674710743801653,39.3,39.3,39.3,36.856,37.8886611570248,3.787636363636364,3.640066115702479,3.640066115702479,3.640066115702479,0.7624462809917355,12.0,12.0,12.0,4.03,4.03,4.03,4.03,3.03,3.03,3.03,3.03,41.2,10.594314049586778,15.796165289256196,11.959338842975209,0.3209652892561983,,25.33289256198347,138.71603305785123,10.35320660964187,7.3846611570247935,,,,0.2213553719008264,25.148429752066114,13.527272727272727,,66.0,66.0,22.215471074380165,35.39226446280992,,53.91847933884298,1.6601652892561984,103.3,103.3,,64.074,5.716,5.716,56.64,,,48.425,48.425,0.312971901,0.176,,1.835071736,0.0,0.0,0.644390083,0.341613223,0.98,0.38663405,5.988674156,,0.0
2003-04-30,3.3024793388429754,66.88264462809917,58.8,58.8,58.8,58.8,3.260826446280992,7.92,,0.2195702479338843,30.043636363636363,2.891900826446281,,,37.95768595041322,0.8152066115702478,,6.723966942148761,,,,75.5107438016529,13.459834710743802,5.170909090909091,,70.09586776859504,895.619,895.619,,0.4135537190082645,19.30314049586777,21.7,21.7,21.7,21.7,2.2968595041322315,51.1,51.1,51.1,34.65500000000001,36.14280991735537,0.7557024793388429,0.0,0.0,0.0,1.1603305785123967,13.1,13.1,13.1,4.0,4.0,4.0,4.0,3.03,3.03,3.03,3.03,49.4,9.6099173553719,14.899834710743802,14.953388429752064,0.3064462809917355,,41.95636363636363,134.95537190082644,17.479498672176316,13.715702479338844,,,,0.6128925619834711,22.90909090909091,18.178512396694217,,66.9,66.9,22.165289256198346,45.65752066115702,,62.71735537190083,1.8446280991735535,106.6,106.6,,63.717,6.102,6.102,57.2,,,48.425,48.425,0.252297521,0.11,,4.071792397,0.688,0.374876033,1.410842975,0.791129256,1.04,0.846505785,10.89758637,,0.0
2003-05-31,2.281190082644628,59.08343801652892,69.9,69.9,69.9,69.9,17.437884297520664,16.534016528925616,,2.8653223140495867,41.245884297520654,5.12806611570248,,,47.8435041322314,0.971504132231405,,10.268429752066115,,,,136.502479338843,16.368,14.88614876033058,,182.49520661157024,961.925,961.925,,28.64092561983471,58.67761983471075,46.9,46.9,46.9,46.9,4.316429752066116,73.7,73.7,73.7,49.996,48.40304132231405,8.749685950413225,3.7138512396694217,3.7138512396694217,3.7138512396694217,19.27021487603305,14.2,14.2,14.2,4.08,4.08,4.08,4.08,3.03,3.03,3.03,3.03,68.8,12.19299173553719,20.16178512396694,20.506115702479335,11.787173553719008,,75.81421487603306,310.14347107438016,13.4127002707989,11.682644628099174,,,,0.6210247933884298,27.27590082644628,32.42241322314049,,66.6,66.6,25.17302479338843,60.51609917355372,,53.35894214876033,2.0905785123966942,104.4,104.4,,70.897,5.845,5.845,55.92,,,48.547,48.547,0.610571901,0.145,,6.143359339,1.055,14.70942149,1.806505785,2.035713719,1.68,1.083903471,8.192905478,,0.0
2003-06-30,6.622809917355372,23.41487603305785,69.2,69.2,69.2,69.2,12.287603305785124,2.606280991735537,,12.94809917355372,22.5699173553719,3.451239669421488,,,25.533223140495867,0.72,,4.938842975206612,,,,71.82148760330578,6.575206611570248,0.6545454545454545,,154.6512396694215,911.922,911.922,,0.8806611570247934,33.25090909090909,46.6,46.6,46.6,46.6,25.2297520661157,67.8,67.8,67.8,46.74,43.81884297520661,6.170578512396694,4.349752066115703,4.349752066115703,4.349752066115703,26.05090909090909,14.0,14.0,14.0,3.99,3.99,3.99,3.99,3.03,3.03,3.03,3.03,66.8,8.342479338842976,10.67504132231405,9.169586776859504,9.627768595041324,,48.04363636363637,224.6280991735537,4.20970740220386,0.7616528925619834,,,,0.934214876033058,18.577190082644627,29.28198347107438,,65.6,65.6,26.086611570247936,29.948429752066115,,3.814214876033057,0.8330578512396695,98.4,98.4,,66.242,5.334,5.334,51.4,,,47.569,47.569,0.302280992,0.841,,7.53586314,2.388,21.9431405,3.102545455,2.798786777,2.71,1.861527273,5.589679129,,0.0
2003-07-31,4.371768595041321,11.03702479338843,62.4,62.4,62.4,62.4,7.212495867768595,7.114115702479339,,0.2207404958677686,2.367272727272727,2.3611239669421487,,,1.813884297520661,0.565685950413223,,3.2588429752066115,,,,19.2886611570248,0.9469090909090908,0.7132561983471074,,145.23371900826447,789.276,789.276,,0.4851371900826446,1.174413223140496,33.7,33.7,33.7,33.7,11.45514049586777,58.1,58.1,58.1,37.735,35.13401652892562,4.304132231404958,3.750743801652893,3.750743801652893,3.750743801652893,0.4402512396694215,13.508,13.5,13.5,3.97,3.97,3.97,3.97,3.03,3.03,3.03,3.03,56.4,17.536264462809918,18.698380165289255,17.634644628099174,0.3504793388429752,,5.171107438016528,161.89685950413224,2.0227120746556464,0.2607074380165289,,,,1.2666446280991737,13.34895867768595,21.600595041322315,0.6763636363636364,65.6,65.6,28.136727272727278,11.215338842975209,,1.1436694214876035,0.0922314049586776,67.8,67.8,,65.456,5.058,5.058,44.2,,,42.677,42.677,0.007378512,1.15,,8.530649256,2.741,25.33289256,4.313970248,2.945002314,2.62,2.588382149,6.55914025,,0.0
2003-08-31,3.867570247933884,9.512132231404957,54.2,54.2,54.2,54.2,7.796628099173554,7.759735537190083,,0.2158214876033057,0.8915702479338843,2.3365289256198345,,,0.5521586776859504,0.5361719008264464,,3.1973553719008265,,,,13.410446280991737,0.0,0.959206611570248,,139.8228099173554,667.426,667.426,,0.4402512396694215,0.516495867768595,23.3,23.3,23.3,23.3,12.44509090909091,52.9,52.9,52.9,32.88999999999999,30.13507438016529,3.959801652892563,3.541685950413223,3.541685950413223,3.541685950413223,0.4894413223140495,12.2,12.2,12.2,4.0,4.0,4.0,4.0,3.03,3.03,3.03,3.03,48.6,16.275768595041324,16.964429752066113,16.71847933884297,0.404588429752066,,4.205752066115704,153.3500826446281,1.9781437285793,0.3215801652892562,,,,1.303537190082645,17.73917355371901,12.875504132231406,0.6763636363636364,62.4,62.4,27.829289256198347,8.46684297520661,,1.131371900826446,0.6148760330578512,37.8,37.8,,66.799,5.053,5.053,37.82,,,38.034,38.034,0.00307438,1.16,,8.39961719,2.027,22.87933884,4.205752066,2.902841653,2.36,2.52345124,6.293156789,,0.0
2003-09-30,2.9097520661157024,7.646280991735537,44.8,44.8,44.8,44.8,9.223140495867767,9.056528925619835,,0.2094545454545454,0.0785454545454545,2.16,,,0.000595041322314,0.2618181818181818,,2.439669421487604,,,,9.36595041322314,0.0,0.5950413223140496,,41.43272727272727,638.488,638.488,,0.4040330578512396,1.1841322314049587,19.2,19.2,19.2,19.2,5.932561983471074,56.9,56.9,56.9,14.46,12.811239669421488,3.748760330578512,3.248925619834711,3.248925619834711,3.248925619834711,0.4861487603305785,7.226,7.23,7.23,3.96,3.96,3.96,3.96,2.72,2.72,2.72,2.72,48.7,14.370247933884295,14.65586776859504,14.102479338842976,0.3427438016528926,,3.2667768595041324,47.38909090909091,1.1684257617034903,0.2713388429752066,,,,1.2019834710743802,7.247603305785124,5.754049586776859,0.6545454545454545,43.3,43.3,27.12793388429752,6.902479338842976,,0.8747107438016529,0.3808264462809917,26.1,26.1,,68.868,3.638,3.638,32.82,,,33.12,33.12,0.001785124,1.03,,7.566150744,0.859,7.781157025,3.659504132,2.755808926,2.56,2.195702479,5.210975011,,0.0
2003-10-31,1.4941487603305783,6.210247933884298,35.1,35.1,35.1,35.1,9.567471074380164,9.41990082644628,,0.2176661157024793,0.0,2.053685950413223,,,0.0,0.189996694214876,,2.3365289256198345,,,,8.380760330578514,0.0,0.5177256198347108,,41.59021487603306,606.395,606.395,0.408892561983471,0.408892561983471,1.0145454545454546,16.5,16.5,16.5,16.5,4.949752066115702,50.9,50.9,50.9,23.525,21.569851239669426,3.769190082644628,3.0313388429752064,3.0313388429752064,3.0313388429752064,0.6333223140495868,6.94,6.94,6.94,1.95,1.95,1.95,1.95,,,,,45.6,13.994578512396696,14.38809917355372,14.05606611570248,0.3000595041322314,,3.277289256198347,53.02076033057851,4.160817787139488,2.754644628099173,,,,1.5925289256198347,12.279074380165287,9.229289256198348,0.3824528925619835,44.9,44.9,15.593256198347108,5.576925619834711,,0.8485289256198347,1.0452892561983471,21.5,21.5,,65.363,3.336,3.336,,,,31.635,31.635,0.001844628,1.55,,5.398764298,0.458,3.851900826,1.947312397,1.503139835,2.21,1.168387438,,,0.0
2003-11-30,1.8922314049586777,8.003305785123967,34.1,34.1,34.1,34.1,1.3150413223140496,1.356694214876033,,0.1886280991735536,0.83900826446281,2.0469421487603308,,,0.7616528925619834,0.4837685950413223,,2.975206611570248,,,,9.770578512396696,0.5819504132231405,0.8033057851239669,,39.99272727272727,582.89,582.89,0.3855867768595041,0.3855867768595041,0.2856198347107438,13.5,13.5,13.5,13.5,4.581818181818182,34.2,34.2,34.2,31.103,29.63305785123967,3.0347107438016527,2.5527272727272727,2.5527272727272727,2.5527272727272727,0.5242314049586778,6.807,6.81,6.81,2.15,2.15,2.15,2.15,,,,,37.3,10.383471074380166,10.67504132231405,10.19900826446281,0.3260826446280992,,4.5758677685950415,53.20859504132231,1.3155443202420307,0.2903801652892562,,,,0.83900826446281,11.50809917355372,19.231735537190083,0.3689256198347107,57.6,57.6,12.335206611570248,8.02115702479339,,1.0115702479338844,1.249586776859504,29.4,29.4,,63.603,5.587,5.587,,,,32.708,32.708,0.009520661,0.71,,2.393278017,0.137,0.0,0.457586777,0.376859504,1.26,0.274552066,,,0.0
2003-12-31,3.922909090909091,32.871272727272725,36.0,36.0,36.0,36.0,0.565685950413223,0.8423801652892562,,0.3105123966942149,14.092958677685951,2.4287603305785126,,,17.78221487603306,0.6702148760330578,,4.980495867768595,,,,35.32462809917355,9.807272727272728,2.1090247933884294,,53.62333884297521,630.559,630.559,0.4150413223140496,0.4150413223140496,4.334876033057851,11.1,11.1,11.1,11.1,4.568528925619835,30.0,30.0,30.0,30.744,32.37322314049587,2.539438016528925,2.232,2.232,2.232,1.4265123966942148,7.83,7.83,7.83,3.99,3.99,3.99,3.99,,,,,33.7,9.432198347107438,10.74188429752066,10.680396694214874,0.5109619834710744,,23.57434710743801,93.3996694214876,10.78238200979255,6.652958677685951,,,,0.4919008264462809,19.79900826446281,15.316561983471074,,65.0,65.0,20.358545454545457,21.19477685950413,,5.755239669421487,1.414214876033058,69.4,69.4,,64.257,5.813,5.813,,,,37.094,37.094,0.062717355,0.25,,1.77354843,0.0,0.0,0.383067769,0.33633719,1.02,0.229840661,,,0.0
2004-01-31,4.666909090909091,31.235702479338844,36.8,36.8,36.8,36.8,0.565685950413223,0.6702148760330578,,0.3092826446280992,12.666446280991735,2.152066115702479,,,16.835305785123968,0.8608264462809917,,4.550082644628099,,,,31.25414876033058,6.013487603305785,0.6763636363636364,,96.65851239669422,610.559,610.559,0.3990545454545454,0.3990545454545454,3.271140495867769,10.1,10.1,10.1,10.1,2.084429752066116,15.2,15.2,15.2,36.696,37.390611570247934,2.3365289256198345,0.6517685950413223,0.6517685950413223,0.6517685950413223,0.8915702479338843,8.05,8.05,8.05,3.99,3.99,3.99,3.99,,,,,24.4,12.887801652892565,13.939239669421488,13.982280991735538,0.404588429752066,,22.123239669421487,137.05586776859505,12.841737639848208,7.710545454545454,,,,0.3351074380165289,22.41223140495868,18.34790082644628,0.3812231404958677,65.8,65.8,23.75880991735537,31.08813223140496,,18.999669421487603,1.1682644628099172,104.6,104.6,,64.417,5.703,5.703,,,,40.85,40.85,0.049190083,0.227,,1.770442314,0.0,0.0,0.389831405,0.256827769,1.03,0.233898843,,,0.0
2004-02-29,4.032198347107438,78.4006611570248,34.7,34.7,34.7,34.7,5.159603305785125,5.424198347107437,,0.3146380165289256,21.3286611570248,3.963173553719008,,,27.747966942148757,1.0008595041322317,,9.49090909090909,,,,50.10049586776857,13.9142479338843,6.206479338842977,,83.17487603305786,684.929,684.929,0.3773355371900826,0.3773355371900826,7.351140495867767,11.0,11.0,11.0,11.0,1.4667768595041322,19.4,19.4,19.4,22.203,23.594975206611565,2.2145454545454544,1.817652892561984,1.817652892561984,1.817652892561984,1.2597024793388427,8.76,8.76,8.76,3.99,3.99,3.99,3.99,,,,,25.2,10.629818181818184,12.585520661157028,12.61428099173554,0.4268033057851239,,41.276826446281,153.75272727272727,23.8504046704357,16.21507438016529,,,,0.5924628099173554,2.7897520661157027,24.239206611570243,,66.5,66.5,20.695933884297524,38.21672727272727,,73.62644628099173,1.2654545454545454,107.2,107.2,,66.712,6.041,6.041,,,,48.547,48.547,0.102386777,0.12,,2.633719339,0.0,0.0,0.474545455,0.256442975,0.78,0.284727273,,,0.0
2004-03-31,1.488,42.33421487603306,36.5,36.5,36.5,36.5,7.8150743801652895,9.050975206611568,,0.3135867768595041,28.038347107438018,2.1951074380165294,,,35.58287603305786,0.7870413223140496,,4.488595041322314,,,,80.1798347107438,26.98690909090909,0.8177851239669421,,102.74578512396694,755.583,755.583,0.4082776859504132,0.4082776859504132,30.39947107438017,16.7,16.7,16.7,16.7,3.566280991735537,35.8,35.8,35.8,44.148,45.4393388429752,4.513190082644629,2.2381487603305783,2.2381487603305783,2.2381487603305783,1.2359008264462812,10.3,10.3,10.3,4.01,4.01,4.01,4.01,,,,,34.9,11.098512396694217,17.52396694214876,17.03821487603306,0.5447801652892561,,31.35867768595041,154.0879338842975,10.859751874655656,10.62505785123967,,,,0.959206611570248,17.345652892561986,29.200462809917354,,66.7,66.7,24.98856198347108,45.82056198347108,,56.77150413223141,1.906115702479339,104.6,104.6,,63.346,5.931,5.931,,,,48.402,48.402,0.396595041,0.116,,2.903738182,0.0,0.0,0.756297521,0.606958017,1.08,0.453778512,,,0.0
2004-04-30,5.462479338842975,28.3299173553719,48.9,48.9,48.9,48.9,4.635371900826447,6.301487603305785,,0.251702479338843,19.791074380165288,2.7312396694214875,,,23.39107438016529,0.8033057851239669,,3.808264462809917,,,,78.60495867768596,20.058842975206613,0.648595041322314,,104.4892561983471,781.902,781.902,0.3832066115702479,0.3832066115702479,39.24297520661157,27.6,27.6,27.6,27.6,5.908760330578512,59.1,59.1,59.1,44.777,45.00297520661157,0.3427438016528926,0.0,0.0,0.0,0.7140495867768595,12.6,12.6,12.6,4.02,4.02,4.02,4.02,,,,,45.9,8.788760330578512,16.125619834710744,1.7910743801652893,0.4099834710743801,,14.816528925619837,127.100826446281,4.553276807162541,1.0234710743801654,,,,0.6307438016528926,20.07669421487603,26.800661157024795,,66.7,66.7,25.87239669421488,28.907107438016528,,18.761652892561983,1.8446280991735535,104.2,104.2,,67.13,5.678,5.678,,,,47.084,47.084,0.47722314,0.523,,5.053315041,0.941,7.931900826,2.711603306,1.845532562,0.56,0.950197686,,,0.0
2004-05-31,6.769785123966942,25.54809917355372,65.1,65.1,65.1,65.1,2.527140495867769,3.658512396694215,,0.2422611570247934,12.672595041322314,3.394115702479339,,,13.305917355371902,0.9653553719008264,,4.427107438016529,,,,76.24462809917355,9.598214876033058,0.8300826446280992,,120.20826446280992,759.636,759.636,0.4027438016528926,0.4027438016528926,39.24753719008264,48.2,48.2,48.2,48.2,4.439404958677686,65.2,65.2,65.2,43.822,43.44099173553719,4.8267768595041325,3.836826446280992,3.836826446280992,3.836826446280992,0.5822876033057852,14.1,14.1,14.1,4.03,4.03,4.03,4.03,,,,,61.0,3.105123966942149,7.956495867768595,0.0,0.3209652892561983,,7.741289256198347,144.37289256198346,2.507456360606061,0.5195702479338842,,,,0.7132561983471074,16.767669421487604,28.757752066115703,0.6886611570247934,66.3,66.3,25.652628099173555,24.373685950413225,,1.918413223140496,1.3527272727272728,96.1,96.1,,62.864,5.389,5.389,,,,44.704,44.704,0.402128926,0.646,,7.758456198,2.405,20.1877686,3.292046281,2.996352397,2.37,2.256981818,,,0.0
2004-06-30,5.414876033057851,15.667438016528926,65.4,65.4,65.4,65.4,3.7130578512396695,3.766611570247934,,0.2338512396694215,2.4277685950413224,2.7193388429752066,,,1.9398347107438016,0.8330578512396695,,3.451239669421488,,,,27.38380165289256,2.183801652892562,0.6545454545454545,,98.65785123966944,693.016,693.016,0.397487603305785,0.397487603305785,6.0575206611570245,34.0,34.0,34.0,34.0,20.921652892561983,60.6,60.6,60.6,30.899999999999995,29.829421487603305,4.867438016528926,4.183140495867769,4.183140495867769,4.183140495867769,0.6664462809917355,13.814,13.8,13.8,3.98,3.98,3.98,3.98,,,,,64.1,3.5107438016528927,3.9153719008264463,0.0,0.6247933884297521,,4.421157024793389,112.52231404958678,1.6747054630078178,0.3576198347107438,,,,1.273388429752066,17.244297520661156,15.042644628099174,,64.9,64.9,24.85487603305785,9.5801652892562,,1.820826446280992,0.1963636363636363,66.8,66.8,,63.884,5.141,5.141,,,,41.2,41.2,0.050578512,1.11,,8.22244562,2.473,22.7861157,3.564892562,3.014721322,2.71,2.409740826,,,0.0
2004-07-31,3.203504132231405,9.967140495867769,57.9,57.9,57.9,57.9,7.44,7.31702479338843,,0.2398016528925619,0.4107371900826446,2.152066115702479,,,0.1672462809917355,0.4199603305785122,,2.459504132231405,,,,12.162247933884297,0.1998347107438016,0.8423801652892562,,112.0304132231405,595.306,595.306,0.3935206611570248,0.3935206611570248,0.4919008264462809,27.7,27.7,27.7,27.7,6.788231404958678,49.6,49.6,49.6,32.588,30.11047933884297,4.925157024793387,4.279537190082644,4.279537190082644,4.279537190082644,0.7132561983471074,13.356,13.3,13.3,3.97,3.97,3.97,3.97,,,,,53.6,17.32105785123967,18.077355371900826,17.167338842975205,0.2680859504132232,,3.1112727272727274,121.31504132231404,1.491945812109965,0.2238148760330578,,,,1.574082644628099,18.32945454545455,13.945388429752066,,61.0,61.0,27.497256198347102,9.26003305785124,,1.03299173553719,0.0,39.4,39.4,,66.736,4.981,4.981,,,,36.785,36.785,0.002459504,1.54,,8.97528,2.411,19.69983471,4.058181818,3.064675041,2.93,2.502120992,,,0.0
2004-08-31,3.4740495867768595,9.020231404958675,50.1,50.1,50.1,50.1,7.415404958677686,7.267834710743801,,0.2348826446280991,0.0065176859504132,1.8630743801652887,,,0.0,0.115596694214876,,1.906115702479339,,,,8.55292561983471,0.0,0.5755239669421487,,85.77520661157025,517.297,517.297,0.4457851239669421,0.4457851239669421,0.4734545454545454,21.7,21.7,21.7,21.7,5.699900826446281,37.2,37.2,37.2,32.767,30.43636363636364,5.177256198347108,4.488595041322314,4.488595041322314,4.488595041322314,0.7255537190082645,12.121,12.1,12.1,3.99,3.99,3.99,3.99,,,,,43.2,17.56700826446281,18.12654545454545,17.825256198347105,0.2613223140495868,,2.6685619834710743,97.76528925619834,0.376823636765053,0.1727801652892562,,,,1.4080661157024792,14.836958677685953,14.972231404958675,,56.6,56.6,27.509553719008263,9.684297520661158,,1.0206942148760332,0.0,17.8,17.8,,65.371,5.075,5.075,,,,31.169,31.169,0.002459504,1.26,,9.02870281,1.297,15.15966942,4.345328926,3.11990876,2.92,2.630858182,,,0.0
2004-09-30,2.4872727272727277,6.795371900826447,42.3,42.3,42.3,42.3,7.342809917355372,7.188099173553719,,0.2261157024793388,0.0126148760330578,1.701818181818182,,,0.0019636363636363,0.1190082644628099,,1.7851239669421488,,,,7.372561983471074,0.0,0.4760330578512396,,37.34479338842975,487.35,487.35,0.3814214876033058,0.3814214876033058,1.1008264462809918,16.6,16.6,16.6,16.6,6.735867768595042,38.7,38.7,38.7,15.095999999999997,13.846611570247934,5.432727272727273,4.718677685950413,4.718677685950413,4.718677685950413,0.72,9.57,9.57,9.57,3.33,3.33,3.33,3.33,,,,,39.8,14.013223140495867,14.203636363636363,14.15603305785124,0.2487272727272727,,2.540826446280992,45.43735537190083,0.8602167223933225,0.2177851239669422,,,,1.2019834710743802,10.692892561983472,2.772892561983471,,46.9,46.9,18.922314049586777,6.819173553719009,,0.7676033057851239,0.0,10.3,10.3,,64.196,3.295,3.295,,,,27.46,27.46,0.006545455,1.07,,8.035174215,0.345,5.252231405,3.965355372,2.852598347,2.58,2.471391074,,,0.0
2004-10-31,1.7892892561983471,8.872661157024794,35.1,35.1,35.1,35.1,,7.569123966942149,,0.2348826446280991,1.5679338842975206,1.8938181818181816,,,1.3404297520661157,0.3769190082644628,,2.5209917355371902,,,,10.483636363636364,0.0,2.0290909090909084,,48.98717355371901,457.15,457.15,0.3929057851239669,,1.223603305785124,14.2,14.2,14.2,14.2,4.759140495867769,41.1,41.1,41.1,14.32,12.672595041322314,4.476297520661157,3.836826446280992,3.836826446280992,3.836826446280992,0.7009586776859504,7.19,7.19,7.19,3.79,3.79,3.79,3.79,,1.29,,1.29,39.8,12.758677685950412,12.967735537190082,12.555768595041322,0.3664661157024793,0.0378148760330578,4.574677685950414,58.794446280991735,4.553686512852085,3.664661157024793,,,,1.1682644628099172,13.195239669421488,0.0,,47.5,47.5,8.749685950413225,5.730644628099173,,0.7624462809917355,0.7378512396694215,13.8,13.8,,66.807,4.342,4.342,,,,26.545,26.545,,1.2,,5.477097521,0.303,0.0,1.974366942,1.561691901,2.01,1.268921653,,,0.0
2004-11-30,2.0469421487603308,8.146115702479339,34.8,34.8,34.8,34.8,,0.7914049586776859,,0.2177851239669422,1.2912396694214876,2.0945454545454547,,,1.0651239669421488,0.5551735537190082,,2.915702479338843,,,,10.300165289256196,0.1541157024793388,2.0290909090909084,,34.238677685950414,440.541,440.541,0.3843966942148761,,1.5887603305785123,14.1,14.1,14.1,14.1,1.4578512396694214,32.3,32.3,32.3,20.636,19.7196694214876,3.2429752066115705,2.8145454545454545,2.8145454545454545,2.8145454545454545,0.6188429752066116,7.25,7.25,7.25,3.69,3.69,3.69,3.69,,1.9,,1.9,32.6,9.455206611570247,9.431404958677684,9.59801652892562,0.3558347107438017,,4.831735537190083,49.45388429752066,2.3913664673848887,1.0770247933884298,,,,0.5456528925619836,20.43371900826446,0.0,0.3641652892561983,53.3,53.3,15.869752066115703,1.4935537190082644,,0.7259504132231405,0.7735537190082644,18.9,18.9,,63.709,5.224,5.224,,,,28.03,28.03,,0.555,,2.506189091,0.0,0.0,0.640264463,0.386338512,1.15,0.310363636,,,0.0
2004-12-31,3.2342479338842973,19.577652892561986,35.7,35.7,35.7,35.7,,0.6333223140495868,,0.2361123966942148,5.890512396694215,2.281190082644628,,,7.101818181818182,0.6333223140495868,,4.1811570247933885,,,,20.088,4.789884297520662,0.6763636363636364,,34.09487603305785,458.491,458.491,0.408892561983471,,3.5355371900826444,14.2,14.2,14.2,14.2,1.5064462809917356,23.5,23.5,23.5,21.244,20.33395041322314,3.2465454545454544,2.73004958677686,2.73004958677686,2.73004958677686,0.7993388429752066,7.85,7.85,7.85,4.0,4.0,4.0,4.0,,3.08,,3.08,30.7,4.882115702479339,4.925157024793387,5.238743801652893,0.2969851239669421,,13.582611570247934,59.36013223140496,9.393088102909427,6.554578512396694,,,,0.4242644628099173,21.772760330578517,0.1076033057851239,,58.1,58.1,23.64198347107438,3.529388429752066,,0.959206611570248,0.7993388429752066,41.5,41.5,,65.627,6.102,6.102,,,,31.388,31.388,,0.4,,1.866599008,0.0,0.0,0.431028099,0.373346777,1.08,0.140447603,,,0.0
2005-01-31,3.652363636363636,28.007603305785125,36.8,36.8,36.8,36.8,,0.6579173553719008,,0.2459504132231404,14.554115702479338,2.416462809917355,,,19.33170247933884,0.6825123966942149,,4.91900826446281,,,,30.983603305785124,7.741289256198347,0.707107438016529,,31.414016528925615,513.577,513.577,0.3947504132231406,,4.433256198347107,12.8,12.8,12.8,12.8,3.14201652892562,15.5,15.5,15.5,27.528,26.845487603305784,2.201256198347107,0.0,0.0,0.0,0.9100165289256198,8.223,8.22,8.22,3.99,3.99,3.99,3.99,,3.07,,3.07,27.7,7.470743801652892,8.116363636363637,8.190148760330578,0.3068231404958678,,28.591735537190083,77.35140495867769,15.697600200699387,10.563570247933884,,,,0.8054876033057852,23.340694214876034,7.476892561983471,0.3738446280991734,58.2,58.2,21.600595041322315,30.522446280991737,,5.33097520661157,0.3627768595041322,105.7,105.7,,66.563,5.703,5.703,,,,34.533,34.533,,0.183,,2.600641983,0.0,0.0,0.78581157,0.263246281,0.59,0.150660496,,,0.0
2005-02-28,4.570710743801653,22.931305785123968,35.9,35.9,35.9,35.9,,2.6991074380165285,,0.2277024793388429,14.32304132231405,2.0548760330578517,,,20.137785123966943,0.6053553719008263,,3.6654545454545455,,,,32.66142148760329,11.829421487603303,0.6608925619834709,,24.24198347107438,575.23,575.23,0.3471074380165289,,5.431537190082645,9.27,9.3,9.27,9.27,5.020561983471074,10.2,10.2,10.2,34.328,34.46082644628099,2.3436694214876037,1.0885289256198347,1.0885289256198347,1.0885289256198347,1.0107768595041322,8.404,8.41,8.41,3.99,3.99,3.99,3.99,,3.07,,3.07,22.6,11.296264462809916,12.862413223140496,11.229619834710745,0.2854611570247934,,21.05970247933885,59.4803305785124,10.649124603661106,5.153851239669423,,,,0.6886611570247934,9.019239669421486,24.008727272727278,,63.8,63.8,22.475900826446285,24.841785123966943,,41.347438016528926,0.8330578512396695,106.4,106.4,,65.433,5.793,5.793,,,,39.24,39.24,,0.105,,2.872304132,0.0,0.0,0.398757025,0.309342149,0.82,0.122386116,,,0.0
2005-03-31,5.374016528925621,42.70314049586777,35.4,35.4,35.4,35.4,,6.726743801652892,,0.2613223140495868,28.653223140495868,5.220297520661158,,,36.69580165289256,1.2666446280991737,,,,,,65.29983471074378,15.242776859504133,12.740231404958678,,31.12502479338843,735.733,735.733,0.3972099173553718,,14.092958677685951,8.8,8.8,8.8,8.8,5.238743801652893,21.0,21.0,21.0,35.325,36.10552066115703,3.129719008264463,3.0805289256198347,3.0805289256198347,3.0805289256198347,1.5310413223140495,9.266,9.27,9.27,4.0,4.0,4.0,4.0,,3.08,,3.08,27.6,9.930247933884296,15.04601652892562,15.070611570247934,0.4230347107438016,,50.73957024793389,108.03371900826448,24.04011622249957,15.605553719008263,,,,0.7009586776859504,18.18188429752066,23.80185123966942,,66.7,66.7,17.259570247933883,59.747504132231406,,87.31239669421488,0.6763636363636364,106.8,106.8,,65.961,6.135,6.135,,,,48.547,48.547,,0.116,,3.363828099,0.0,0.0,0.468535537,0.352333884,0.9,0.226869421,,,0.0
2005-04-30,4.111735537190083,35.113388429752064,40.1,40.1,40.1,40.1,,7.348760330578512,,0.2475371900826446,28.06214876033058,2.915702479338843,,,35.500165289256195,0.7616528925619834,,,,,,73.42809917355375,0.0,24.117024793388435,,74.61818181818182,839.48,839.48,0.3992727272727273,,24.301487603305784,11.1,11.1,11.1,11.1,6.890578512396695,38.4,38.4,38.4,43.837,42.45619834710744,1.0889256198347108,0.8687603305785124,0.8687603305785124,0.8687603305785124,1.1781818181818182,10.8,10.8,10.8,4.02,4.02,4.02,4.02,,3.11,,3.11,37.0,9.37190082644628,15.970909090909087,15.798347107438016,0.3867768595041322,,33.78644628099173,126.20826446280992,13.342263522038568,10.264462809917354,,,,0.4938842975206612,22.837685950413224,25.771239669421487,,66.4,66.4,21.85586776859504,52.74446280991736,,58.19504132231405,0.7735537190082644,103.6,103.6,,62.661,5.832,5.832,,,,48.388,48.388,,0.118,,4.122015868,0.246,2.503140496,1.494743802,1.469464463,1.22,0.93306843,,,0.0
2005-05-31,0.4974347107438016,52.9100826446281,63.1,63.1,63.1,63.1,,7.667504132231405,,20.426181818181817,42.50023140495868,44.86750413223141,,,48.6182479338843,3.295735537190082,,,,,,202.72462809917357,7.925752066115702,40.97533884297521,,162.0813223140496,938.389,938.389,0.4427107438016529,,78.43973553719009,41.3,41.3,41.3,41.3,14.695537190082645,72.2,72.2,72.2,50.80700000000001,46.847404958677686,8.331570247933884,3.074380165289256,3.074380165289256,3.074380165289256,52.08,14.2,14.2,14.2,4.08,4.08,4.08,4.08,,3.17,,3.17,66.6,7.8150743801652895,19.792859504132227,19.76826446280992,13.305917355371902,,130.6611570247934,467.4902479338843,17.57814913829201,14.812363636363637,,,,0.387986776859504,28.85613223140496,30.768396694214875,,66.5,66.5,26.476561983471075,73.41619834710744,,57.12198347107438,0.7378512396694215,104.8,104.8,,70.691,5.928,5.928,,,,48.547,48.547,,0.117,,6.21815405,1.319,18.1507438,1.901196694,2.212770248,1.61,1.105332893,,,0.0
2005-06-30,5.64099173553719,24.307438016528927,69.0,69.0,69.0,69.0,,10.210909090909093,,2.8264462809917354,19.92198347107438,3.1299173553719006,,,22.403305785123965,0.7795041322314049,,,,,,84.13884297520663,7.158347107438017,0.648595041322314,,139.65619834710745,914.373,914.373,0.4546115702479338,,35.178842975206614,44.2,44.2,44.2,44.2,24.777520661157023,74.0,74.0,74.0,49.311000000000014,45.84793388429752,8.592396694214877,3.272727272727273,3.272727272727273,3.272727272727273,37.89818181818182,13.84,14.1,14.1,4.02,4.02,4.02,4.02,,3.09,,3.09,67.1,16.06611570247934,19.481652892561986,19.273388429752067,11.228429752066116,,70.92892561983471,226.47272727272727,6.177828717630856,2.832396694214876,,,,0.3736859504132231,26.26512396694215,29.061818181818182,,66.2,66.2,25.860495867768595,43.10479338842976,,16.054214876033058,0.6545454545454545,99.3,99.3,,63.785,5.793,5.793,,,,48.199,48.199,,0.438,,7.886328595,1.889,23.31173554,2.06122314,2.582435702,2.27,1.273317025,,,0.0
2005-07-31,5.269487603305785,14.461884297520662,63.7,63.7,63.7,63.7,,7.077223140495867,,0.2607074380165289,3.873719008264463,2.219702479338843,,,3.867570247933884,0.6007338842975207,,,,,,25.41897520661157,1.7585454545454546,0.7562975206611571,,138.4700826446281,806.924,806.924,0.4420958677685951,,3.8060826446280993,38.7,38.7,38.7,38.7,9.62895867768595,58.6,58.6,58.6,41.799,37.90095867768595,5.275636363636363,3.867570247933884,3.867570247933884,3.867570247933884,0.6210247933884298,13.3,13.3,13.3,3.99,3.99,3.99,3.99,,3.06,,3.06,62.5,13.361256198347109,14.504925619834712,14.252826446280991,0.9100165289256198,,6.966545454545455,152.6122314049587,2.9662546650137784,0.4476297520661156,,,,1.0575867768595042,17.60390082644628,21.422280991735533,0.7993388429752066,65.7,65.7,28.54254545454545,17.222677685950416,,4.789884297520662,0.1352727272727273,70.5,70.5,,65.48,5.124,5.124,,,,45.084,45.084,,1.06,,8.862696198,2.16,27.62578512,3.473434711,3.043590744,2.92,2.134492562,,,0.0
2005-08-31,4.1811570247933885,11.910148760330578,55.4,55.4,55.4,55.4,,7.796628099173554,,0.2582479338842975,0.8116363636363636,2.287338842975207,,,0.5226446280991736,0.5601520661157023,,,,,,12.943140495867768,6.148760330578512e-05,1.0145454545454542,,89.21851239669421,734.649,734.649,0.4144264462809917,,0.5349421487603305,36.9,36.9,36.9,36.9,1.7093553719008263,38.8,38.8,38.8,36.062000000000005,32.14571900826446,4.519338842975206,3.8614214876033057,3.8614214876033057,3.8614214876033057,0.4390214876033058,11.5,11.5,11.5,4.01,4.01,4.01,4.01,,3.07,,3.07,55.4,15.685487603305786,15.482578512396694,15.205884297520662,0.3308033057851239,0.0257018181818181,3.3141818181818183,99.30247933884296,0.9894609024163732,0.3431008264462809,,,,1.272793388429752,19.608396694214875,10.901752066115703,,64.5,64.5,28.167471074380167,9.635107438016528,,1.524892561983471,0.6025785123966944,37.8,37.8,,65.193,5.224,5.224,,,,39.393,39.393,,1.25,,8.906431736,2.013,24.18446281,4.063715702,3.126967934,2.94,2.447232397,,,0.0
2005-09-30,2.386115702479339,7.521322314049587,45.0,45.0,45.0,45.0,,9.990743801652892,,0.2505123966942149,0.1618512396694215,2.2611570247933885,,,0.00339173553719,0.3582148760330578,,,,,,10.032396694214878,0.0,0.7140495867768595,,38.475371900826445,708.042,708.042,0.3879669421487603,,1.297190082644628,33.5,33.5,33.5,33.5,4.849586776859504,40.6,40.6,40.6,19.94,17.803636363636365,4.331900826446281,3.671404958677686,3.671404958677686,3.671404958677686,0.432,7.17,7.17,7.17,4.0,4.0,4.0,4.0,,3.07,,3.07,51.3,18.636694214876037,19.041322314049587,19.29719008264463,0.239801652892562,,2.701487603305785,49.406280991735535,1.4706346219992166,0.349289256198347,,,,0.7259504132231405,11.305785123966942,5.754049586776859,,52.1,52.1,26.49719008264463,7.092892561983471,,1.0472727272727274,0.4581818181818182,27.1,27.1,,65.278,3.724,3.724,,,,35.207,35.207,,0.717,,8.11346876,0.288,7.829553719,3.871338843,2.89530843,2.35,2.354477355,,,0.0
2005-10-31,1.7155041322314049,7.132561983471074,35.1,35.1,35.1,35.1,,9.844165289256198,,0.2520991735537189,0.2225851239669421,2.281190082644628,,,0.1451107438016529,0.3160462809917355,,,,,,10.059371900826449,0.0,0.8423801652892562,,47.06261157024793,672.874,672.874,0.3947504132231406,,1.4388099173553717,18.7,18.7,18.7,18.7,18.040462809917354,35.5,35.5,35.5,33.197,31.715305785123963,4.623867768595042,3.972099173553718,3.972099173553718,3.972099173553718,0.4851371900826446,6.46,6.45,6.45,2.21,2.21,2.21,2.21,,2.13,,2.13,51.5,13.64409917355372,14.166743801652892,14.21593388429752,0.264396694214876,,3.049785123966942,59.46466115702479,1.3907286378107622,0.3787636363636364,,,,1.451107438016529,20.33395041322314,14.142148760330578,0.4248793388429752,66.4,66.4,13.982280991735538,5.902809917355372,,0.8915702479338843,0.6763636363636364,19.4,19.4,,63.755,3.643,3.643,,,,34.649,34.649,,1.38,,5.42702876,0.526,6.640661157,1.614049587,1.477606612,2.21,1.150149421,,,0.0
2005-11-30,2.772892561983471,11.65090909090909,35.3,35.3,35.3,35.3,,0.648595041322314,,0.2213553719008264,1.32099173553719,2.2373553719008266,,,1.2436363636363637,0.6069421487603306,,,,,,12.716033057851243,0.9818181818181818,1.4459504132231402,,57.71900826446281,656.73,656.73,0.3897520661157024,,1.1424793388429753,12.0,12.0,12.0,12.0,9.59801652892562,33.3,33.3,33.3,19.416,18.74380165289256,2.8859504132231404,2.3920661157024794,2.3920661157024794,2.3920661157024794,0.517090909090909,6.78,6.78,6.78,3.35,3.35,3.35,3.35,,2.57,,2.57,46.1,7.301157024793389,7.104793388429752,7.182148760330579,0.3391735537190082,,4.1652892561983474,69.67933884297521,1.998828603690336,0.7378512396694215,,,,0.8687603305785124,13.656198347107438,7.045289256198347,0.408793388429752,63.5,63.5,19.19603305785124,5.956363636363636,,1.0770247933884298,0.7735537190082644,24.1,24.1,,64.417,5.774,5.774,,,,35.82,35.82,,0.649,,2.559627769,0.022,0.0,0.079735537,0.307975537,1.55,0.109162314,,,0.0
2005-12-31,4.039735537190083,102.43834710743802,58.1,58.1,58.1,58.1,,3.627768595041322,,4.070479338842976,22.11709090909091,57.27570247933884,,,28.37038016528925,10.17004958677686,,,,,,165.95504132231406,9.83186776859504,45.40244628099173,,100.71669421487604,811.32,811.32,0.4181157024793388,,59.68601652892562,30.9,30.9,30.9,30.9,6.197950413223141,67.0,67.0,67.0,40.711,38.1161652892562,2.5763305785123967,2.262743801652892,2.262743801652892,2.262743801652892,51.70492561983471,13.7,13.7,13.7,4.04,4.04,4.04,4.04,,3.15,,3.15,67.4,11.23993388429752,16.03596694214876,15.445685950413225,7.10796694214876,,115.59669421487604,423.5880991735537,46.95408919749029,34.49454545454545,,,,0.5324826446280991,22.17242975206612,27.398876033057853,,68.6,68.6,22.41223140495868,94.87537190082644,,59.06499173553719,0.983801652892562,124.8,124.8,,79.064,7.164,7.164,,,,48.547,48.547,,0.272,,3.167676694,0.0,0.0,0.361547107,0.173615207,1.12,0.346926942,,,0.0
2006-01-31,4.789884297520662,82.70082644628098,54.7,54.7,54.7,54.7,,10.342214876033056,,6.142611570247934,16.165090909090907,44.46783471074381,,,27.41732231404959,5.976595041322314,,,,,,117.19537190082644,4.992793388429752,23.74036363636364,,163.80297520661156,737.059,737.059,0.4304132231404958,,13.539570247933884,34.7,34.7,34.7,34.7,3.2588429752066115,47.3,47.3,47.3,45.43300000000001,42.87530578512396,8.005685950413222,2.121322314049587,2.121322314049587,2.121322314049587,14.873851239669422,13.94,14.0,14.0,4.0,4.0,4.0,4.0,,3.08,,3.08,56.9,12.598809917355371,15.802314049586776,15.396495867768596,22.086347107438016,,94.56793388429752,544.2267768595042,28.3384310261708,28.88687603305785,,,,0.8239338842975207,23.3222479338843,35.95180165289257,,67.0,67.0,19.50386776859504,87.43537190082645,,124.3894214876033,1.475702479338843,107.4,107.4,,63.967,6.247,6.247,,,,48.547,48.547,,0.132,,4.928072727,0.0,0.0,0.461157025,0.381209256,0.47,0.203041983,,,0.0
2006-02-28,4.803966942148761,57.75867768595041,56.3,56.3,56.3,56.3,,6.7866446280991735,,3.398876033057851,14.417454545454545,32.922446280991736,,,28.14069421487603,1.2551404958677683,,,,,,89.4704132231405,15.783669421487604,9.052561983471074,,157.9477685950413,755.788,755.788,0.4276363636363636,,20.78757024793388,40.7,40.7,40.7,40.7,3.57104132231405,61.7,61.7,61.7,37.016,35.5382479338843,7.514181818181818,1.860495867768595,1.860495867768595,1.860495867768595,3.160066115702479,14.2,14.2,14.2,4.07,4.07,4.07,4.07,,3.15,,3.15,58.9,12.751338842975208,17.138776859504134,17.18320661157025,5.975801652892562,,55.30948760330578,260.1917355371901,17.226244039669417,17.31649586776859,,,,0.9219173553719008,22.44813223140496,22.287074380165286,,67.2,67.2,20.74314049586777,60.36892561983471,,88.91504132231405,0.610909090909091,109.0,109.0,,73.191,6.552,6.552,,,,48.547,48.547,,0.108,,4.72656595,0.0,0.0,0.518161983,0.238881322,0.64,0.295344793,,,0.0
2006-03-31,4.125818181818181,99.97884297520662,54.8,54.8,54.8,54.8,,6.517685950413223,,4.851371900826447,23.777256198347107,31.84442975206612,,,37.91940495867769,3.197355371900825,,,,,,89.03404958677686,7.5998677685950415,14.71398347107438,,166.9388429752066,808.33,808.33,0.4734545454545454,,11.03087603305785,39.3,39.3,39.3,39.3,8.116363636363637,57.5,57.5,57.5,36.308,36.41295867768596,7.950347107438018,1.463404958677686,1.463404958677686,1.463404958677686,8.30697520661157,14.0,14.0,14.0,4.0,4.0,4.0,4.0,,3.08,,3.08,51.7,14.12985123966942,18.409388429752063,14.769322314049589,8.368462809917355,,92.47735537190084,384.4204958677686,40.47931804269973,39.94234710743802,,,,0.8669752066115702,15.599404958677686,30.75609917355372,,67.2,67.2,16.35570247933884,90.32528925619836,,154.0264462809917,0.6763636363636364,108.3,108.3,,71.062,6.327,6.327,,,,48.547,48.547,,0.137,,4.710366942,0.0,0.0,0.811636364,0.073217851,0.65,0.407609256,,,0.0
2006-04-30,2.951404958677686,132.75371900826443,56.2,56.2,56.2,56.2,,1.2674380165289256,,15.715041322314052,28.49057851239669,96.45619834710745,,,37.09487603305785,17.553719008264462,,,,,,170.2413223140496,22.43900826446281,26.28892561983471,,161.49421487603306,892.2,892.2,0.4581818181818182,,30.54347107438016,41.6,41.6,41.6,41.6,10.764297520661158,66.4,66.4,66.4,40.469,38.74909090909091,4.492561983471075,1.1365289256198348,1.1365289256198348,1.1365289256198348,40.64132231404959,14.2,14.2,14.2,4.09,4.09,4.09,4.09,,3.17,,3.17,54.8,11.28198347107438,19.136528925619835,17.482314049586776,7.741487603305785,,175.35867768595045,636.694214876033,51.708244469696965,50.28694214876033,,,,1.029421487603306,27.574214876033057,32.031074380165286,,66.8,66.8,16.607603305785123,137.9900826446281,,187.3190082644628,0.5533884297520661,106.8,106.8,,73.538,6.189,6.189,,,,48.547,48.547,,0.111,,4.685349421,0.0,0.0,1.017520661,0.729504793,0.65,0.494217521,,,0.0
2006-05-31,1.764694214876033,53.92462809917355,64.9,64.9,64.9,64.9,,1.4265123966942148,,37.390611570247934,21.10869421487603,89.58743801652892,,,32.61917355371901,1.1682644628099172,,,,,,215.8829752066116,10.674247933884295,33.81818181818182,,176.9613223140496,937.588,937.588,0.5103471074380166,,67.61176859504131,41.2,41.2,41.2,41.2,44.806016528925625,66.1,66.1,66.1,48.901,46.28171900826446,5.613818181818182,1.488,1.488,1.488,113.6905785123967,14.2,14.2,14.2,4.06,4.06,4.06,4.06,,3.15,,3.15,63.2,7.249388429752066,19.553057851239668,18.59385123966942,27.81084297520661,,190.6730578512397,592.7404958677686,11.00901916391185,6.917355371900826,,,,0.4562380165289257,26.101487603305785,32.05348760330578,,66.4,66.4,24.625785123966946,52.09229752066116,,36.013289256198355,0.7378512396694215,104.6,104.6,,70.88,5.826,5.826,,,,48.069,48.069,,0.15,,6.594134876,1.075,18.6585124,1.746247934,2.484226116,2.13,0.764967273,,,0.0
2006-06-30,6.616859504132232,23.926611570247932,68.1,68.1,68.1,68.1,,11.186776859504132,,0.2528925619834711,3.2191735537190085,11.50214876033058,,,3.921322314049588,0.7378512396694215,,,,,,85.38842975206612,6.83107438016529,1.0115702479338844,,141.5603305785124,893.84,893.84,0.4581818181818182,,31.715702479338844,49.5,49.5,49.5,49.5,24.658512396694213,67.9,67.9,67.9,47.823,45.95504132231405,6.896528925619835,3.5345454545454547,3.5345454545454547,3.5345454545454547,21.873719008264462,14.1,14.1,14.1,4.01,4.01,4.01,4.01,,3.08,,3.08,67.6,8.860165289256198,10.520330578512397,2.255206611570248,13.007603305785125,,45.1398347107438,217.54710743801647,3.877647269972448,0.9401652892561984,,,,0.72,21.45719008264463,29.353388429752066,,66.1,66.1,25.134545454545453,32.733223140495866,,10.30611570247934,0.7140495867768595,95.8,95.8,,64.394,5.6,5.6,,,,46.482,46.482,,0.698,,7.897955702,1.836,22.02049587,2.92938843,2.644679008,2.5,1.681888264,,,0.0
2006-07-31,4.87596694214876,14.418842975206612,58.9,58.9,58.9,58.9,,9.690446280991736,,0.2465652892561983,2.232,3.074380165289256,,,1.8446280991735535,0.545395041322314,,,,,,25.129983471074382,0.6640661157024794,1.1867107438016529,,138.9004958677686,785.416,785.416,0.4414809917355372,,2.4287603305785126,37.4,37.4,37.4,37.4,15.488727272727273,59.5,59.5,59.5,42.15,39.37666115702479,4.703801652892562,3.701553719008265,3.701553719008265,3.701553719008265,0.6579173553719008,13.706,13.7,13.7,3.96,3.96,3.96,3.96,,2.99,,2.99,59.1,18.157289256198347,19.411636363636365,13.213685950413224,0.3916760330578512,0.0367695867768595,5.0419834710743805,154.45685950413224,2.1504967953179324,0.4390214876033058,,,,1.3404297520661157,21.877289256198345,18.249520661157025,0.7378512396694215,63.3,63.3,27.724760330578512,19.80515702479339,,1.303537190082645,0.7993388429752066,72.7,72.7,,65.387,5.472,5.472,,,,41.92,41.92,,1.24,,8.969752066,2.307,27.05454545,4.112905785,2.86987438,2.73,2.344181157,,,0.0
2006-08-31,4.746842975206612,12.285223140495868,49.1,49.1,49.1,49.1,,9.315371900826449,,0.2416462809917355,0.0221970247933884,3.1727603305785124,,,0.0,0.3308033057851239,,,,,,14.240528925619834,0.0,0.8854214876033057,,82.2704132231405,721.804,721.804,0.4144264462809917,,0.744,29.6,29.6,29.6,29.6,7.458446280991735,44.0,44.0,44.0,38.879,35.77348760330578,4.980495867768595,4.2610909090909095,4.2610909090909095,4.2610909090909095,0.6394710743801653,13.241,13.2,13.2,4.0,4.0,4.0,4.0,,2.82,,2.82,51.0,17.25342148760331,17.843702479338845,17.610049586776857,0.3332628099173554,0.0395980165289256,3.627768595041322,92.29289256198346,1.8493044089694688,0.3308033057851239,,,,1.4080661157024792,20.567603305785124,15.519471074380164,,64.9,64.9,27.85388429752066,9.807272727272728,,1.2604958677685951,0.7993388429752066,41.2,41.2,,67.098,5.031,5.031,,,,37.536,37.536,,1.25,,8.896238678,1.835,25.20198347,4.463385124,3.012848926,2.57,2.512026446,,,0.0
2006-09-30,2.7788429752066115,8.693553719008264,40.1,40.1,40.1,40.1,,8.610247933884297,,0.2326611570247934,0.1856528925619834,2.2849586776859505,,,0.0003570247933884,0.3790413223140496,,,,,,10.603636363636364,0.0,0.6188429752066114,,38.19570247933884,696.152,696.152,0.3897520661157024,,1.1781818181818182,20.3,20.3,20.3,20.3,11.347438016528926,50.1,50.1,50.1,18.327,16.54809917355372,4.91504132231405,4.206942148760331,4.206942148760331,4.206942148760331,0.7140495867768595,9.71,9.71,9.71,4.02,4.02,4.02,4.02,,3.08,,3.08,45.8,16.286280991735538,17.089586776859505,16.589752066115704,0.4248595041322313,,3.0347107438016527,46.46082644628099,0.9721344416742508,0.2374214876033057,,,,1.1900826446280992,5.51603305785124,11.359338842975207,,49.8,49.8,28.038347107438018,6.807272727272728,,1.1246280991735538,0.4224793388429752,30.3,30.3,,67.907,3.333,3.333,,,,33.51,33.51,,1.06,,8.17305124,0.547,7.949752066,3.806479339,2.810969256,2.52,2.37067438,,,0.0
2006-10-31,2.1582148760330577,8.34386776859504,32.8,32.8,32.8,32.8,,7.083371900826446,,0.2318082644628099,0.3523239669421488,2.2504462809917354,,,0.0731702479338843,0.4974347107438016,,,,,,10.311471074380163,0.0,0.6579173553719007,,39.61646280991735,668.37,668.37,0.4058181818181818,,0.9530578512396696,14.8,14.8,14.8,14.8,7.85196694214876,49.3,49.3,49.3,20.254,16.583206611570247,4.562380165289256,3.818380165289256,3.818380165289256,3.818380165289256,0.7255537190082645,7.766,7.75,7.75,3.99,3.99,3.99,3.99,,1.89,,1.89,42.2,14.037619834710744,14.59100826446281,14.38195041322314,0.4070479338842975,,3.357223140495868,46.042,1.4407796188114874,0.3185057851239669,,,,1.5986776859504133,13.281322314049588,6.111867768595041,0.4371768595041322,52.4,52.4,12.475834710743802,5.484694214876033,,0.9284628099173554,0.5841322314049586,27.8,27.8,,68.539,2.509,2.509,,,,32.69,32.69,,1.58,,5.401031405,0.317,2.705454545,1.836634711,1.59273124,2.02,1.117017521,,,0.0
2006-11-30,2.469421487603306,10.829752066115702,33.1,33.1,33.1,33.1,,0.574809917355372,,0.2207603305785124,1.9100826446280992,2.15404958677686,,,1.975537190082645,0.6247933884297522,,,,,,13.394380165289256,0.4361652892561983,1.4102479338842977,,38.18380165289256,655.089,655.089,0.3962975206611571,,1.0175206611570249,12.9,12.9,12.9,12.9,4.546115702479339,37.9,37.9,37.9,27.503,26.78280991735537,3.147768595041322,2.5289256198347108,2.5289256198347108,2.5289256198347108,0.72,8.136,8.11,8.11,3.98,3.98,3.98,3.98,,2.63,,2.63,33.7,10.55603305785124,11.389090909090909,11.484297520661157,0.3153719008264463,,4.694876033057851,46.456,2.3667814595805976,0.8628099173553719,,,,0.7854545454545454,20.564628099173557,7.205950413223141,0.4099834710743801,59.1,59.1,16.42314049586777,7.128595041322314,,1.0115702479338844,0.5771900826446281,33.4,33.4,,68.003,4.618,4.618,,,,33.982,33.982,,0.574,,2.275739504,0.298,0.0,0.489123967,0.350138182,1.28,0.165413554,,,0.0
2006-12-31,3.572429752066116,19.30710743801653,33.9,33.9,33.9,33.9,,0.7194049586776858,,0.2281190082644628,9.087867768595045,2.3795702479338847,,,11.934743801652893,0.7501487603305785,,,,,,28.43186776859504,6.320925619834711,1.8507768595041325,,35.26928925619835,687.888,687.888,0.4064330578512397,,4.439404958677686,11.9,11.9,11.9,11.9,4.900561983471074,33.8,33.8,33.8,28.475,27.884628099173558,2.736198347107438,2.1090247933884294,2.1090247933884294,2.1090247933884294,1.0022479338842976,8.983,8.95,8.95,3.99,3.99,3.99,3.99,,3.07,,3.07,28.8,9.481388429752064,10.127008264462807,10.563570247933884,0.4082776859504132,,12.057719008264463,47.857,6.335149888089055,3.541685950413223,,,,0.6007338842975206,20.506115702479335,9.991735537190085,0.4279537190082644,61.5,61.5,21.569851239669426,13.902347107438016,,0.9407603305785124,0.6763636363636364,56.1,56.1,,70.322,4.998,4.998,,,,36.415,36.415,,0.35,,2.174173884,0.0,0.0,0.528178512,0.270757686,1.06,0.166843636,,,0.0
2007-01-31,3.84297520661157,12.242181818181818,34.4,34.4,34.4,34.4,,0.7501487603305785,,0.2324231404958677,7.003438016528926,2.3918677685950414,,,8.903404958677687,0.6394710743801653,,,,,,22.393785123966943,4.390214876033059,0.983801652892562,,58.517752066115705,674.62,674.62,0.3873719008264463,,3.271140495867769,9.47,9.5,9.47,9.47,3.824528925619835,23.4,23.4,23.4,25.376,24.398280991735536,2.711603305785124,2.0967272727272728,2.0967272727272728,2.0967272727272728,0.8485289256198347,9.064,9.04,9.04,3.99,3.99,3.99,3.99,,3.07,,3.07,27.5,4.900561983471074,5.773685950413224,6.271735537190082,0.3726148760330578,,8.964892561983472,81.036,3.0423093177174354,1.4572561983471075,,,,0.7255537190082645,18.73527272727273,7.550677685950413,0.4457851239669421,61.6,61.6,20.063404958677687,11.750280991735536,,0.7993388429752066,0.2152066115702479,72.2,72.2,,63.444,4.551,4.551,,,,37.912,37.912,,0.456,,2.179904132,0.0,0.0,0.501738843,0.315473058,1.16,0.118119669,,,0.0
2007-02-28,3.7043305785123968,31.64509090909091,37.6,37.6,37.6,37.6,,1.1773884297520665,,0.2660231404958678,16.372363636363634,7.558611570247934,,,20.38214876033058,1.716099173553719,,,,,,48.94492561983471,9.513520661157024,8.191735537190082,,61.70181818181818,744.239,744.239,0.3609917355371901,,9.857851239669422,11.8,11.8,11.8,11.8,1.0774214876033057,31.1,31.1,31.1,20.882,20.32105785123967,2.3936528925619838,1.7716363636363637,1.7716363636363637,1.7716363636363637,1.249586776859504,9.963,9.95,9.95,3.99,3.99,3.99,3.99,,3.08,,3.08,31.7,5.348231404958678,8.619371900826446,9.03590082644628,0.4615140495867768,,27.82968595041322,108.634,17.07980605576433,11.33514049586777,,,,0.5998016528925619,12.801322314049589,11.884958677685953,,65.4,65.4,16.644495867768597,23.286743801652893,,23.858776859504133,0.3443305785123967,105.7,105.7,,66.862,5.961,5.961,,,,43.582,43.582,,0.257,,1.531681983,0.0,0.0,0.396535537,0.246593058,0.89,0.180208264,,,0.0
2007-03-31,5.238743801652893,23.19312396694215,43.8,43.8,43.8,43.8,,1.3834710743801653,,0.2896066115702479,22.012561983471077,2.3180826446280998,,,27.34353719008265,0.6456198347107438,,,,,,56.34109090909091,15.617851239669422,0.694809917355372,,60.3500826446281,809.782,809.782,0.4021289256198348,,18.7721652892562,18.2,18.2,18.2,18.2,1.3957685950413223,50.4,50.4,50.4,18.723000000000003,18.317157024793385,3.117421487603306,2.219702479338843,2.219702479338843,2.219702479338843,1.2297520661157024,11.049,11.1,11.1,4.01,4.01,4.01,4.01,,3.09,,3.09,37.7,3.4125619834710745,8.17785123966942,8.091768595041323,0.5189553719008264,,21.809652892561985,96.98,7.971341544903579,2.840727272727273,,,,0.5429355371900827,2.5947768595041327,21.20092561983471,,65.0,65.0,21.317752066115705,14.664793388429752,,25.54809917355372,0.4919008264462809,104.5,104.5,,63.61,5.296,5.296,,,,48.547,48.547,,0.142,,1.888066116,0.0,0.0,0.392290909,0.344033058,1.02,0.119472397,,,0.0
2007-04-30,4.0938842975206615,17.452561983471075,54.8,54.8,54.8,54.8,,1.487603305785124,,0.2683636363636363,17.321652892561982,2.868099173553719,,,16.732561983471076,0.7676033057851241,,,,,,51.58413223140498,8.467438016528925,0.708099173553719,,43.271404958677685,856.834,856.834,0.4189090909090908,,24.45619834710744,29.9,29.9,29.9,29.9,1.8922314049586777,66.8,66.8,66.8,25.14,24.39074380165289,2.243305785123967,1.4340495867768597,1.4340495867768597,1.4340495867768597,0.9758677685950412,12.959,13.0,13.0,4.02,4.02,4.02,4.02,,3.12,,3.12,45.5,2.677685950413223,6.747768595041323,6.71801652892562,0.4528264462809918,,12.12694214876033,62.854,5.617436327823697,2.27900826446281,,,,0.5890909090909091,15.387768595041326,12.269752066115702,,65.3,65.3,23.075702479338844,10.08595041322314,,8.28892561983471,0.7140495867768595,103.1,103.1,,66.062,5.716,5.716,,,,48.547,48.547,,0.483,,3.750892562,0.899,4.167272727,2.076099174,1.70588293,1.1,1.008523636,,,0.0
2007-05-31,2.5517355371900825,12.72793388429752,63.7,63.7,63.7,63.7,,4.138115702479339,,0.2754644628099174,12.697190082644628,3.547834710743801,,,12.574214876033055,0.9161652892561984,,,,,,52.97771900826447,5.681454545454546,0.6825123966942149,,77.59735537190083,852.806,852.806,0.4457851239669421,,23.4083305785124,45.5,45.5,45.5,45.5,2.8038347107438018,70.5,70.5,70.5,32.01,30.903669421487603,4.427107438016529,3.744595041322314,3.744595041322314,3.744595041322314,1.051438016528926,13.94,14.0,14.0,4.01,4.01,4.01,4.01,,3.09,,3.09,57.4,1.7155041322314049,5.011239669421488,5.078876033057851,0.3541685950413223,,9.149355371900828,100.55,3.2802258005509657,1.0821818181818184,,,,0.6210247933884298,17.97897520661157,15.574809917355372,,65.2,65.2,24.42287603305785,12.512727272727274,,2.311933884297521,0.5410909090909092,93.7,93.7,,62.849,5.445,5.445,,,,47.381,47.381,,0.573,,6.026481322,1.14,15.25487603,2.515457851,2.706785455,2.31,1.792153388,,,0.0
2007-06-30,3.3381818181818184,10.08595041322314,59.0,59.0,59.0,59.0,,6.182479338842975,,0.2653884297520661,1.416198347107438,2.832396694214876,,,1.344793388429752,0.72,,,,,,17.38710743801653,0.934214876033058,0.9401652892561984,,70.51239669421487,804.072,804.072,0.4361652892561983,,2.320661157024793,41.6,41.6,41.6,41.6,6.789421487603306,60.2,60.2,60.2,21.88,19.154380165289258,5.200661157024793,4.361652892561984,4.361652892561984,4.361652892561984,0.8628099173553719,11.5,11.5,11.5,4.01,4.01,4.01,4.01,,3.08,,3.08,61.1,5.593388429752066,5.920661157024793,5.325619834710744,0.5801652892561984,0.0381421487603305,4.427107438016529,84.924,1.645800095041318,0.4659173553719008,,,,1.207933884297521,18.541487603305782,1.44,,60.8,60.8,21.07041322314049,5.890909090909091,,2.0409917355371903,0.0589090909090909,72.6,72.6,,63.565,5.02,5.02,,,,44.26,44.26,,1.07,,6.133941818,2.454,13.86842975,3.263206612,2.890312066,2.69,2.100745785,,,0.0
2007-07-31,3.486347107438017,8.589818181818181,52.6,52.6,52.6,52.6,,6.11801652892562,,0.2859173553719009,0.3129719008264462,2.1643636363636367,,,0.1254347107438016,0.4912859504132231,,,,,,9.905652892561983,0.0,0.8546776859504133,,87.92727272727272,725.698,725.698,0.417500826446281,,0.5349421487603305,32.8,32.8,32.8,32.8,8.706644628099173,55.2,55.2,55.2,27.62,24.25685950413223,5.533884297520661,4.636165289256199,4.636165289256199,4.636165289256199,0.4261090909090909,7.66,7.66,7.66,4.01,4.01,4.01,4.01,,3.08,,3.08,53.5,16.964429752066113,17.788363636363638,17.191933884297523,0.272390082644628,0.0386757024793388,2.699305785123967,94.046,1.2314464202192623,0.322195041322314,,,,1.3957685950413223,14.357355371900828,10.29302479338843,,57.4,57.4,23.303801652892563,6.898909090909091,,3.8491239669421486,0.0,46.1,46.1,,64.947,5.102,5.102,,,,39.513,39.513,,1.28,,6.618198347,2.68,16.76033058,4.141804959,3.136369587,2.99,2.550101157,,,0.0
2007-08-31,3.203504132231405,7.138710743801653,46.2,46.2,46.2,46.2,,5.90895867768595,,0.2705454545454546,0.0002459504132231,1.8446280991735535,,,0.0,0.1672462809917355,,,,,,7.901157024793388,0.0,0.5324826446280991,,76.30611570247935,656.767,656.767,0.3941355371900826,,0.5349421487603305,24.4,24.4,24.4,24.4,8.159404958677685,39.7,39.7,39.7,35.22,31.29104132231405,5.779834710743802,4.765289256198347,4.765289256198347,4.765289256198347,0.4193454545454545,6.55,6.55,6.55,3.25,3.25,3.25,3.25,,3.04,,3.04,45.7,14.892297520661158,15.144396694214876,14.836958677685953,0.2797685950413223,0.0351094214876033,2.311933884297521,81.793,0.9447663287906878,0.2287338842975207,,,,1.088330578512397,20.610644628099173,10.231537190082644,,60.6,60.6,23.605090909090908,6.228694214876033,,3.2280991735537192,0.0,22.6,22.6,,65.534,4.965,4.965,,,,34.867,34.867,,1.04,,6.22546314,2.584,13.86247934,4.185461157,3.031045289,2.93,2.575090909,,,0.0
2007-09-30,2.148099173553719,6.378842975206611,41.5,41.5,41.5,41.5,,4.325950413223141,,0.2582479338842974,0.0317157024793388,1.7315702479338844,,,0.0076165289256198,0.1945785123966941,,,,,,7.211900826446281,0.0,0.4819834710743801,,46.91900826446281,617.54,617.54,0.3808264462809917,,0.4760330578512396,20.3,20.3,20.3,20.3,5.617190082644628,36.9,36.9,36.9,16.893000000000004,14.77487603305785,5.64694214876033,4.337851239669422,4.337851239669422,4.337851239669422,0.4373553719008264,6.19,6.19,6.19,2.06,2.06,2.06,2.06,,1.8,,1.8,39.7,12.674380165289255,13.412231404958678,12.769586776859503,0.2802644628099174,0.0484363636363636,2.362314049586777,52.489,1.2907337136268129,0.4165289256198347,,,,0.0,10.169256198347108,4.504462809917356,,50.7,50.7,21.266776859504134,5.051900826446281,,0.8628099173553719,0.0,16.4,16.4,,65.503,4.105,4.105,,,,31.027,31.027,,0.111,,5.662458843,0.781,4.367603306,3.771371901,2.92589157,2.56,2.474895868,,,0.0
2007-10-31,1.9614545454545456,6.763636363636364,38.4,38.4,38.4,38.4,,3.5355371900826444,,0.264396694214876,0.744,2.053685950413223,,,0.6517685950413223,0.5121917355371901,,,,,,9.5859173553719,0.0,1.174413223140496,,46.607603305785126,584.693,584.693,0.396595041322314,,0.8374214872249887,17.3,17.3,17.3,17.3,5.023537190082645,39.7,39.7,39.7,11.277,10.17004958677686,4.470148760330579,2.311933884297521,2.311933884297521,2.311933884297521,0.5589223140495868,6.35,6.35,6.35,2.68,2.68,2.68,2.68,,1.78,,1.78,33.3,10.61890909090909,11.40595041322314,10.66195041322314,0.3240396694214875,,3.695404958677686,60.165619834710746,5.819822854527749,3.4125619834710745,,,,0.0,7.446148760330579,3.381818181818182,,49.3,49.3,7.673652892561983,5.460099173553719,,0.7808925619834711,0.6763636363636364,16.6,16.6,,64.089,5.169,5.169,,,,31.224,31.224,,0.254,,4.319813554,0.44,1.572892562,1.456026446,1.423963636,1.69,0.86525157,,,0.0
2007-11-30,1.7851239669421488,5.87900826446281,35.2,35.2,35.2,35.2,,3.284628099173554,,0.252297520661157,0.4379504132231406,1.963636363636364,,,0.2975206611570248,0.5099504132231407,,,,,,8.336528925619834,0.0,0.7973553719008264,,52.68495867768595,544.252,544.252,0.3820165289256198,,0.5343471066813824,12.1,12.1,12.1,12.1,7.07504132231405,33.0,33.0,33.0,17.173,16.869421487603304,3.207272727272727,2.4158677685950414,2.4158677685950414,2.4158677685950414,0.5141157024793389,6.25,6.25,6.25,2.95,2.95,2.95,2.95,,1.89,,1.89,32.8,4.058181818181819,4.694876033057851,4.712727272727273,0.2552727272727272,,3.403636363636364,62.47933884297521,0.9515149585258874,0.2778842975206611,,,,0.0,11.26413223140496,6.521652892561984,0.4831735537190083,62.6,62.6,4.79603305785124,1.8446280991735535,,0.9699173553719008,1.487603305785124,18.3,18.3,,63.8,4.92,4.92,,,,31.991,31.991,,0.307,,2.386048264,0.0,0.0,0.444495868,0.423375868,1.27,0.130343802,,,0.0
2007-12-31,2.244297520661157,9.444495867768596,35.0,35.0,35.0,35.0,,0.8362314049586776,,0.2527140495867769,2.3242314049586774,2.016793388429752,,,2.914512396694215,0.694809917355372,,,,,,9.76423140495868,0.4310280991735537,0.8485289256198347,,39.93004958677686,528.268,528.268,0.4027438016528926,,0.7027438001396242,9.71,9.7,9.71,9.71,3.0436363636363635,23.1,23.1,23.1,18.065,17.18578512396694,2.93295867768595,1.6847603305785124,1.6847603305785124,1.6847603305785124,0.6702148760330578,6.26,6.26,6.26,3.5,3.5,3.5,3.5,,2.2,,2.2,30.5,4.002842975206611,4.550082644628099,4.304132231404958,0.2447206611570247,,7.913454545454544,56.61163636363637,4.600150920559957,2.1643636363636367,,,,0.2773090909090909,11.670347107438015,7.040330578512397,0.5023537190082645,56.5,56.5,20.51841322314049,10.692694214876033,,1.389619834710744,1.2297520661157024,41.4,41.4,,64.013,5.334,5.334,,,,34.012,34.012,,0.358,,2.126098512,0.0,0.0,0.419960331,0.349251636,1.11,0.14649719,,,0.0
2008-01-31,2.631669421487603,21.62519008264463,36.2,36.2,36.2,36.2,,0.5878214876033058,,0.2545586776859503,9.069421487603304,2.1889586776859504,,,11.70109090909091,0.768595041322314,,,,,,18.56925619834711,3.437157024793388,1.2912396694214876,,40.14525619834711,546.179,546.179,0.4033586776859503,,2.2849586776859505,10.1,10.1,10.1,10.1,0.8546776859504133,17.5,17.5,17.5,18.379,18.335603305785124,3.0067438016528927,1.4388099173553717,1.4388099173553717,1.4388099173553717,1.03299173553719,6.55,6.55,6.55,4.0,4.0,4.0,4.0,,3.08,,3.08,27.9,5.490842975206611,6.566876033057851,4.6115702479338845,0.2877619834710743,,20.53685950413223,76.85950413223141,13.378043395342672,9.38300826446281,,,,0.1746247933884297,12.31596694214876,8.257785123966944,0.4980495867768595,64.1,64.1,17.259570247933883,10.231537190082644,,1.6417190082644628,1.1682644628099172,75.3,75.3,,63.61,5.389,5.389,,,,37.384,37.384,,0.301,,2.012481322,0.0,0.0,0.464231405,0.224437686,1.06,0.241196033,,,0.0
2008-02-29,2.542413223140496,21.938380165289253,36.7,36.7,36.7,36.7,,0.5119338842975207,,0.2479140495867768,12.72932231404959,2.346842975206611,,,16.905322314049585,0.8110413223140495,,,,,,22.24323966942148,3.433983471074381,0.638479338842975,,39.32687603305786,578.086,578.086,0.3738842975206611,,2.6618181818181816,8.91,8.9,8.91,8.91,2.346842975206611,13.8,13.8,13.8,16.658,17.41725619834711,2.904793388429752,1.760132231404959,1.760132231404959,1.760132231404959,0.8340495867768595,6.65,6.65,6.65,4.0,4.0,4.0,4.0,,3.08,,3.08,25.9,5.1020826446281,5.5047272727272745,1.2942148760330578,0.2772495867768595,,23.468429752066115,79.03338842975207,13.375480647703371,8.858181818181817,,,,0.039459173553719,9.617454545454544,9.433388429752066,0.5487471074380165,58.8,58.8,18.797752066115702,24.22770247933884,,29.444826446280985,1.207933884297521,97.8,97.8,,64.333,5.742,5.742,,,,41.866,41.866,,0.342,,1.964001322,0.0,0.0,0.429679339,0.209767934,0.87,0.250052231,,,0.0
2008-03-31,4.79603305785124,18.82135537190083,38.5,38.5,38.5,38.5,,0.9776528925619836,,0.2668561983471074,20.081851239669422,2.244297520661157,,,24.10928925619835,0.8362314049586776,,,,,,38.41745454545454,13.281322314049588,0.7009586776859504,,25.91087603305785,648.698,648.698,0.4058181818181818,,11.444628099173556,6.89,6.9,6.89,6.89,5.410909090909091,26.0,26.0,26.0,27.411,28.745454545454542,3.26499173553719,2.7054545454545456,2.7054545454545456,2.7054545454545456,1.3527272727272728,7.13,7.13,7.13,3.99,3.99,3.99,3.99,,3.08,,3.08,20.6,11.916297520661155,14.443438016528926,13.607206611570248,0.4322578512396693,,20.063404958677687,55.246611570247936,6.321476677856859,2.059834710743801,,,,0.5195702479338842,15.839206611570251,15.04601652892562,0.7993388429752066,59.4,59.4,26.550347107438014,16.392595041322316,,14.357355371900828,1.475702479338843,104.5,104.5,,63.195,4.772,4.772,,,,46.91,46.91,,0.359,,2.977324959,0.0,0.0,0.346175207,0.318446281,0.92,0.077690579,,,0.0
2008-04-30,4.379504132231405,17.5001652892562,48.0,48.0,48.0,48.0,,1.689917355371901,,0.2588429752066116,20.16595041322314,2.725289256198347,,,22.379504132231403,0.7497520661157027,,,,,,53.7500826446281,17.85123966942149,1.2376859504132227,,54.2201652892562,698.597,698.597,0.3873719008264463,,26.64595041322314,14.0,14.0,14.0,14.0,4.694876033057851,46.2,46.2,46.2,35.393,37.17223140495868,1.618512396694215,1.463801652892562,1.463801652892562,1.463801652892562,0.684297520661157,8.68,8.68,8.68,4.01,4.01,4.01,4.01,,3.1,,3.1,28.8,4.55206611570248,11.2700826446281,9.401652892561984,0.4111735537190083,,15.10214876033058,74.79669421487603,4.124443995867773,0.7557024793388429,,,,0.3927272727272727,18.45223140495868,19.993388429752063,,62.7,62.7,26.312727272727276,16.113719008264464,,6.283636363636363,1.8446280991735535,100.8,100.8,,64.639,5.141,5.141,,,,46.997,46.997,,0.356,,5.18241719,1.484,8.015206612,1.993983471,1.688862149,1.24,0.971879008,,,0.0
2008-05-31,2.0905785123966942,16.540165289256198,64.6,64.6,64.6,64.6,,8.559074380165288,,0.3012892561983472,21.33619834710744,3.381818181818182,,,22.141685950413223,0.9161652892561984,,,,,,84.91438016528926,15.728528925619834,3.640066115702479,,75.26082644628099,756.156,756.156,0.3689256198347107,,38.74909090909091,38.6,38.6,38.6,38.6,2.7054545454545456,71.6,71.6,71.6,36.622,36.21619834710744,5.970446280991736,3.0251900826446283,3.0251900826446283,3.0251900826446283,3.707702479338843,12.5,12.5,12.5,4.01,4.01,4.01,4.01,,3.1,,3.1,52.7,1.32198347107438,11.52892561983471,6.905057851239669,0.309897520661157,,14.621752066115702,97.70380165289257,3.331863403305785,0.4365619834710744,,,,0.5066578512396694,19.780561983471078,16.24502479338843,,64.1,64.1,25.787900826446283,15.408793388429752,,2.4349090909090907,1.7216528925619834,90.5,90.5,,63.233,5.428,5.428,,,,44.832,44.832,,0.526,,7.711410248,1.607,11.90082645,3.347385124,2.804467438,2.32,2.168029091,,,0.0
2008-06-30,5.099504132231405,9.8300826446281,60.3,60.3,60.3,60.3,,8.366280991735538,,0.251702479338843,3.59404958677686,2.7193388429752066,,,3.076363636363636,0.7021487603305785,,,,,,23.575537190082645,2.772892561983471,0.6545454545454545,,69.20330578512397,717.211,717.211,0.3516694214876034,,7.132561983471074,43.6,43.6,43.6,43.6,2.0707438016528927,56.6,56.6,56.6,30.978,29.78776859504132,5.325619834710744,4.55206611570248,4.55206611570248,4.55206611570248,0.4611570247933884,13.097,13.1,13.1,3.98,3.98,3.98,3.98,,3.06,,3.06,56.4,7.568925619834711,9.300495867768594,8.050909090909093,0.299305785123967,,4.337851239669422,78.24793388429752,1.5260320820149569,0.2534876033057851,,,,1.0472727272727274,15.292561983471074,13.44793388429752,,62.9,62.9,26.062809917355374,8.366280991735538,,2.3325619834710745,0.1071074380165289,67.3,67.3,,64.417,5.08,5.08,,,,41.423,41.423,,1.0,,7.945983471,2.494,16.38545455,3.671404959,2.827459835,2.66,2.28994314,,,0.0
2008-07-31,3.135867768595041,6.542280991735537,52.0,52.0,52.0,52.0,,8.239338842975206,,0.2379570247933884,0.2588628099173554,2.1090247933884294,,,0.1088330578512396,0.3252694214876034,,,,,,10.040925619834711,0.2939107438016529,0.7501487603305785,,90.9401652892562,637.169,637.169,0.4015140495867768,,0.494280995140391,41.2,41.2,41.2,41.2,2.275041322314049,44.2,44.2,44.2,28.592,26.261355371900827,5.927404958677686,4.894413223140496,4.894413223140496,4.894413223140496,0.4654611570247934,12.283,12.3,12.3,3.95,3.95,3.95,3.95,,2.88,,2.88,48.0,16.5955041322314,17.93593388429752,16.017520661157025,0.3240396694214875,0.0287761983471074,2.56403305785124,98.31867768595042,1.1417520260763472,0.2256595041322314,,,,1.2174545454545451,16.79226446280992,8.079471074380166,0.7378512396694215,55.1,55.1,27.06684297520661,9.001785123966942,,1.3281322314049588,0.0,45.2,45.2,,65.511,5.069,5.069,,,,37.063,37.063,,1.17,,8.405299835,2.297,15.84595041,4.140575207,2.905741488,2.87,2.457617851,,,0.0
2008-08-31,2.7054545454545456,6.031933884297521,44.5,44.5,44.5,44.5,,6.917355371900826,,0.2447206611570247,0.0,1.7216528925619834,,,0.0,0.1119074380165289,,,,,,7.544528925619835,0.0,0.5281785123966943,,80.54876033057852,566.066,566.066,0.379993388429752,,0.4399338846758377,33.1,33.1,33.1,33.1,8.067173553719007,25.9,25.9,25.9,39.143,36.03173553719008,6.394710743801653,4.906710743801653,4.906710743801653,4.906710743801653,0.4464,11.882,11.9,11.9,3.9,3.9,3.9,3.9,,2.81,,2.81,37.9,16.503272727272723,17.62234710743802,15.839206611570251,0.3197355371900826,0.0302519008264462,2.2504462809917354,88.84958677685951,0.7960736605599541,0.1272793388429751,,,,1.0637355371900827,16.380297520661156,20.315504132231403,,60.3,60.3,24.07239669421488,8.68819834710744,,9.229289256198348,0.0,12.1,12.1,,62.811,5.218,5.218,,,,32.295,32.295,,1.07,,8.10009719,1.833,16.1553719,4.534095868,2.957508099,2.69,2.530058182,,,0.0
2008-09-30,1.6066115702479338,4.599669421487604,39.1,39.1,39.1,39.1,,4.468760330578513,,0.6426446280991736,0.0257652892561983,1.5887603305785123,,,0.0077355371900826,0.0987768595041322,,,,,,6.253884297520661,0.0,0.3927272727272727,,52.44694214876033,522.359,522.359,0.3576198347107438,,0.53454545643704,24.1,24.1,24.1,24.1,9.734876033057851,29.6,29.6,29.6,14.947,13.549090909090909,5.39702479338843,4.450909090909091,4.450909090909091,4.450909090909091,0.4950743801652893,7.39,7.39,7.39,4.01,4.01,4.01,4.01,,3.09,,3.09,32.5,13.102809917355373,14.566611570247934,12.144793388429752,1.1662809917355372,0.0349289256198347,3.2548760330578514,51.64363636363636,0.8046464269353943,0.1523305785123966,,,,0.8925619834710744,2.8621487603305784,11.198677685950411,,45.5,45.5,21.742809917355373,7.473719008264463,,4.724628099173554,0.3332231404958677,2.9,2.9,,69.215,5.031,5.031,,,,27.909,27.909,,1.09,,7.325404959,0.772,2.887933884,4.280727273,2.785301157,2.43,2.46426843,,,0.0
2008-10-31,1.0637355371900827,5.460099173553719,32.6,32.6,32.6,32.6,,4.464,,3.105123966942149,2.840727272727273,1.869223140495868,,,2.9083636363636365,0.2883768595041323,,,,,,6.8681652892562,0.0,0.7009586776859504,,1.2604958677685951,488.367,488.367,0.3996694214876033,,0.5603305804039821,14.1,14.1,14.1,14.1,11.645752066115705,33.4,33.4,33.4,13.644000000000002,12.334413223140496,4.0458842975206615,2.6685619834710743,2.6685619834710743,2.6685619834710743,0.5761388429752066,6.926,6.9,6.9,2.46,2.46,2.46,2.46,,2.12,,2.12,31.5,8.377685950413223,10.57586776859504,8.34386776859504,0.2902214876033058,,2.93295867768595,54.47801652892562,4.643420463993081,3.381818181818182,,,,1.19900826446281,0.0,13.92694214876033,0.4334876033057851,42.0,42.0,10.932495867768596,5.478545454545454,,0.971504132231405,1.1682644628099172,3.8,3.8,,65.837,5.064,5.064,,,,26.124,26.124,,1.11,,4.985135207,0.815,0.0,2.289183471,1.52481719,1.75,1.384244628,,,0.0
2008-11-30,2.0469421487603308,8.193719008264463,31.2,31.2,31.2,31.2,,2.975206611570248,,0.2296859504132231,2.267107438016529,1.874380165289256,,,2.2254545454545456,0.5331570247933886,,,,,,12.46611570247934,0.0,3.629752066115703,,0.0,475.717,475.717,0.3867768595041322,,2.51900826446281,10.9,10.9,10.9,10.9,7.104793388429752,28.1,28.1,28.1,20.606,19.707768595041323,2.951404958677686,1.820826446280992,1.820826446280992,1.820826446280992,0.6545454545454545,7.29,7.27,7.27,2.72,2.72,2.72,2.72,,2.86,,2.86,33.6,3.4274380165289258,4.772231404958678,4.510413223140496,0.348099173553719,,5.605289256198347,47.96628099173554,2.151103510413226,0.6009917355371901,,,,0.8985123966942149,0.0,21.94512396694215,0.4242644628099173,56.7,56.7,7.640330578512397,1.868429752066116,,0.7557024793388429,1.071074380165289,7.3,7.3,,66.008,4.7,4.7,,,,27.175,27.175,,0.728,,2.354572562,0.048,0.0,0.476033058,0.406817851,1.21,0.123435372,,,0.0
2008-12-31,1.3404297520661157,7.821223140495868,31.5,31.5,31.5,31.5,,0.4968198347107437,,0.2275041322314049,1.690909090909091,1.986049586776859,,,1.8753719008264464,0.471609917355372,,,,,,9.161652892561984,0.5712198347107437,0.744,,16.435636363636362,460.123,460.123,0.3996694214876033,,0.790016529303937,9.79,9.8,9.79,9.79,1.77699173553719,17.2,17.2,17.2,17.615999999999996,16.07900826446281,3.135867768595041,2.016793388429752,2.016793388429752,2.016793388429752,0.7624462809917355,7.323,7.32,7.32,3.03,3.03,3.03,3.03,,3.07,,3.07,30.1,4.746228099173554,4.931305785123967,5.380165289256198,0.2877619834710743,,6.314776859504132,48.16938842975207,2.7704237405177947,0.983801652892562,,,,0.7562975206611571,0.0,18.403239669421488,,54.9,54.9,16.435636363636362,6.542280991735537,,0.8116363636363636,0.1291239669421487,19.5,19.5,,64.632,4.673,4.673,,,,28.911,28.911,,0.518,,1.878115041,0.0,0.0,0.406433058,0.391729587,1.12,0.124718678,,,0.0
2009-01-31,2.545586776859504,9.954842975206612,32.1,32.1,32.1,32.1,,0.6763636363636364,,0.2287338842975207,7.0341818181818185,2.102876033057852,,,8.725090909090909,0.6456198347107438,,,,,,18.80290909090909,6.197950413223141,0.7378512396694215,,31.604628099173556,477.164,477.164,0.372,,5.815537190082645,10.1,10.1,10.1,10.1,1.6663140495867768,25.5,25.5,25.5,9.082,8.208595041322313,2.840727272727273,2.262743801652892,2.262743801652892,2.262743801652892,1.0944793388429752,7.708,7.71,7.71,3.98,3.98,3.98,3.98,,3.08,,3.08,29.0,4.5580760330578505,5.140363636363635,5.380165289256198,0.3824528925619835,,11.473586776859504,43.24423140495868,2.935094174519313,1.0821818181818184,,,,0.707107438016529,3.947504132231405,6.290181818181818,0.4420958677685951,59.2,59.2,9.512132231404957,1.6663140495867768,,0.8915702479338843,0.0,18.88,18.88,,65.309,5.273,5.273,,,,31.114,31.114,,0.46,,1.645898182,0.0,0.0,0.348634711,0.316093884,1.01,0.059867107,,,0.0
2009-02-28,1.2884628099173556,43.26347107438016,35.3,35.3,35.3,35.3,,1.0940826446280991,,0.1938247933884297,13.767669421487604,8.11398347107438,,,17.488661157024794,1.416198347107438,,,,,,40.36998347107439,8.363900826446283,8.391669421487606,,19.654611570247933,576.374,576.374,0.3354446280991736,,9.867768595041325,11.6,11.6,11.6,11.6,1.5439338842975208,38.7,38.7,38.7,13.734,15.80588429752066,2.9990082644628098,2.0826446280991737,2.0826446280991737,2.0826446280991737,1.6494545454545455,8.498,8.47,8.47,3.99,3.99,3.99,3.99,,3.09,,3.09,34.5,3.790413223140496,6.375669421487603,6.514512396694215,0.4148628099173553,,33.15570247933884,68.03305785123968,13.938809333597574,8.78598347107438,,,,0.5131636363636365,14.300826446280992,6.953256198347107,,66.4,66.4,12.162644628099171,16.13910743801653,,0.9441322314049588,0.0261024793388429,58.12,58.12,,62.146,6.019,6.019,,,,36.814,36.814,,0.268,,1.244441653,0.0,0.0,0.283795041,0.164630083,0.79,0.129907438,,,0.0
2009-03-31,4.623867768595042,50.13699173553719,42.3,42.3,42.3,42.3,,1.832330578512397,,0.2908363636363636,29.649322314049588,7.925752066115702,,,37.90095867768595,1.7954380165289257,,,,,,78.27371900826448,16.40489256198347,15.91299173553719,,14.111404958677683,773.515,773.515,0.3867570247933885,,18.12495867768595,14.9,14.9,14.9,14.9,1.9491570247933885,48.2,48.2,48.2,36.222,36.40066115702479,3.984396694214876,3.3264793388429754,3.3264793388429754,3.3264793388429754,2.059834710743801,9.557,9.58,9.58,4.0,4.0,4.0,4.0,,3.1,,3.1,39.1,7.577117355371899,13.668694214876034,12.205289256198348,0.537401652892562,,46.62604958677686,79.19603305785124,18.210711938613585,9.850314049586776,,,,0.8239338842975207,17.60390082644628,26.3843305785124,,66.3,66.3,18.47702479338843,48.97487603305785,,43.35490909090909,1.3527272727272728,93.74,93.74,,61.812,5.903,5.903,,,,46.794,46.794,,0.225,,1.093156364,0.0,0.0,0.328343802,0.318634711,0.7,0.171482975,,,0.0
2009-04-30,2.0528925619834717,20.564628099173557,55.0,55.0,55.0,55.0,,2.7193388429752066,,0.3106115702479338,21.3798347107438,2.683636363636364,,,23.926611570247932,0.8390082644628103,,,,,,64.68099173553719,17.214545454545455,1.2674380165289256,,72.29752066115702,818.31,818.31,0.3748760330578512,,33.016859504132235,26.2,26.2,26.2,26.2,2.3563636363636364,60.2,60.2,60.2,45.663,45.69917355371901,1.5887603305785123,1.2257851239669422,1.2257851239669422,1.2257851239669422,1.297190082644628,11.599,11.6,11.6,4.0,4.0,4.0,4.0,,3.1,,3.1,47.8,5.523768595041323,12.22809917355372,12.370909090909093,0.6128925619834711,,17.333553719008265,92.70743801652893,4.976113431129483,0.9401652892561984,,,,0.4373553719008264,22.016528925619838,27.58611570247934,,66.3,66.3,22.855537190082643,33.203305785123966,,25.66413223140496,1.725619834710744,93.74,93.74,,61.746,5.713,5.713,,,,47.786,47.786,,0.228,,4.700844298,1.591,8.239338843,1.583404959,1.782355041,1.13,1.020741818,,,0.0
2009-05-31,4.156561983471073,26.74095867768595,67.1,67.1,67.1,67.1,,6.548429752066116,,16.61395041322314,35.226247933884295,20.97957024793389,,,38.798677685950416,1.8446280991735535,,,,,,129.86181818181814,14.910743801652892,11.20919008264463,,124.69685950413223,929.624,929.624,0.4759140495867768,,63.2290909090909,49.1,49.1,49.1,49.1,16.134347107438014,72.3,72.3,72.3,46.331,46.2694214876033,4.771438016528925,4.427107438016529,4.427107438016529,4.427107438016529,56.98056198347108,14.2,14.2,14.2,4.03,4.03,4.03,4.03,,3.11,,3.11,62.2,7.4117157024793405,16.146644628099175,15.66704132231405,13.521123966942149,,104.52892561983472,243.0604958677686,10.82234428787879,7.796628099173554,,,,0.5527735537190083,21.723570247933885,29.21276033057851,,66.3,66.3,23.43907438016529,42.78307438016528,,26.224462809917355,1.414214876033058,91.85,91.85,,64.693,5.697,5.697,,,,48.366,48.366,,0.274,,7.442479339,2.005,20.28495868,2.407239669,2.469637686,2.26,1.806644628,,,0.0
2009-06-30,4.456859504132232,12.329256198347109,63.6,63.6,63.6,63.6,,8.27702479338843,,0.3344132231404958,4.837685950413223,2.570578512396694,,,4.819834710743802,0.708099173553719,,,,,,29.90082644628099,2.433719008264463,0.6188429752066114,,112.70082644628098,860.013,860.013,0.4349752066115702,,10.399338842975206,45.9,45.9,45.9,45.9,13.055206611570249,61.4,61.4,61.4,42.307,38.05884297520661,4.712727272727273,4.177190082644628,4.177190082644628,4.177190082644628,2.148099173553719,13.93,13.9,13.9,3.97,3.97,3.97,3.97,,3.06,,3.06,63.8,10.06393388429752,10.889256198347107,9.72297520661157,1.0651239669421488,0.0274314049586776,7.116694214876033,122.87603305785125,2.277004983471074,0.4944793388429753,,,,0.9758677685950412,19.67206611570248,20.78479338842975,,64.5,64.5,23.77785123966942,22.135537190082644,,2.749090909090909,0.0773553719008264,82.8,82.8,,65.736,5.716,5.716,,,,46.446,46.446,,0.809,,8.166311405,2.653,18.90842975,2.899636364,2.752081983,2.45,2.13325686,,,0.0
2009-07-31,2.8099834710743803,7.845818181818182,55.3,55.3,55.3,55.3,,8.042578512396696,,0.2982148760330578,0.9407603305785124,2.0782809917355367,,,0.6763636363636364,0.5663008264462812,,,,,,12.27292561983471,0.0168476033057851,1.088330578512397,,119.900826446281,758.173,758.173,0.4187305785123966,,0.5234380167180842,33.7,33.7,33.7,33.7,12.703338842975208,53.4,53.4,53.4,36.634,31.813685950413223,4.580826446280992,3.984396694214876,3.984396694214876,3.984396694214876,0.5927404958677687,13.528,13.5,13.5,3.94,3.94,3.94,3.94,,2.89,,2.89,54.9,17.77975537190083,17.530115702479343,17.49937190082645,0.2846876033057851,,2.084429752066116,124.63537190082644,1.352600132967897,0.2029090909090909,,,,1.346578512396694,15.857652892561982,18.833652892561982,,63.9,63.9,27.103735537190083,9.493685950413225,,6.087272727272727,0.0,48.84,48.84,,64.509,4.998,4.998,,,,41.634,41.634,,1.22,,8.913328264,2.967,23.64495868,4.054492562,3.02232595,2.79,2.54053686,,,0.0
2009-08-31,2.5701818181818177,6.905057851239669,47.3,47.3,47.3,47.3,,7.495338842975206,,0.256403305785124,0.0879272727272727,1.986049586776859,,,0.0079319008264462,0.2232,,,,,,8.798876033057851,0.0,0.6579173553719008,,113.321652892562,652.711,652.711,0.3996694214876033,,0.439338844866792,19.5,19.5,19.5,19.5,14.652495867768597,45.8,45.8,45.8,35.51499999999999,31.020495867768595,4.808330578512397,4.138115702479339,4.138115702479339,4.138115702479339,0.5281785123966943,13.1,13.1,13.1,3.91,3.91,3.91,3.91,,2.69,,2.69,46.0,16.496509090909093,16.52786776859504,16.472528925619834,0.2551735537190083,,2.1459173553719006,116.9494214876033,0.5788962524450441,0.1303537190082644,,,,1.3527272727272728,15.119801652892562,17.32105785123967,,61.8,61.8,28.03219834710744,9.321520661157026,,7.071074380165289,0.0,21.0,21.0,,67.613,5.1,5.1,,,,36.384,36.384,,1.19,,9.001709752,2.59,16.38347107,4.400667769,2.981218512,2.43,2.583800331,,,0.0
2009-09-30,1.8862809917355368,5.563636363636364,40.8,40.8,40.8,40.8,,5.962314049586777,,0.2546776859504133,0.0,1.6482644628099177,,,0.0,0.1166280991735537,,,,,,6.96198347107438,0.0,0.4504462809917356,,48.0198347107438,613.788,613.788,0.3659504132231405,,0.4080000005674756,3.86,3.9,3.86,3.86,16.506446280991735,52.7,52.7,52.7,18.143000000000004,16.714710743801653,5.331570247933884,4.361652892561984,4.361652892561984,4.361652892561984,0.4659173553719008,9.18,9.18,9.18,2.63,2.63,2.63,2.63,,3.1,,3.1,43.1,13.747239669421484,13.876363636363635,13.977520661157024,0.2612231404958677,,2.112396694214876,50.44165289256198,1.126227545968403,0.2576528925619835,,,,1.3388429752066116,4.242644628099174,12.400661157024793,,50.8,50.8,23.88495867768595,6.200330578512396,,4.861487603305785,0.5461884297520662,8.15,8.15,,67.756,3.01,3.01,,,,32.604,32.604,,1.21,,7.786395372,0.819,7.130578512,4.062942149,2.945361322,2.32,2.547058512,,,0.0
2009-10-31,1.5064462809917356,6.431603305785124,35.0,35.0,35.0,35.0,,4.91900826446281,,1.149818181818182,1.4695537190082644,1.9614545454545456,,,1.3773223140495867,0.3781487603305785,,,,,,9.112462809917352,0.0,1.2912396694214876,,38.12231404958678,586.653,586.653,0.3795151515151515,,0.7501487618438468,4.8,4.8,4.8,4.8,1.1190743801652892,39.8,39.8,39.8,25.03160330578513,25.240661157024796,4.556231404958677,3.9167603305785126,3.9167603305785126,3.9167603305785126,0.731702479338843,8.95,8.95,8.95,1.8,1.8,1.8,1.8,,2.99,,2.99,36.7,13.5641652892562,13.674842975206612,13.023074380165289,0.6825123966942149,,4.211900826446281,52.15378512396694,1.354722796257381,0.744,,,,1.1067768595041323,16.0544132231405,7.501487603305785,0.3941355371900826,61.2,61.2,10.09011570247934,6.548429752066116,,1.1129256198347108,1.297190082644628,5.19,5.19,,65.263,4.385789,4.385789,,,,31.958,31.958,,1.11392,,4.787099504,0.708,3.889586777,1.889950413,1.358677686,1.81,1.30824,,,0.0
2009-11-30,1.5292561983471074,6.230082644628099,31.8,31.8,31.8,31.8,,3.3857851239669423,,0.2511074380165289,0.2606280991735538,2.0052892561983477,,,0.16899173553719,0.3802314049586776,,,,,,7.753388429752068,0.0,1.0532231404958678,,42.652561983471074,554.593,554.593,0.3805289256198348,,0.4195041331771976,8.82,8.8,8.82,8.82,0.696198347107438,20.5,20.5,20.5,26.622148760330575,28.038347107438018,3.0942148760330577,2.5289256198347108,2.5289256198347108,2.5289256198347108,0.850909090909091,8.65,8.65,8.65,2.12,2.12,2.12,2.12,,2.9,,2.9,32.4,8.657851239669421,8.455537190082644,8.312727272727273,0.2380165289256198,,3.897520661157025,52.42314049586777,1.1325326004300895,0.1850578512396694,,,,0.5450578512396695,17.482314049586776,7.937851239669421,0.3754710743801653,58.6,58.6,18.339173553719007,14.132231404958675,,0.9877685950413224,1.3231735537190084,17.56,17.56,,64.295,4.948014,4.948014,,,,33.12,33.12,,0.53556,,2.52013686,0.0,0.0,0.508837686,0.284582479,1.18,0.182273058,,,0.0
2009-12-31,2.0229421487603307,10.28072727272727,32.0,32.0,32.0,32.0,,0.4869818181818183,,0.2398016528925619,2.6870082644628104,2.1643636363636367,,,3.3449256198347106,0.6074975206611571,,,,,,10.877157024793387,1.4449586776859504,1.088330578512397,,34.48839669421488,546.716,546.716,0.4113520661157026,,0.6759669415812847,8.59,8.6,8.59,8.59,0.9223140495867768,10.4,10.4,10.4,14.88614876033058,15.4518347107438,2.748495867768596,2.244297520661157,2.244297520661157,2.244297520661157,0.9899504132231408,8.6,8.6,8.6,2.66,2.66,2.66,2.66,,3.06,,3.06,30.0,4.076628099173553,4.150413223140496,4.1811570247933885,0.3400264462809917,,7.98109090909091,48.00337190082645,3.697230801322313,2.0290909090909093,,,,0.6456198347107438,13.127603305785124,1.0022479338842976,0.3904462809917355,55.8,55.8,20.87504132231405,2.367272727272727,,0.9346115702479338,0.1693884297520661,24.68,24.68,,62.206,4.860386,4.860386,,,,34.903,34.903,,0.50116,,1.897358678,0.0,0.0,0.405042645,0.199317025,1.07,0.104425785,,,0.0
2010-01-31,2.9391074380165287,37.14466115702479,32.7,32.7,32.7,32.7,,0.6019636363636363,,0.2361123966942148,10.680396694214874,2.2381487603305783,,,13.865454545454543,0.7747438016528926,,,,,,24.26300826446281,6.579173553719008,0.7132561983471074,,34.75279338842976,582.181,582.181,0.3972099173553718,,2.8819834710743804,8.97,9.0,8.97,8.97,1.0022479338842976,9.79,9.79,9.79,12.506578512396697,12.162247933884297,2.5701818181818177,2.059834710743801,2.059834710743801,2.059834710743801,1.4080661157024792,8.85,8.85,8.85,3.65,3.65,3.65,3.65,,3.07,,3.07,29.3,4.242644628099174,4.6115702479338845,4.550082644628099,0.4199603305785123,,22.725818181818184,66.46809917355372,12.856021719237647,9.758082644628098,,,,0.7255537190082645,9.5859173553719,4.224198347107438,0.3910611570247934,52.8,52.8,19.553057851239668,11.854809917355372,,1.0760330578512396,0.0,60.62,60.62,,64.901,5.041761,5.041761,,,,38.343,38.343,,0.26027,,1.753818843,0.0,0.0,0.42277686,0.161028099,0.81,0.151368595,,,0.0
2010-02-28,3.5821487603305786,36.42684297520662,33.2,33.2,33.2,33.2,,0.5831404958677686,,0.2149289256198347,12.579173553719007,2.06598347107438,,,17.755239669421492,0.755305785123967,,,,,,25.713719008264466,9.080330578512395,0.6220165289256199,,40.564363636363645,616.252,616.252,0.345996694214876,,3.4849586776859502,4.55,4.6,4.55,4.55,5.303801652892562,13.7,13.7,13.7,13.60105785123967,14.073123966942148,2.299239669421488,1.8938181818181816,1.8938181818181816,1.8938181818181816,1.4106446280991736,8.9,8.9,8.9,4.01,4.01,4.01,4.01,,3.07,,3.07,28.0,4.281917355371901,4.626247933884298,4.798413223140496,0.4248595041322314,,20.620958677685948,65.31173553719009,8.756391113957378,5.0094545454545445,,,,0.5720330578512397,0.0,17.36092561983471,,56.8,56.8,17.63305785123967,10.391008264462812,,3.3044628099173554,0.0,81.76,81.76,,68.146,5.428201,5.428201,,,,42.531,42.531,,0.11583,,1.458737851,0.0,0.0,0.353756033,0.173117355,0.76,0.111588099,,,0.0
2010-03-31,4.457851239669422,32.576132231404955,35.3,35.3,35.3,35.3,,1.008396694214876,,0.2447206611570247,18.550809917355373,2.2381487603305783,,,25.277553719008264,0.731702479338843,,,,,,42.15590082644628,14.923041322314049,1.3527272727272728,,38.64495867768595,684.741,684.741,0.3812231404958677,,11.452561983471076,6.43,6.4,6.43,6.43,1.4019173553719009,22.4,22.4,22.4,21.40998347107438,21.94492561983471,2.5763305785123967,2.1705123966942144,2.1705123966942144,2.1705123966942144,1.524892561983471,9.46,9.46,9.46,4.02,4.02,4.02,4.02,,3.09,,3.09,27.0,7.85196694214876,10.065520661157024,9.579768595041324,0.5318677685950414,,26.58109090909091,75.38380165289256,11.539753159173562,5.822876033057852,,,,0.4611570247933884,7.267834710743801,17.745322314049588,,61.7,61.7,21.963371900826445,16.577057851239672,,23.371438016528927,0.2846280991735537,92.23,92.23,,65.666,5.224013,5.224013,,,,48.243,48.243,,0.13333,,1.879695868,0.0,0.0,0.57634314,0.22420562,0.87,0.316619504,,,0.0
2010-04-30,3.225123966942149,43.33090909090909,42.7,42.7,42.7,42.7,,1.7077685950413224,,0.2290909090909091,28.06809917355372,4.236694214876033,,,36.19636363636364,0.8449586776859505,,,,,,67.1801652892562,22.742479338842976,3.528595041322314,,46.21090909090909,807.458,807.458,0.3802314049586776,,24.48793388429752,12.5,12.5,12.5,12.5,1.7613223140495868,48.1,48.1,48.1,18.101157024793388,19.791074380165288,2.701487603305785,0.8033057851239669,0.8033057851239669,0.8033057851239669,3.165619834710744,10.7,10.7,10.7,4.02,4.02,4.02,4.02,,3.09,,3.09,33.8,5.301818181818182,10.44892561983471,2.939504132231405,0.55100826446281,,39.07636363636364,98.12231404958678,15.35978051134986,13.31702479338843,,,,0.6664462809917355,12.501818181818182,11.936528925619834,,66.7,66.7,21.8201652892562,23.17090909090909,,37.4102479338843,1.2,95.84,95.84,,66.563,5.555,5.555,,,,48.547,48.547,,0.12442,,3.557639008,0.0,0.680330579,0.675901488,0.730811901,0.85,0.375183471,,,0.0
2010-05-31,2.1766611570247933,34.107173553719015,54.1,54.1,54.1,54.1,,11.965487603305784,,0.2650115702479338,31.414016528925615,3.5355371900826444,,,37.4889917355372,0.959206611570248,,,,,,99.36396694214876,18.778314049586776,9.850314049586776,,93.15371900826446,903.328,903.328,0.416885950413223,,49.979504132231405,29.1,29.1,29.1,29.1,2.779239669421488,66.0,66.0,66.0,47.8742479338843,47.11180165289256,7.784330578512397,2.6685619834710743,2.6685619834710743,2.6685619834710743,7.827371900826447,13.6,13.6,13.6,4.06,4.06,4.06,4.06,,3.13,,3.13,47.7,7.120264462809917,15.304264462809916,13.877752066115702,9.290776859504131,,50.72112396694215,158.45355371900826,9.049750500385676,6.6037685950413225,,,,0.2619371900826446,23.64198347107438,22.283107438016525,,66.4,66.4,26.45811570247934,47.24092561983471,,29.501752066115703,1.5947107438016528,94.5,94.5,,65.433,5.555,5.555,,,,48.525,48.525,,0.08348,,6.387786446,1.049,21.49487603,1.762907107,1.785909421,1.55,1.22774281,,,0.0
2010-06-30,5.605289256198347,26.15801652892562,68.3,68.3,68.3,68.3,,18.368925619834712,,0.2647933884297521,25.2,3.4750413223140497,,,28.014545454545456,0.8687603305785124,,,,,,125.67272727272729,6.967933884297521,13.031404958677689,,173.39504132231406,924.253,924.253,0.4367603305785123,,64.46082644628099,49.6,49.6,49.6,49.6,21.951074380165288,73.9,73.9,73.9,47.198677685950415,48.13884297520661,7.378512396694215,3.885619834710744,3.885619834710744,3.885619834710744,52.44099173553719,14.2,14.2,14.2,4.04,4.04,4.04,4.04,,3.11,,3.11,68.5,6.765619834710744,12.10909090909091,11.008264462809915,19.20793388429752,,103.1206611570248,274.13553719008263,4.098240178181819,1.5768595041322313,,,,0.648595041322314,22.189090909090908,24.72396694214876,,66.1,66.1,24.80727272727273,34.845619834710746,,9.425454545454546,1.6171239669421489,92.41,92.41,,64.356,5.555,5.555,,,,47.772,47.772,,0.62235,,7.999880331,2.446,19.66413223,2.441827438,2.509836694,2.23,1.667817521,,,0.0
2010-07-31,5.195702479338843,13.26902479338843,60.5,60.5,60.5,60.5,,10.17004958677686,,0.2607074380165289,4.119669421487603,2.0905785123966942,,,3.990545454545455,0.6886611570247934,,,,,,27.454214876033056,2.0782809917355367,0.9161652892561984,,178.06809917355372,784.086,784.086,0.4304132231404958,,5.198479338086341,33.0,33.0,33.0,33.0,22.135537190082644,69.4,69.4,69.4,41.22743801652893,40.23748760330579,5.158809917355373,4.211900826446281,4.211900826446281,4.211900826446281,0.7808925619834711,12.2,12.2,12.2,4.02,4.02,4.02,4.02,,3.08,,3.08,65.1,12.537322314049586,13.625652892561984,12.40204958677686,5.121917355371901,,11.098512396694217,194.97719008264465,2.298658584297526,0.3461752066115702,,,,1.1559669421487604,16.226578512396692,23.789553719008264,0.7132561983471074,62.1,62.1,26.42122314049587,21.932628099173552,,6.130314049586777,0.0805090909090908,71.19,71.19,,62.819,5.350792,5.350792,,,,44.24,44.24,,1.14202,,8.722986446,2.737,25.72561983,3.677375207,3.009705124,2.81,2.33035438,,,0.0
2010-08-31,3.7138512396694217,9.038677685950413,50.5,50.5,50.5,50.5,,9.30307438016529,,0.4033586776859503,0.9469090909090908,2.1951074380165294,,,0.6210247933884298,0.5619966942148761,,,,,,12.217586776859504,0.0,1.051438016528926,,136.13355371900826,664.848,664.848,0.3873719008264463,,0.5928595071587681,20.9,20.9,20.9,20.9,11.965487603305784,59.8,59.8,59.8,36.69580165289256,34.26704132231404,4.949752066115702,4.144264462809918,4.144264462809918,4.144264462809918,0.8546776859504133,8.32,8.32,8.32,4.01,4.01,4.01,4.01,,3.08,,3.08,60.4,17.191933884297523,18.16343801652892,16.82915702479339,0.3984396694214877,,3.609322314049587,141.36,0.6174611465249864,0.2152066115702479,,,,1.19900826446281,13.791669421487605,21.78505785123967,,59.3,59.3,27.337388429752068,11.590413223140496,,6.517685950413223,0.0110876033057851,40.545,40.545,,63.709,5.532571,5.532571,,,,39.054,39.054,,1.15386,,8.71271405,2.664,21.53057851,3.846481983,2.978673719,2.77,2.434155372,,,0.0
2010-09-30,3.147768595041322,7.658181818181816,42.5,42.5,42.5,42.5,,7.473719008264463,,0.2356363636363636,0.1344793388429752,2.0350413223140498,,,0.0198148760330578,0.300495867768595,,,,,,9.175537190082643,0.0,0.6783471074380165,,52.73256198347107,624.694,624.694,0.3617851239669421,,0.7259504132231405,12.5,12.5,12.5,12.5,8.76495867768595,59.8,59.8,59.8,22.15933884297521,21.45719008264463,4.849586776859504,4.010578512396695,4.010578512396695,4.010578512396695,0.5533884297520661,7.26,7.26,7.26,2.14,2.14,2.14,2.14,,2.11,,2.11,55.3,15.80429752066116,16.69090909090909,15.560330578512398,0.2897851239669421,,3.070413223140496,54.63074380165289,1.326769937710679,0.2659834710743801,,,,0.9520661157024792,7.67603305785124,13.733553719008263,0.7021487603305785,49.7,49.7,26.300826446280997,6.331239669421487,,1.071074380165289,0.0,28.13,28.13,,65.914,3.271988,3.271988,,,,35.498,35.498,,0.89159,,7.953143802,0.873,9.917355372,3.623460496,2.686083967,2.4,2.312084628,,,0.0
2010-10-31,1.6663140495867768,7.85196694214876,38.5,38.5,38.5,38.5,,6.45004958677686,,0.2428760330578512,3.191206611570248,3.277289256198347,,,3.6339173553719006,0.4470148760330578,,,,,,17.726876033057852,0.0,2.926809917355372,,37.10776859504132,619.188,619.188,0.3707702479338842,,7.378512396694215,17.7,17.7,17.7,17.7,1.7216528925619834,52.1,52.1,52.1,32.42856198347108,31.315636363636365,4.513190082644629,3.5785785123966942,3.5785785123966942,3.5785785123966942,0.744,8.67,8.67,8.67,3.99,3.99,3.99,3.99,,3.1,,3.1,50.8,12.85705785123967,14.357355371900828,11.23993388429752,0.4156561983471074,,7.968793388429752,57.05434710743802,3.4128190546084207,2.342677685950413,,,,1.149818181818182,13.275173553719007,17.954380165289255,,64.0,64.0,13.588760330578513,9.991735537190085,,0.8423801652892562,1.596495867768595,31.47,31.47,,63.187,5.025414,5.025414,,,,35.437,35.437,,1.07653,,5.264324628,0.533,2.812561983,1.581536529,1.417600661,2.08,1.13,,,0.0
2010-11-30,1.9398347107438016,9.449256198347108,34.6,34.6,34.6,34.6,,6.200330578512396,,0.2356363636363636,6.860826446280992,2.219504132231405,,,8.235371900826447,0.696198347107438,,,,,,19.023471074380165,0.0,3.516694214876033,,35.76198347107438,626.437,626.437,0.371900826446281,,7.852561983471074,19.8,19.8,19.8,19.8,5.087603305785124,34.6,34.6,34.6,44.48528925619835,40.00462809917355,3.2548760330578514,1.7553719008264463,1.7553719008264463,1.7553719008264463,0.7378512396694215,9.3,9.3,9.3,3.99,3.99,3.99,3.99,,3.07,,3.07,49.4,11.430743801652891,13.91801652892562,11.686611570247932,0.3326280991735537,,9.996694214876031,55.45190082644629,3.002255732454044,2.207603305785124,,,,0.4671074380165289,18.14876033057851,25.70578512396694,,66.4,66.4,10.383471074380166,41.64694214876033,,8.824462809917355,1.5292561983471074,81.24,81.24,,66.078,5.555,5.555,,,,35.988,35.988,,0.55033,,2.145231074,0.032,0.0,0.300087273,0.301400331,1.147,0.12,,,0.0
2010-12-31,3.781487603305785,47.83735537190083,39.1,39.1,39.1,39.1,,4.586975206611569,,1.131371900826446,21.576,41.84846280991736,,,38.04852892561983,2.6009256198347104,,,,,,102.43834710743802,15.267371900826449,20.026512396694216,,109.44793388429753,738.925,738.925,0.408892561983471,,21.040661157024797,19.4,19.4,19.4,19.4,8.140958677685951,44.9,44.9,44.9,44.38790082644629,36.923305785123965,3.394115702479339,1.5679338842975206,1.5679338842975206,1.5679338842975206,6.579173553719008,11.0,11.0,11.0,3.99,3.99,3.99,3.99,,3.08,,3.08,53.9,8.165553719008265,13.029223140495867,12.174545454545454,6.677553719008264,,89.40297520661157,318.8132231404959,25.97904395414404,26.003107438016528,,,,0.1045289256198347,24.705719008264463,29.157421487603305,,66.8,66.8,15.642446280991736,99.79438016528924,,141.0525619834711,1.0591735537190083,96.81,96.81,,70.461,5.555,5.555,,,,35.988,35.988,,0.13678,,1.979504132,0.0,0.0,0.425791736,0.23875438,0.76,0.22,,,0.0
2011-01-31,5.767537190082645,24.99471074380165,41.4,41.4,41.4,41.4,,1.0760330578512396,,1.1129256198347108,20.346247933884296,2.416462809917355,,,26.667173553719007,0.8177851239669421,,,,,,47.849652892561984,11.178446280991738,1.1006280991735535,,146.95537190082644,697.715,697.715,0.3627768595041322,,10.33785123966942,14.5,14.5,14.5,14.5,8.374611570247932,27.9,27.9,27.9,49.097851239669424,48.17553719008264,3.873719008264463,0.2029090909090909,0.2029090909090909,0.2029090909090909,7.360066115702479,11.3,11.3,11.3,3.99,3.99,3.99,3.99,,3.08,,3.08,45.0,13.97613223140496,16.35570247933884,15.421090909090909,1.1682644628099172,,32.78519008264463,204.9996694214876,12.850892877769155,11.473586776859504,,,,0.1955305785123967,23.912528925619835,30.725355371900825,0.3990545454545454,66.4,66.4,23.008661157024797,51.1638347107438,,80.54876033057852,1.6363636363636365,94.5,94.5,,63.952,5.555,5.555,,,,35.988,35.988,,0.12393,,2.013046612,0.0,0.0,0.585102149,0.302158017,0.854,0.34,,,0.0
2011-02-28,4.39299173553719,32.678082644628105,43.4,43.4,43.4,43.4,,0.8774876033057851,,1.03299173553719,14.695140495867768,1.9826776859504127,,,19.10479338842975,0.6497851239669421,,,,,,37.28211570247934,11.35180165289256,0.9496859504132232,,94.85752066115704,689.806,689.806,0.3404429752066115,,8.027107438016529,9.8,9.8,9.8,9.8,6.897719008264462,10.8,10.8,10.8,42.57480991735537,38.3206611570248,3.482181818181818,0.660892561983471,0.660892561983471,0.660892561983471,5.425983471074379,11.7,11.7,11.7,3.99,3.99,3.99,3.99,,3.07,,3.07,38.9,11.074115702479338,13.545520661157024,12.884628099173554,0.7219834710743802,,27.574214876033057,146.2294214876033,16.580060166195533,15.56707438016529,,,,0.2976793388429752,19.42690909090909,25.969190082644623,,66.5,66.5,19.3158347107438,43.75775206611571,,83.80561983471074,1.3428099173553718,95.65,95.65,,64.402,5.555,5.555,,,,35.988,35.988,,0.23712,,1.837120661,0.0,0.0,0.652006612,0.251640992,0.865,0.34,,,0.0
2011-03-31,4.334876033057851,87.49685950413223,47.5,47.5,47.5,47.5,,1.0145454545454546,,1.4695537190082644,43.262677685950415,21.551404958677686,,,54.29970247933884,3.3264793388429754,,,,,,100.53223140495868,8.829619834710744,19.92813223140496,,142.71272727272728,786.217,786.217,0.4058181818181818,,10.464793388429753,8.05,8.1,8.05,8.05,4.802181818181817,10.8,10.8,10.8,37.14466115702479,35.68740495867769,3.4617520661157024,1.5064462809917356,1.5064462809917356,1.5064462809917356,5.195702479338843,12.5,12.5,12.5,4.01,4.01,4.01,4.01,,3.09,,3.09,29.8,12.475834710743802,16.589355371900826,7.433851239669422,6.400859504132232,,125.74214876033058,407.4168595041322,54.67027088174621,54.170578512396695,,,,0.6517685950413223,8.085619834710744,28.51795041322314,,67.2,67.2,13.96998347107438,126.17256198347108,,225.16760330578512,1.071074380165289,96.81,96.81,,70.839,5.555,5.555,,,,35.988,35.988,,0.2059,,1.953655537,0.0,0.0,1.096306116,0.034480661,0.665,0.96,,,0.0
2011-04-30,3.516694214876033,62.00330578512397,55.1,55.1,55.1,55.1,,1.392396694214876,,7.003636363636364,44.62809917355372,24.56330578512397,,,54.00595041322314,1.67801652892562,,,,,,138.34710743801654,19.749421487603307,24.41454545454545,,164.4099173553719,884.577,884.577,0.4206942148760331,,35.44462809917356,17.1,17.1,17.1,17.1,2.5229752066115703,36.1,36.1,36.1,46.44892561983471,47.7401652892562,1.6006611570247933,0.8747107438016529,0.8747107438016529,0.8747107438016529,4.819834710743802,13.8,13.8,13.8,4.02,4.02,4.02,4.02,,3.1,,3.1,27.8,10.847603305785125,18.0297520661157,16.738512396694215,8.52694214876033,,89.13719008264462,367.9735537190082,20.96375844645528,19.39239669421488,,,,0.696198347107438,26.16396694214876,27.437355371900825,,66.6,66.6,9.71107438016529,90.62479338842977,,104.78677685950412,1.207933884297521,95.07,95.07,,70.469,5.555,5.555,,,,35.988,35.988,,0.13851,,5.004833058,0.111,2.259173554,1.120232727,1.135765289,1.007,0.8,,,0.0
2011-05-31,1.3096859504132232,49.71272727272727,55.0,55.0,55.0,55.0,,1.77699173553719,,30.04899173553719,48.50757024793389,26.3843305785124,,,49.45447933884297,1.069884297520661,,,,,,144.18842975206613,7.60601652892562,32.047338842975215,,175.6700826446281,914.439,914.439,0.4728396694214877,,58.123636363636365,38.3,38.3,38.3,38.3,3.922909090909091,65.8,65.8,65.8,33.97190082644628,27.3004958677686,6.0934214876033055,2.1951074380165294,2.1951074380165294,2.1951074380165294,30.5900826446281,14.0,14.0,14.0,4.02,4.02,4.02,4.02,,3.11,,3.11,34.9,8.977190082644627,18.667636363636365,17.16119008264463,11.301421487603308,,90.44826446280992,411.2290909090909,8.727000130191714,6.437752066115703,,,,0.6456198347107438,19.84204958677686,20.684429752066112,0.7378512396694215,61.8,61.8,0.3590876033057851,68.00528925619835,,47.1855867768595,0.8495206611570248,94.31,94.31,,70.716,5.555,5.555,,,,35.988,35.988,,0.44366,,8.253407603,1.081,22.18909091,1.976721322,2.239664132,1.857,1.49,,,0.0
2011-06-30,4.159338842975207,40.89719008264463,67.5,67.5,67.5,67.5,,7.729586776859504,,29.841322314049588,46.37157024793388,23.86115702479339,,,47.0499173553719,0.9401652892561984,,,,,,182.85619834710744,1.874380165289256,34.1196694214876,,181.54710743801647,955.707,955.707,0.468892561983471,,90.30347107438016,43.6,43.6,43.6,43.6,49.4003305785124,67.4,67.4,67.4,44.04495867768595,40.42115702479339,8.074710743801651,2.856198347107438,2.856198347107438,2.856198347107438,116.92561983471074,14.3,14.3,14.3,4.08,4.08,4.08,4.08,,3.16,,3.16,58.7,8.28892561983471,18.291570247933883,16.851570247933886,12.037685950413223,,185.65289256198344,499.71570247933886,4.084274881677631,1.8922314049586777,,,,0.2766942148760331,24.85487603305785,23.73619834710744,,66.3,66.3,19.517355371900827,39.7904132231405,,19.68396694214876,1.3239669421487603,92.23,92.23,,71.492,5.555,5.555,,,,35.988,35.988,,0.1944,,8.304333223,1.638,18.08727273,2.236591736,2.407015537,1.951,1.52,,,0.0
2011-07-31,6.8743140495867765,21.299305785123963,65.3,65.3,65.3,65.3,,9.032528925619834,,9.481388429752064,20.16793388429752,2.6009256198347104,,,20.79510743801653,0.6825123966942149,,,,,,83.31570247933884,3.953652892561984,3.627768595041322,,186.49190082644628,865.919,865.919,0.4617719008264462,,39.44330578512397,43.0,43.0,43.0,43.0,37.99319008264463,70.4,70.4,70.4,47.917289256198345,46.93963636363636,6.3885619834710745,3.5601322314049586,3.5601322314049586,3.5601322314049586,32.82823140495868,13.8,13.8,13.8,4.02,4.02,4.02,4.02,,3.09,,3.09,66.3,11.442842975206611,12.7340826446281,8.036429752066114,5.392462809917356,,56.36568595041322,284.07272727272726,-4.978398494859167,0.4986644628099173,,,,1.0268429752066115,20.57990082644628,27.355834710743803,,64.5,64.5,25.54195041322314,31.985851239669422,,2.7669421487603305,0.7039338842975205,86.88,86.88,,65.047,5.267778,5.267778,,,,27.57,27.57,,1.00903,,8.323261488,2.177,24.43834711,2.998629421,2.773104793,2.488,2.11,,,0.0
2011-08-31,5.576925619834711,13.539570247933884,57.1,57.1,57.1,57.1,,8.737388429752066,,0.2570181818181817,2.6808595041322314,2.201256198347107,,,2.281190082644628,0.6044231404958678,,,,,,22.338446280991736,0.6210247933884298,1.0821818181818184,,156.97785123966943,730.532,730.532,0.4058181818181818,,1.9436033050284895,34.2,34.2,34.2,34.2,12.162247933884297,56.9,56.9,56.9,41.76852892561983,39.0015867768595,5.177256198347108,1.8507768595041325,1.8507768595041325,1.8507768595041325,0.5816727272727273,9.62,9.62,9.62,4.02,4.02,4.02,4.02,,3.09,,3.09,61.2,17.997421487603305,19.079603305785124,17.51781818181818,0.4341024793388429,,5.011239669421488,180.1586776859504,20.51281450353854,0.4482446280991736,,,,1.1436694214876035,13.047669421487605,26.11993388429752,0.7378512396694215,60.1,60.1,26.16297520661157,21.58829752066116,,1.2912396694214876,0.0,69.32,69.32,,62.781,5.224013,5.224013,,,,42.344,42.344,,1.18856,,8.122070083,2.01,26.42380165,3.551557686,2.897516033,2.579,2.27,,,0.0
2011-09-30,3.6773553719008265,9.12793388429752,49.9,49.9,49.9,49.9,,7.051239669421488,,0.2433719008264462,0.850909090909091,2.088595041322314,,,0.6069421487603306,0.5807603305785125,,,,,,13.44793388429752,0.0,1.0770247933884298,,44.08661157024793,701.182,701.182,0.372495867768595,,1.0016528925619832,28.8,28.8,28.8,28.8,7.241652892561984,54.5,54.5,54.5,23.27801652892562,23.77785123966942,5.04,1.5709090909090908,1.5709090909090908,1.5709090909090908,0.4801983471074381,7.15,7.15,7.15,3.7,3.7,3.7,3.7,,2.51,,2.51,54.9,16.714710743801653,17.708429752066117,16.012561983471077,0.2915702479338843,,3.588099173553719,54.15471074380165,2.1184885204407697,0.4498512396694215,,,,0.5224462809917354,15.387768595041326,0.0,,48.0,48.0,25.69388429752066,11.603305785123966,,1.1960330578512397,0.3625785123966943,61.04,61.04,,66.086,3.761792,3.761792,,,,38.808,38.808,,0.97517,,7.997196694,0.841,10.67900826,3.593049917,2.819696529,2.378,2.29,,,0.0
2011-10-31,2.539438016528925,8.288528925619836,43.9,43.9,43.9,43.9,,6.333223140495868,,0.2484099173553718,1.6724628099173553,2.1582148760330577,,,1.500297520661157,0.6333223140495868,,,,,,14.775471074380166,0.0,1.6970578512396697,,34.863471074380165,688.017,688.017,0.3855272727272726,,2.130664445861312,29.6,29.6,29.6,29.6,3.467900826446281,63.2,63.2,63.2,0.0,2.1151735537190084,6.142611570247934,2.8099834710743803,2.8099834710743803,2.8099834710743803,8.436099173553718,7.09,7.09,7.09,2.32,2.32,2.32,2.32,,1.78,,1.78,51.7,13.736330578512396,14.006876033057852,13.42889256198347,0.2490247933884297,,11.848661157024791,58.01355371900826,4.845261652853208,4.095074380165289,,,,0.983801652892562,3.1973553719008265,0.0,,38.9,38.9,8.63900826446281,5.349421487603306,,1.1424793388429753,1.7097520661157024,60.19,60.19,,65.224,4.402,4.402,,,,37.584,37.584,,1.17227,,5.221527273,0.385,2.282975207,2.29282314,1.642333884,1.37,1.25,,,0.0
2011-11-30,2.409917355371901,8.300826446280992,40.3,40.3,40.3,40.3,,3.897520661157025,,0.2350413223140496,1.1841322314049587,2.1897520661157026,,,0.9699173553719008,0.6545454545454545,,,,,,12.769586776859503,0.0702148760330578,1.4221487603305785,,40.8495867768595,665.813,665.813,0.3683305785123967,,1.6621685936037174,26.4,26.4,26.4,26.4,5.896859504132231,63.7,63.7,63.7,0.0,2.023140495867769,5.569586776859504,1.8148760330578515,1.8148760330578515,1.8148760330578515,9.574214876033055,6.86,6.86,6.86,2.69,2.69,2.69,2.69,,1.87,,1.87,51.2,5.063801652892562,6.164628099173553,6.033719008264463,0.228495867768595,,12.591074380165288,60.575206611570245,1.8762465655051457,0.9163636363636364,,,,1.0651239669421488,3.344132231404959,0.0,0.3915371900826446,39.2,39.2,0.0,5.468429752066116,,0.8786776859504132,1.654214876033058,63.91,63.91,,65.953,4.976,4.976,,,,38.155,38.155,,1.15888,,3.164429752,0.171,0.0,0.609562314,0.336793388,1.012,0.15,,,0.0
2011-12-31,2.121322314049587,7.655206611570247,38.5,38.5,38.5,38.5,,1.8876694214876035,,0.2348826446280991,0.4291834710743802,2.4349090909090907,,,0.2336528925619834,0.5533884297520661,,,,,,11.055471074380169,0.1106776859504132,0.983801652892562,,36.47444628099174,642.868,642.868,0.3738446280991734,,0.6524429772116921,21.0,21.0,21.0,21.0,5.9581487603305785,53.2,53.2,53.2,13.133752066115704,14.572561983471074,1.8753719008264464,1.3834710743801653,1.3834710743801653,1.3834710743801653,6.007338842975207,6.47,6.47,6.47,2.95,2.95,2.95,2.95,,1.91,,1.91,50.1,3.062082644628099,3.0067438016528927,2.8038347107438018,0.388601652892562,,9.444495867768596,57.27570247933884,1.4163688392691318,0.4008991735537189,,,,0.7931900826446281,11.793322314049586,0.0,0.4008991735537189,45.8,45.8,6.757487603305785,2.416462809917355,,0.934214876033058,0.2505123966942149,64.79,64.79,,62.751,4.858,4.858,,,,38.228,38.228,,0.77595,,2.725745455,0.0,0.0,1.034659835,0.312971901,0.736,0.15,,,0.0
2012-01-31,2.6009256198347104,12.549619834710745,38.0,38.0,38.0,38.0,,2.053685950413223,,0.2373421487603306,4.039735537190083,2.5517355371900825,,,4.863669421487603,0.6886611570247934,,,,,,19.47312396694215,2.084429752066116,1.8815206611570248,,34.666710743801644,648.748,648.748,0.3892165289256197,,4.263054520788272,20.5,20.5,20.5,20.5,2.9206611570247936,44.1,44.1,44.1,23.26690909090909,24.730314049586777,2.64396694214876,2.139768595041322,2.139768595041322,2.139768595041322,0.971504132231405,6.7,6.7,6.7,4.0,4.0,4.0,4.0,,3.07,,3.07,50.2,4.0458842975206615,4.519338842975206,3.744595041322314,0.2711603305785124,,9.444495867768596,53.94307438016529,4.733284054754592,1.740099173553719,,,,0.5312528925619836,21.33619834710744,0.1192859504132231,0.4002842975206611,61.6,61.6,13.459636363636363,2.1459173553719006,,0.8806611570247934,0.0,71.19,71.19,,64.234,5.058,5.058,,,,41.567,41.567,,0.47462,,1.879676033,0.0,0.0,0.434961322,0.335722314,0.89,0.11,,,0.0
2012-02-29,2.7897520661157027,9.519669421487604,37.1,37.1,37.1,37.1,,1.8579173553719008,,0.2185785123966941,2.622942148760331,2.082247933884298,,,3.1406280991735542,0.6327272727272727,,,,,,14.276628099173552,0.454413223140496,3.244165289256198,,26.77586776859504,650.715,650.715,0.3485752066115701,,3.682413221627228,20.3,20.3,20.3,20.3,1.7831404958677686,40.1,40.1,40.1,13.592132231404962,14.592991735537188,3.623801652892562,2.8932892561983463,2.8932892561983463,2.8932892561983463,0.6959999999999998,6.55,6.55,6.55,4.0,4.0,4.0,4.0,,3.08,,3.08,49.8,4.647669421487603,5.015801652892563,5.050314049586776,0.2346842975206612,,5.729057851239669,41.276826446281,1.1836443890436863,0.8225454545454547,,,,0.5752066115702479,11.25679338842975,1.6105785123966945,0.3750347107438017,62.5,62.5,13.896991735537188,1.8349090909090904,,0.7537190082644628,0.0,73.42,73.42,,62.969,5.389,5.389,,,,43.302,43.302,,0.58554,,1.631861157,0.083,0.0,0.310238678,0.257692562,0.809,0.04,,,0.0
2012-03-31,3.824528925619835,45.79596694214875,40.2,40.2,40.2,40.2,,2.926809917355372,,0.2367272727272727,24.48436363636364,17.77606611570248,,,30.971305785123967,4.2610909090909095,,,,,,75.19933884297521,10.815669421487604,19.669884297520657,,46.23252892561983,817.209,817.209,0.3996694214876033,,18.293514147041257,23.8,23.8,23.8,23.8,2.0290909090909093,62.2,62.2,62.2,20.254016528925614,20.97957024793389,2.484099173553719,1.5679338842975206,1.5679338842975206,1.5679338842975206,2.3057851239669422,7.55,7.55,7.55,4.02,4.02,4.02,4.02,,3.1,,3.1,57.6,6.11801652892562,9.801123966942148,9.05712396694215,0.549699173553719,,54.98836363636364,150.70611570247934,29.308224748925625,23.43907438016529,,,,0.6019636363636363,2.9206611570247936,22.9779173553719,,66.7,66.7,9.88720661157025,53.73401652892562,,86.30280991735538,0.0,95.84,95.84,,67.494,5.224,5.224,,,,48.55,48.55,,0.26112,,1.558095868,0.167,0.0,0.931241653,0.248409917,0.739,0.59,,,0.0
2012-04-30,2.112396694214876,38.91570247933884,55.6,55.6,55.6,55.6,,4.68297520661157,,0.276099173553719,34.31603305785124,10.526280991735538,,,41.01619834710744,1.1186776859504133,,,,,,106.8099173553719,13.531239669421488,15.44727272727273,,120.1388429752066,930.321,930.321,0.4105785123966942,,44.75149098293841,39.6,39.6,39.6,39.6,2.4039669421487604,67.5,67.5,67.5,45.11603305785124,44.526942148760334,0.648595041322314,0.72,0.72,0.72,29.28198347107438,10.4,10.4,10.4,4.06,4.06,4.06,4.06,,3.14,,3.14,67.4,7.8188429752066115,14.834380165289256,14.013223140495867,5.295867768595041,,84.55537190082644,233.79173553719008,19.42067169812671,16.70280991735537,,,,0.6366942148760331,19.38644628099173,31.35272727272727,,66.5,66.5,12.168595041322314,68.3702479338843,,106.67305785123968,1.0694876033057854,94.88,94.88,,70.65,5.555,5.555,,,,48.394,48.394,,0.13127,,3.724958678,0.0,0.0,1.777035372,1.141884298,0.859,1.18,,,0.0
2012-05-31,4.83292561983471,23.691173553719008,67.6,67.6,67.6,67.6,,7.083371900826446,,0.4328727272727273,19.177983471074377,4.242644628099174,,,20.118743801652894,2.5517355371900825,,,,,,89.58743801652892,11.153851239669422,1.2174545454545451,,103.91404958677684,946.398,946.398,0.4525487603305785,,36.801837642448994,47.7,47.7,47.7,47.7,16.90909090909091,74.0,74.0,74.0,46.14644628099173,46.90274380165289,6.788231404958678,3.756892561983471,3.756892561983471,3.756892561983471,15.642446280991736,13.4,13.4,13.4,4.02,4.02,4.02,4.02,,3.09,,3.09,63.6,15.25507438016529,18.64304132231405,15.064462809917355,7.741289256198347,,43.34261157024793,179.7897520661157,5.493503749696974,3.062082644628099,,,,0.1352727272727273,23.22386776859504,28.38267768595041,0.707107438016529,64.1,64.1,25.91087603305785,37.120066115702485,,16.361652892561985,1.0984462809917357,92.41,92.41,,64.885,5.555,5.555,,,,48.38,48.38,,0.10074,,7.048323967,1.706,19.52528926,2.191237686,2.613838017,1.94,1.67,,,0.0
2012-06-30,4.605619834710744,13.20396694214876,61.8,61.8,61.8,61.8,,8.52694214876033,,0.2302809917355371,4.766280991735537,2.7431404958677685,,,4.468760330578513,0.7021487603305785,,,,,,28.145454545454545,0.0,3.5107438016528927,,89.31570247933884,895.447,895.447,0.4105785123966942,,4.856707430752841,43.8,43.8,43.8,43.8,9.264793388429752,64.8,64.8,64.8,28.43107438016529,28.990413223140497,5.010247933884298,4.31404958677686,4.31404958677686,4.31404958677686,0.8449586776859505,13.3,13.3,13.3,4.0,4.0,4.0,4.0,,3.07,,3.07,66.4,8.806611570247934,9.348099173553718,0.4819834710743801,0.3463140495867769,,7.771239669421488,107.34545454545454,2.0662911303030342,0.6366942148760331,,,,0.7557024793388429,24.658512396694213,0.1666115702479338,0.6902479338842975,63.4,63.4,25.40826446280992,8.15801652892562,,1.820826446280992,0.0,75.36,75.36,,65.922,5.555,5.555,,,,46.837,46.837,,0.71699,,8.166347107,1.777,13.49355372,2.720786777,2.665190083,2.369,2.04,,,0.0
2012-07-31,3.0251900826446283,8.245487603305785,53.2,53.2,53.2,53.2,,8.39305785123967,,0.2342677685950413,1.0637355371900827,2.1889586776859504,,,0.8177851239669421,0.5515438016528926,,,,,,13.053818181818182,0.0,1.1867107438016529,,121.43801652892562,789.038,789.038,0.3898314049586777,,0.5821884287684417,34.5,34.5,34.5,34.5,10.33606611570248,57.8,57.8,57.8,30.055140495867768,28.905322314049588,5.386314049586776,4.494743801652892,4.494743801652892,4.494743801652892,0.6517685950413223,11.3,11.3,11.3,4.01,4.01,4.01,4.01,,3.07,,3.07,59.6,16.281917355371903,16.921388429752067,6.702148760330578,0.3707702479338842,,4.039735537190083,136.19504132231404,0.5535934461156986,0.2816132231404958,,,,1.051438016528926,23.75880991735537,0.694809917355372,0.707107438016529,60.9,60.9,24.527404958677685,8.602115702479338,,0.9024793388429752,0.0,52.19,52.19,,64.036,5.307,5.307,,,,43.6,43.6,,1.02722,,8.500046281,2.098,18.3153719,3.625892231,2.879464463,2.639,2.38,,,0.0
2012-08-31,3.0251900826446283,7.02803305785124,44.6,44.6,44.6,44.6,,8.054876033057852,,0.2361123966942148,0.0463616528925619,2.084429752066116,,,0.0078704132231404,0.2336528925619834,,,,,,9.032528925619834,0.0,0.6456198347107438,,119.4704132231405,675.624,675.624,0.3750743801652892,,0.6045421486846672,27.9,27.9,27.9,27.9,6.843570247933885,45.9,45.9,45.9,30.75609917355372,29.69236363636364,5.496991735537191,4.488595041322314,4.488595041322314,4.488595041322314,0.6333223140495868,9.41,9.41,9.41,3.94,3.94,3.94,3.94,,2.96,,2.96,53.5,15.740826446280993,15.820760330578512,6.210247933884298,0.3314181818181818,0.0506657851239669,3.0190413223140498,129.92330578512397,-0.4177038501647228,0.2207404958677686,,,,1.2604958677685951,24.607338842975206,0.0585361983471074,,63.0,63.0,18.747570247933883,9.333818181818184,,1.0254545454545454,0.0,29.81,29.81,,64.839,5.494,5.494,,,,39.58,39.58,,1.20655,,8.509884298,2.057,17.06380165,3.835761322,2.90467438,2.612,2.4,,,0.0
2012-09-30,1.8148760330578515,5.718347107438016,36.6,36.6,36.6,36.6,,7.432066115702479,,0.2261157024793388,0.0,1.7613223140495868,,,0.0,0.1481652892561983,,,,,,7.140495867768595,0.0,0.4825785123966942,,52.45289256198347,627.875,627.875,0.3594049586776858,,0.5384925596379051,21.0,21.0,21.0,21.0,8.574545454545454,49.9,49.9,49.9,14.721322314049589,14.935537190082645,5.5755371900826445,4.391404958677686,4.391404958677686,4.391404958677686,0.6009917355371901,8.98,8.98,8.98,3.01,3.01,3.01,3.01,,2.48,,2.48,47.1,15.780495867768597,15.23305785123967,14.441652892561985,0.3308429752066115,,2.6598347107438016,61.94380165289256,-0.436730770685335,0.264198347107438,,,,1.0472727272727274,11.906776859504133,0.4498512396694215,,52.6,52.6,18.214214876033054,6.920330578512397,,0.9381818181818182,0.1301157024793388,21.81,21.81,,64.939,3.186,3.186,,,,36.05,36.05,,0.9724,,7.615933884,0.765,5.978181818,3.614753058,2.831801653,2.454,2.43,,,0.0
2012-10-31,1.088330578512397,5.964297520661157,35.2,35.2,35.2,35.2,,1.500297520661157,,0.2158214876033057,0.3947504132231406,1.8446280991735535,,,0.3185057851239669,0.3597024793388429,,,,,,8.153256198347107,0.0,0.8239338842975207,,46.36165289256199,587.84,587.84,0.3658512396694215,,0.5877024778255746,18.0,18.0,18.0,18.0,5.2325950413223135,51.4,51.4,51.4,13.594909090909091,13.607206611570248,4.488595041322314,3.424859504132232,3.424859504132232,3.424859504132232,0.7255537190082645,8.67,8.67,8.67,2.18,2.18,2.18,2.18,,1.8,,1.8,38.1,13.828561983471074,12.998479338842976,12.414347107438015,0.3492495867768595,0.0427338842975206,3.3141818181818183,61.54909090909091,0.9720932351020464,0.5429355371900827,,,,1.1559669421487604,13.127603305785124,0.086697520661157,0.4279537190082644,53.0,53.0,8.030280991735538,5.933553719008264,,0.6993719008264464,1.6621487603305785,19.57,19.57,,62.691,5.555,5.555,,,,35.34,35.34,,1.13786,,5.969831405,0.292,2.628099174,1.561158347,1.352727273,2.018,1.07,,,0.0
2012-11-30,2.064793388429752,17.04198347107438,38.3,38.3,38.3,38.3,,1.767272727272727,,0.2112396694214876,7.229752066115703,7.07504132231405,,,7.991404958677688,1.1900826446280992,,,,,,37.97553719008265,0.0,12.281652892561985,,46.29421487603306,623.942,623.942,0.3510743801652892,,12.43914050362327,19.7,19.7,19.7,19.7,3.736859504132232,68.0,68.0,68.0,14.75702479338843,14.013223140495867,2.9811570247933883,2.3087603305785125,2.3087603305785125,2.3087603305785125,6.111074380165289,10.6,10.6,10.6,4.1,4.1,4.1,4.1,,3.18,,3.18,40.4,8.663801652892563,9.740826446280993,8.693553719008264,0.6307438016528926,,21.034710743801654,73.78512396694215,9.638726222280312,6.378842975206611,,,,0.696198347107438,13.102809917355373,3.451239669421488,,67.5,67.5,4.278347107438017,8.88396694214876,,0.9421487603305784,0.98102479338843,29.64,29.64,,72.896,5.555,5.555,,,,38.8,38.8,,0.73383,,2.503933884,0.0,0.0,0.143950413,0.278479339,1.326,0.11,,,0.0
2012-12-31,3.683107438016529,70.28033057851239,50.8,50.8,50.8,50.8,,3.1235702479338845,,0.2195107438016529,26.765553719008263,15.482578512396694,,,34.69745454545454,1.94300826446281,,,,,,103.79107438016528,7.409256198347108,26.53804958677686,,80.05685950413223,793.291,793.291,0.3597024793388429,,27.52845586603338,28.4,28.4,28.4,28.4,2.4041652892561984,63.3,63.3,63.3,7.390809917355372,9.573619834710742,1.9799008264462812,0.5706049586776859,0.5706049586776859,0.5706049586776859,62.778842975206615,12.9,12.9,12.9,3.99,3.99,3.99,3.99,,3.04,,3.04,50.8,8.706644628099173,13.121454545454544,12.346710743801651,0.959206611570248,,126.97190082644627,269.2542148760331,36.08979393232587,26.41507438016529,,,,0.537401652892562,8.325421487603306,7.550677685950413,,61.2,61.2,9.192396694214876,54.66247933884298,,72.38479338842976,0.7754578512396694,94.5,94.5,,64.555,5.555,5.555,,,,47.386,47.386,,0.1292,,2.298406612,0.0,0.0,0.384809256,0.127279339,0.807,0.33,,,0.0
2013-01-31,4.87596694214876,23.420628099173555,52.1,52.1,52.1,52.1,,1.5310413223140495,,0.2152066115702479,12.14380165289256,2.121322314049587,,,16.380297520661156,0.9776528925619836,,,,,,33.080330578512395,3.5109421487603307,4.267239669421488,,85.28330578512397,778.658,778.658,0.3566280991735537,,5.374452867744383,25.8,25.8,25.8,25.8,5.773685950413224,45.5,45.5,45.5,42.33421487603306,44.73838016528926,1.7093553719008263,0.2262743801652892,0.2262743801652892,0.2262743801652892,1.0452892561983471,12.8,12.8,12.8,3.99,3.99,3.99,3.99,,3.05,,3.05,46.6,9.284628099173554,10.25613223140496,9.67814876033058,0.5810578512396694,,17.86214876033058,119.04,7.355754364077134,5.423206611570248,,,,0.3332628099173554,31.973553719008265,3.209652892561984,,66.1,66.1,19.01196694214876,32.75444628099174,,48.91338842975207,1.0988429752066116,89.8,89.8,,63.459,5.555,5.555,,,,47.72,47.72,,0.12123,,2.179120661,0.0,0.0,0.593763967,0.332033058,0.8,0.24,,,0.0
2013-02-28,4.65401652892562,18.077355371900826,53.1,53.1,53.1,53.1,,1.3773223140495867,,0.1932694214876033,8.552727272727273,1.9049256198347104,,,11.040793388429751,0.8497190082644628,,,,,,26.163570247933883,4.020892561983471,3.3377851239669423,,52.52152066115703,774.464,774.464,0.3221157024793389,,5.174955396415774,20.1,20.1,20.1,20.1,9.274710743801652,30.9,30.9,30.9,31.77282644628099,33.077950413223135,2.588033057851239,2.0770909090909093,2.0770909090909093,2.0770909090909093,0.6775537190082644,12.7,12.7,12.7,3.0,3.0,3.0,3.0,,3.04,,3.04,50.0,0.4604033057851239,1.8549421487603304,0.4498512396694215,0.3693223140495867,,10.102214876033056,76.9190082644628,3.459792664462816,2.826842975206612,,,,0.2249256198347107,29.234776859504134,0.0860826446280991,,62.7,62.7,17.105454545454545,25.447140495867767,,34.166479338842976,1.2376859504132232,87.97,87.97,,64.97,5.555,5.555,,,,48.435,48.435,,0.13751,,2.053209917,0.0,0.0,1.011609917,0.313785124,0.821,0.74,,,0.0
2013-03-31,6.087272727272727,24.84714049586777,55.1,55.1,55.1,55.1,,2.6624132231404958,,2.9083636363636365,16.25117355371901,2.232,,,18.61229752066116,1.051438016528926,,,,,,40.48343801652893,12.777123966942147,2.1889586776859504,,53.77090909090909,804.97,804.97,0.3578578512396694,,16.3639536808739,19.6,19.6,19.6,19.6,8.239338842975206,40.0,40.0,40.0,24.195371900826448,26.439669421487604,2.275041322314049,1.82003305785124,1.82003305785124,1.82003305785124,0.9776528925619836,13.6,13.6,13.6,4.02,4.02,4.02,4.02,,3.07,,3.07,58.7,0.6517685950413223,3.879867768595041,0.4980495867768595,0.4666909090909091,,13.545719008264465,80.30280991735538,3.9923146198898016,3.4125619834710745,,,,0.3603173553719008,11.338314049586776,15.660892561983472,,65.2,65.2,18.91973553719008,12.623404958677686,,12.924694214876032,1.3170247933884298,92.79,92.79,,63.135,5.555,5.555,,,,48.547,48.547,,0.28719,,1.977441322,0.0,0.0,0.97315438,0.349864463,0.889,0.31,,,0.0
2013-04-30,1.9517355371900824,18.82710743801653,65.5,65.5,65.5,65.5,,1.1127272727272728,,1.689917355371901,14.04297520661157,3.379834710743802,,,15.393719008264462,1.392396694214876,,,,,,51.6198347107438,9.550413223140495,0.7735537190082644,,51.64363636363636,836.047,836.047,0.3677355371900825,,27.569752035850332,33.8,33.8,33.8,33.8,1.5411570247933883,61.1,61.1,61.1,18.71404958677686,19.707768595041323,2.267107438016529,1.868429752066116,1.868429752066116,1.868429752066116,0.6783471074380165,14.1,14.1,14.1,4.03,4.03,4.03,4.03,,3.07,,3.07,65.0,4.790082644628099,8.187768595041323,2.0528925619834717,0.4355702479338844,,10.407272727272728,73.2495867768595,-2.837542424628095,1.1424793388429753,,,,0.2320661157024793,19.832727272727272,0.7973553719008264,,64.7,64.7,19.844628099173555,5.807603305785124,,4.236694214876033,0.7247603305785122,88.88,88.88,,62.572,5.555,5.555,,,,41.875,41.875,,0.346,,4.584793388,1.3,3.957024793,2.05482843,1.937454545,1.195,1.13,,,0.0
2013-05-31,2.773090909090909,10.91404958677686,66.4,66.4,66.4,66.4,,6.191801652892562,,0.2508694214876033,3.566280991735537,3.3756694214876037,,,3.480198347107438,0.8915702479338843,,,,,,29.76614876033058,1.4388099173553717,1.955305785123967,,86.57454545454546,788.071,788.071,0.3664661157024793,,13.339259721740218,42.8,42.8,42.8,42.8,3.30803305785124,62.2,62.2,62.2,25.63418181818182,26.593388429752068,5.171107438016528,3.695404958677686,3.695404958677686,3.695404958677686,0.6702148760330578,13.4,13.4,13.4,4.02,4.02,4.02,4.02,,3.05,,3.05,65.7,11.596561983471076,12.383603305785124,12.242181818181818,0.351094214876033,,5.121917355371901,100.65520661157024,7.598357693042109,0.4636165289256199,,,,0.5355570247933885,25.16072727272727,0.2994446280991735,,63.4,63.4,21.569851239669426,7.56297520661157,,2.1582148760330577,0.2090578512396694,75.2,75.2,,64.074,5.555,5.555,,,,46.745,46.745,,0.44325,,7.280747107,1.904,10.08595041,2.941737521,2.806294215,1.121,2.24,,,0.0
2013-06-30,2.951404958677686,8.64,59.9,59.9,59.9,59.9,,7.372561983471074,,0.2076694214876033,0.6902479338842975,2.6598347107438016,,,0.5777851239669423,0.6366942148760331,,,,,,13.709752066115705,0.0,1.701818181818182,,68.90578512396694,738.555,738.555,0.349289256198347,,1.8174148660454867,36.8,36.8,36.8,36.8,8.348429752066115,50.8,50.8,50.8,28.817851239669423,27.5801652892562,5.301818181818182,4.546115702479339,4.546115702479339,4.546115702479339,0.6426446280991736,10.6,10.6,10.6,4.01,4.01,4.01,4.01,,3.04,,3.04,66.5,10.972561983471074,10.930909090909092,10.811900826446282,0.3207272727272727,,3.308429752066116,78.78347107438016,-0.1112623393939353,0.3843966942148761,,,,1.0532231404958678,24.551404958677686,3.3857851239669423,0.684297520661157,63.4,63.4,21.177520661157025,8.140165289256199,,2.362314049586777,0.0097388429752066,63.91,63.91,,64.993,5.555,5.555,,,,44.13,44.13,,1.0029,,7.762909091,2.308,7.419371901,3.392786777,2.915702479,1.5,2.49,,,0.0
2013-07-31,2.631669421487603,7.212495867768595,52.1,52.1,52.1,52.1,,7.44,,0.2182809917355372,0.0891570247933884,2.0229421487603307,,,0.0143880991735537,0.3111272727272727,,,,,,8.589818181818181,0.0,0.7808925619834711,,94.13752066115704,653.481,653.481,0.3553983471074379,,0.5053090875799007,23.6,23.6,23.6,23.6,14.443438016528926,40.7,40.7,40.7,32.22565289256198,30.540892561983476,4.900561983471074,4.175008264462811,4.175008264462811,4.175008264462811,0.6640661157024794,7.81,7.81,7.81,4.01,4.01,4.01,4.01,,3.05,,3.05,65.4,12.063867768595042,10.858710743801652,10.901752066115703,0.3148165289256198,0.0482677685950413,2.35497520661157,103.3606611570248,0.3866350124439175,0.2447206611570247,,,,1.19900826446281,22.8057520661157,7.31702479338843,0.707107438016529,61.4,61.4,24.238413223140498,8.368462809917355,,3.6154710743801655,0.0,46.34,46.34,,65.278,5.251,5.251,,,,39.9,39.9,,1.14722,,8.232575207,2.299,10.66512397,3.873522645,3.010433058,2.517,2.6,,,0.0
2013-08-31,2.8161322314049584,7.003438016528926,44.1,44.1,44.1,44.1,,7.360066115702479,,0.2195107438016529,0.0,1.6171239669421489,,,0.0,0.1377322314049587,,,,,,6.542280991735537,0.0,0.4187305785123966,,81.47107438016529,576.734,576.734,0.3523239669421488,,0.4724628095390383,9.02,9.0,9.02,9.02,15.273520661157026,34.6,34.6,34.6,30.91596694214876,30.46095867768595,5.417057851239669,4.722247933884297,4.722247933884297,4.722247933884297,0.6702148760330578,6.91,6.91,6.91,3.97,3.97,3.97,3.97,,2.95,,2.95,58.2,15.70393388429752,15.021421487603304,14.111404958677683,0.3529388429752065,,2.004495867768595,90.50975206611572,0.1312190172631689,0.2072132231404958,,,,1.2973884297520664,17.007471074380167,14.111404958677683,,60.5,60.5,22.393785123966943,9.087867768595045,,3.2465454545454544,0.0,27.64,27.64,,65.704,5.113,5.113,,,,35.88,35.88,,1.26218,,8.250406612,1.877,11.85917355,3.759369917,3.0504,2.876,2.7,,,0.0
2013-09-30,1.8981818181818184,6.12297520661157,38.5,38.5,38.5,38.5,,5.325619834710744,,0.2124297520661156,0.1707768595041322,1.6839669421487604,,,0.1255537190082644,0.2505123966942149,,,,,,6.747768595041323,0.0,0.6069421487603306,,35.571570247933884,549.196,549.196,0.337388429752066,,0.5267702515657283,4.09,4.1,4.09,4.09,5.462479338842975,39.1,39.1,39.1,14.899834710743802,,5.016198347107438,4.349752066115703,4.349752066115703,4.349752066115703,0.83900826446281,6.53,6.53,6.53,2.76,2.76,2.76,2.76,,2.34,,2.34,49.8,16.20297520661157,15.792396694214874,14.013223140495867,0.288595041322314,,2.469421487603306,45.31239669421488,0.0570483186461964,0.2499173553719008,,,,0.7973553719008264,11.835371900826448,0.2058842975206611,,48.6,48.6,17.488264462809916,6.491900826446281,,0.7735537190082644,0.0271735537190082,22.36,22.36,,64.747,3.638,3.638,,,,32.91,32.91,,0.77371,,7.32614876,0.5,4.508429752,3.247892231,2.785983471,2.429,2.48,,,0.0
2013-10-31,0.9407603305785124,5.533884297520661,33.5,33.5,33.5,33.5,,4.513190082644629,,0.2225851239669421,0.0179543801652892,1.6970578512396697,,,0.0027054545454545,0.1850776859504131,,,,,,6.585322314049587,0.0,0.4931305785123966,,54.93917355371901,503.65,503.65,0.3467900826446281,,0.5076892572198032,8.05,8.1,8.05,8.05,1.2359008264462812,36.8,36.8,36.8,18.292561983471074,,4.900561983471074,4.058181818181819,4.058181818181819,4.058181818181819,0.8854214876033057,6.16,6.16,6.16,1.86,1.86,1.86,1.86,,1.56,,1.56,41.7,14.615603305785124,13.79781818181818,13.355107438016528,0.2785388429752066,,2.447206611570248,61.32158677685951,2.3116865209917354,2.016793388429752,,,,1.0575867768595042,13.342809917355371,0.0017216528925619,0.4131966942148761,50.8,50.8,6.7390413223140495,5.300231404958677,,1.03299173553719,0.6517685950413223,20.73,20.73,,65.611,2.509,2.509,,,,32.835,32.835,,1.11229,,5.302982479,0.557,1.075041322,1.282615537,1.047536529,2.127,1.04,,,0.0
2013-11-30,1.1603305785123967,6.087272727272727,32.6,32.6,32.6,32.6,,0.95801652892562,,0.1987438016528925,0.1529256198347107,1.7553719008264463,,,0.1487603305785124,0.2558677685950413,,,,,,6.884628099173554,0.0,0.5724297520661157,,52.25652892561983,460.88,460.88,0.3469090909090909,,0.3641652881212471,7.62,7.6,7.62,7.62,0.5129256198347107,32.7,32.7,32.7,12.549421487603306,,2.207603305785124,1.666115702479339,1.666115702479339,1.666115702479339,0.6366942148760331,5.87,5.87,5.87,2.0,2.0,2.0,2.0,,1.58,,1.58,36.3,6.973884297520661,6.83107438016529,6.932231404958678,0.2743140495867769,,2.5289256198347108,58.96859504132232,2.833449328453365,1.6958677685950414,,,,0.8211570247933885,9.889586776859504,0.0,0.4183140495867768,53.7,53.7,5.426776859504132,2.570578512396694,,0.8330578512396695,0.4439008264462811,22.36,22.36,,66.767,2.48499,2.48499,,,,32.31,32.31,,0.7993,,2.491793058,0.0,0.0,1.381854545,0.260360331,1.5,0.46,,,0.0
2013-12-31,1.2174545454545451,6.314776859504132,32.2,32.2,32.2,32.2,,0.4550082644628099,,0.2029090909090909,0.098995041322314,1.9737520661157024,,,0.0289606611570247,0.3209652892561983,,,,,,7.206347107438017,0.0,0.549699173553719,,40.35431404958677,430.04,430.04,0.3689256198347107,,0.1864661166293562,7.24,7.2,7.24,7.24,0.4900561983471075,26.2,26.2,26.2,10.735735537190084,,1.8507768595041325,0.5896661157024794,0.5896661157024794,0.5896661157024794,0.6456198347107438,5.6,5.6,5.6,2.12,2.12,2.12,2.12,,1.76,,1.76,34.3,2.545586776859504,2.8161322314049584,2.4410578512396697,0.2471801652892562,,2.6624132231404958,49.946380165289256,1.5254403630359212,0.4396363636363636,,,,0.8054876033057852,8.405355371900825,0.0977652892561983,0.4328727272727273,53.6,53.6,7.741289256198347,2.1459173553719006,,0.7993388429752066,0.1008396694214875,23.21,23.21,,65.704,3.38139,3.38139,,,,31.31,31.31,,0.75543,,1.447584793,0.0,0.0,1.69032,0.25741686,0.433,0.36,,,0.0
2014-01-31,1.0145454545454546,5.9581487603305785,32.1,32.1,32.1,32.1,,0.4740694214876032,,0.2035239669421487,0.293295867768595,1.8630743801652887,,,0.2379570247933884,0.2853024793388429,,,,,,7.390809917355372,0.0,0.6579173553719008,,35.01104132231405,403.73,403.73,0.364006611570248,,0.6587504177251138,7.25,7.3,7.25,7.25,0.4562380165289257,25.5,25.5,25.5,5.626115702479339,,2.6870082644628104,1.6417190082644628,1.6417190082644628,1.6417190082644628,0.5435504132231406,5.61,5.61,5.61,2.59,2.59,2.59,2.59,,2.04,,2.04,32.4,2.73004958677686,2.914512396694215,0.5435504132231406,0.2170512396694214,,2.527140495867769,44.36330578512397,1.399529919742794,0.2871471074380166,,,,0.5706049586776859,2.8530247933884296,0.3898314049586777,0.4322578512396693,49.5,49.5,6.253289256198348,1.475702479338843,,0.8362314049586776,0.1574082644628099,23.79,23.79,,66.712,3.58579,3.58579,,,,32.235,32.235,,0.4897,,1.237414215,0.155,0.0,0.297711074,0.295082975,1.136,0.06,,,0.0
2014-02-28,2.0548760330578517,14.106446280991737,35.3,35.3,35.3,35.3,,1.2384793388429751,,0.1877157024793388,10.72423140495868,8.130644628099173,,,13.412231404958678,0.9885619834710744,,,,,,34.782942148760334,2.0881983471074377,7.308694214876033,,11.246280991735537,480.08,480.08,0.3454413223140496,,13.323173579066252,11.7,11.7,11.7,11.7,0.6164628099173555,49.1,49.1,49.1,7.058776859504132,,2.5324958677685947,1.86604958677686,1.86604958677686,1.86604958677686,1.1385123966942148,7.57,7.57,7.57,4.01,4.01,4.01,4.01,,3.07,,3.07,37.9,3.071206611570248,5.909157024793388,1.8327272727272728,0.4409652892561984,,18.504991735537192,50.93315702479339,10.404208553559345,6.631140495867768,,,,0.2915702479338843,0.8330578512396695,7.758545454545454,,64.6,64.6,7.192066115702479,2.582479338842975,,0.8774876033057851,0.0379874380165289,48.0,48.0,,64.655,5.15779,5.15779,,,,36.63,36.63,,0.21382,,1.043978182,0.0,0.0,0.275303802,0.197793719,0.724,0.09,,,0.0
2014-03-31,4.1811570247933885,31.08198347107438,40.6,40.6,40.6,40.6,,1.3834710743801653,,0.2047537190082644,20.86889256198347,3.572429752066116,,,24.914776859504133,0.9038677685950414,,,,,,50.06320661157025,11.47973553719008,8.399206611570248,,7.181752066115703,600.61,600.61,0.3621619834710743,,17.877223061805914,17.5,17.5,17.5,17.5,0.9346115702479338,67.6,67.6,67.6,14.05606611570248,,1.3342809917355372,1.303537190082645,1.303537190082645,1.303537190082645,1.32198347107438,8.8,8.8,8.8,4.0,4.0,4.0,4.0,,3.07,,3.07,46.4,1.1129256198347108,5.183404958677686,2.6624132231404958,0.3707702479338842,,22.658181818181816,45.64839669421488,11.136587887792208,7.286280991735537,,,,0.4937454545454545,3.381818181818182,13.68714049586777,0.4328727272727273,65.7,65.7,9.899504132231405,19.67603305785124,,0.9899504132231408,0.0247180165289256,87.79,87.79,,67.153,5.60299,5.60299,,,,40.13,40.13,,0.22943,,1.136473388,0.0,0.0,0.625951736,0.172645289,0.494,-0.01,,,0.0
2014-04-30,2.3325619834710745,17.696528925619834,48.5,48.5,48.5,48.5,,1.207933884297521,,0.2189752066115703,16.756363636363638,2.243305785123967,,,18.60694214876033,0.7378512396694215,,,,,,46.75239669421487,9.312396694214875,1.5887603305785123,,18.43438016528925,670.23,670.23,0.3302479338842975,,26.229699142077735,27.8,27.8,27.8,27.8,1.2198347107438017,72.3,72.3,72.3,28.31206611570248,,2.939504132231405,1.9279338842975209,1.9279338842975209,1.9279338842975209,4.724628099173554,10.5,10.5,10.5,4.01,4.01,4.01,4.01,,3.08,,3.08,55.2,0.3534545454545454,4.55206611570248,3.6178512396694216,0.2838347107438016,,18.11900826446281,47.829421487603305,5.697892921135661,2.439669421487604,,,,0.3790413223140496,24.694214876033055,5.64694214876033,0.4522314049586777,65.3,65.3,18.85090909090909,19.41619834710744,,22.08198347107438,0.4427107438016529,92.6,92.6,,65.689,5.163390000000001,5.163390000000001,,,,41.32,41.32,,0.27979,,4.609293223,0.756,2.548760331,1.53504,1.768361653,1.227,0.91,,,0.0
2014-05-31,1.4080661157024792,7.962644628099174,50.2,50.2,50.2,50.2,,4.359471074380166,,0.2305785123966942,5.453950413223141,2.348826446280992,,,5.484694214876033,0.6825123966942149,,,,,,26.175272727272727,1.088330578512397,2.2381487603305783,,62.65586776859504,644.55,644.55,0.3258842975206611,,16.81342800171907,36.9,36.9,36.9,36.9,1.727801652892562,73.1,73.1,73.1,23.4636694214876,,5.146512396694215,3.0989752066115703,3.0989752066115703,3.0989752066115703,0.7870413223140496,11.6,11.6,11.6,3.99,3.99,3.99,3.99,,3.05,,3.05,59.7,3.898314049586777,5.2571900826446285,5.312528925619835,0.2576330578512397,,5.269487603305785,77.96628099173553,2.617110779591837,0.3338776859504131,,,,0.5552330578512396,18.341752066115703,1.727801652892562,0.4316429752066115,65.5,65.5,13.908495867768597,8.46684297520661,,2.127471074380165,0.0897719008264462,79.7,79.7,,64.831,5.07759,5.07759,,,,40.29,40.29,,0.46741,,6.548401983,1.434,13.27338843,2.723276033,2.66976,1.97,1.94,,,0.0
2014-06-30,1.9100826446280992,5.611239669421487,45.5,45.5,45.5,45.5,,4.79603305785124,,0.2261157024793388,0.7616528925619834,1.9100826446280992,,,0.4849586776859504,0.5587438016528926,,,,,,10.121652892561984,0.0,0.9639669421487604,,67.29917355371902,590.69,590.69,0.3141818181818182,,1.3431867665692794,33.9,33.9,33.9,33.9,3.9808264462809926,67.4,67.4,67.4,18.23801652892562,,5.28396694214876,3.5702479338842976,3.5702479338842976,3.5702479338842976,0.6247933884297521,11.1,11.1,11.1,3.98,3.98,3.98,3.98,,3.04,,3.04,57.9,6.795371900826447,6.8429752066115705,0.5867107438016528,0.3272727272727272,,2.665785123966942,71.46446280991735,0.5472356289334952,0.1814876033057851,,,,0.9282644628099174,11.240330578512395,1.6601652892561984,0.4153388429752066,61.5,61.5,9.550413223140495,7.812892561983473,,1.6482644628099177,0.0,63.19,63.19,,68.354,5.20719,5.20719,,,,37.145,37.145,,0.84143,,7.428638678,1.897,11.67669421,3.324745785,2.729666777,2.342,2.27,,,0.0
2014-07-31,2.3611239669421487,5.601520661157024,40.3,40.3,40.3,40.3,,4.783735537190083,,0.2287338842975207,0.1438809917355371,1.5187438016528925,,,0.0112522314049586,0.2545586776859503,,,,,,7.200198347107438,0.0,0.4507041322314049,,83.25421487603306,512.11,512.11,0.3258842975206611,,0.4614743808084283,29.5,29.5,29.5,29.5,4.13196694214876,58.4,58.4,58.4,23.81414876033058,,5.195702479338843,3.929057851239669,3.929057851239669,3.929057851239669,0.5220297520661157,10.5,10.5,10.5,3.98,3.98,3.98,3.98,,3.04,,3.04,50.5,12.39590082644628,12.279074380165287,0.4980495867768595,0.2650115702479338,,1.6724628099173553,92.47735537190084,0.2920488707482929,0.1432661157024793,,,,1.0760330578512396,16.484826446280994,4.451702479338843,0.4310280991735537,61.1,61.1,13.152198347107438,7.489190082644628,,6.339371900826446,0.0,38.66,38.66,,67.43,5.05259,5.05259,,,,32.92,32.92,,0.99846,,7.793391074,2.085,15.31636364,3.895586777,2.983493554,2.546,2.55,,,0.0
2014-08-31,2.275041322314049,5.872066115702479,36.8,36.8,36.8,36.8,,3.1973553719008265,,0.2305785123966942,0.1180561983471074,1.3773223140495867,,,0.0528793388429752,0.173395041322314,,,,,,6.124165289256198,0.0,0.3320330578512397,,72.24793388429752,444.25,444.25,0.3332628099173554,,0.4478876013007046,26.2,26.2,26.2,26.2,3.1973553719008265,46.9,46.9,46.9,24.281454545454544,,5.564628099173554,4.427107438016529,4.427107438016529,4.427107438016529,0.4445553719008265,10.0,10.0,10.0,3.96,3.96,3.96,3.96,,3.05,,3.05,41.8,12.420495867768595,11.959338842975209,0.4980495867768595,0.2613223140495868,,1.4818512396694214,81.53256198347107,-1.135534232039132,0.1045289256198347,,,,1.0575867768595042,19.657586776859503,2.4656528925619834,0.4310280991735537,60.7,60.7,14.394247933884298,7.9380495867768595,,8.122512396694216,0.0,14.1,14.1,,63.929,5.058,5.058,,,,29.12,29.12,,0.95258,,7.77609719,1.666,13.13652893,2.946144793,2.918403967,2.536,3.34,,,0.0
2014-09-30,1.0829752066115703,4.462809917355372,34.4,34.4,34.4,34.4,,2.0409917355371903,,0.2207603305785124,0.0047008264462809,1.285289256198347,,,0.0001190082644628,0.1029421487603305,,,,,,5.242314049586777,0.0,0.2838347107438016,,31.334876033057853,417.96,417.96,0.3272727272727272,,0.4094280983790878,24.2,24.2,24.2,24.2,3.0823140495867767,43.3,43.3,43.3,14.108429752066115,,4.444958677685951,3.183471074380165,3.183471074380165,3.183471074380165,0.5010247933884298,7.47,7.47,7.47,4.02,4.02,4.02,4.02,,3.07,,3.07,35.8,11.127272727272729,10.484628099173554,0.4819834710743801,0.288595041322314,,1.6066115702479338,36.41652892561984,0.0787997539079104,0.1303140495867769,,,,0.83900826446281,10.43702479338843,2.7193388429752066,,52.7,52.7,15.256859504132228,5.76595041322314,,3.0823140495867767,0.0,5.89,5.89,,63.838,3.29739,3.29739,,,,24.9,24.9,,0.77869,,7.305613884,1.014,4.796033058,4.126996364,2.788458843,1.78,2.49,,,0.0
2014-10-31,0.9223140495867768,4.83292561983471,32.1,32.1,32.1,32.1,,2.1582148760330577,,0.2281190082644628,0.0164171900826446,1.6847603305785124,,,0.0061487603305785,0.1746247933884297,,,,,,5.988892561983471,0.0,0.6333223140495868,,41.70089256198348,383.9,383.9,0.3418710743801652,,0.3698181823856574,23.2,23.2,23.2,23.2,3.855272727272727,41.4,41.4,41.4,9.186247933884298,,4.002842975206611,2.6685619834710743,2.6685619834710743,2.6685619834710743,0.5527735537190083,7.07,7.07,7.07,2.64,2.64,2.64,2.64,,1.43,,1.43,35.2,6.597619834710744,6.849719008264463,0.1014545454545454,0.2822280991735537,0.0425494214876033,1.9614545454545456,46.515371900826445,0.9772991012101576,0.1654016528925619,,,,1.069884297520661,5.90895867768595,2.281190082644628,0.4310280991735537,50.605,50.605,5.921256198347107,5.208,,0.5687603305785124,0.8239338842975207,4.62,4.62,,66.195,3.414,3.414,,,,24.193,24.193,,0.87156,,4.735334876,0.0,2.2,1.891973554,1.168292231,1.415,1.07,,,0.0
2014-11-30,1.1424793388429753,6.039669421487603,32.2,32.2,32.2,32.2,,0.5004297520661158,,0.2148099173553719,1.2257851239669422,1.6244628099173557,,,1.3864462809917355,0.3778512396694214,,,,,,7.759338842975207,0.0,1.511404958677686,,36.92231404958677,362.7,362.7,0.3445289256198346,,0.8176859565608757,21.5,21.5,21.5,21.5,2.5110743801652893,44.2,44.2,44.2,3.5702479338842976,,1.904132231404959,0.696198347107438,0.696198347107438,0.696198347107438,0.6069421487603306,7.36,7.36,7.36,3.39,3.39,3.39,3.39,,2.17,,2.17,33.6,2.540826446280992,3.0168595041322317,1.1186776859504133,0.2844297520661157,,3.12396694214876,46.34776859504132,2.231360080310337,0.5694545454545455,,,,0.9758677685950412,3.7606611570247934,0.0,0.4189090909090908,51.1,51.1,4.486611570247934,1.5768595041322313,,0.9401652892561984,1.1305785123966945,5.91,5.91,,64.196,3.581,3.581,,,,24.355,24.355,,0.78544,,1.861114711,0.0,0.0,0.995518017,0.074608264,0.605,0.18,,,0.0
2014-12-31,0.983801652892562,38.085421487603305,37.7,37.7,37.7,37.7,,1.4449586776859504,,0.2244297520661157,20.715173553719005,3.572429752066116,,,26.476561983471075,0.6640661157024794,,,,,,51.139239669421485,11.602710743801651,5.626115702479339,,8.694347107438016,484.5,484.5,0.3689256198347107,,15.448264417411869,27.9,27.9,27.9,27.9,1.3342809917355372,54.2,54.2,54.2,25.222214876033057,,2.2258512396694217,1.4265123966942148,1.4265123966942148,1.4265123966942148,1.574082644628099,9.44,9.44,9.44,4.0,4.0,4.0,4.0,,3.06,,3.06,43.1,3.000595041322314,5.367867768595041,4.91900826446281,0.5749090909090909,,28.253553719008263,57.03590082644628,16.995912858430593,12.654148760330578,,,,0.6763636363636364,19.645289256198343,11.39980165289256,0.4310280991735537,60.4,60.4,11.590413223140496,28.12442975206612,,1.7892892561983471,0.2225851239669421,69.63,69.63,,64.716,5.40859,5.40859,,,,28.6,28.6,,0.19789,,1.395588099,0.0,0.0,0.329180826,0.159717025,0.786,0.11,,,0.0
2015-01-31,0.2976,9.432198347107438,39.6,39.6,39.6,39.6,,0.8300826446280992,,0.2182809917355372,5.503140495867768,1.6970578512396697,,,6.751338842975207,0.4759140495867768,,,,,,19.82360330578512,1.272793388429752,5.0173884297520654,,22.81190082644628,502.1,502.1,0.3418710743801652,,6.511021509091716,29.7,29.7,29.7,29.7,1.32198347107438,47.8,47.8,47.8,18.833652892561982,,2.5886280991735537,2.0290909090909093,2.0290909090909093,2.0290909090909093,0.7009586776859504,9.66,9.66,9.66,4.0,4.0,4.0,4.0,,3.06,,3.06,44.1,3.012892561983471,4.242644628099174,4.0458842975206615,0.3344925619834711,,5.884363636363636,35.39226446280992,2.0835686128520803,0.8915702479338843,,,,0.2164363636363636,20.383140495867767,0.1395768595041322,0.4328727272727273,60.22,60.22,18.45857851239669,5.847471074380166,,0.7931900826446281,0.0,78.01,78.01,,64.878,5.2762,5.2762,,,,30.13,30.13,,0.29812,,1.339483636,0.0,0.0,0.295735537,0.311894876,0.98,0.01,,,0.0
2015-02-28,3.2822479338842974,22.903537190082645,49.8,49.8,49.8,49.8,,1.4939504132231405,,0.2027107438016528,13.317818181818184,4.248595041322314,,,15.733685950413223,0.5720330578512397,,,,,,49.91682644628099,9.480198347107438,9.485752066115705,,16.73890909090909,595.0,595.0,0.3182280991735537,,20.2449522967378,38.5,38.5,38.5,38.5,1.5828099173553718,57.1,57.1,57.1,24.397487603305784,,2.8546115702479344,1.7383140495867768,1.7383140495867768,1.7383140495867768,4.076429752066116,11.3,11.3,11.3,4.0,4.0,4.0,4.0,,3.06,,3.06,52.9,2.310347107438016,5.7869752066115705,4.85395041322314,0.6386776859504132,,21.98161983471074,46.65679338842976,5.997216173132061,3.421090909090909,,,,0.1271801652892562,18.110677685950414,10.690909090909091,,63.11,63.11,16.272396694214876,19.649057851239668,,15.561520661157024,0.2238148760330578,92.6,92.6,,64.762,5.163390000000001,5.163390000000001,,,,33.05,33.05,,0.1871,,1.221070413,0.0,0.0,0.053722314,0.307079008,1.046,0.01,,,0.0
2015-03-31,3.787636363636364,12.11305785123967,53.2,53.2,53.2,53.2,,0.8116363636363636,,0.2164363636363636,3.836826446280992,1.5679338842975206,,,4.476297520661157,0.5466247933884298,,,,,,18.759867768595043,0.0,3.8491239669421486,,28.26585123966942,601.7,601.7,0.3308033057851239,,7.98206282686596,42.0,42.0,42.0,42.0,2.39801652892562,59.2,59.2,59.2,12.887801652892565,,2.287338842975207,1.813884297520661,1.813884297520661,1.813884297520661,0.7255537190082645,11.7,11.7,11.7,4.0,4.0,4.0,4.0,,3.05,,3.05,53.3,2.797685950413223,4.138115702479339,3.830677685950413,0.3080528925619835,,5.410909090909091,38.37441322314049,2.033833985416316,0.744,,,,0.429798347107438,3.0805289256198347,9.87490909090909,0.7194049586776858,64.43,64.43,11.977785123966942,3.787636363636364,,4.543933884297521,0.0,93.36,93.36,,65.24,5.34519,5.34519,,,,34.003,34.003,,0.42595,,1.403141157,0.0575,0.06,0.716614215,0.343890248,0.713,0.01,,,0.0
2015-04-30,1.1781818181818182,7.3606611570247935,54.8,54.8,54.8,54.8,,1.4816528925619834,,0.2076694214876033,2.2135537190082646,2.058842975206612,,,2.5348760330578517,0.6009917355371901,,,,,,14.923636363636364,0.0,2.868099173553719,,44.97322314049587,584.5,584.5,0.3171570247933885,,6.718611546035641,43.4,43.4,43.4,43.4,3.84396694214876,65.7,65.7,65.7,12.299504132231403,,1.9398347107438016,0.8806611570247934,0.8806611570247934,0.8806611570247934,0.5884958677685951,12.0,12.0,12.0,4.0,4.0,4.0,4.0,,3.04,,3.04,52.6,4.724628099173554,5.819504132231405,5.5755371900826445,0.2862148760330578,,4.230743801652893,50.93553719008264,2.2438597421779978,0.4105785123966942,,,,0.5301818181818183,10.210909090909093,0.0904462809917355,0.432595041322314,63.68,63.68,9.217190082644628,4.80198347107438,,1.6720661157024794,0.0630743801652892,87.79,87.79,,67.971,5.3042,5.3042,,,,32.545,32.545,,0.44239,,4.842805289,0.9656,4.153,2.318598347,1.770174545,0.73,1.07,,,0.0
2015-05-31,0.1076033057851239,5.583074380165289,53.3,53.3,53.3,53.3,,3.6462148760330577,,0.2213553719008264,1.174413223140496,2.557884297520661,,,1.0145454545454546,0.6763636363636364,,,,,,12.451239669421488,0.0,1.3957685950413223,,45.88819834710743,558.0,558.0,0.3295735537190083,,5.000271069235053,43.2,43.2,43.2,43.2,4.537785123966942,73.1,73.1,73.1,16.281917355371903,,4.568528925619835,2.3242314049586774,2.3242314049586774,2.3242314049586774,0.768595041322314,12.1,12.1,12.1,3.99,3.99,3.99,3.99,,3.04,,3.04,47.4,11.153851239669422,11.688793388429753,11.725685950413222,0.2791537190082644,,3.59702479338843,57.49090909090909,2.2024105610018534,0.2379570247933884,,,,0.3615471074380165,10.323768595041322,1.3773223140495867,0.4187305785123966,64.5,64.5,6.24099173553719,6.265586776859504,,1.8077355371900827,0.2029090909090909,74.87,74.87,,64.127,5.099489999999999,5.099489999999999,,,,30.86,30.86,,0.2766,,6.029157025,0.9372,9.818,2.750868099,2.594937521,1.723,2.04,,,0.0
2015-06-30,0.5397024793388431,4.522314049586777,49.9,49.9,49.9,49.9,,3.5702479338842976,,0.2088595041322314,0.1612561983471074,1.993388429752066,,,0.0302280991735537,0.3510743801652892,,,,,,7.432066115702479,0.0,0.731900826446281,,52.79801652892562,515.5,515.5,0.3159669421487603,,1.0987041290535415,40.1,40.1,40.1,40.1,3.83206611570248,62.5,62.5,62.5,16.738512396694215,,5.438677685950413,3.897520661157025,3.897520661157025,3.897520661157025,0.6664462809917355,11.7,11.7,11.7,3.97,3.97,3.97,3.97,,3.03,,3.03,51.1,0.0034512396694214,0.144595041322314,0.0,0.648595041322314,,3.088264462809917,56.57652892561983,1.4686668254730972,0.1350743801652892,,,,0.8628099173553719,6.729917355371901,3.748760330578512,0.4070082644628098,62.35,62.35,7.414214876033058,6.521652892561984,,1.8089256198347108,0.0,62.75,62.75,,66.008,5.03639,5.03639,,,,28.625,28.625,,0.70558,,6.187596694,0.9109,8.166,3.097172231,2.665184132,1.934,2.28,,,0.0
2015-07-31,2.084429752066116,5.386314049586776,41.6,41.6,41.6,41.6,,8.202446280991735,,0.2213553719008264,0.0459312396694214,1.303537190082645,,,0.0255788429752066,0.1168264462809917,,,,,,5.675305785123967,0.0,0.396595041322314,,60.39927272727273,459.0,459.0,0.3406413223140496,,0.5356958714004391,36.1,36.1,36.1,36.1,4.13196694214876,57.5,57.5,57.5,23.340694214876034,,5.066578512396695,3.7937851239669422,3.7937851239669422,3.7937851239669422,0.6013487603305784,11.2,11.2,11.2,3.95,3.95,3.95,3.95,,3.02,,3.02,45.8,13.47193388429752,13.619504132231404,10.317619834710746,0.2736198347107438,,1.955305785123967,63.27074380165289,-0.4382827792815004,0.0774743801652892,,,,1.2174545454545451,11.28912396694215,6.431603305785124,0.4193454545454545,60.8,60.8,11.725685950413222,7.267834710743801,,5.195702479338843,0.0,39.28,39.28,,66.964,5.141,5.141,,,,24.81,24.81,,1.00463,,6.660848926,0.9372,18.608,3.559305124,2.910253884,2.138,2.58,,,0.0
2015-08-31,2.201256198347107,5.171107438016528,37.7,37.7,37.7,37.7,,3.363371900826446,,0.2102876033057851,0.0,1.1129256198347108,,,0.0,0.0516495867768595,,,,,,4.439404958677686,0.0,0.2576330578512397,,42.37110743801653,421.3,421.3,0.3658512396694215,,0.3174743819433795,31.9,31.9,31.9,31.9,4.316429752066116,46.6,46.6,46.6,25.75715702479339,,5.939702479338843,3.88601652892562,3.88601652892562,3.88601652892562,0.5158809917355373,10.3,10.3,10.3,4.03,4.03,4.03,4.03,,3.05,,3.05,34.4,15.29196694214876,15.341157024793388,14.80006611570248,0.2613223140495868,,1.65401652892562,47.419239669421486,-0.2572146002226336,0.0756297520661157,,,,0.8362314049586776,15.943735537190085,9.413752066115702,0.4193454545454545,61.63,61.63,17.136595041322312,6.788231404958678,,6.800528925619835,0.0,16.75,16.75,,67.232,4.85759,4.85759,,,,21.24,21.24,,0.91785,,6.728110413,0.9372,17.401,3.596887934,2.845340826,2.145,2.56,,,0.0
2015-09-30,1.071074380165289,4.19504132231405,34.6,34.6,34.6,34.6,,2.540826446280992,,0.2023140495867768,0.0,1.1008264462809918,,,0.0,0.0502809917355371,,,,,,4.117685950413224,0.0,0.2374214876033057,,26.223471074380164,396.4,396.4,0.3522644628099173,,0.2937322317076123,28.6,28.6,28.6,28.6,4.123636363636364,41.9,41.9,41.9,9.800330578512396,,7.610578512396694,4.712727272727273,4.712727272727273,4.712727272727273,1.0234710743801654,9.23,9.23,9.23,2.37,2.37,2.37,2.37,,1.66,,1.66,31.9,9.10413223140496,12.0198347107438,8.110413223140498,0.3201322314049587,,2.2135537190082646,33.679338842975206,-0.3605434391971654,0.0922314049586776,,,,0.3451239669421487,8.348429752066115,2.100495867768595,,54.5,54.5,13.18611570247934,4.938842975206612,,2.106446280991736,0.0361190082644628,9.55,9.55,,66.008,1.97019,1.97019,,,,19.0,19.0,,0.70056,,7.008561322,0.681,5.595,3.366850909,2.731876364,2.011,2.5,,,0.0
2015-10-31,0.7993388429752066,4.230347107438017,31.8,31.8,31.8,31.8,,2.6122314049586777,,0.2114380165289257,0.0244105785123966,1.2789421487603303,,,0.0201064462809917,0.0959206611570247,,,,,,4.863669421487603,0.0,0.3295735537190083,,37.962446280991735,363.4,363.4,0.3541685950413223,,0.4519338831625694,27.1,27.1,27.1,27.1,2.6070743801652894,44.5,44.5,44.5,0.0,,8.01798347107438,1.9799008264462812,1.9799008264462812,1.9799008264462812,0.6394710743801653,8.81,8.81,8.81,2.1,2.11,2.1,2.11,,1.23,,1.23,28.8,7.593719008264463,9.370710743801652,5.066578512396695,0.3037487603305785,,2.010644628099174,41.811570247933886,2.519277755430932,0.2102876033057851,,,,1.2789421487603303,1.389619834710744,0.429798347107438,,45.2,45.2,5.964297520661157,5.712198347107439,,0.9530578512396696,1.6355702479338845,7.83,7.83,,66.744,3.17139,3.17139,,,,19.5,19.461,,1.10886,,4.354801983,0.0,0.954,1.498,1.303430083,1.524,1.067,,,0.0
2015-11-30,1.1365289256198348,5.230413223140496,29.4,29.4,29.4,29.4,,2.5328925619834712,,0.203305785123967,0.3832066115702479,1.5173553719008264,,,0.2862148760330578,0.3498842975206612,,,,,,5.920661157024793,0.0,0.684297520661157,,30.549421487603304,343.5,343.5,0.3433388429752065,,0.5857785150827455,23.7,23.7,23.7,23.7,4.659173553719008,33.3,33.3,33.3,14.941487603305784,,4.540165289256199,2.2849586776859505,2.2849586776859505,2.2849586776859505,0.5414876033057852,8.75,8.75,8.75,2.5,2.48,2.5,2.48,,1.41,,1.41,26.6,5.795702479338843,7.098842975206612,4.546115702479339,0.300495867768595,,2.8145454545454545,37.91603305785124,2.09985686327121,0.3689256198347107,,,,0.9163636363636364,16.3100826446281,2.832396694214876,0.4058181818181819,59.9,59.9,4.361652892561984,2.136198347107438,,0.8449586776859505,0.3540495867768595,8.86,8.86,,64.28,4.06179,4.06179,,,,21.6,21.57,,0.49728,,1.500716033,0.0,0.0,0.8,0.201215207,0.7,0.027,,,0.0
2015-12-31,2.6808595041322314,15.015272727272729,30.6,30.6,30.6,30.6,,1.2848925619834708,,0.2070743801652892,9.09401652892562,3.400264462809917,,,11.541223140495866,0.996099173553719,,,,,,24.34294214876033,3.707702479338843,3.3141818181818183,,15.248925619834711,394.0,394.0,0.372,,4.434644676712919,20.9,20.9,20.9,20.9,6.001190082644628,35.1,35.1,35.1,18.80905785123967,,2.748495867768596,1.4449586776859504,1.4449586776859504,1.4449586776859504,0.9776528925619836,9.88,9.88,9.88,4.0,3.98,4.0,3.98,,3.04,,3.04,27.4,4.316429752066116,4.857520661157025,4.341024793388429,0.3738446280991734,,15.710082644628098,40.526479338842975,9.870910719058864,6.339371900826446,,,,0.6517685950413223,17.35795041322314,3.6339173553719006,,61.4,61.4,8.202446280991735,23.35914049586777,,0.8977190082644628,0.0101454545454545,43.48,43.48,,65.363,5.555,5.555,,,,25.3,25.25,,0.44628,,1.061252231,0.0,0.0,0.239,0.108961983,0.69,0.041,,,0.0
2016-01-31,3.55398347107438,46.07880991735537,35.7,35.7,35.7,35.7,,1.448925619834711,,0.2183801652892562,22.95947107438016,20.4323305785124,,,31.32793388429752,2.8530247933884296,,,,,,68.9890909090909,17.44403305785124,13.109157024793388,,6.714446280991735,582.7,582.7,0.3849123966942149,,13.49952383498515,22.4,22.4,22.4,22.4,4.384066115702479,47.3,47.3,47.3,26.28595041322314,,2.4533553719008263,1.690909090909091,1.690909090909091,1.690909090909091,1.5494876033057852,11.8,11.8,11.8,4.0,4.0,4.0,4.0,,3.06,,3.06,37.7,3.781487603305785,5.816727272727273,3.947504132231405,0.9899504132231408,,45.66069421487603,85.1603305785124,25.1990304093439,16.380297520661156,,,,0.5343272727272728,18.144991735537197,14.750876033057851,,66.9,66.9,8.405355371900825,54.09064462809917,,46.43543801652893,0.0347404958677685,98.37,98.37,,71.392,5.555,5.555,,,,34.6,34.6,,0.05589,,0.917297851,0.0,0.0,0.274,0.089190744,0.548,0.07,,,0.0
2016-02-29,4.469355371900827,25.43563636363636,42.0,42.0,42.0,42.0,,1.7057851239669422,,0.1965619834710743,21.55874380165289,2.0247272727272727,,,27.408595041322315,0.6902479338842975,,,,,,55.25434710743803,17.44601652892562,1.1101487603305786,,18.06723966942149,685.6,685.6,0.3163636363636363,,14.518016649987088,27.5,27.5,27.5,27.5,1.1101487603305786,54.9,54.9,54.9,24.083900826446275,,2.335338842975207,1.2481983471074378,1.2481983471074378,1.2481983471074378,0.7592727272727271,12.6,12.6,12.6,4.0,4.0,4.0,4.0,,3.05,,3.05,44.2,3.3879669421487595,6.367537190082646,4.112727272727272,0.3520264462809916,,21.87510743801653,59.18876033057851,7.451243806291112,3.192396694214876,,,,0.4785719008264463,14.834578512396694,12.821355371900829,,63.8,63.8,15.800925619834707,27.16700826446281,,51.42347107438017,0.0,92.41,92.41,,63.527,5.025390000000001,5.025390000000001,,,,38.9,38.9,,0.03739,,0.934121653,0.0,0.0,0.295,0.176522975,0.617,0.06,,,0.0
2016-03-31,0.9653553719008264,89.95636363636363,54.9,54.9,54.9,54.9,,8.562644628099173,,1.065520661157025,41.83001652892561,39.75173553719008,,,48.10790082644628,9.37685950413223,,,,,,163.7414876033058,4.125818181818181,60.30704132231405,,129.3699173553719,817.9,817.9,0.3793785123966943,,32.00608275358342,39.5,39.5,39.5,39.5,2.06598347107438,63.2,63.2,63.2,34.35312396694216,,1.6048264462809918,0.6118016528925619,0.6118016528925619,0.6118016528925619,31.715305785123963,14.0,14.0,14.0,4.0,4.01,4.0,4.01,,3.06,,3.06,63.7,6.357818181818182,12.7340826446281,9.0140826446281,6.997289256198347,,130.29223140495867,496.6353719008264,46.74428042567268,35.847272727272724,,,,0.7132561983471074,6.480793388429752,25.400528925619835,,66.4,66.4,14.978380165289256,90.140826446281,,162.0813223140496,0.0093461157024793,94.31,94.31,,68.258,5.555,5.555,,,,48.5,48.547,,0.04286,,1.317663471,0.0,0.0,0.911,0.462275702,0.493,0.682,,,0.0
2016-04-30,0.4236694214876033,22.861487603305783,58.6,58.6,58.6,58.6,,14.007272727272728,,6.8737190082644615,29.00826446280992,2.9811570247933883,,,31.959669421487604,0.9044628099173554,,,,,,99.6099173553719,12.00198347107438,5.771900826446281,,101.15702479338844,882.9,882.9,0.3439338842975207,,36.3680132400891,40.1,40.1,40.1,40.1,21.772561983471075,64.0,64.0,64.0,41.36132231404959,,1.0175206611570249,0.0,0.0,0.0,44.40793388429752,14.1,14.1,14.1,4.0,4.03,4.0,4.03,,3.09,,3.09,64.3,8.556694214876034,15.488925619834712,14.477355371900826,24.21818181818182,,97.2892561983471,209.33553719008265,-20.606800707473997,2.6003305785123967,,,,0.3522644628099173,23.319669421487603,24.914380165289256,,66.0,66.0,21.903471074380164,33.16165289256198,,39.08826446280992,0.8568595041322314,92.6,92.6,,62.789,5.555,5.555,,,,22.3,22.3,,0.25383,,4.407482975,0.5565,4.635,2.218,2.098516364,0.436,0.782,,,0.0
2016-05-31,0.0977652892561983,13.63795041322314,68.5,68.5,68.5,68.5,,12.275702479338843,,0.2360330578512396,14.043768595041325,3.406413223140496,,,15.771570247933884,0.9407603305785124,,,,,,86.8204958677686,7.255537190082644,0.694809917355372,,94.44495867768596,901.3,901.3,0.3713851239669422,,37.04300797391529,44.6,44.6,44.6,44.6,26.716363636363635,69.2,69.2,69.2,44.76297520661157,,4.384066115702479,2.7669421487603305,2.7669421487603305,2.7669421487603305,37.96859504132232,14.2,14.2,14.2,4.0,4.04,4.0,4.04,,3.09,,3.09,64.1,13.023074380165289,16.146644628099175,0.0,17.560859504132235,,73.41619834710744,172.4112396694215,28.353503491066512,0.5884363636363636,,,,0.1494148760330578,23.80185123966942,23.56819834710744,,63.6,63.6,24.47206611570248,27.34353719008265,,2.2565950413223144,1.3158347107438015,89.99,89.99,,65.751,5.555,5.555,,,,48.2,48.17,,0.14793,,6.453449256,1.422,22.293,2.399,2.660372231,1.612,1.633,,,0.0
2016-06-30,4.218842975206612,12.091239669421489,64.7,64.7,64.7,64.7,,8.790743801652892,,0.2213553719008265,3.540495867768595,2.677685950413223,,,3.695206611570248,0.743801652892562,,,,,,34.90512396694215,1.0472727272727274,1.5054545454545454,,120.49586776859503,822.2,822.2,0.3558347107438017,,10.8193189926778,47.2,47.2,47.2,47.2,9.514710743801652,53.8,53.8,53.8,43.59272727272728,,5.337520661157025,4.325950413223141,4.325950413223141,4.325950413223141,0.9163636363636364,13.9,13.9,13.9,4.0,3.98,4.0,3.98,,3.03,,3.03,68.1,6.426446280991735,6.741818181818182,0.0,3.4393388429752068,,8.461487603305786,142.33388429752063,-0.2200904022038551,0.1249586776859504,,,,0.7259504132231405,21.30247933884297,21.3203305785124,0.7140495867768595,64.8,64.8,18.517685950413224,22.742479338842976,,1.8327272727272728,0.1606611570247934,82.98,82.98,,63.338,5.42819,5.42819,,,,46.2,46.195,,0.60224,,7.51348562,1.7831,19.896,2.966,2.765763967,2.093,2.11,,,0.0
2016-07-31,3.4494545454545453,8.651305785123965,56.7,56.7,56.7,56.7,,7.739504132231405,,0.2233388429752064,0.7009586776859504,2.1090247933884294,,,0.4138115702479339,0.5527735537190083,,,,,,13.38585123966942,0.0,0.8915702479338843,,95.98214876033056,740.5,740.5,0.3584727272727272,,0.7335471016119335,45.4,45.4,45.4,45.4,2.840727272727273,31.8,31.8,31.8,39.850115702479336,,5.730644628099173,4.273388429752066,4.273388429752066,4.273388429752066,0.5927404958677687,13.3,13.3,13.3,3.9,3.93,3.9,3.93,,3.01,,3.01,63.7,10.938644628099173,11.916297520661155,0.0,0.3504793388429752,,2.9083636363636365,105.63570247933885,-0.6454791578118843,0.091001652892562,,,,1.2297520661157024,15.150545454545457,19.35014876033058,0.7378512396694215,64.3,64.3,22.307702479338843,12.555768595041322,,0.9776528925619836,0.0,56.63,56.63,,66.453,5.347989999999999,5.347989999999999,,,,42.8,42.76,,1.05564,,8.248288264,1.7776,25.381,3.521,2.977003636,2.386,2.476,,,0.0
2016-08-31,2.4656528925619834,6.376264462809917,48.4,48.4,48.4,48.4,,7.68595041322314,,0.2213553719008263,0.0069480991735537,1.9307107438016529,,,0.0,0.1340429752066116,,,,,,8.958743801652892,0.0,0.4765289256198347,,71.01818181818182,677.0,677.0,0.470995041322314,,0.5920264434814453,43.1,43.1,43.1,43.1,2.2258512396694217,13.3,13.3,13.3,34.37157024793388,,5.78598347107438,3.2280991735537192,3.2280991735537192,3.2280991735537192,0.6825123966942149,12.7,12.7,12.7,3.9,3.94,3.9,3.94,,2.98,,2.98,58.9,13.607206611570248,12.180694214876032,0.0170320661157024,0.280998347107438,,2.1889586776859504,82.57785123966943,0.4056231015550708,0.1094479338842975,,,,1.272793388429752,16.17123966942149,13.26902479338843,0.7378512396694215,60.2,60.2,25.296,8.657454545454547,,1.1559669421487604,0.0,24.53,24.53,,66.375,4.98139,4.98139,,,,39.3,39.266,,1.09309,,8.217929256,1.3805,25.831,3.56,2.924864132,2.415,2.553,,,0.0
2016-09-30,0.95801652892562,4.635371900826447,40.3,40.3,40.3,40.3,,7.428099173553719,,0.2124297520661156,0.0,1.642314049586777,,,0.0,0.1130578512396694,,,,,,7.253553719008265,0.0,0.3748760330578512,,39.42743801652893,644.9,644.9,0.4385454545454545,,0.6374281027297343,40.9,40.9,40.9,40.9,1.9993388429752064,16.5,16.5,16.5,10.526280991735538,,5.230413223140496,2.433719008264463,2.433719008264463,2.433719008264463,0.7795041322314049,7.36,7.36,7.36,3.9,3.9,3.9,3.9,,2.98,,2.98,56.8,16.46479338842975,14.89388429752066,9.1100826446281,0.2808595041322314,,2.124297520661157,49.4598347107438,0.8678580997571275,0.120793388429752,,,,0.9044628099173554,5.611239669421487,3.4452892561983472,0.7140495867768595,43.8,43.8,17.76793388429752,6.920330578512397,,0.731900826446281,0.0,10.71,10.71,,65.666,3.51637,3.51637,,,,36.1,36.11,,0.86422,,7.492454876,0.5547,11.411,3.299,2.764688926,2.243,2.395,,,0.0
2016-10-31,1.869223140495868,11.82406611570248,37.87,37.9,37.87,37.87,,6.049051239669423,,0.3671603305785123,6.505388429752066,2.121322314049587,,,6.1733553719008265,0.5958148760330578,,,,,,23.3222479338843,0.0,5.035834710743802,,43.93904132231405,640.4,640.4,0.3455603305785124,,11.9125092164347,36.0,36.0,36.0,36.0,15.777719008264466,47.6,47.6,47.6,18.827504132231404,,4.500892561983471,2.1951074380165294,2.1951074380165294,2.1951074380165294,0.9776528925619836,8.98,8.98,8.98,4.0,4.02,4.0,4.02,,3.07,,3.07,59.0,12.340561983471074,13.330512396694214,10.637355371900826,0.459312396694215,,9.770380165289255,65.66876033057851,10.238437015089664,6.185652892561984,,,,1.0637355371900827,12.549619834710745,1.82003305785124,0.4396363636363636,52.4,52.4,6.696,4.992793388429752,,1.0022479338842976,0.8300826446280992,9.62,9.62,,66.532,5.21548,5.21548,,,,37.8,37.8,,0.92805,,4.466943471,0.0,5.252,1.5,1.049702479,2.0,0.958,,,0.0
2016-11-30,3.183471074380165,16.20892561983471,40.72,40.7,40.72,40.72,,1.028826446280992,,0.2343669421487603,9.544462809917356,2.1183471074380167,,,12.555371900826444,0.8449586776859505,,,,,,27.062479338842977,1.1127272727272728,5.40297520661157,,35.946446280991736,669.1,669.1,0.323702479338843,,9.855966993599884,24.8,24.8,24.8,24.8,17.012231404958676,53.4,53.4,53.4,36.77355371900826,,3.2132231404958675,2.207603305785124,2.207603305785124,2.207603305785124,1.0175206611570249,9.3,9.3,9.3,4.0,4.0,4.0,4.0,,3.03,,3.03,55.5,10.353719008264465,11.311735537190083,10.704793388429753,0.3784462809917356,,13.94181818181818,62.062809917355374,5.133802954697255,2.5527272727272727,,,,0.3248925619834711,18.22611570247934,19.505454545454544,0.4135537190082645,65.0,65.0,5.379173553719008,27.252892561983472,,0.8449586776859505,0.9699173553719008,46.22,46.22,,66.83,5.555,5.555,,,,40.8,40.83,,0.35338,,2.10840595,0.0,0.0,0.343,0.163471736,0.867,0.067,,,0.0
2016-12-31,3.203504132231405,72.67834710743801,54.64,54.6,54.64,54.64,,7.08,,0.3025190082644629,6.031933884297521,55.49871074380165,,,11.830214876033056,5.16495867768595,,,,,,106.86545454545454,1.992198347107438,34.21170247933884,,122.91371900826448,775.7,775.7,0.3504793388429752,,42.85394396569118,38.8,38.8,38.8,38.8,4.457851239669422,57.4,57.4,57.4,40.538776859504125,,3.0313388429752064,1.7954380165289257,1.7954380165289257,1.7954380165289257,36.67120661157025,13.0,13.0,13.0,4.0,4.0,4.0,4.0,,3.04,,3.04,61.8,7.710545454545454,10.034776859504133,7.876561983471074,21.01646280991736,,110.30876033057852,308.79074380165287,28.38199858126722,22.03100826446281,,,,0.4513190082644628,17.86829752066116,27.85388429752066,,66.4,66.4,10.58201652892562,79.68793388429752,,77.35140495867769,0.5945851239669422,94.31,94.31,,66.469,5.555,5.555,,,,47.7,47.7,,0.26442,,1.359974876,0.0,0.0,0.35,0.231014876,0.653,0.165,,,0.0
2017-01-31,2.059834710743801,123.77454545454546,54.6,54.6,54.6,54.6,,6.0293553719008255,,22.851847933884297,33.46770247933884,108.83305785123969,,,44.79371900826446,10.299173553719008,,,,,,191.59537190082645,0.0,53.60489256198347,,158.88396694214876,790.7,790.7,0.3664661157024793,,37.85446625008071,39.5,39.5,39.5,39.5,16.976727272727274,57.5,57.5,57.5,31.942809917355373,,1.4019173553719009,0.280998347107438,0.280998347107438,0.280998347107438,64.00859504132231,13.9,13.9,13.9,4.0,4.0,4.0,4.0,,3.04,,3.04,59.9,4.341024793388429,7.925752066115702,5.564628099173554,21.637487603305782,,240.04760330578512,944.4495867768596,85.84400368181817,84.23801652892563,,,,0.4279537190082644,19.03656198347108,25.093090909090908,,66.6,66.6,9.389157024793388,163.3725619834711,,274.419173553719,0.2631669421487603,95.07,95.07,,70.979,5.555,5.555,,,,48.5,48.547,,0.28451,,1.381295207,0.0,0.0,0.456,0.334617521,0.306,0.456,,,0.0
2017-02-28,2.1715041322314046,154.72661157024794,54.76,54.8,54.76,54.76,,1.3757355371900826,,35.83933884297521,7.869619834710744,194.9910743801653,,,37.204363636363645,13.11788429752066,,,,,,292.236694214876,0.0,96.3014876033058,,137.73223140495867,780.8,780.8,0.3454413223140496,,44.29997308400052,39.7,39.7,39.7,39.7,19.07702479338843,62.5,62.5,62.5,30.87312396694215,,2.0493223140495878,0.0,0.0,0.0,58.53619834710744,14.0,14.0,14.0,4.0,4.0,4.0,4.0,,3.04,,3.04,62.2,2.810181818181818,6.725553719008264,5.481520661157024,28.49057851239669,,312.39669421487605,1308.4561983471074,93.79137388842976,93.02479338842976,,,,0.1049652892561983,17.26095867768595,27.213223140495867,,66.7,66.7,8.3139173553719,185.4386776859504,,285.3500826446281,0.0616462809917355,96.23,96.23,,72.635,5.555,5.555,,,,48.6,48.55,,0.12248,,1.241295868,0.0,0.0,0.336,0.404029091,0.26,0.685,,,0.0
2017-03-31,1.9122644628099172,56.27960330578512,55.1,55.1,55.1,55.1,,1.2188429752066112,,19.007603305785125,17.726876033057852,33.670611570247935,,,32.42856198347108,0.9161652892561984,,,,,,135.21123966942147,0.0,34.73434710743802,,155.74809917355373,803.2,803.2,0.3984396694214877,,24.62524963883329,40.3,40.3,40.3,40.3,9.118611570247936,64.9,64.9,64.9,41.70089256198348,,2.4287603305785126,0.0,0.0,0.0,18.96892561983471,14.0,14.0,14.0,4.0,4.03,4.0,4.03,,3.07,,3.07,58.5,6.905057851239669,10.108561983471075,10.834115702479338,16.17123966942149,,102.74578512396694,402.6823140495868,25.000526406336096,23.80185123966942,,,,0.4531636363636364,9.813421487603303,30.75609917355372,,66.6,66.6,8.63900826446281,70.77223140495867,,123.28264462809918,0.0087927272727272,95.27,95.27,,71.799,5.555,5.555,,,,48.0,48.04,,0.52542,,1.177443967,0.0,0.0,0.557,0.348630744,0.574,0.435,,,0.0
2017-04-30,0.1547107438016529,63.550413223140495,55.58,55.6,55.58,55.58,,1.2164628099173551,,30.840991735537184,43.22380165289256,42.49190082644628,,,51.060495867768594,1.4995041322314049,,,,,,185.59338842975205,0.0,54.51173553719008,,150.84297520661158,892.1,892.1,0.4034380165289256,,38.830195070377066,41.1,41.1,41.1,41.1,16.327933884297522,65.3,65.3,65.3,43.580826446280994,,2.421818181818182,0.0,0.0,0.0,52.3398347107438,14.1,14.1,14.1,4.1,4.05,4.1,4.05,,3.1,,3.1,64.2,3.9153719008264463,9.800330578512396,8.253223140495868,21.415537190082645,,170.4793388429752,538.6314049586776,31.23480870661157,28.44297520661157,,,,0.2177851239669422,19.148429752066114,31.1801652892562,,66.6,66.6,10.609586776859503,81.52066115702479,,141.20330578512397,0.0132694214876033,94.88,94.88,,71.874,5.555,5.555,,,,47.9,47.94,,0.44333,,3.311720331,0.0,0.0,1.242,1.334084628,0.74,1.002,,,0.0
2017-05-31,3.2588429752066115,36.05018181818181,57.04,57.0,57.04,57.04,,1.177190082644628,,53.47834710743802,47.86809917355372,36.646611570247934,,,47.48072727272727,0.983801652892562,,,,,,208.07404958677685,9.032528925619834,19.96502479338843,,198.3590082644628,937.4,937.4,0.4107371900826446,,68.72919712035124,41.7,41.7,41.7,41.7,50.03861157024794,66.1,66.1,66.1,45.37785123966942,,2.490247933884297,0.0,0.0,0.0,107.11140495867768,14.1,14.1,14.1,4.1,4.07,4.1,4.07,,3.13,,3.13,64.4,6.579173553719008,13.625652892561984,13.742479338842974,37.35371900826446,,195.34611570247932,518.217520661157,7.634899130853999,3.3018842975206613,,,,0.2096727272727272,16.804561983471075,32.02274380165289,,66.0,66.0,21.145586776859503,38.589619834710746,,33.7382479338843,0.3375669421487603,91.43,91.43,,71.219,5.555,5.555,,,,46.8,46.84,,0.36643,,6.558107107,1.391,17.486,2.943,2.557882314,0.448,0.792,,,0.0
2017-06-30,0.5652892561983471,15.161652892561984,65.99,66.0,65.99,65.99,,4.938049586776859,,14.59100826446281,26.211570247933885,3.9094214876033058,,,29.353388429752066,0.8092561983471075,,,,,,118.47272727272728,5.5279338842975205,2.433719008264463,,145.1900826446281,958.9,958.9,0.408793388429752,,44.28640633070764,40.1,40.1,40.1,40.1,48.775537190082645,71.0,71.0,71.0,45.621818181818185,,5.289917355371901,3.689256198347108,3.689256198347108,3.689256198347108,55.46380165289256,14.1,14.1,14.1,4.0,4.04,4.0,4.04,,3.06,,3.06,64.0,4.242644628099174,6.230082644628099,5.962314049586777,26.13421487603306,,100.62148760330578,256.9388429752066,4.002479714876025,0.7259504132231405,,,,0.8330578512396695,11.627107438016528,31.45983471074381,0.6902479338842975,62.8,62.8,25.003636363636364,27.562314049586774,,9.181487603305785,1.44,85.81,85.81,,63.007,5.231979999999999,5.231979999999999,,,,46.7,46.73,,0.89002,,7.526641983,1.693,20.507,2.661,2.759690579,1.919,1.676,,,0.0
2017-07-31,4.96204958677686,12.924694214876032,57.89,57.9,57.89,57.89,,10.32198347107438,,0.3878479338842975,4.507041322314049,2.2565950413223144,,,3.830677685950413,0.6886611570247934,,,,,,32.1641652892562,0.3695404958677686,1.6478677685950414,,159.80628099173555,841.6,841.6,0.4082776859504132,,7.128773499165685,43.7,43.7,43.7,43.7,3.424859504132232,51.3,51.3,51.3,48.12019834710744,,5.484694214876033,3.572429752066116,3.572429752066116,3.572429752066116,1.1375206611570248,13.8,13.8,13.8,4.0,3.99,4.0,3.99,,3.03,,3.03,58.3,15.80846280991736,17.86829752066116,17.757619834710745,0.9776528925619836,,5.952,166.5699173553719,2.200327081267224,0.2976,,,,1.4326611570247934,12.48813223140496,31.586181818181824,0.7378512396694215,61.8,61.8,26.525752066115704,22.09864462809917,,1.537190082644628,0.4273388429752066,70.1,70.1,,66.469,5.46676,5.46676,,,,44.3,44.28,,1.30766,,7.804516364,2.047,25.477,3.387,2.961512727,2.419,2.266,,,0.0
2017-08-31,3.922909090909091,9.813421487603303,48.51,48.5,48.51,48.51,,9.27292561983471,,0.2336132231404959,1.1190743801652892,2.268892561983471,,,0.9223140495867768,0.4691504132231405,,,,,,15.80846280991736,0.0,0.8239338842975207,,129.98479338842975,727.8,727.8,0.3941355371900826,,0.7527669430567213,30.9,30.9,30.9,30.9,12.494280991735538,37.3,37.3,37.3,40.09606611570248,,5.779834710743802,3.941355371900826,3.941355371900826,3.941355371900826,0.707107438016529,13.1,13.1,13.1,4.0,3.98,4.0,3.98,,3.03,,3.03,52.4,14.67094214876033,16.097454545454546,14.338909090909093,0.2711603305785124,,3.363371900826446,136.56396694214877,1.2861255220104575,0.1752396694214876,,,,1.1006280991735535,11.012429752066115,26.593388429752068,,61.6,61.6,26.56264462809917,14.025322314049587,,1.3527272727272728,0.0,47.52,47.52,,66.234,5.08559,5.08559,,,,41.6,41.57,,1.02887,,8.054818512,1.926,23.438,3.569,2.991135868,2.331,2.447,,,0.0
2017-09-30,2.3087603305785125,7.943801652892562,43.01,43.0,43.01,43.01,,5.499371900826447,,0.2352793388429752,0.0285024793388429,2.6003305785123967,,,0.0251702479338842,0.2677685950413223,,,,,,12.049586776859504,0.0,0.6545454545454545,,48.09719008264463,692.4,692.4,0.372495867768595,,1.3067702383246305,15.9,15.9,15.9,15.9,16.060165289256197,49.7,49.7,49.7,14.203636363636363,,5.748099173553719,4.444958677685951,4.444958677685951,4.444958677685951,0.9223140495867768,8.63,8.63,8.63,4.0,4.01,4.0,4.01,,3.05,,3.05,48.4,14.114380165289257,14.340495867768595,14.429752066115702,0.2487272727272727,,3.278677685950413,58.7900826446281,0.1757453279361363,0.2386115702479339,,,,1.1127272727272728,8.15206611570248,5.355371900826446,0.708099173553719,49.3,49.3,20.74909090909091,6.0813223140495865,,0.8568595041322314,0.1797024793388429,32.37,32.37,,64.479,3.22349,3.22349,,,,39.1,39.115,,0.97478,,7.560360992,0.815,12.324,3.307,2.778835041,2.154,2.324,,,0.0
2017-10-31,2.0905785123966942,7.77203305785124,37.7,37.7,37.7,37.7,,5.589421487603306,,0.2485289256198347,0.4131966942148761,2.367272727272727,,,0.1352727272727273,0.3283438016528925,,,,,,11.049322314049585,0.0,0.6019636363636363,,54.60714049586777,650.7,650.7,0.372,,1.2672198278253728,6.49,6.49,6.49,6.49,11.971636363636364,54.3,54.3,54.3,18.151140495867768,,5.12806611570248,3.3695206611570248,3.3695206611570248,3.3695206611570248,0.9653553719008264,7.34,7.34,7.34,2.4,2.44,2.4,2.44,,1.47,,1.47,43.9,14.080661157024794,15.095206611570248,14.7939173553719,0.2613223140495868,,3.2957355371900827,62.90181818181818,5.42353999100241,4.168859504132231,,,,1.3957685950413223,11.89785123966942,7.280132231404958,0.470995041322314,56.7,56.7,7.304727272727272,5.546181818181818,,1.0944793388429752,1.5679338842975206,26.52,26.52,,65.333,3.74423,3.74423,,,,39.2,39.166,,1.395768595,,4.981602645,0.01,5.596,1.845,1.529268099,1.569,1.096,,,0.0
2017-11-30,3.498842975206612,16.214876033057852,41.6,41.6,41.6,41.6,,3.5722314049586776,,0.2352396694214876,14.608264462809917,10.121652892561984,,,15.488925619834712,1.2257851239669422,,,,,,53.565619834710745,0.0874710743801653,11.359338842975207,,41.12925619834711,713.9,713.9,0.3713057851239669,,17.62462834129649,13.5,13.5,13.5,13.5,0.850909090909091,57.0,57.0,57.0,34.28628099173554,,2.9990082644628098,1.7851239669421488,1.7851239669421488,1.7851239669421488,2.058842975206612,9.82,9.82,9.82,4.0,3.99,4.0,3.99,,3.05,,3.05,51.4,5.176859504132231,10.157355371900826,0.0075570247933884,0.4903140495867769,,22.11173553719008,80.3305785123967,9.483446878467422,5.783801652892562,,,,0.684297520661157,15.810247933884298,22.99834710743801,,66.1,66.1,5.896859504132231,35.410909090909094,,1.2912396694214876,0.348099173553719,70.25,70.25,,65.163,5.555,5.555,,,,42.2,42.19,,0.684297521,,2.861347438,0.0,0.0,0.963,0.269297851,0.851,0.478,,,0.0
2017-12-31,3.756892561983471,11.744132231404958,42.9,42.9,42.9,42.9,,0.9163636363636364,,0.2378181818181819,5.564628099173554,2.35497520661157,,,6.130314049586777,0.8177851239669421,,,,,,21.951074380165288,0.0108833057851239,3.523239669421488,,50.77031404958678,702.0,702.0,0.364006611570248,,4.507180178303364,14.0,14.0,14.0,14.0,1.0452892561983471,29.5,29.5,29.5,37.62426446280992,,2.846876033057851,1.9799008264462812,1.9799008264462812,1.9799008264462812,1.2543471074380164,9.46,9.46,9.46,4.0,3.99,4.0,3.99,,3.04,,3.04,48.8,5.1895537190082655,9.026380165289256,0.0,0.2822280991735537,,7.513785123966942,66.34512396694215,2.2944674357564585,0.9899504132231408,,,,0.5386314049586777,16.177388429752067,23.96786776859504,0.4605421487603305,59.0,59.0,9.825719008264464,41.41804958677686,,43.85910743801652,0.6640661157024794,73.42,73.42,,65.891,5.555,5.555,,,,43.5,43.52,,0.538631405,,2.534193719,0.0,0.0,0.415,0.398245289,1.002,0.063,,,0.0
2018-01-31,2.527140495867769,19.58380165289256,49.1,49.1,49.1,49.1,,1.3190082644628098,,0.2382148760330578,16.61395041322314,2.6808595041322314,,,19.577652892561986,0.8854214876033057,,,,,,44.00667768595042,7.704396694214876,1.8077355371900827,,32.852826446280986,758.2,758.2,0.3873719008264463,,14.469500926624644,20.0,20.0,20.0,20.0,1.19900826446281,30.4,30.4,30.4,26.48271074380165,,2.9452561983471077,2.3857190082644624,2.3857190082644624,2.3857190082644624,1.5863801652892562,10.6,10.6,10.6,4.0,4.0,4.0,4.0,,3.05,,3.05,54.0,4.494743801652892,6.837421487603306,0.0,0.404588429752066,,21.864991735537192,74.0310743801653,11.225368056473824,8.417652892561984,,,,0.4341024793388429,22.387636363636368,8.337719008264463,,60.2,60.2,10.053223140495868,33.03728925619834,,39.78862809917355,0.2016793388429751,94.12,94.12,,64.732,5.555,5.555,,,,47.0,47.003,,0.36892562,,2.546784793,0.0,0.0,0.402,0.193578843,0.76,0.075,,,0.0
2018-02-28,4.198611570247934,13.501090909090909,51.4,51.4,51.4,51.4,,0.8429752066115702,,0.2029090909090908,7.197619834710744,2.010446280991736,,,8.52495867768595,0.6775537190082644,,,,,,22.570314049586777,1.8549421487603304,3.5821487603305786,,33.35563636363636,770.2,770.2,0.3448859504132231,,6.046076017017207,21.2,21.2,21.2,21.2,1.188495867768595,30.7,30.7,30.7,11.112991735537191,,3.2822479338842974,2.671338842975206,2.671338842975206,2.671338842975206,0.9885619834710744,10.5,10.5,10.5,4.0,4.0,4.0,4.0,,3.05,,3.05,54.9,2.9990082644628098,3.7043305785123968,0.0,0.2799074380165289,,8.741553719008262,49.31702479338843,3.6981357190082687,3.548826446280992,,,,0.1843834710743801,8.086214876033058,4.1652892561983474,0.4198611570247933,64.5,64.5,10.72978512396694,2.004892561983471,,9.596826446280993,0.0,92.6,92.6,,66.649,5.251930000000001,5.251930000000001,,,,48.1,48.145,,0.22214876,,2.309516033,0.0,0.0,0.446,0.196786116,0.733,0.134,,,0.0
2018-03-31,4.384066115702479,50.30300826446281,55.0,55.0,55.0,55.0,,5.567603305785124,,5.1419504132231415,30.024396694214875,39.37666115702479,,,37.1139173553719,4.058181818181819,,,,,,109.69388429752064,6.665256198347107,25.369785123966945,,113.6905785123967,868.2,868.2,0.4119669421487603,,21.69584124604533,28.7,28.7,28.7,28.7,1.3527272727272728,65.5,65.5,65.5,16.90909090909091,,2.3180826446280998,1.211305785123967,1.211305785123967,1.211305785123967,2.6009256198347104,12.5,12.5,12.5,4.0,4.02,4.0,4.02,,3.08,,3.08,64.1,4.304132231404958,8.036429752066114,0.0,10.508231404958678,,79.68793388429752,291.8201652892562,39.18818200688705,37.63041322314049,,,,0.4433256198347106,13.023074380165289,12.31596694214876,,66.5,66.5,11.11080991735537,69.78842975206612,,127.03338842975208,0.1119074380165289,94.88,94.88,,71.02,5.555,5.555,,,,48.5,48.547,,0.430413223,,2.498126281,0.0,0.0,1.363,0.213911405,0.391,0.777,,,0.0
2018-04-30,2.195702479338843,45.65157024793388,63.7,63.7,63.7,63.7,,9.810247933884298,,9.519074380165296,33.64363636363636,34.05421487603306,,,40.19504132231405,2.011239669421488,,,,,,128.1719008264463,3.8201652892561984,28.47867768595041,,138.34710743801654,930.8,930.8,0.3832066115702479,,43.073772053363896,40.2,40.2,40.2,40.2,10.359669421487604,67.9,67.9,67.9,34.73851239669421,,0.743801652892562,0.3629752066115702,0.3629752066115702,0.3629752066115702,48.47801652892562,14.0,14.0,14.0,4.0,4.02,4.0,4.02,,3.07,,3.07,66.6,6.997685950413223,12.144793388429752,0.0,26.538842975206613,,124.06611570247934,374.87603305785126,21.27027232644628,18.577190082644627,,,,0.3659504132231405,9.264793388429752,25.283305785123968,,66.6,66.6,16.643305785123967,54.15471074380165,,81.4611570247934,0.0856859504132231,93.17,93.17,,65.039,5.555,5.555,,,,48.2,48.21,,0.416528926,,3.965414876,0.0,0.06,1.527,1.423769256,0.634,0.598,,,0.0
2018-05-31,4.039735537190083,18.550809917355373,68.1,68.1,68.1,68.1,,8.550743801652892,,0.2550743801652892,10.766479338842975,3.5109421487603307,,,12.14380165289256,0.9100165289256198,,,,,,56.16892561983471,0.0004304132231404,5.712198347107439,,130.5996694214876,889.8,889.8,0.3929057851239669,,23.408945443649923,47.7,47.7,47.7,47.7,9.106314049586777,69.9,69.9,69.9,44.9843305785124,,4.931305785123967,4.095074380165289,4.095074380165289,4.095074380165289,1.0760330578512396,13.6,13.6,13.6,4.0,4.02,4.0,4.02,,3.06,,3.06,64.5,12.217586776859504,15.08905785123967,0.0,6.265586776859504,,19.42393388429752,170.56661157024794,4.980851909090911,2.7423471074380164,,,,0.314201652892562,0.0,33.59682644628099,,65.5,65.5,25.84323966942149,29.452561983471075,,7.581421487603306,0.2170512396694214,91.85,91.85,,64.624,5.32004,5.32004,,,,48.1,48.081,,0.061487603,,5.394884628,1.343,20.695,2.424,2.588191736,1.687,1.561,,,0.0
2018-06-30,3.248925619834711,11.430743801652891,62.1,62.1,62.1,62.1,,7.717685950413221,,0.2493223140495868,2.100495867768595,2.725289256198347,,,2.7669421487603305,0.7735537190082644,,,,,,21.36793388429752,0.0,1.8862809917355368,,115.2595041322314,807.3,807.3,0.3772561983471073,,3.837104128372571,46.3,46.3,46.3,46.3,4.1652892561983474,55.5,55.5,55.5,26.312727272727276,,5.373223140495868,4.504462809917356,4.504462809917356,4.504462809917356,0.5575537190082644,11.1,11.1,11.1,4.0,3.95,4.0,3.95,,3.02,,3.02,65.8,8.229421487603306,8.699504132231406,0.0,0.6307438016528926,,6.700165289256199,131.68264462809918,2.557678972451788,0.5879008264462809,,,,0.8985123966942149,10.234710743801651,14.1798347107438,,64.9,64.9,19.368595041322315,10.710743801652892,,2.064793388429752,0.0064264462809917,73.58,73.58,,66.681,5.21079,5.21079,,,,46.9,46.85,,1.309090909,,7.1532,1.565,18.73,2.943,2.837946446,2.116,2.076,,,0.0
2018-07-31,3.898314049586777,9.856462809917357,54.0,54.0,54.0,54.0,,8.106446280991735,,0.249917355371901,0.3922909090909091,2.2258512396694217,,,0.4568528925619834,0.5952,,,,,,11.756429752066117,0.0,0.8177851239669421,,95.1213223140496,726.6,726.6,0.3560132231404959,,0.7376132252590716,27.0,27.0,27.0,27.0,18.05890909090909,47.7,47.7,47.7,37.73494214876034,,5.755239669421487,4.623867768595042,4.623867768595042,4.623867768595042,0.5675305785123967,8.85,8.85,8.85,3.9,3.93,3.9,3.93,,3.03,,3.03,59.9,14.148297520661156,15.29196694214876,0.0,0.3763041322314049,,3.910611570247934,105.881652892562,1.783906326446281,0.256403305785124,,,,1.4572561983471075,19.030413223140496,18.28026446280992,,64.5,64.5,25.41897520661157,13.920793388429752,,6.997289256198347,0.0,42.6,42.6,,66.634,5.555,5.555,,,,44.2,44.226,,1.352727273,,8.160374876,1.745,30.628,3.455,2.956887273,2.329,2.413,,,0.0
2018-08-31,2.9083636363636365,7.507636363636363,45.6,45.6,45.6,45.6,,8.04099173553719,,0.2368264462809916,0.0092231404958677,2.152066115702479,,,0.0,0.2275041322314049,,,,,,8.417652892561984,0.0,0.4894413223140495,,82.02446280991735,653.0,653.0,0.3590876033057851,,0.5953388441101579,10.5,10.5,10.5,10.5,14.732429752066116,39.6,39.6,39.6,35.496793388429744,,5.576925619834711,3.689256198347108,3.689256198347108,3.689256198347108,0.6825123966942149,6.74,6.74,6.74,3.7,3.69,3.7,3.69,,3.02,,3.02,54.3,14.166743801652892,15.359603305785123,0.0,0.2717752066115703,,2.8837685950413223,90.9401652892562,2.1390077771563534,0.2256595041322314,,,,1.4326611570247934,17.536264462809918,16.8844958677686,,61.2,61.2,26.003107438016528,12.98003305785124,,6.0934214876033055,0.0,14.6,14.6,,66.704,5.12828,5.12828,,,,40.8,40.795,,1.229752066,,8.22638281,1.552,27.098,3.585,2.952039669,2.36,2.507,,,0.0
2018-09-30,1.67801652892562,5.629090909090909,38.8,38.8,38.8,38.8,,6.4323966942148765,,0.2302809917355371,0.0,1.8565289256198347,,,0.000297520661157,0.1612561983471074,,,,,,6.801322314049587,0.0,0.3909421487603307,,39.47504132231405,620.4,620.4,0.3463140495867769,,0.5536661144918646,7.64,7.64,7.64,7.64,2.8145454545454545,38.1,38.1,38.1,13.43603305785124,,5.367272727272727,2.701487603305785,2.701487603305785,2.701487603305785,0.5533884297520661,6.01,6.01,6.01,2.2,2.2,2.2,2.2,,2.04,,2.04,48.8,13.239669421487603,14.120330578512396,0.0,0.2766942148760331,,2.5348760330578517,45.401652892561984,2.7568196495867774,0.239801652892562,,,,1.1186776859504133,6.8429752066115705,6.634710743801653,,51.2,51.2,18.339173553719007,6.176528925619834,,1.0353719008264464,0.0,4.16,4.16,,66.055,2.4019,2.4019,,,,37.9,37.935,,0.53553719,,7.851500826,0.682,9.658,3.233,2.667780496,2.227,2.317,,,0.0
2018-10-31,1.451107438016529,5.988892561983471,34.1,34.1,34.1,34.1,,4.583801652892562,,0.2290909090909091,0.0295755371900826,1.9799008264462812,,,0.0183847933884297,0.2213553719008264,,,,,,7.114115702479339,0.0,0.4728396694214877,,49.80495867768595,578.2,578.2,0.3560132231404959,,0.6933619771910108,9.19,9.19,9.19,9.19,0.7194049586776858,36.7,36.7,36.7,10.569719008264462,,5.072727272727272,3.2834380165289256,3.2834380165289256,3.2834380165289256,0.5478545454545454,5.64,5.64,5.64,2.2,2.21,2.2,2.21,,1.79,,1.79,41.3,11.670347107438015,12.574214876033055,0.0,0.2736198347107438,0.0333262809917355,2.7853884297520657,54.64403305785124,6.541312882098161,4.144264462809918,,,,0.8116363636363636,9.475239669421487,0.7194049586776858,,49.1,49.1,7.101818181818182,5.835173553719009,,2.035239669421488,1.488,3.33,3.33,,65.914,1.78284,1.78284,,,,37.6,37.614,,0.92231405,,5.093892893,0.0,2.119,1.907,1.407141818,2.582,1.332,,,0.0
2018-11-30,1.4697520661157024,8.443636363636363,33.4,33.4,33.4,33.4,,1.41004958677686,,0.240396694214876,1.6066115702479338,1.9338842975206607,,,2.0290909090909093,0.3796363636363636,,,,,,11.448595041322314,0.0,1.7970247933884298,,46.45487603305785,552.0,552.0,0.3540495867768595,,0.6120991738374568,6.87,6.87,6.87,6.87,3.939173553719008,31.8,31.8,31.8,15.512727272727274,,3.4333884297520663,2.011239669421488,2.011239669421488,2.011239669421488,0.8033057851239669,5.63,5.63,5.63,2.8,2.8,2.8,2.8,,1.86,,1.86,37.4,5.605289256198347,6.634710743801653,0.0,0.323702479338843,,5.28396694214876,55.96363636363636,2.726192350777532,0.83900826446281,,,,0.6247933884297521,12.83504132231405,2.7788429752066115,0.3885619834710744,59.2,59.2,6.218181818181818,4.19504132231405,,1.92198347107438,1.380495867768595,7.18,7.18,,65.394,2.84242,2.84242,,,,38.9,38.913,,0.595041322,,3.033544463,0.0,0.0,1.05,0.179196694,0.884,0.432,,,0.0
2018-12-31,2.6624132231404958,14.123702479338842,33.4,33.4,33.4,33.4,,0.5601322314049587,,0.2517024793388428,3.3695206611570248,2.1705123966942144,,,5.570776859504131,0.7931900826446281,,,,,,14.01302479338843,0.0,4.205752066115704,,41.65170247933885,543.3,543.3,0.364006611570248,,1.1038214937320423,5.93,5.93,5.93,5.93,1.4388099173553717,20.1,20.1,20.1,19.71907438016529,,3.252694214876033,2.152066115702479,2.152066115702479,2.152066115702479,0.768595041322314,5.6,5.6,5.6,3.6,3.57,3.6,3.57,,2.32,,2.32,34.2,4.507041322314049,4.820628099173555,2.2135537190082646,0.3775338842975206,,7.962644628099174,54.342743801652894,3.07719481636364,1.4388099173553717,,,,0.8977190082644628,13.613355371900829,6.111867768595041,0.4033586776859503,56.5,56.5,13.79781818181818,14.578710743801652,,1.1867107438016529,0.0463001652892562,28.21,28.21,,66.242,5.2553,5.2553,,,,41.0,40.975,,0.73785124,,1.780899174,0.0,0.0,0.39,0.251016198,0.823,0.067,,,0.0
2019-01-31,4.00899173553719,45.16264462809917,35.1,35.1,35.1,35.1,,0.9724958677685948,,0.2570578512396695,20.481520661157028,6.831272727272728,,,25.46201652892562,1.3158347107438015,,,,,,45.85745454545454,8.319272727272729,11.57811570247934,,28.702413223140496,651.2,651.2,0.3713851239669422,,5.458512436417509,6.11,6.11,6.11,6.11,1.3957685950413223,34.1,34.1,34.1,9.333818181818184,,2.988297520661157,2.152066115702479,2.152066115702479,2.152066115702479,1.9491570247933885,5.98,5.98,5.98,4.0,4.0,4.0,4.0,,3.04,,3.04,37.0,3.904462809917356,5.718347107438016,5.564628099173554,0.5410909090909092,,43.2934214876033,100.53223140495868,23.798717945083485,17.89904132231405,,,,0.8054876033057852,12.051570247933885,2.502545454545455,,59.1,59.1,12.869355371900827,28.62247933884297,,14.707834710743802,0.0525104132231404,81.59,81.59,,64.188,5.555,5.555,,,,47.7,47.676,,0.322195041,,1.622126281,0.0,0.0,0.384,0.236572562,0.621,0.128,,,0.0
2019-02-28,3.1489586776859504,81.36198347107438,41.1,41.1,41.1,41.1,,1.475702479338843,,0.2366280991735537,28.97930578512397,16.605619834710744,,,36.57679338842975,3.937586776859504,,,,,,74.08661157024794,3.3877685950413223,22.664727272727276,,106.07603305785123,762.3,762.3,0.3632132231404958,,14.05457852450284,9.79,9.79,9.79,9.79,1.3051239669421488,36.8,36.8,36.8,29.30697520661157,,3.67100826446281,1.6383471074380165,1.6383471074380165,1.6383471074380165,2.221487603305785,7.23,7.23,7.23,4.0,4.0,4.0,4.0,,3.04,,3.04,46.7,3.254479338842976,5.587041322314049,3.1489586776859504,0.4354115702479338,,87.13785123966942,266.91173553719005,52.575449957300265,51.93838016528925,,,,0.7164297520661156,17.327603305785125,19.23252892561983,,67.5,67.5,9.224727272727272,84.30545454545455,,144.7299173553719,0.0827504132231404,100.55,100.55,,73.056,5.555,5.555,,,,48.5,48.547,,0.156059504,,1.329080331,0.0,0.0,0.738,0.052518347,0.452,0.648,,,0.0
2019-03-31,3.3879669421487604,83.43867768595041,45.8,45.8,45.8,45.8,,1.5292561983471074,,0.2600330578512398,41.719338842975205,18.32945454545455,,,53.62333884297521,4.199603305785124,,,,,,103.66809917355371,0.0,41.73778512396694,,193.9933884297521,804.2,804.2,0.4015140495867768,,12.207788418856534,11.6,11.6,11.6,11.6,1.6601652892561984,33.3,33.3,33.3,42.75233057851239,,4.310280991735537,2.133619834710744,2.133619834710744,2.133619834710744,2.8038347107438018,7.43,7.43,7.43,4.0,4.0,4.0,4.0,,3.04,,3.04,42.1,7.071074380165289,10.99398347107438,8.626710743801654,8.448396694214876,,97.580826446281,441.0505785123967,39.3086538016529,40.286677685950416,,,,0.9530578512396696,23.131636363636364,26.784,,66.3,66.3,14.228231404958676,98.07272727272728,,142.34380165289255,0.2877619834710743,95.07,95.07,,67.549,5.555,5.555,,,,48.5,48.547,,0.207828099,,1.542712066,0.0,0.0,0.408,0.216249917,0.441,0.351,,,0.0
2019-04-30,1.701818181818182,59.623140495867766,55.8,55.8,55.8,55.8,,4.978512396694215,,15.189223140495866,46.29421487603306,25.854545454545452,,,51.29851239669421,1.7375206611570249,,,,,,160.899173553719,0.0,55.2495867768595,,198.44628099173556,921.4,921.4,0.4040330578512396,,49.6473322592491,20.7,20.7,20.7,20.7,13.114710743801654,65.9,65.9,65.9,30.97190082644628,,0.7497520661157024,0.204099173553719,0.204099173553719,0.204099173553719,43.18809917355372,10.8,10.8,10.8,4.0,4.03,4.0,4.03,,3.08,,3.08,51.4,3.4214876033057853,13.507438016528926,13.489586776859504,24.95603305785124,,122.10247933884295,414.2082644628099,17.02620098898072,14.542809917355372,,,,0.2421818181818182,8.330578512396695,25.039338842975205,,62.4,62.4,19.57090909090909,44.51504132231405,,58.54611570247934,0.0678347107438016,92.98,92.98,,72.266,5.53299,5.53299,,,,47.7,47.749,,0.388561983,,4.18401124,0.748,10.679,1.418,1.865986116,0.911,0.941,,,0.0
2019-05-31,4.882115702479339,48.81500826446281,59.9,59.9,59.9,59.9,,13.848595041322314,,24.368925619834712,45.80211570247934,11.70109090909091,,,46.6444958677686,1.2543471074380164,,,,,,147.939173553719,0.0198604958677685,35.15246280991736,,203.64694214876036,949.3,949.3,0.4193454545454545,,64.96720670841943,25.8,25.8,25.8,25.8,28.43801652892562,66.6,66.6,66.6,47.00112396694215,,4.365619834710744,3.7630413223140495,3.7630413223140495,3.7630413223140495,71.69454545454545,14.2,14.2,14.2,4.1,4.07,4.1,4.07,,3.12,,3.12,64.9,4.912859504132232,13.785520661157024,13.72403305785124,26.833190082644627,,141.0525619834711,425.1867768595041,9.619774212121207,6.345520661157025,,,,0.4347173553719008,0.0,25.84323966942149,,66.3,66.3,21.496066115702483,32.37322314049587,,17.757619834710745,1.008396694214876,94.31,94.31,,71.5,5.555,5.555,,,,48.5,48.489,,0.595814876,,6.99254876,0.936,17.415,2.46,2.403520661,1.71,1.731,,,0.0
2019-06-30,5.099504132231405,29.95438016528925,68.3,68.3,68.3,68.3,,12.918347107438017,,11.06697520661157,26.13421487603306,4.052231404958677,,,28.67504132231405,0.9520661157024792,,,,,,123.29256198347107,3.647603305785124,10.526280991735538,,172.38347107438017,933.1,933.1,0.407603305785124,,53.99516014414385,38.5,38.5,38.5,38.5,40.29619834710744,70.6,70.6,70.6,44.74710743801653,,4.91504132231405,2.76099173553719,2.76099173553719,2.76099173553719,69.20330578512397,14.1,14.1,14.1,4.0,4.03,4.0,4.03,,3.06,,3.06,65.9,6.188429752066115,9.157685950413224,5.76595041322314,32.031074380165286,,127.99338842975206,343.57685950413224,6.396968524793388,2.255206611570248,,,,1.0056198347107437,6.83702479338843,28.88925619834711,,64.6,64.6,24.12297520661157,27.782479338842972,,8.378181818181819,0.660495867768595,89.07,89.07,,65.294,5.23566,5.23566,,,,47.7,47.669,,1.132363636,,7.356307438,1.697,23.78,2.97,2.709776529,2.072,2.125,,,0.0
2019-07-31,5.410909090909091,15.78386776859504,62.6,62.6,62.6,62.6,,7.908099173553721,,0.4462809917355374,3.2219504132231407,2.201256198347107,,,3.972099173553718,0.6763636363636364,,,,,,30.350280991735534,0.2182809917355372,2.5332892561983478,,140.31471074380164,835.7,835.7,0.3935206611570248,,7.990671235391915,20.4,20.4,20.4,20.4,28.36423140495868,72.4,72.4,72.4,43.73613223140495,,5.0419834710743805,3.818380165289256,3.818380165289256,3.818380165289256,6.652958677685951,13.7,13.7,13.7,4.0,3.99,4.0,3.99,,3.03,,3.03,59.4,16.20198347107438,17.812958677685952,18.083504132231408,0.3523239669421488,,12.205289256198348,166.07801652892562,2.6849875730027537,0.4156561983471074,,,,1.223603305785124,10.01018181818182,27.52185123966942,,63.3,63.3,26.53190082644628,19.571504132231404,,1.051438016528926,0.0,69.79,69.79,,65.93,5.50105,5.50105,,,,45.1,45.05,,1.062505785,,8.208085289,2.065,25.657,3.421,3.10329124,2.255,2.423,,,0.0
2019-08-31,4.543933884297521,11.793322314049586,54.7,54.7,54.7,54.7,,7.674049586776859,,0.4101818181818181,0.9223140495867768,2.2504462809917354,,,0.9530578512396696,0.6210247933884298,,,,,,15.04601652892562,0.0,1.0637355371900827,,135.1497520661157,721.5,721.5,0.3726148760330578,,0.8880991697705481,5.48,5.48,5.48,5.48,14.59100826446281,60.1,60.1,60.1,44.2095867768595,,5.226446280991736,4.0458842975206615,4.0458842975206615,4.0458842975206615,0.9776528925619836,11.7,11.7,11.7,3.6,3.64,3.6,3.64,,2.82,,2.82,52.7,15.845355371900826,16.927537190082646,17.118148760330577,0.3412561983471074,,3.910611570247934,150.27570247933883,1.893882773058985,0.2853024793388429,,,,1.3527272727272728,9.83801652892562,30.25804958677686,0.768595041322314,63.2,63.2,26.919272727272727,15.4518347107438,,1.223603305785124,0.0,47.9,47.9,,67.311,5.52708,5.52708,,,,42.0,41.965,,1.171953719,,8.43134876,1.583,18.946,3.517,3.041276033,2.233,2.512,,,0.0
2019-09-30,2.386115702479339,8.699504132231406,47.4,47.4,47.4,47.4,,7.350743801652893,,0.2566611570247933,0.5837355371900828,2.1778512396694216,,,0.5581487603305785,0.5819504132231405,,,,,,11.88892561983471,0.0,0.8449586776859505,,49.709752066115705,687.7,687.7,0.3564297520661157,,0.7438016547841474,3.91,3.91,3.91,3.91,3.5702479338842976,56.0,56.0,56.0,18.70214876033058,,4.79603305785124,2.0528925619834717,2.0528925619834717,2.0528925619834717,0.6545454545454545,7.04,7.04,7.04,3.5,3.46,3.5,3.46,,2.89,,2.89,52.7,11.805619834710743,12.70413223140496,11.240330578512395,0.3201322314049587,,3.4095867768595043,67.95371900826446,3.593017979895426,0.5087603305785124,,,,0.492694214876033,7.539173553719008,9.264793388429752,0.7497520661157024,53.8,53.8,18.14876033057851,9.8300826446281,,0.9401652892561984,0.0168396694214876,37.03,37.03,,67.224,5.49909,5.49909,,,,39.1,39.147,,0.027371901,,8.12889719,0.841,9.251,3.219,2.667070413,2.017,2.338,,,0.0
2019-10-31,2.4103140495867774,8.159404958677685,42.2,42.2,42.2,42.2,,5.030479338842974,,0.2590413223140497,0.3498644628099174,2.262743801652892,,,0.2496396694214875,0.5761388429752066,,,,,,10.86485950413223,0.0,0.7501487603305785,,55.26505785123967,645.9,645.9,0.3609322314049586,,0.8111603268710049,4.97,4.97,4.97,4.97,1.2912396694214876,55.9,55.9,55.9,12.248330578512396,,4.365619834710744,1.5433388429752066,1.5433388429752066,1.5433388429752066,0.6456198347107438,6.67,6.67,6.67,2.2,2.15,2.2,2.15,,1.6,,1.6,47.6,11.836363636363636,12.666446280991735,8.67590082644628,0.3363371900826446,,3.4125619834710745,69.54247933884298,2.5525790057457725,0.4285685950413224,,,,0.4279537190082644,5.392462809917356,5.1895537190082655,,54.1,54.1,6.98499173553719,4.230347107438017,,1.1129256198347108,1.272793388429752,31.47,31.47,,67.621,4.72246,4.72246,,,,38.1,38.148,,0.749533884,,4.250949421,0.048,0.744,1.753,1.298723306,1.484,1.183,,,0.0
2019-11-30,1.7315702479338844,7.378512396694215,39.2,39.2,39.2,39.2,,3.104826446280991,,0.3661487603305784,0.2582479338842974,2.1897520661157026,,,0.1856528925619834,0.4778181818181817,,,,,,9.098181818181818,0.0,0.6069421487603306,,51.12595041322314,607.5,607.5,0.3463140495867769,,0.6051371903852983,5.06,5.06,5.06,5.06,0.5950413223140496,36.9,36.9,36.9,25.6403305785124,,3.2548760330578514,1.963636363636364,1.963636363636364,1.963636363636364,0.708099173553719,6.39,6.39,6.39,2.3,2.3,2.3,2.3,,1.67,,1.67,43.5,7.140495867768595,7.78314049586777,7.723636363636365,0.3135867768595041,,3.451239669421488,65.81157024793389,1.6310069407893382,0.563504132231405,,,,0.7378512396694215,18.172561983471077,6.8667768595041325,,58.3,58.3,7.086942148760331,16.101818181818185,,0.9282644628099174,0.5944462809917355,44.27,44.27,,65.116,5.555,5.555,,,,38.6,38.554,,0.429024793,,2.606745124,0.0,0.0,0.752,0.306963967,1.216,0.343,,,0.0
2019-12-31,2.760793388429752,17.23497520661157,40.5,40.5,40.5,40.5,,0.8357157024793388,,0.2842314049586775,10.803371900826445,2.4287603305785126,,,12.125355371900826,0.7870413223140496,,,,,,31.235702479338844,1.7954380165289257,9.610512396694215,,56.72231404958678,635.0,635.0,0.3643140495867769,,3.1924958284236182,5.59,5.59,5.59,5.59,0.6394710743801653,21.3,21.3,21.3,30.245752066115703,,3.0251900826446283,1.813884297520661,1.813884297520661,1.813884297520661,1.414214876033058,6.81,6.81,6.81,3.8,3.82,3.8,3.82,,3.03,,3.03,41.8,4.998942148760331,5.2571900826446285,5.226446280991736,0.4636165289256199,,18.6,86.3900826446281,8.006700624985665,4.728396694214877,,,,0.707107438016529,19.251768595041327,13.816264462809915,,57.0,57.0,13.736330578512396,32.078082644628104,,14.769322314049589,1.1067768595041323,74.39,74.39,,66.752,5.37154,5.37154,,,,42.0,42.018,,0.546624793,,2.199141818,0.0,0.0,0.408,0.180126942,0.839,0.116,,,0.0
2020-01-31,3.215801652892562,17.597752066115703,41.1,41.1,41.1,41.1,,0.6499636363636363,,0.2905785123966943,7.267834710743801,2.4656528925619834,,,10.5020826446281,0.7501487603305785,,,,,,23.863338842975207,4.943603305785125,3.972099173553718,,52.6518347107438,645.5,645.5,0.3707702479338842,,2.9247471101619,6.07,6.07,6.07,6.07,0.5921256198347108,18.0,18.0,18.0,14.54181818181818,,3.240396694214876,1.94300826446281,1.94300826446281,1.94300826446281,0.9284628099173554,7.0,7.0,7.0,4.0,4.0,4.0,4.0,,3.04,,3.04,41.3,4.359471074380166,4.623867768595042,3.7630413223140495,0.416885950413223,,12.469685950413224,76.4905785123967,6.18030430470681,3.4617520661157024,,,,0.6886611570247934,8.983338842975206,6.36396694214876,,64.9,64.9,11.793322314049586,4.63001652892562,,1.0145454545454546,0.4470148760330578,85.99,85.99,,67.995,5.41058,5.41058,,,,45.1,45.084,,0.267471074,,2.377963636,0.0,0.0,0.426,0.258708099,0.763,0.119,,,0.0
2020-02-29,3.468495867768594,12.108099173553718,41.4,41.4,41.4,41.4,,0.7011570247933885,,0.2739173553719007,4.06095867768595,2.1685289256198352,,,5.913123966942147,0.6442314049586776,,,,,,19.971173553719005,1.340231404958678,5.021553719008264,,34.50089256198346,653.7,653.7,0.3347702479338843,,4.808310725945087,7.0,7.0,7.0,7.0,0.5343669421487602,17.8,17.8,17.8,9.778512396694214,,3.0600991735537195,2.3008264462809915,2.3008264462809915,2.3008264462809915,0.6557355371900827,7.12,7.12,7.12,4.0,3.99,4.0,3.99,,3.05,,3.05,41.4,3.215404958677685,3.6525619834710734,3.9286611570247927,0.276099173553719,,6.971504132231407,51.9469090909091,2.579387534435259,1.1964297520661158,,,,0.6557355371900827,7.655999999999999,1.8579173553719008,0.7477685950413223,63.8,63.8,11.964297520661155,3.111867768595042,,0.8743140495867767,0.1213685950413222,89.99,89.99,,67.153,5.31994,5.31994,,,,47.2,47.192,,0.596489256,,2.012905785,0.0,0.0,0.358,0.202528264,0.772,0.036,,,0.0
2020-03-31,2.3734214876033057,10.981685950413222,43.4,43.4,43.4,43.4,,0.7880330578512393,,0.2866115702479338,6.978842975206612,2.3611239669421487,,,8.632859504132231,0.7132561983471074,,,,,,22.941024793388436,0.2896066115702479,5.324826446280991,,25.53580165289256,679.7,679.7,0.4144264462809917,,8.215497512186854,9.52,9.52,9.52,9.52,0.6333223140495868,20.1,20.1,20.1,13.89004958677686,,2.7669421487603305,1.346578512396694,1.346578512396694,1.346578512396694,0.8546776859504133,7.6,7.6,7.6,4.0,3.99,4.0,3.99,,3.05,,3.05,42.9,3.5847272727272728,4.771438016528925,3.836826446280992,0.4064330578512397,,13.650247933884298,53.045355371900826,7.427405247933879,5.675305785123967,,,,0.322195041322314,3.2219504132231407,10.606611570247932,,62.4,62.4,11.522776859504132,14.369652892561984,,23.371438016528927,0.06579173553719,93.36,93.36,,67.414,5.45277,5.45277,,,,48.1,48.101,,0.023980165,,2.326613554,0.0,0.012,1.081,0.283215868,0.589,0.44,,,0.0
2020-04-30,2.481322314049587,15.14380165289256,54.7,54.7,54.7,54.7,,2.000925619834711,,0.2788760330578513,27.10413223140496,3.231074380165289,,,34.05421487603306,1.0413223140495869,,,,,,71.58347107438017,20.945454545454545,0.9996694214876032,,24.18842975206612,806.1,806.1,0.3623801652892561,,29.980244493720942,23.1,23.1,23.1,23.1,0.8330578512396695,65.5,65.5,65.5,12.775537190082645,,0.6307438016528926,0.0,0.0,0.0,1.8565289256198347,9.89,9.89,9.89,4.0,4.03,4.0,4.03,,3.11,,3.11,54.7,3.754710743801653,8.104462809917354,4.974545454545455,0.540892561983471,,34.06611570247934,73.48760330578513,14.08965604269972,9.770578512396694,,,,0.5242314049586778,13.31702479338843,2.5229752066115703,,63.4,63.4,13.733553719008263,22.147438016528927,,33.22710743801653,0.672396694214876,91.29,91.29,,67.573,5.25257,5.25257,,,,48.2,48.16,,0.010710744,,4.672639339,0.784,4.917,1.95,1.544709421,0.955,0.98,,,0.0
2020-05-31,3.640066115702479,14.283570247933884,68.2,68.2,68.2,68.2,,6.45798347107438,,0.2953388429752067,17.64079338842975,3.5170909090909093,,,19.872793388429752,0.959206611570248,,,,,,78.82710743801653,8.835768595041321,4.015140495867769,,47.97262809917356,878.1,878.1,0.3726148760330578,,38.671596800748965,45.2,45.2,45.2,45.2,2.0229421487603307,73.1,73.1,73.1,36.82492561983471,,4.75299173553719,2.5763305785123967,2.5763305785123967,2.5763305785123967,19.20257851239669,13.6,13.6,13.6,4.0,4.0,4.0,4.0,,3.06,,3.06,63.4,7.19404958677686,13.18294214876033,13.01692561983471,4.002842975206611,,36.70195041322314,95.9206611570248,6.310969794765839,1.82003305785124,,,,0.1875371900826446,25.443570247933884,5.976595041322314,,64.9,64.9,19.792859504132227,25.621884297520666,,4.96204958677686,0.6333223140495868,92.41,92.41,,65.658,5.36621,5.36621,,,,48.3,48.303,,0.498049587,,7.627487603,1.433,15.047,2.646,2.580329256,1.931,1.933,,,0.0
2020-06-30,2.820495867768595,9.181487603305785,63.8,63.8,63.8,63.8,,7.376528925619834,,0.2804628099173554,2.868099173553719,2.737190082644628,,,3.796363636363637,0.7735537190082644,,,,,,25.134545454545453,0.6009917355371901,2.445619834710744,,68.31074380165289,844.9,844.9,0.3552396694214875,,6.6658908774636005,46.8,46.8,46.8,46.8,2.7788429752066115,52.3,52.3,52.3,33.8102479338843,,4.748429752066116,4.058181818181819,4.058181818181819,4.058181818181819,1.5054545454545454,13.6,13.6,13.6,4.0,3.98,4.0,3.98,,3.03,,3.03,63.8,6.777520661157025,6.902479338842976,3.921322314049588,1.6720661157024794,,8.550743801652892,85.74545454545455,2.274450541322318,0.4540165289256198,,,,0.0791404958677686,26.12826446280992,3.3738842975206613,,64.7,64.7,22.02247933884297,15.358016528925624,,1.92198347107438,0.0928264462809917,76.02,76.02,,66.933,5.47965,5.47965,,,,46.3,46.329,,0.268958678,,7.710394711,1.791,19.823,3.081,2.779077025,2.068,2.187,,,0.0
2020-07-31,2.754644628099173,8.134809917355373,56.6,56.6,56.6,56.6,,7.3804958677685955,,0.2854214876033056,0.4353322314049586,2.219702479338843,,,0.3578578512396694,0.5822876033057852,,,,,,11.172297520661155,0.0,0.9469090909090908,,97.45785123966942,761.6,761.6,0.3523239669421488,,0.7134148719094017,43.6,43.6,43.6,43.6,2.73004958677686,33.7,33.7,33.7,33.24019834710744,,4.925157024793387,4.002842975206611,4.002842975206611,4.002842975206611,0.6271735537190082,13.1,13.1,13.1,3.7,3.71,3.7,3.71,,3.04,,3.04,56.1,14.443438016528926,15.187438016528926,15.119801652892562,0.3037487603305785,,2.951404958677686,107.23438016528924,1.428329105373587,0.173395041322314,,,,0.1918413223140495,26.144528925619834,4.359471074380166,,61.1,61.1,25.25295867768595,12.420495867768595,,6.751338842975207,0.0,45.41,45.41,,68.066,5.16371,5.16371,,,,42.2,42.244,,1.203312397,,8.396717355,2.264,28.947,3.902,3.050009256,2.329,2.631,,,0.0
2020-08-31,2.5209917355371902,6.880462809917355,49.0,49.0,49.0,49.0,,7.3249586776859505,,0.2816528925619833,0.0004304132231404,1.955305785123967,,,0.0,0.1660165289256198,,,,,,7.710545454545454,0.0,0.5429355371900827,,103.11471074380164,668.0,668.0,0.3560132231404959,,0.492654544735743,40.7,40.7,40.7,40.7,2.496396694214876,18.6,18.6,18.6,31.55543801652893,,5.626115702479339,2.8960661157024794,2.8960661157024794,2.8960661157024794,0.5853619834710744,12.6,12.6,12.6,3.7,3.66,3.7,3.66,,3.03,,3.03,46.2,16.1958347107438,16.71847933884297,16.976727272727274,0.3123570247933884,,2.2565950413223144,111.35404958677684,2.8016435844628096,0.1383471074380165,,,,1.303537190082645,27.27590082644628,1.65401652892562,,61.4,61.4,21.26856198347107,9.62895867768595,,8.485289256198348,0.0,12.61,12.61,,65.201,5.12527,5.12527,,,,38.4,38.397,,0.957361983,,8.58052562,1.862,27.007,3.88,3.04930314,2.53,2.702,,,0.0
2020-09-30,1.404297520661157,4.903140495867769,42.6,42.6,42.6,42.6,,6.129917355371902,,0.2659834710743803,0.0,1.6066115702479338,,,0.0,0.1273388429752066,,,,,,5.950413223140496,0.0,0.4129586776859504,,41.83735537190083,632.1,632.1,0.3522644628099173,,0.5630281022757538,38.1,38.1,38.1,38.1,2.195702479338843,5.73,5.73,5.73,28.20495867768595,,5.081652892561984,3.790413223140496,3.790413223140496,3.790413223140496,0.5325619834710744,8.57,8.57,8.57,3.6,3.64,3.6,3.64,,2.75,,2.75,42.9,12.561322314049589,13.233719008264464,12.162644628099171,0.3046611570247933,,1.9398347107438016,45.65157024793388,1.502896604108624,0.144595041322314,,,,0.4450909090909091,21.36793388429752,1.963636363636364,0.7259504132231405,58.1,58.1,20.023140495867768,8.04495867768595,,2.2373553719008266,0.4748429752066115,4.69,4.69,,67.668,4.505520000000001,4.505520000000001,,,,35.1,35.066,,0.007140496,,7.980904463,0.498,7.405,3.625,2.842373554,2.311,2.566,,,0.0
2020-10-31,1.008396694214876,4.285685950413223,37.1,37.1,37.1,37.1,,5.27801652892562,,0.2703471074380166,0.0,1.6232727272727272,,,0.0,0.1217454545454545,,,,,,5.78598347107438,0.0,0.3959801652892563,,59.16952066115702,579.0,579.0,0.3652363636363637,,0.4626843003202076,36.8,36.8,36.8,36.8,4.906710743801653,6.26,6.26,6.26,17.634644628099174,,4.642314049586777,3.406413223140496,3.406413223140496,3.406413223140496,0.6517685950413223,8.12,8.12,8.12,2.3,2.34,2.3,2.34,,1.69,,1.69,37.9,12.205289256198348,12.088462809917356,10.372958677685949,0.3467900826446281,,1.9491570247933885,63.39371900826446,5.04678311910271,4.138115702479339,,,,0.7870413223140496,9.54287603305785,2.2381487603305783,,56.4,56.4,9.604363636363637,5.724495867768594,,0.744,1.2973884297520664,4.07,4.07,,68.186,4.7683100000000005,4.7683100000000005,,,,33.7,33.738,,1.19654876,,4.939610579,0.032,1.196,2.166,1.482852893,1.788,1.22,,,0.0
2020-11-30,1.1008264462809918,5.890909090909091,36.2,36.2,36.2,36.2,,1.2803305785123964,,0.2479338842975206,0.5331570247933886,1.904132231404959,,,0.672396694214876,0.3326280991735537,,,,,,7.604628099173554,0.0,0.9877685950413224,,47.91272727272728,544.8,544.8,0.3564297520661157,,0.3774347116139309,14.5,14.5,14.5,14.5,24.83107438016529,20.5,20.5,20.5,14.108429752066115,,3.260826446280992,2.183801652892562,2.183801652892562,2.183801652892562,0.7497520661157024,7.89,7.89,7.89,2.5,2.5,2.5,2.5,,1.85,,1.85,35.2,4.189090909090909,4.43305785123967,4.111735537190083,0.3379834710743801,,3.248925619834711,57.98677685950413,1.6445746261899192,0.4504462809917356,,,,0.7795041322314049,9.47305785123967,2.8383471074380164,,54.8,54.8,5.557685950413223,10.627438016528926,,0.8985123966942149,1.0829752066115703,12.34,12.34,,66.187,4.51912,4.51912,,,,34.8,34.764,,0.312396694,,2.582927603,0.0,0.0,0.666,0.238726612,1.017,0.169,,,0.0
2020-12-31,1.32198347107438,6.788231404958678,36.0,36.0,36.0,36.0,,0.4734545454545453,,0.2503140495867768,0.9407603305785124,2.0413884297520664,,,1.272793388429752,0.533097520661157,,,,,,8.854214876033058,0.0,1.2912396694214876,,40.84621487603305,521.5,521.5,0.3707702479338842,,0.33018843028171,5.13,5.13,5.13,5.13,9.290776859504131,20.8,20.8,20.8,11.891702479338845,,3.1543140495867767,2.121322314049587,2.121322314049587,2.121322314049587,0.6763636363636364,7.7,7.7,7.7,2.7,2.71,2.7,2.71,,1.98,,1.98,32.5,3.652363636363636,3.4740495867768595,3.904462809917356,0.3461752066115702,,4.291834710743801,50.91788429752066,1.7726559431247555,0.4537785123966942,,,,0.58659173553719,9.647404958677686,1.5494876033057852,,53.3,53.3,8.737388429752066,6.634512396694215,,0.8485289256198347,0.231193388429752,17.628,17.628,,66.414,5.00431,5.00431,,,,36.2,36.182,,0.503583471,,2.163356033,0.0,0.00067,0.495,0.243139835,0.95,0.109,,,0.0
2021-01-31,1.1867107438016529,8.509884297520662,36.2,36.2,36.2,36.2,,0.5053884297520661,,0.2540826446280991,2.0967272727272728,2.0905785123966942,,,2.6193719008264464,0.7132561983471074,,,,,,11.270677685950414,0.0,2.3057851239669422,,29.710809917355373,518.0,518.0,0.3713851239669422,,0.7825190016060821,4.32,4.32,4.32,4.32,1.1805619834710743,13.1,13.1,13.1,15.150545454545457,,2.3303801652892564,1.36502479338843,1.36502479338843,1.36502479338843,0.8300826446280992,7.7,7.7,7.7,3.3,3.25,3.3,3.25,,2.33,,2.33,30.2,3.55398347107438,3.818380165289256,4.021289256198348,0.4673057851239669,,7.360066115702479,45.13190082644629,3.9747011220037023,2.139768595041322,,,,0.6333223140495868,10.840264462809918,3.26499173553719,,57.2,57.2,8.196297520661158,7.5875702479338845,,0.8239338842975207,0.0,34.88,34.88,,66.587,5.09656,5.09656,,,,37.5,37.547,,0.014757025,,1.800255868,0.0,0.0,0.7,0.273183471,0.627,0.148,,,0.0
2021-02-28,2.010446280991736,13.023471074380163,36.3,36.3,36.3,36.3,,0.5357355371900827,,0.2334545454545454,7.392,1.9937851239669424,,,10.279933884297522,0.7719669421487604,,,,,,17.022148760330577,0.3965355371900826,4.870611570247934,,19.621289256198345,547.3,547.3,0.3293355371900826,,1.4150280913045583,4.46,4.46,4.46,4.46,0.4515173553719009,10.5,10.5,10.5,13.678809917355371,,1.6105785123966945,0.0,0.0,0.0,1.2384793388429751,7.71,7.71,7.71,3.7,3.74,3.7,3.74,,2.92,,2.92,28.8,3.110082644628099,3.326677685950413,3.815404958677686,0.3293355371900826,,12.001586776859504,40.38664462809918,4.738777101576442,1.4273057851239672,,,,0.4170842975206612,8.763768595041322,4.642909090909091,0.6664462809917355,61.7,61.7,10.840859504132233,6.242380165289256,,0.7330909090909091,0.1866049586776859,48.0,48.0,,66.563,5.5422,5.5422,,,,39.3,39.319,,0.420971901,,1.63357686,0.0,0.0,0.671,0.238440992,0.411,0.088,,,0.0
2021-03-31,2.4041652892561984,13.656396694214877,36.7,36.7,36.7,36.7,,0.7299173553719008,,0.2532892561983469,6.757487603305785,2.1705123966942144,,,9.469090909090909,0.8300826446280992,,,,,,19.80515702479339,1.7585454545454546,4.623867768595042,,24.859438016528927,573.2,573.2,0.3603173553719008,,3.915133886416097,4.01,4.01,4.01,4.01,1.32198347107438,13.6,13.6,13.6,15.261223140495868,,3.037487603305785,0.0,0.0,0.0,0.971504132231405,7.86,7.86,7.86,4.0,4.0,4.0,4.0,,3.06,,3.06,29.1,3.4494545454545453,4.168859504132231,4.586975206611569,0.3769190082644628,,10.551272727272726,44.56006611570248,7.722801149594643,2.926809917355372,,,,0.6271735537190082,1.9983471074380168,10.194644628099176,0.7378512396694215,63.0,63.0,13.779371900826446,3.105123966942149,,0.7993388429752066,0.0083008264462809,57.85,57.85,,66.948,5.19978,5.19978,,,,42.3,42.278,,0.236112397,,1.832037025,0.0,0.0,0.516,0.329541818,0.735,0.062,,,0.0
2021-04-30,0.0767603305785124,8.294876033057852,43.5,43.5,43.5,43.5,,1.2932231404958678,,0.2411900826446281,7.449917355371901,2.802644628099173,,,9.074380165289256,0.827107438016529,,,,,,36.49388429752066,6.682314049586777,1.701818181818182,,49.07900826446281,582.9,582.9,0.3385785123966942,,23.61687262921294,14.4,14.4,14.4,14.4,0.9758677685950412,43.1,43.1,43.1,13.311074380165287,,2.0350413223140498,1.2376859504132232,1.2376859504132232,1.2376859504132232,0.7557024793388429,9.83,9.83,9.83,4.0,4.03,4.0,4.03,,3.1,,3.1,34.6,5.456528925619835,8.449586776859505,5.170909090909091,0.3469090909090909,,6.920330578512397,64.08595041322315,2.314228936166861,0.4516363636363635,,,,0.8628099173553719,8.253223140495868,5.319669421487603,,59.6,59.6,13.150413223140497,5.051900826446281,,1.630413223140496,0.5771900826446281,53.34,53.34,,65.689,5.195609999999999,5.195609999999999,,,,40.7,40.729,,0.852694215,,4.710061488,0.922,3.301,2.228,1.685853223,0.904,1.113,,,0.0
2021-05-31,2.072132231404959,8.22704132231405,49.3,49.3,49.3,49.3,,3.0069421487603307,,0.2509090909090909,2.9575537190082644,3.3695206611570248,,,3.351074380165289,0.6394710743801653,,,,,,29.323438016528925,1.3404297520661157,1.0391404958677684,,59.40317355371901,562.2,562.2,0.3830677685950414,,19.18811913356308,26.3,26.3,26.3,26.3,1.690909090909091,49.9,49.9,49.9,26.07074380165289,,5.244892561983471,3.7261487603305774,3.7261487603305774,3.7261487603305774,0.7624462809917355,11.3,11.3,11.3,4.0,3.99,4.0,3.99,,3.04,,3.04,32.1,10.858710743801652,12.648,9.813421487603303,0.3289586776859504,,3.664661157024793,67.3289256198347,1.8261866726193356,0.2920661157024793,,,,0.3394115702479338,17.634644628099174,7.630611570247934,,62.1,62.1,18.71067768595041,6.960396694214876,,2.2504462809917354,0.0996099173553719,41.61,41.61,,65.449,5.18777,5.18777,,,,38.5,38.508,,0.425494215,,6.501490909,1.463,8.345,2.967,2.683541157,2.127,2.215,,,0.0
2021-06-30,2.0290909090909093,6.337190082644628,44.6,44.6,44.6,44.6,,5.444628099173554,,0.2463471074380164,0.0,1.993388429752066,,,0.0,0.1481652892561983,,,,,,8.931570247933884,0.0,0.6902479338842975,,53.04198347107438,518.7,518.7,0.3367933884297521,,1.2698776888256231,13.5,13.5,13.5,13.5,14.322644628099171,48.7,48.7,48.7,19.291239669421486,,5.1173553719008265,4.171239669421488,4.171239669421488,4.171239669421488,0.6426446280991736,9.9,9.9,9.9,4.0,4.0,4.0,4.0,,3.04,,3.04,31.5,6.944132231404959,7.128595041322314,0.0,0.3653553719008263,,2.2849586776859505,58.23074380165289,0.8727044892438285,0.120198347107438,,,,1.1722314049586775,14.739173553719008,2.677685950413223,,60.5,60.5,13.721652892561984,7.235702479338843,,2.0945454545454547,0.0,29.47,29.47,,66.972,5.11814,5.11814,,,,35.6,35.57,,0.373090909,,6.66570843,2.079,7.412,2.991,2.496898512,2.261,2.175,,,0.0
2021-07-31,2.3057851239669422,5.656859504132232,38.4,38.4,38.4,38.4,,5.76198347107438,,0.2520991735537188,0.0,1.303537190082645,,,0.0,0.0676363636363636,,,,,,5.847471074380166,0.0,0.3633917355371901,,56.45176859504132,466.4,466.4,0.3603173553719008,,0.4477884292602539,6.9,6.9,6.9,6.9,6.1733553719008265,41.2,41.2,41.2,21.28700826446281,,5.693752066115702,4.230347107438017,4.230347107438017,4.230347107438017,0.4820628099173554,7.99,7.99,7.99,4.0,4.0,4.0,4.0,,3.04,,3.04,26.1,11.750280991735536,12.205289256198348,0.0,0.4021289256198348,,1.6294214876033055,59.90737190082645,0.9419123582166712,0.0848528925619834,,,,1.3527272727272728,12.684892561983473,6.849719008264463,,60.4,60.4,13.373553719008264,7.919603305785126,,2.7915371900826447,0.0,11.81,11.81,,68.362,5.24547,5.24547,,,,32.0,32.04,,0.357857851,,7.07813157,1.737,13.63,3.327,2.659933884,2.495,2.394,,,0.0
2021-08-31,2.2381487603305783,5.490842975206611,32.2,32.2,32.2,32.2,,5.831404958677686,,0.2522975206611569,0.0,1.1252231404958677,,,0.0,0.0524489256198347,,,,,,4.814479338842975,0.0,0.2816132231404958,,44.48628099173554,424.4,424.4,0.3750743801652892,,0.4088925631184223,3.01,3.01,3.01,3.01,3.84297520661157,33.1,33.1,33.1,19.35014876033058,,5.644561983471075,4.568528925619835,4.568528925619835,4.568528925619835,0.4476297520661156,6.9,6.9,6.9,3.9,3.88,3.9,3.88,,2.98,,2.98,19.7,12.248330578512396,12.518876033057852,0.0,0.3517090909090909,0.0318505785123966,1.451107438016529,47.88039669421487,0.7033914087493718,0.0799338842975206,,,,1.069884297520661,13.373553719008264,4.4086611570247936,,60.1,60.1,11.873256198347107,7.710545454545454,,2.699305785123967,0.0,7.58,7.58,,69.759,5.19413,5.19413,,,,28.5,28.533,,1.254961983,,7.215221157,0.911,3.03,3.349,2.664309421,2.56,2.416,,,0.0
2021-09-30,1.1662809917355372,4.278347107438017,26.5,26.5,26.5,26.5,,5.607272727272727,,0.239801652892562,0.0886611570247934,1.071074380165289,,,,0.0946115702479339,,,,,,4.647272727272727,0.0,0.2939504132231404,,31.81090909090909,395.9,395.9,0.3707107438016529,,0.200826445335199,3.02,3.02,3.02,3.02,0.4659173553719008,32.4,32.4,32.4,6.033719008264463,,5.51603305785124,4.385454545454546,4.385454545454546,4.385454545454546,0.7259504132231405,6.67,6.67,6.67,2.9,2.91,2.9,2.91,,2.33,,2.33,16.0,10.252561983471074,10.532231404958678,5.867107438016529,0.2576528925619835,0.0308826446280991,1.92198347107438,36.63669421487603,0.654454750413221,0.132694214876033,,,,0.9699173553719008,3.8201652892561984,1.5887603305785123,,47.6,47.6,11.448595041322314,6.063471074380165,,1.029421487603306,0.0279669421487603,10.407,10.407,,69.637,4.199229999999999,4.199229999999999,,,,25.4,25.427,,0.203504132,,6.754877355,0.0,1.286,3.318,2.472089256,2.296,2.313,,,0.0
