Date,Pilot Creek below 5000 ft,5-6000 ft,6-7000 ft,7-8000 ft,8000+ ft,Morrison Creek - USDA
1975-10-01,0.358974359,1.136970488,1.136970488,1.136970488,1.136970488,0.121082621
1975-10-02,0.35042735,1.117664361,1.117664361,1.117664361,1.117664361,0.125830959
1975-10-03,0.358974359,0.402823671,0.402823671,0.402823671,0.402823671,0.106837607
1975-10-04,0.358974359,0.402517241,0.402517241,0.402517241,0.402517241,0.071225071
1975-10-05,0.358974359,0.382901728,0.382901728,0.382901728,0.382901728,0.056980057
1975-10-06,0.461538462,0.498542171,0.498542171,0.498542171,0.498542171,0.109211776
1975-10-07,0.769230769,0.517509737,0.517509737,0.517509737,0.517509737,0.135327635
1975-10-08,0.521367521,0.382121982,0.382121982,0.382121982,0.382121982,0.140075973
1975-10-09,0.512820513,0.343230327,0.343230327,0.343230327,0.343230327,0.997150997
1975-10-10,1.367521368,1.129978161,1.129978161,1.129978161,1.129978161,0.783475783
1975-10-11,2.051282051,1.034148676,1.034148676,1.034148676,1.034148676,0.261158594
1975-10-12,1.025641026,0.724076765,0.724076765,0.724076765,0.724076765,0.128205128
1975-10-13,0.829059829,0.646716068,0.646716068,0.646716068,0.646716068,0.066476733
1975-10-14,0.700854701,0.627080678,0.627080678,0.627080678,0.627080678,0.106837607
1975-10-15,0.658119658,0.724312443,0.724312443,0.724312443,0.724312443,0.118708452
1975-10-16,0.615384615,0.665170824,0.665170824,0.665170824,0.665170824,0.118708452
1975-10-17,0.58974359,0.579029794,0.573580699,0.569361819,0.562967872,0.109211776
1975-10-18,0.572649573,0.526518921,0.516729031,0.509149355,0.497661936,0.102089269
1975-10-19,0.555555556,0.432459848,0.42054263,0.411315903,0.397332285,0.109211776
1975-10-20,0.52991453,0.396825509,0.382417514,0.37126234,0.354356054,0.111585945
1975-10-21,0.521367521,0.319198381,0.304880739,0.29379552,0.276995255,0.097340931
1975-10-22,0.512820513,0.453341237,0.429221456,0.410547077,0.382245019,0.102089269
1975-10-23,0.512820513,0.374313923,0.351344774,0.333561255,0.306609344,0.125830959
1975-10-24,0.512820513,0.882766698,0.8215574,0.774167018,0.702344265,0.19705603
1975-10-25,0.521367521,0.870103267,0.802988097,0.751025183,0.672272502,1.210826211
1975-10-26,2.222222222,15.74625816,14.41161624,13.37828974,11.81222609,0.830959164
1975-10-27,1.709401709,4.335104915,3.9353327,3.625815054,3.156723885,0.128205128
1975-10-28,1.025641026,2.186580596,1.968984189,1.800513432,1.545186651,0.213675214
1975-10-29,0.820512821,1.760541391,1.572769795,1.427390451,1.207059987,0.641025641
1975-10-30,1.282051282,2.188269779,1.939582199,1.747039567,1.455230523,1.400759734
1975-10-31,1.111111111,1.969133025,1.731872802,1.54817763,1.269777404,0.712250712
1975-11-01,0.829059829,1.956954317,1.708045531,1.515331633,1.223263027,0.308641975
1975-11-02,0.743589744,2.118641517,1.835258751,1.615853891,1.283333651,0.042735043
1975-11-03,0.683760684,1.92633227,1.656282502,1.447200516,1.130325164,0.030864198
1975-11-04,0.641025641,1.756183272,1.498917933,1.299734099,0.997859945,0.035612536
1975-11-05,0.615384615,1.675948565,1.42008406,1.221984803,0.921754384,0.045109212
1975-11-06,0.58974359,1.426115345,1.199756361,1.02450131,0.758892555,0.059354226
1975-11-07,0.641025641,6.513658481,5.441107478,4.610700938,3.352173744,0.047483381
1975-11-08,0.666666667,4.095627445,3.397384873,2.856781026,2.037465896,0.097340931
1975-11-09,0.598290598,2.306159794,1.899822298,1.585221581,1.108426737,0.128205128
1975-11-10,1.025641026,1.847591808,1.511699383,1.251639708,0.857504837,0.052231719
1975-11-11,0.777777778,1.686357641,1.370505329,1.125961409,0.75534153,0.033238367
1975-11-12,0.709401709,1.702162832,1.374165004,1.120217602,0.735346221,0.037986705
1975-11-13,0.675213675,2.004107705,1.60731126,1.30009756,0.834498149,0.064102564
1975-11-14,0.658119658,2.333392096,1.859266056,1.492181075,0.935843416,0.201804368
1975-11-15,0.64957265,2.329524743,1.844289621,1.468603599,0.899230584,0.170940171
1975-11-16,1.025641026,10.5671205,8.366011438,6.661835738,4.079062893,0.130579297
1975-11-17,0.811965812,4.183928245,3.312424758,2.637676245,1.615057428,0.147198481
1975-11-18,0.709401709,2.513607118,1.990028023,1.584654754,0.970289071,0.147198481
1975-11-19,0.666666667,2.223679172,1.76049146,1.401875316,0.858372648,0.140075973
1975-11-20,0.641025641,1.851325505,1.465698282,1.167132183,0.714638692,0.144824311
1975-11-21,0.623931624,1.586413641,1.255967004,1.000123647,0.612378842,0.132953466
1975-11-22,0.606837607,1.32296516,1.047394289,0.834037672,0.51068388,0.080721747
1975-11-23,0.58974359,1.295015876,1.025266783,0.81641759,0.499895048,0.047483381
1975-11-24,0.572649573,1.243373263,0.984381218,0.783860508,0.479960245,0.116334283
1975-11-25,0.58974359,1.26852871,1.004296838,0.799719271,0.489670615,0.128205128
1975-11-26,0.58974359,1.217019659,0.963517014,0.767246391,0.469787369,0.113960114
1975-11-27,0.632478632,1.162572869,0.920411377,0.73292147,0.448770112,0.056980057
1975-11-28,0.615384615,1.136086336,0.899441933,0.71622355,0.438545924,0.052231719
1975-11-29,0.598290598,1.111069211,0.879635823,0.70045199,0.428888948,0.040360874
1975-11-30,0.572649573,1.083107912,0.857498803,0.682824332,0.418095478,0.042735043
1975-12-01,0.572649573,1.108894758,0.877914303,0.699081148,0.428049577,0.066476733
1975-12-02,0.58974359,1.451951395,1.149512962,0.915354537,0.560474451,0.064102564
1975-12-03,0.58974359,1.559390892,1.234573036,0.98308768,0.601947666,0.118708452
1975-12-04,0.572649573,1.478450093,1.170492036,0.932060126,0.570703335,0.170940171
1975-12-05,0.615384615,1.637407076,1.296338613,1.032271467,0.632063053,0.261158594
1975-12-06,0.606837607,1.638876378,1.297501862,1.03319776,0.632630225,0.061728395
1975-12-07,0.572649573,1.478460468,1.170500251,0.932066667,0.570707341,0.066476733
1975-12-08,0.547008547,1.479799589,1.171560435,0.93291089,0.571224261,0.071225071
1975-12-09,0.547008547,1.50495905,1.191479234,0.948772184,0.58093618,0.071225071
1975-12-10,0.538461538,1.373973216,1.087777474,0.86619471,0.530373735,0.118708452
1975-12-11,0.521367521,1.213557307,0.960775863,0.765063618,0.46845085,0.166191833
1975-12-12,0.606837607,1.266540829,1.002723029,0.79846605,0.488903264,0.083095916
1975-12-13,0.58974359,1.241525075,0.982918003,0.782695353,0.479246817,0.054605888
1975-12-14,0.606837607,1.107600869,0.876889929,0.698265441,0.427550117,0.068850902
1975-12-15,0.538461538,1.082444904,0.856973899,0.682406352,0.417839547,0.052231719
1975-12-16,0.572649573,1.187079592,0.9398134,0.748371257,0.458230065,0.040360874
1975-12-17,0.572649573,1.188555541,0.940981912,0.74930174,0.458799803,0.037986705
1975-12-18,0.572649573,1.160594767,0.918845309,0.731674414,0.448006536,0.033238367
1975-12-19,0.512820513,1.107614857,0.876901003,0.69827426,0.427555517,0.033238367
1975-12-20,0.504273504,1.188565916,0.940990126,0.749308281,0.458803808,0.121082621
1975-12-21,0.512820513,1.187096846,0.939827061,0.748382135,0.458236726,0.151946819
1975-12-22,0.623931624,1.241419374,0.982834319,0.782628716,0.479206015,0.194681861
1975-12-23,0.564102564,1.213595544,0.960806135,0.765087724,0.46846561,0.056980057
1975-12-24,0.581196581,1.294543222,1.024892581,0.816119614,0.499712596,0.033238367
1975-12-25,0.572649573,1.34606094,1.065679267,0.848597958,0.519599188,0.030864198
1975-12-26,0.572649573,1.346064437,1.065682035,0.848600163,0.519600538,0.033238367
1975-12-27,0.572649573,1.374025442,1.087818821,0.866227635,0.530393895,0.035612536
1975-12-28,0.572649573,1.531510197,1.212499832,0.965510838,0.591185311,0.037986705
1975-12-29,0.606837607,2.03619236,1.612057758,1.283677899,0.785999999,0.040360874
1975-12-30,0.58974359,1.849415267,1.464185942,1.165927911,0.713901312,0.035612536
1975-12-31,0.538461538,1.506492762,1.192693477,0.949739082,0.581528216,0.033238367
1976-01-01,0.564102564,1.240125178,0.981809702,0.781812816,0.478706437,0.026115859
1976-01-02,0.598290598,1.187145639,0.93986569,0.748412895,0.45825556,0.045109212
1976-01-03,0.623931624,1.188615245,0.94102918,0.74933938,0.45882285,0.033238367
1976-01-04,0.632478632,1.134163074,0.897919282,0.715011067,0.437803516,0.026115859
1976-01-05,0.572649573,1.161990821,0.919950568,0.732554529,0.448545433,0.080721747
1976-01-06,0.555555556,1.107678684,0.876951535,0.698314498,0.427580155,0.104463438
1976-01-07,0.547008547,1.08265661,0.857141506,0.682539817,0.417921269,0.0997151
1976-01-08,0.547008547,1.081187867,0.8559787,0.681613877,0.417354313,0.104463438
1976-01-09,0.572649573,1.389741449,1.100261217,0.876135486,0.536460503,0.617283951
1976-01-10,0.64957265,1.389900057,1.100386788,0.876235477,0.536521728,0.092592593
1976-01-11,0.547008547,1.38979112,1.100300542,0.8761668,0.536479677,0.052231719
1976-01-12,0.538461538,1.391151368,1.101377453,0.877024342,0.537004752,0.078347578
1976-01-13,0.52991453,1.363345858,1.079363772,0.859494899,0.526271419,0.092592593
1976-01-14,0.521367521,1.38999682,1.100463395,0.87629648,0.53655908,0.102089269
1976-01-15,0.521367521,1.442868915,1.142322343,0.909628664,0.556968481,0.106837607
1976-01-16,0.521367521,1.440225313,1.140229398,0.907962057,0.555948012,0.111585945
1976-01-17,0.521367521,1.656476383,1.307827858,1.041420326,0.637664929,0.054605888
1976-01-18,0.521367521,1.580649832,1.244535445,0.991020723,0.606805094,0.037986705
1976-01-19,0.512820513,1.449826729,1.138404696,0.90650905,0.555058332,0.094966762
1976-01-20,0.487179487,1.374545079,1.07634435,0.857090539,0.524799222,0.121082621
1976-01-21,0.495726496,1.378129525,1.076209051,0.856982801,0.524733254,0.12345679
1976-01-22,0.487179487,1.354551072,1.05491875,0.840029384,0.514352623,0.111585945
1976-01-23,0.487179487,1.250542947,0.971274348,0.773423538,0.473569655,0.106837607
1976-01-24,0.495726496,1.228121732,0.951277112,0.757499784,0.463819491,0.061728395
1976-01-25,0.547008547,1.229658841,0.949894167,0.756398548,0.463145201,0.045109212
1976-01-26,0.435897436,1.151215137,0.886899979,0.706236421,0.432430773,0.083095916
1976-01-27,0.452991453,1.15405068,0.886692852,0.706071487,0.432329783,0.111585945
1976-01-28,0.452991453,1.185693306,0.908559676,0.723483988,0.442991513,0.116334283
1976-01-29,0.452991453,1.269166188,0.969917789,0.772343313,0.47290823,0.113960114
1976-01-30,0.452991453,1.291996762,0.984726813,0.784135705,0.480128748,0.109211776
1976-01-31,0.452991453,1.350131624,1.026291914,0.817233899,0.500394877,0.054605888
1976-02-01,0.444444444,1.38076877,1.046788041,0.833554918,0.510388288,0.04985755
1976-02-02,0.444444444,1.411743339,1.06742918,0.84999141,0.520452403,0.094966762
1976-02-03,0.435897436,1.442851527,1.088060411,0.866420012,0.530511688,0.118708452
1976-02-04,0.487179487,1.335287919,1.004284663,0.799709575,0.489664678,0.113960114
1976-02-05,0.487179487,1.255017727,0.941423005,0.749652982,0.459014869,0.211301045
1976-02-06,0.444444444,1.199937811,0.897737155,0.714866039,0.437714715,0.14957265
1976-02-07,0.598290598,1.201254173,0.896361825,0.713770867,0.437044138,0.061728395
1976-02-08,0.495726496,1.205675211,0.897303188,0.714520472,0.437503124,0.068850902
1976-02-09,0.58974359,1.208542214,0.897084976,0.714346711,0.437396729,0.102089269
1976-02-10,0.564102564,1.294333189,0.958259551,0.763059885,0.467223958,0.113960114
1976-02-11,0.512820513,1.270733525,0.938337963,0.74719637,0.457510678,0.111585945
1976-02-12,0.504273504,1.359766463,1.001473043,0.79747069,0.488293802,0.118708452
1976-02-13,0.547008547,1.362980655,1.001237634,0.797283234,0.488179022,0.546058879
1976-02-14,0.829059829,1.3647613,0.999951861,0.796259375,0.48755211,0.261158594
1976-02-15,0.692307692,1.36940883,1.000766622,0.796908168,0.487949368,0.170940171
1976-02-16,0.64957265,1.504211482,1.105746951,0.880174018,0.534895233,0.451092118
1976-02-17,0.675213675,1.466902051,1.084691395,0.86309084,0.520556966,0.142450142
1976-02-18,0.675213675,1.432733192,1.065711893,0.847671989,0.507374587,0.111585945
1976-02-19,1.196581197,1.45180947,1.086337638,0.863755337,0.513047962,0.154320988
1976-02-20,0.854700855,1.501558473,1.130289217,0.89836658,0.529497657,0.125830959
1976-02-21,0.803418803,1.576626917,1.193932983,0.948598051,0.554769351,0.0997151
1976-02-22,0.743589744,1.568514105,1.194963907,0.949064063,0.550708439,0.037986705
1976-02-23,0.692307692,1.53292729,1.174938289,0.932812696,0.537022471,0.090218424
1976-02-24,0.64957265,1.470293034,1.133800033,0.899818039,0.513925283,0.116334283
1976-02-25,0.632478632,1.462475648,1.134677197,0.900180463,0.510031788,0.111585945
1976-02-26,0.632478632,1.454796971,1.135662738,0.90062883,0.50618654,0.097340931
1976-02-27,0.632478632,1.68164607,1.320861284,1.04711186,0.583753144,0.102089269
1976-02-28,0.709401709,2.605261843,2.059027162,1.631689539,0.902233625,0.052231719
1976-02-29,1.709401709,2.589905387,2.059658772,1.631587994,0.894768764,1.614434948
1976-03-01,2.051282051,2.528115215,2.023120065,1.602052852,0.871302733,0.308641975
1976-03-02,1.367521368,2.408335064,1.939402735,1.535194225,0.82798057,1.638176638
1976-03-03,1.111111111,2.266061923,1.836378485,1.453107845,0.777126043,0.830959164
1976-03-04,1.025641026,2.148757673,1.75238839,1.386138194,0.735036168,0.213675214
1976-03-05,0.94017094,1.942824769,1.594565596,1.260837883,0.662889736,0.180436847
1976-03-06,0.846153846,1.778296414,1.468899973,1.161047432,0.605177403,0.092592593
1976-03-07,0.820512821,1.792420873,1.490119205,1.177388569,0.608378131,0.061728395
1976-03-08,0.803418803,1.910066781,1.598219098,1.262340063,0.646578156,0.125830959
1976-03-09,0.794871795,2.100472395,1.768990273,1.396712192,0.709107052,0.140075973
1976-03-10,0.803418803,2.412415837,2.04501012,1.614055832,0.812180321,0.130579297
1976-03-11,0.794871795,2.698233511,2.302353127,1.816505937,0.905874495,0.12345679
1976-03-12,0.769230769,2.385755237,2.049188266,1.616176262,0.798702343,0.130579297
1976-03-13,0.760683761,2.431532254,2.102394506,1.657537011,0.811692718,0.094966762
1976-03-14,0.769230769,2.612798435,2.274223259,1.79235676,0.869664275,0.078347578
1976-03-15,0.769230769,2.888930811,2.531467343,1.994372196,0.958733978,0.128205128
1976-03-16,0.803418803,3.572176227,3.151310765,2.48180592,1.181924753,0.147198481
1976-03-17,0.846153846,4.513137593,4.023875503,3.175203528,1.567427546,0.142450142
1976-03-18,1.111111111,4.695602284,4.231718375,3.345746461,1.709669914,0.140075973
1976-03-19,1.111111111,3.266235344,2.975674739,2.357272316,1.24532633,0.125830959
1976-03-20,1.025641026,2.860027137,2.634358671,2.090961443,1.140674273,0.104463438
1976-03-21,0.94017094,3.191998043,2.972963662,2.364320476,1.330410781,0.064102564
1976-03-22,1.025641026,3.675001543,3.461493249,2.758193031,1.599262688,0.116334283
1976-03-23,1.025641026,3.79002881,3.61065105,2.882636752,1.720601573,0.140075973
1976-03-24,1.025641026,3.370636226,3.248264366,2.598350976,1.595100586,0.142450142
1976-03-25,1.111111111,2.78449929,2.714838011,2.175861399,1.372615493,0.142450142
1976-03-26,1.025641026,2.503820697,2.470129248,1.983566042,1.284814054,0.132953466
1976-03-27,0.94017094,2.325595866,2.321850117,1.868098071,1.241472316,0.090218424
1976-03-28,0.854700855,2.190928833,2.21399738,1.784760418,1.216036439,0.059354226
1976-03-29,0.854700855,2.122097408,2.170851406,1.753351884,1.2239592,0.109211776
1976-03-30,0.846153846,2.423446134,2.510052795,2.031219436,1.451787008,0.116334283
1976-03-31,0.854700855,3.142294646,3.295729886,2.672141411,1.954270675,0.121082621
1976-04-01,0.829059829,2.286145937,2.42848947,1.972771275,1.475452481,0.12345679
1976-04-02,0.803418803,2.171785351,2.336958496,1.902054873,1.453954504,0.135327635
1976-04-03,0.794871795,2.688556119,2.931104277,2.390196988,1.866414357,0.085470085
1976-04-04,0.777777778,2.88188377,3.183794204,2.60121741,2.073840814,0.052231719
1976-04-05,0.777777778,3.031991014,3.394948943,2.779028558,2.261016651,0.113960114
1976-04-06,0.786324786,2.206154825,2.504152768,2.053749846,1.704382381,0.142450142
1976-04-07,0.769230769,2.084112937,2.398560031,1.970893445,1.667618563,0.180436847
1976-04-08,0.854700855,2.779546987,3.24410812,2.670745911,2.302998364,2.255460589
1976-04-09,0.854700855,2.319103109,2.7455117,2.264561529,1.989269527,0.308641975
1976-04-10,0.854700855,2.373477496,2.85077494,2.355842279,2.10732854,1.13960114
1976-04-11,0.94017094,2.146392331,2.616115391,2.166015251,1.972235948,0.284900285
1976-04-12,0.94017094,2.012371135,2.489568814,2.065137489,1.913369146,0.192307692
1976-04-13,0.94017094,1.863885698,2.341018905,1.945578987,1.833572893,0.161443495
1976-04-14,1.025641026,1.867249572,2.3815631,1.983006069,1.900314988,0.140075973
1976-04-15,1.111111111,2.149096601,2.784181553,2.3226106,2.262498233,0.125830959
1976-04-16,1.025641026,1.733203145,2.240179998,1.899198164,1.87860244,0.085470085
1976-04-17,0.94017094,1.604898922,2.069480344,1.782958274,1.789944402,0.07359924
1976-04-18,1.025641026,1.77465972,2.282953268,1.998731022,2.035536028,0.056980057
1976-04-19,1.025641026,2.503360397,3.212636134,2.85813163,2.95145094,0.106837607
1976-04-20,1.025641026,4.24555862,5.435217709,4.913464448,5.142598998,0.121082621
1976-04-21,1.025641026,5.003414729,6.389693579,5.869334343,6.223674918,0.128205128
1976-04-22,0.94017094,5.311781253,6.766629474,6.315501325,6.782023591,0.125830959
1976-04-23,0.94017094,5.639559756,7.16610436,6.79570877,7.387845262,0.132953466
1976-04-24,0.854700855,6.14490781,7.788356038,7.504194828,8.255897326,0.132953466
1976-04-25,0.854700855,5.773157527,7.298319565,7.144621442,7.951866956,0.07359924
1976-04-26,0.820512821,4.103580276,5.174134772,5.146172987,5.792460053,0.111585945
1976-04-27,0.794871795,3.389164543,4.262052829,4.306742463,4.900964699,0.130579297
1976-04-28,0.769230769,3.158012632,3.960747722,4.066162128,4.67673068,0.135327635
1976-04-29,0.743589744,4.105076846,5.134607556,5.355340357,6.223664461,0.142450142
1976-04-30,0.717948718,6.207717246,7.743294236,8.204906513,9.631982792,0.144824311
1976-05-01,0.692307692,7.440089981,9.254753048,9.962707167,11.8110571,0.090218424
1976-05-02,0.658119658,6.334193169,7.856975707,8.592708115,10.2849395,0.061728395
1976-05-03,0.641025641,6.542596365,8.092375822,8.991064883,10.8627138,0.116334283
1976-05-04,0.615384615,7.389474376,9.113502429,10.28679338,12.54186349,0.125830959
1976-05-05,0.58974359,7.086537154,8.71435826,9.992859039,12.29220643,0.121082621
1976-05-06,0.58974359,6.297897877,7.72164681,8.995489885,11.1616854,0.125830959
1976-05-07,0.572649573,6.522655292,7.973239164,9.436522032,11.80842849,0.135327635
1976-05-08,0.572649573,6.854762735,8.353751674,10.04439101,12.67338277,0.07359924
1976-05-09,0.572649573,6.093390862,7.403026688,9.043149474,11.50255139,0.047483381
1976-05-10,0.564102564,5.758580437,6.974432441,8.655495505,11.09664396,0.0997151
1976-05-11,0.521367521,6.074254072,7.333498108,9.246387855,11.94592017,0.12345679
1976-05-12,0.504273504,5.928445688,7.134526101,9.139237678,11.89680914,0.144824311
1976-05-13,0.478632479,6.011517981,7.210997682,9.384930234,12.30700549,0.154320988
1976-05-14,0.452991453,5.419749513,6.479743298,8.568250565,11.31734556,0.142450142
1976-05-15,0.435897436,4.152574242,4.948156389,6.647910086,8.843032314,0.085470085
1976-05-16,0.435897436,3.611590579,4.288955744,5.854775367,7.841962842,0.064102564
1976-05-17,0.418803419,3.15201179,3.765489451,5.204005607,7.009159044,0.121082621
1976-05-18,0.41025641,2.607148695,3.133496911,4.384362113,5.937544741,0.135327635
1976-05-19,0.401709402,2.197171033,2.657100602,3.763999489,5.124861641,0.140075973
1976-05-20,0.393162393,1.888697068,2.298473162,3.296472134,4.512060816,0.135327635
1976-05-21,0.393162393,1.682077167,2.060202845,2.991526018,4.115978645,0.154320988
1976-05-22,0.384615385,1.478362922,1.822584509,2.679465316,3.705493714,0.106837607
1976-05-23,0.367521368,1.330687434,1.651515175,2.458249446,3.416687541,0.075973409
1976-05-24,0.367521368,1.187117113,1.483402997,2.235584678,3.122600895,0.121082621
1976-05-25,0.367521368,1.10799069,1.394189623,2.127396832,2.985970071,0.142450142
1976-05-26,0.35042735,1.018940802,1.291272485,1.995013209,2.813589259,0.159069326
1976-05-27,0.341880342,0.919866278,1.17419976,1.836868382,2.602784143,0.163817664
1976-05-28,0.333333333,0.830814636,1.068407879,1.692344199,2.409139822,0.156695157
1976-05-29,0.333333333,0.689342286,0.893209016,1.432610414,2.048723645,0.097340931
1976-05-30,0.341880342,0.609668421,0.79610266,1.292932166,1.857301861,0.064102564
1976-05-31,0.35042735,0.589177183,0.775448476,1.275263658,1.840044999,0.064102564
1976-06-01,0.341880342,0.551023318,0.731115056,1.217537365,1.764425759,0.118708452
1976-06-02,0.333333333,0.47610983,0.63695894,1.074155503,1.563336527,0.144824311
1976-06-03,0.324786325,0.425076362,0.573511961,0.979416513,1.431492951,0.132953466
1976-06-04,0.324786325,0.360555547,0.49068713,0.848612388,1.245490765,0.147198481
1976-06-05,0.324786325,0.32366644,0.444402022,0.778343833,1.147058259,0.083095916
1976-06-06,0.316239316,0.297028618,0.411542581,0.729982552,1.080148318,0.068850902
1976-06-07,0.324786325,0.272181362,0.380635052,0.683786745,1.015835012,0.111585945
1976-06-08,0.333333333,0.257036761,0.362893389,0.66026396,0.984752049,0.130579297
1976-06-09,0.358974359,0.292651165,0.417225574,0.768863115,1.151173773,0.125830959
1976-06-10,0.418803419,0.413071702,0.594826792,1.110252162,1.668677189,0.137701804
1976-06-11,0.401709402,0.40503347,0.589267306,1.114064631,1.680725245,0.128205128
1976-06-12,0.358974359,0.323347915,0.475405743,0.910424312,1.378615336,0.07359924
1976-06-13,0.333333333,0.303077632,0.450445901,0.873812813,1.328031444,0.054605888
1976-06-14,0.316239316,0.295999132,0.444836325,0.874153805,1.333357868,0.0997151
1976-06-15,0.290598291,0.286449227,0.435422309,0.866814468,1.326883036,0.130579297
1976-06-16,0.282051282,0.271995617,0.411962411,0.839172988,1.289433632,0.121082621
1976-06-17,0.273504274,0.240508578,0.36292609,0.7565771,1.166832063,0.128205128
1976-06-18,0.264957265,0.208547609,0.31350352,0.668935875,1.03541628,0.113960114
1976-06-19,0.247863248,0.186848853,0.279790635,0.611155454,0.949349621,0.106837607
1976-06-20,0.239316239,0.170422652,0.254173187,0.568457013,0.886106029,0.109211776
1976-06-21,0.239316239,0.157805497,0.234388587,0.536822029,0.839658038,0.116334283
1976-06-22,0.230769231,0.14898962,0.220359866,0.516931213,0.811260409,0.125830959
1976-06-23,0.222222222,0.141438186,0.208282809,0.500546523,0.788133084,0.132953466
1976-06-24,0.213675214,0.135217537,0.198232971,0.488142018,0.771084298,0.128205128
1976-06-25,0.205128205,0.128686592,0.187791432,0.473934327,0.751014175,0.118708452
1976-06-26,0.205128205,0.122275279,0.177591304,0.459444955,0.730318392,0.078347578
1976-06-27,0.188034188,0.115983598,0.167632589,0.444673903,0.708996948,0.066476733
1976-06-28,0.188034188,0.110840619,0.159395147,0.433647253,0.693488353,0.14957265
1976-06-29,0.179487179,0.105848666,0.151428712,0.422629793,0.677858527,0.17331434
1976-06-30,0.179487179,0.10094531,0.143643136,0.41138134,0.66172432,0.156695157
1976-07-01,0.179487179,0.096462815,0.136508698,0.401283216,0.647313759,0.142450142
1976-07-02,0.179487179,0.092934425,0.130767793,0.394685811,0.638447314,0.14957265
1976-07-03,0.170940171,0.089466306,0.125148513,0.387946494,0.629265658,0.064102564
1976-07-04,0.170940171,0.087059779,0.121043037,0.385499093,0.626980017,0.040360874
1976-07-05,0.170940171,0.08468358,0.11700034,0.382963218,0.62450449,0.054605888
1976-07-06,0.162393162,0.081366401,0.111687228,0.37585144,0.614502162,0.156695157
1976-07-07,0.153846154,0.079072853,0.107809247,0.373143341,0.611635403,0.208926876
1976-07-08,0.145299145,0.076507509,0.103585048,0.368889459,0.606183896,0.216049383
1976-07-09,0.145299145,0.075281436,0.101189069,0.370931404,0.61104747,0.22317189
1976-07-10,0.136752137,0.072579554,0.096826588,0.365515821,0.603591532,0.130579297
1976-07-11,0.128205128,0.070178437,0.092895291,0.361291322,0.598043738,0.121082621
1976-07-12,0.128205128,0.067862208,0.089103611,0.357209354,0.592679576,0.261158594
1976-07-13,0.128205128,0.066330251,0.086360645,0.357050713,0.59378939,0.356125356
1976-07-14,0.11965812,0.039379968,0.050823833,0.216821832,0.361405691,0.332383666
1976-07-15,0.111111111,0.03703172,0.047358203,0.2085934,0.348470829,0.332383666
1976-07-16,0.111111111,0.035586398,0.045078121,0.205117739,0.343421734,0.308641975
1976-07-17,0.111111111,0.037313058,0.046279893,0.197469394,0.328125242,0.17331434
1976-07-18,0.11965812,0.037941305,0.046186419,0.185207009,0.305346655,0.12345679
1976-07-19,0.111111111,0.039354068,0.047110745,0.177895809,0.290918429,0.237416904
1976-07-20,0.102564103,0.039542859,0.046628846,0.166105428,0.269355415,0.403608737
1976-07-21,0.094017094,0.040641725,0.047275726,0.159131373,0.255795455,0.427350427
1976-07-22,0.094017094,0.041615033,0.047811626,0.152292176,0.242582802,0.498575499
1976-07-23,0.094017094,0.04117603,0.046774835,0.141176084,0.222756321,0.474833808
1976-07-24,0.128205128,0.037786849,0.04248168,0.121641061,0.190049489,0.284900285
1976-07-25,0.102564103,0.035307743,0.039317304,0.106922365,0.165345712,0.220797721
1976-07-26,0.085470085,0.03392705,0.037448173,0.096817709,0.14812403,0.474833808
1976-07-27,0.073504274,0.033833107,0.037040756,0.091124805,0.137863482,0.617283951
1976-07-28,0.075213675,0.035214254,0.03826152,0.089641367,0.13404311,0.617283951
1976-07-29,0.08034188,0.038258828,0.041276934,0.092165107,0.136141954,0.617283951
1976-07-30,0.076068376,0.037976548,0.040703049,0.08667449,0.126402366,0.56980057
1976-07-31,0.084615385,0.042935666,0.045735069,0.092935693,0.133725812,0.284900285
1976-08-01,0.102564103,0.051849434,0.05491128,0.106536963,0.151151155,0.170940171
1976-08-02,0.111111111,0.057436347,0.060498193,0.112123876,0.156738068,0.356125356
1976-08-03,0.094017094,0.057342404,0.060090776,0.106430972,0.146477521,0.451092118
1976-08-04,0.111111111,0.046922385,0.048934455,0.082859904,0.112177802,0.403608737
1976-08-05,0.111111111,0.042057661,0.043661486,0.07070351,0.094072849,0.427350427
1976-08-06,0.102564103,0.043313249,0.044771271,0.06935493,0.090599783,0.356125356
1976-08-07,0.102564103,0.042340395,0.043587004,0.064606032,0.082770382,0.125830959
1976-08-08,0.102564103,0.041241983,0.042291758,0.059991993,0.075288287,0.118708452
1976-08-09,0.094017094,0.03531001,0.036075471,0.048981892,0.06013544,0.180436847
1976-08-10,0.094017094,0.033834921,0.03444729,0.044772427,0.053695265,0.201804368
1976-08-11,0.083760684,0.032234273,0.03270813,0.040697819,0.047602396,0.170940171
1976-08-12,0.077777778,0.030508066,0.030857991,0.036758069,0.041856834,0.156695157
1976-08-13,0.073504274,0.031261419,0.031523863,0.035948921,0.039772995,0.125830959
1976-08-14,0.290598291,0.758865703,0.763012949,0.832939528,0.893369098,0.061728395
1976-08-15,1.111111111,1.154072668,1.157153705,1.209102962,1.253996782,1.353276353
1976-08-16,0.435897436,0.851574447,0.851574447,0.851574447,0.851574447,0.261158594
1976-08-17,0.282051282,0.757141116,0.757141116,0.757141116,0.757141116,0.154320988
1976-08-18,0.290598291,0.756066512,0.756066512,0.756066512,0.756066512,0.106837607
1976-08-19,0.290598291,0.717356922,0.717356922,0.717356922,0.717356922,0.104463438
1976-08-20,0.256410256,0.640915115,0.640915115,0.640915115,0.640915115,0.109211776
1976-08-21,0.239316239,0.621706323,0.621706323,0.621706323,0.621706323,0.104463438
1976-08-22,0.230769231,0.640915115,0.640915115,0.640915115,0.640915115,0.102089269
1976-08-23,0.239316239,0.640915115,0.640915115,0.640915115,0.640915115,0.097340931
1976-08-24,0.222222222,0.60230286,0.60230286,0.60230286,0.60230286,0.104463438
1976-08-25,0.205128205,0.602400195,0.602400195,0.602400195,0.602400195,0.109211776
1976-08-26,0.196581197,0.582996733,0.582996733,0.582996733,0.582996733,0.109211776
1976-08-27,0.188034188,0.569759165,0.569759165,0.569759165,0.569759165,0.113960114
1976-08-28,0.170940171,0.56966183,0.56966183,0.56966183,0.56966183,0.111585945
1976-08-29,0.162393162,0.568688479,0.568688479,0.568688479,0.568688479,0.111585945
1976-08-30,0.153846154,0.550453038,0.550453038,0.550453038,0.550453038,0.113960114
1976-08-31,0.145299145,0.550364014,0.550364014,0.550364014,0.550364014,0.116334283
1976-09-01,0.136752137,0.540456401,0.540456401,0.540456401,0.540456401,0.118708452
1976-09-02,0.128205128,0.522123625,0.522123625,0.522123625,0.522123625,0.12345679
1976-09-03,0.128205128,0.52222096,0.52222096,0.52222096,0.52222096,0.118708452
1976-09-04,0.128205128,0.534095837,0.534095837,0.534095837,0.534095837,0.113960114
1976-09-05,0.128205128,0.534095837,0.534095837,0.534095837,0.534095837,0.111585945
1976-09-06,0.136752137,0.531163769,0.531163769,0.531163769,0.531163769,0.106837607
1976-09-07,0.128205128,0.526081725,0.526081725,0.526081725,0.526081725,0.113960114
1976-09-08,0.11965812,0.519657037,0.519657037,0.519657037,0.519657037,0.111585945
1976-09-09,0.111111111,0.515851317,0.515851317,0.515851317,0.515851317,0.116334283
1976-09-10,0.11965812,0.516390249,0.516390249,0.516390249,0.516390249,0.132953466
1976-09-11,0.615384615,0.639752858,0.639752858,0.639752858,0.639752858,1.18708452
1976-09-12,0.299145299,0.521739664,0.521739664,0.521739664,0.521739664,0.261158594
1976-09-13,0.247863248,0.503675328,0.503675328,0.503675328,0.503675328,0.22317189
1976-09-14,0.222222222,0.480075048,0.480075048,0.480075048,0.480075048,0.213675214
1976-09-15,0.222222222,0.45642093,0.45642093,0.45642093,0.45642093,0.206552707
1976-09-16,0.213675214,0.443783558,0.443783558,0.443783558,0.443783558,0.199430199
1976-09-17,0.213675214,0.443797309,0.443797309,0.443797309,0.443797309,0.189933523
1976-09-18,0.213675214,0.424636122,0.424636122,0.424636122,0.424636122,0.175688509
1976-09-19,0.213675214,0.427633321,0.427633321,0.427633321,0.427633321,0.156695157
1976-09-20,0.196581197,0.436137528,0.436137528,0.436137528,0.436137528,0.135327635
1976-09-21,0.188034188,0.408984307,0.408984307,0.408984307,0.408984307,0.135327635
1976-09-22,0.179487179,0.388439327,0.388439327,0.388439327,0.388439327,0.132953466
1976-09-23,0.179487179,0.331034619,0.331034619,0.331034619,0.331034619,0.12345679
1976-09-24,0.170940171,0.304055582,0.304055582,0.304055582,0.304055582,0.130579297
1976-09-25,0.170940171,0.277076546,0.277076546,0.277076546,0.277076546,0.137701804
1976-09-26,0.162393162,0.142739895,0.142739895,0.142739895,0.142739895,0.144824311
1976-09-27,0.170940171,0.123266657,0.123266657,0.123266657,0.123266657,0.170940171
1976-09-28,0.188034188,0.103761444,0.103761444,0.103761444,0.103761444,0.284900285
1976-09-29,0.239316239,0.083289066,0.083289066,0.083289066,0.083289066,0.199430199
1976-09-30,0.230769231,0.045483052,0.045483052,0.045483052,0.045483052,0.130579297
1976-10-01,0.247863248,0.039592532,0.039592532,0.039592532,0.039592532,0.118708452
1976-10-02,0.666666667,0.363149334,0.363149334,0.363149334,0.363149334,0.066476733
1976-10-03,0.384615385,0.111738257,0.111738257,0.111738257,0.111738257,0.047483381
1976-10-04,0.282051282,0.07821678,0.07821678,0.07821678,0.07821678,0.0997151
1976-10-05,0.256410256,0.06983641,0.06983641,0.06983641,0.06983641,0.109211776
1976-10-06,0.239316239,0.064249498,0.064249498,0.064249498,0.064249498,0.113960114
1976-10-07,0.222222222,0.064249498,0.064249498,0.064249498,0.064249498,0.130579297
1976-10-08,0.213675214,0.064249498,0.064249498,0.064249498,0.064249498,0.140075973
1976-10-09,0.205128205,0.061456041,0.061456041,0.061456041,0.061456041,0.066476733
1976-10-10,0.205128205,0.058662585,0.058662585,0.058662585,0.058662585,0.045109212
1976-10-11,0.196581197,0.058662585,0.058662585,0.058662585,0.058662585,0.045109212
1976-10-12,0.188034188,0.058662585,0.058662585,0.058662585,0.058662585,0.102089269
1976-10-13,0.179487179,0.055869128,0.055869128,0.055869128,0.055869128,0.118708452
1976-10-14,0.179487179,0.058662585,0.058662585,0.058662585,0.058662585,0.118708452
1976-10-15,0.179487179,0.058662585,0.058662585,0.058662585,0.058662585,0.106837607
1976-10-16,0.170940171,0.058662585,0.058662585,0.058662585,0.058662585,0.059354226
1976-10-17,0.179487179,0.060035028,0.058929935,0.058247485,0.057493214,0.026115859
1976-10-18,0.179487179,0.061407471,0.059197286,0.057832385,0.056323843,0.080721747
1976-10-19,0.179487179,0.062779914,0.059464636,0.057417285,0.055154471,0.102089269
1976-10-20,0.170940171,0.058042609,0.054043226,0.051573405,0.048843662,0.102089269
1976-10-21,0.170940171,0.062404572,0.057142226,0.053892461,0.050300695,0.111585945
1976-10-22,0.170940171,0.060526077,0.054527003,0.050822271,0.046727657,0.125830959
1976-10-23,0.170940171,0.065018749,0.057651465,0.053101794,0.048073321,0.068850902
1976-10-24,0.179487179,0.066325838,0.057906084,0.052706461,0.046959634,0.052231719
1976-10-25,0.179487179,0.067632926,0.058160704,0.052311128,0.045845948,0.085470085
1976-10-26,0.179487179,0.068940015,0.058415323,0.051915794,0.044732261,0.109211776
1976-10-27,0.170940171,0.070247103,0.058669943,0.051520461,0.043618574,0.12345679
1976-10-28,0.170940171,0.071554192,0.058924562,0.051125127,0.042504887,0.128205128
1976-10-29,0.179487179,0.072861281,0.059179182,0.050729794,0.041391201,0.116334283
1976-10-30,0.179487179,0.074168369,0.059433801,0.050334461,0.040277514,0.064102564
1976-10-31,0.188034188,0.075475458,0.05968842,0.049939127,0.039163827,0.056980057
1976-11-01,0.179487179,0.080621674,0.062940192,0.052020984,0.039952647,0.130579297
1976-11-02,0.170940171,0.078089635,0.060197659,0.04914846,0.036936454,0.144824311
1976-11-03,0.170940171,0.079396724,0.060452279,0.048753127,0.035822767,0.130579297
1976-11-04,0.170940171,0.080703813,0.060706898,0.048357794,0.03470908,0.135327635
1976-11-05,0.162393162,0.082010901,0.060961518,0.04796246,0.033595393,0.137701804
1976-11-06,0.153846154,0.08331799,0.061216137,0.047567127,0.032481707,0.07359924
1976-11-07,0.153846154,0.084625079,0.061470757,0.047171793,0.03136802,0.047483381
1976-11-08,0.153846154,0.085932167,0.061725376,0.04677646,0.030254333,0.111585945
1976-11-09,0.153846154,0.087239256,0.061979996,0.046381127,0.029140646,0.142450142
1976-11-10,0.162393162,0.088546345,0.062234615,0.045985793,0.02802696,0.144824311
1976-11-11,0.170940171,0.089853433,0.062489235,0.04559046,0.026913273,0.185185185
1976-11-12,0.196581197,0.170700781,0.117489728,0.084629215,0.04831049,0.106837607
1976-11-13,0.196581197,0.163554427,0.111430145,0.079240768,0.043663809,0.156695157
1976-11-14,0.94017094,0.434803169,0.293284283,0.205889221,0.109296781,1.068376068
1976-11-15,0.555555556,0.342269596,0.228611174,0.158421357,0.080844826,0.308641975
1976-11-16,0.307692308,0.276550148,0.184715367,0.12800275,0.065321748,0.232668566
1976-11-17,0.273504274,0.342254829,0.228601311,0.158414522,0.080841338,0.180436847
1976-11-18,0.256410256,0.375088216,0.250531623,0.173611635,0.088596655,0.147198481
1976-11-19,0.247863248,0.464336071,0.310142694,0.214920493,0.109677193,0.125830959
1976-11-20,0.230769231,0.398623175,0.266251263,0.184504919,0.094155664,0.061728395
1976-11-21,0.222222222,0.365757359,0.24429929,0.169292797,0.086392687,0.052231719
1976-11-22,0.222222222,0.349353406,0.233342644,0.161700137,0.082518037,0.0997151
1976-11-23,0.213675214,0.332932379,0.222374593,0.154099575,0.078639355,0.0997151
1976-11-24,0.213675214,0.323083151,0.215796026,0.149540806,0.076312945,0.109211776
1976-11-25,0.213675214,0.306662124,0.204827975,0.141940243,0.072434263,0.052231719
1976-11-26,0.213675214,0.296812896,0.198249407,0.137381474,0.070107854,0.042735043
1976-11-27,0.205128205,0.26724929,0.178503071,0.123697797,0.063124866,0.037986705
1976-11-28,0.205128205,0.254064721,0.169696739,0.117595247,0.060010642,0.045109212
1976-11-29,0.213675214,0.24436407,0.16321741,0.113105248,0.057719327,0.097340931
1976-11-30,0.213675214,0.231055839,0.154328481,0.10694546,0.054575894,0.111585945
1976-12-01,0.205128205,0.22210564,0.148350399,0.102802812,0.052461837,0.118708452
1976-12-02,0.213675214,0.215700001,0.144071899,0.099837927,0.050948811,0.109211776
1976-12-03,0.213675214,0.215542183,0.143966488,0.09976488,0.050911534,0.109211776
1976-12-04,0.213675214,0.21242219,0.141882559,0.098320774,0.050174585,0.104463438
1976-12-05,0.213675214,0.208978727,0.139582577,0.096726948,0.049361231,0.097340931
1976-12-06,0.196581197,0.202407438,0.135193434,0.093685391,0.047809079,0.104463438
1976-12-07,0.196581197,0.196005582,0.13091746,0.090722257,0.046296946,0.113960114
1976-12-08,0.205128205,0.189272692,0.12642038,0.087605902,0.044706623,0.111585945
1976-12-09,0.213675214,0.192562119,0.128617478,0.089128431,0.045483593,0.113960114
1976-12-10,0.205128205,0.228873914,0.152871113,0.105935544,0.054060518,0.106837607
1976-12-11,0.205128205,0.192569953,0.12862271,0.089132057,0.045485443,0.0997151
1976-12-12,0.196581197,0.186168365,0.124346915,0.086169047,0.043973374,0.047483381
1976-12-13,0.205128205,0.182720852,0.122044228,0.084573347,0.043159064,0.104463438
1976-12-14,0.222222222,0.179435207,0.119849656,0.083052568,0.042382988,0.121082621
1976-12-15,0.282051282,0.176323047,0.11777096,0.081612088,0.041647889,0.113960114
1976-12-16,0.341880342,0.176157395,0.117660317,0.081535415,0.041608761,0.104463438
1976-12-17,0.376068376,0.16975959,0.113387049,0.078574156,0.040097586,0.104463438
1976-12-18,0.384615385,0.166308294,0.111081834,0.076976705,0.039282382,0.056980057
1976-12-19,0.384615385,0.163030483,0.108892495,0.075459552,0.038508156,0.04985755
1976-12-20,0.401709402,0.159910489,0.106808566,0.074015446,0.037771207,0.066476733
1976-12-21,0.41025641,0.159748621,0.10670045,0.073940524,0.037732973,0.068850902
1976-12-22,0.384615385,0.163038316,0.108897727,0.075463177,0.038510006,0.066476733
1976-12-23,0.205128205,0.159922106,0.106816325,0.074020822,0.03777395,0.068850902
1976-12-24,0.333333333,0.14990357,0.100124673,0.069383688,0.035407551,0.056980057
1976-12-25,0.264957265,0.127073491,0.084875842,0.058816661,0.030015036,0.047483381
1976-12-26,0.435897436,0.120340601,0.080378761,0.055700306,0.028424713,0.045109212
1976-12-27,0.478632479,0.110487449,0.073797573,0.051139721,0.026097377,0.045109212
1976-12-28,0.41025641,0.107367456,0.071713644,0.049695615,0.025360427,0.071225071
1976-12-29,0.376068376,0.103923993,0.069413662,0.048101789,0.024547074,0.071225071
1976-12-30,0.222222222,0.107375289,0.071718877,0.04969924,0.025362278,0.878442545
1976-12-31,0.290598291,0.107217471,0.071613466,0.049626194,0.025325001,0.261158594
1977-01-01,0.367521368,0.107248832,0.071634412,0.049640709,0.025332408,0.121082621
1977-01-02,1.025641026,0.169848991,0.113446762,0.078615536,0.040118702,2.065527066
1977-01-03,1.025641026,0.159826405,0.106752404,0.073976527,0.037751346,0.735992403
1977-01-04,0.52991453,0.146687331,0.097976459,0.067895034,0.034647868,0.225546059
1977-01-05,0.367521368,0.140285445,0.093700465,0.064931886,0.033135728,0.142450142
1977-01-06,1.196581197,0.140123298,0.093592163,0.064856836,0.033097429,0.109211776
1977-01-07,1.965811966,0.140292702,0.093705312,0.064935245,0.033137442,0.111585945
1977-01-08,2.136752137,0.136844911,0.091402439,0.063339416,0.032323067,0.087844255
1977-01-09,1.965811966,0.136848663,0.091404945,0.063341153,0.032323953,0.047483381
1977-01-10,0.854700855,0.140303845,0.093712755,0.064940403,0.033140074,0.083095916
1977-01-11,0.324786325,0.143423838,0.095796683,0.066384509,0.033877024,0.111585945
1977-01-12,0.299145299,0.143597127,0.095912428,0.066464717,0.033917955,0.206552707
1977-01-13,0.299145299,0.140149716,0.093609808,0.064869064,0.033103669,0.135327635
1977-01-14,0.299145299,0.136867824,0.091417743,0.063350022,0.032328479,0.125830959
1977-01-15,0.290598291,0.14360865,0.095920124,0.06647005,0.033920677,0.066476733
1977-01-16,0.316239316,0.150018041,0.100201131,0.069436672,0.035434589,0.054605888
1977-01-17,0.333333333,0.15700162,0.104567235,0.072462264,0.036978594,0.094966762
1977-01-18,0.282051282,0.167484889,0.111232678,0.077081235,0.039335726,0.12345679
1977-01-19,0.282051282,0.174382888,0.115485856,0.080028572,0.040839797,0.111585945
1977-01-20,0.282051282,0.18164138,0.119952906,0.083124118,0.0424195,0.109211776
1977-01-21,0.307692308,0.195264109,0.128585596,0.089106338,0.045472319,0.104463438
1977-01-22,0.41025641,0.242485651,0.159232867,0.110344067,0.056310254,0.054605888
1977-01-23,0.341880342,0.229902261,0.150546104,0.104324376,0.053238314,0.040360874
1977-01-24,0.307692308,0.206842616,0.135066837,0.093597663,0.04776431,0.075973409
1977-01-25,0.290598291,0.197456263,0.128577465,0.089100704,0.045469443,0.080721747
1977-01-26,0.282051282,0.187679299,0.121870433,0.084452912,0.043097604,0.083095916
1977-01-27,0.282051282,0.184780428,0.119654424,0.082917278,0.042313947,0.102089269
1977-01-28,0.282051282,0.178646801,0.115361692,0.07994253,0.040795888,0.113960114
1977-01-29,0.299145299,0.175534289,0.113038052,0.078332311,0.039974169,0.109211776
1977-01-30,0.35042735,0.176156836,0.113125697,0.078393047,0.040005163,0.04985755
1977-01-31,0.264957265,0.176427948,0.112987641,0.078297377,0.039956341,0.083095916
1977-02-01,0.264957265,0.176652746,0.112820612,0.07818163,0.039897274,0.102089269
1977-02-02,0.290598291,0.177271798,0.112905449,0.078240421,0.039927276,0.109211776
1977-02-03,0.290598291,0.174104987,0.11058503,0.076632433,0.039106695,0.097340931
1977-02-04,0.264957265,0.171094053,0.108375869,0.075101544,0.038325459,0.087844255
1977-02-05,0.264957265,0.175154346,0.110645511,0.076674344,0.039128083,0.035612536
1977-02-06,0.256410256,0.178883215,0.112693875,0.078093806,0.039852456,0.026115859
1977-02-07,0.256410256,0.193401186,0.121509526,0.084202813,0.042969975,0.064102564
1977-02-08,0.316239316,0.232012718,0.145373778,0.100740094,0.051409201,0.261158594
1977-02-09,0.341880342,0.253539119,0.158432747,0.109789606,0.056027304,0.118708452
1977-02-10,0.290598291,0.247338117,0.154141402,0.10681582,0.054509736,0.104463438
1977-02-11,0.282051282,0.254791457,0.158359447,0.109738811,0.056001383,0.130579297
1977-02-12,0.282051282,0.262625109,0.162790398,0.11280934,0.05756832,0.054605888
1977-02-13,0.282051282,0.294821369,0.182258365,0.126300115,0.064452868,0.033238367
1977-02-14,0.282051282,0.33441751,0.20618451,0.142880285,0.072913981,0.083095916
1977-02-15,0.282051282,0.38915133,0.241340956,0.16718016,0.084675758,0.116334283
1977-02-16,0.282051282,0.45695013,0.285061106,0.197391884,0.09922412,0.111585945
1977-02-17,0.273504274,0.489396704,0.307112955,0.212582379,0.106048923,0.097340931
1977-02-18,0.273504274,0.521661195,0.329310038,0.22786209,0.112802626,0.092592593
1977-02-19,0.264957265,0.51877573,0.329448062,0.227872663,0.111939729,0.047483381
1977-02-20,0.264957265,0.516237498,0.329806624,0.228035776,0.111151754,0.56980057
1977-02-21,1.538461538,1.501671534,0.96515946,0.667085054,0.322620462,0.522317189
1977-02-22,0.94017094,0.951338793,0.615156379,0.425017072,0.203934236,0.189933523
1977-02-23,0.717948718,0.744134229,0.484105307,0.334348649,0.159159196,0.807217474
1977-02-24,0.547008547,0.67291676,0.440453748,0.304087875,0.14360006,0.189933523
1977-02-25,0.495726496,0.536032895,0.35301496,0.243630215,0.114125997,0.142450142
1977-02-26,0.427350427,0.499794511,0.331183195,0.228478718,0.106162536,0.056980057
1977-02-27,0.401709402,0.497083294,0.331431431,0.228565542,0.105337291,0.040360874
1977-02-28,0.427350427,0.560174178,0.375827056,0.259086562,0.118422845,0.080721747
1977-03-01,0.393162393,0.56103443,0.378763187,0.26101446,0.118317045,0.092592593
1977-03-02,0.384615385,0.460571026,0.312896825,0.215545073,0.096891457,0.092592593
1977-03-03,0.341880342,0.425898726,0.291172484,0.2005061,0.089374097,0.085470085
1977-03-04,0.316239316,0.391277764,0.269204248,0.185310344,0.081901531,0.087844255
1977-03-05,0.307692308,0.3892498,0.269520215,0.185459791,0.081268369,0.045109212
1977-03-06,0.307692308,0.450373889,0.313845544,0.215881405,0.093785798,0.028490028
1977-03-07,0.307692308,0.542494657,0.380479984,0.261620702,0.112671526,0.068850902
1977-03-08,0.307692308,0.570931106,0.403020901,0.277018684,0.118260856,0.080721747
1977-03-09,0.717948718,0.723491856,0.514042609,0.35320105,0.149455868,0.147198481
1977-03-10,0.623931624,0.626420255,0.447988775,0.307702872,0.129047674,0.092592593
1977-03-11,0.512820513,0.560960975,0.403816711,0.27726205,0.115240405,0.085470085
1977-03-12,0.495726496,0.649657042,0.470761227,0.323108758,0.133084142,0.047483381
1977-03-13,0.452991453,0.585048276,0.426764135,0.292804694,0.119504922,0.04985755
1977-03-14,0.52991453,0.611738571,0.44921754,0.308098138,0.124592922,0.090218424
1977-03-15,0.384615385,0.517762149,0.382763842,0.262425298,0.105141046,0.121082621
1977-03-16,0.367521368,0.484879744,0.360877443,0.247330188,0.098168275,2.682811016
1977-03-17,0.341880342,0.44992493,0.33844522,0.232412232,0.095630516,1.020892688
1977-03-18,0.333333333,0.445188193,0.338505534,0.232910016,0.099213692,0.154320988
1977-03-19,0.341880342,0.498111925,0.382891027,0.263965986,0.116257752,0.083095916
1977-03-20,0.35042735,0.607179551,0.471894564,0.325961826,0.148256458,0.064102564
1977-03-21,0.376068376,0.742152654,0.58325081,0.403668359,0.189391742,0.092592593
1977-03-22,0.41025641,1.097679376,0.872424411,0.604983273,0.292493707,0.097340931
1977-03-23,0.504273504,1.500483679,1.206232427,0.838091374,0.4171351,0.137701804
1977-03-24,0.504273504,1.099855782,0.894419878,0.622651798,0.318745215,0.180436847
1977-03-25,0.435897436,0.870602669,0.716294496,0.499617307,0.26282888,0.106837607
1977-03-26,0.418803419,0.833674069,0.694057112,0.485044688,0.261999197,0.04985755
1977-03-27,0.435897436,1.087501832,0.916260725,0.641571309,0.355558191,0.026115859
1977-03-28,0.444444444,1.126418583,0.960601903,0.67391832,0.382915976,0.059354226
1977-03-29,0.401709402,0.932373533,0.804922627,0.565789074,0.329367498,0.083095916
1977-03-30,0.367521368,0.818884837,0.715772901,0.504093295,0.300456681,0.097340931
1977-03-31,0.341880342,0.683098415,0.604635031,0.426641282,0.260200154,0.094966762
1977-04-01,0.316239316,0.852126452,0.763911151,0.54006369,0.336825913,0.078347578
1977-04-02,0.316239316,1.085771391,0.986004731,0.698413058,0.445187578,0.030864198
1977-04-03,0.307692308,0.902602566,0.830450845,0.589355271,0.383745884,0.026115859
1977-04-04,0.324786325,1.390834676,1.296721193,0.922015903,0.612938841,0.059354226
1977-04-05,0.367521368,2.923532443,2.762560574,1.968026086,1.335082054,0.075973409
1977-04-06,0.393162393,4.065803118,3.894612633,2.779772339,1.923446803,0.071225071
1977-04-07,0.393162393,5.221114124,5.070825315,3.626170466,2.558097845,0.071225071
1977-04-08,0.401709402,5.328144997,5.247771446,3.759826246,2.703005789,0.083095916
1977-04-09,0.504273504,3.96334191,3.959425464,2.842150208,2.081404154,0.028490028
1977-04-10,0.418803419,3.030102106,3.071076021,2.208646002,1.646996994,0.020892688
1977-04-11,0.341880342,3.395682555,3.492341184,2.516353248,1.909982933,0.04985755
1977-04-12,0.307692308,4.195166975,4.379167213,3.161291733,2.441484125,0.061728395
1977-04-13,0.299145299,5.094756316,5.399054927,3.904879271,3.067430127,0.061728395
1977-04-14,0.290598291,4.769078392,5.131960147,3.718678876,2.970198412,0.068850902
1977-04-15,0.273504274,5.050457372,5.520007425,4.007368886,3.253442878,0.092592593
1977-04-16,0.264957265,6.28282,6.850750685,5.055747112,4.169011889,0.061728395
1977-04-17,0.264957265,5.83456494,6.346813495,4.761084076,3.98551078,0.028490028
1977-04-18,0.247863248,4.466927515,4.84739957,3.696054411,3.139249651,0.030864198
1977-04-19,0.239316239,3.491417035,3.779575799,2.929068694,2.5229991,0.028490028
1977-04-20,0.230769231,3.477026395,3.754735213,2.957340621,2.582203263,0.059354226
1977-04-21,0.230769231,3.739758318,4.028406128,3.224559586,2.852808199,0.059354226
1977-04-22,0.222222222,3.839226375,4.125152504,3.355620845,3.006831208,0.066476733
1977-04-23,0.213675214,4.156791178,4.455013963,3.68263974,3.340865773,0.035612536
1977-04-24,0.213675214,4.06125966,4.341441834,3.646733177,3.348152058,0.026115859
1977-04-25,0.213675214,3.597472465,3.835664937,3.273813987,3.040898705,0.061728395
1977-04-26,0.213675214,3.174277426,3.375556598,2.927429945,2.75000655,0.068850902
1977-04-27,0.213675214,3.160692868,3.352179749,2.95380328,2.80535106,0.075973409
1977-04-28,0.205128205,3.089678108,3.268057294,2.925791537,2.808490022,0.07359924
1977-04-29,0.205128205,2.852012854,3.008472448,2.736442997,2.654062084,0.078347578
1977-04-30,0.222222222,2.82069609,2.967259079,2.742019797,2.686378864,0.109211776
1977-05-01,0.427350427,4.313493478,4.525006069,4.248132244,4.202897044,2.184235518
1977-05-02,0.341880342,3.615783422,3.782415845,3.607461895,3.603242357,0.261158594
1977-05-03,0.264957265,3.035102828,3.165941344,3.067465638,3.092459385,0.156695157
1977-05-04,0.256410256,2.572577922,2.675753319,2.63365506,2.679240604,0.102089269
1977-05-05,0.256410256,2.561288387,2.656252294,2.655893134,2.725787678,0.097340931
1977-05-06,0.290598291,2.259708004,2.336584183,2.373255468,2.45673611,0.092592593
1977-05-07,0.290598291,2.101042141,2.166041744,2.234836956,2.332921587,0.056980057
1977-05-08,0.307692308,2.129393153,2.188644698,2.293851388,2.414187773,0.045109212
1977-05-09,0.41025641,2.924456217,2.99664985,3.190309911,3.384578802,0.078347578
1977-05-10,0.623931624,2.529543619,2.583975132,2.794401275,2.987749557,0.083095916
1977-05-11,0.598290598,2.226944251,2.267745404,2.491126886,2.68383371,0.090218424
1977-05-12,0.615384615,2.163604788,2.196265692,2.450676144,2.659950372,0.078347578
1977-05-13,0.521367521,2.9797554,3.015035517,3.417371425,3.736232408,0.071225071
1977-05-14,0.478632479,5.673046412,5.721574787,6.587400707,7.253350821,0.030864198
1977-05-15,0.418803419,5.154909466,5.181910701,6.060215381,6.719343355,0.028490028
1977-05-16,0.367521368,3.234995838,3.241112587,3.850291383,4.298136064,0.059354226
1977-05-17,0.333333333,2.617488109,2.638296589,3.17364851,3.562819833,0.056980057
1977-05-18,0.324786325,2.412668796,2.446826608,2.980382097,3.364422805,0.061728395
1977-05-19,0.316239316,2.554956876,2.607384745,3.215923067,3.650095542,0.056980057
1977-05-20,0.290598291,3.940018372,4.046567278,5.053796363,5.766786367,0.059354226
1977-05-21,0.273504274,4.674717513,4.8324045,6.111161826,7.009970669,0.02374169
1977-05-22,0.264957265,4.254124368,4.426815901,5.668667827,6.535963058,0.0168566
1977-05-23,0.290598291,3.54871913,3.717764616,4.820592467,5.586323901,0.052231719
1977-05-24,0.273504274,3.069568219,3.237977639,4.251299631,4.951154957,0.066476733
1977-05-25,0.273504274,3.029796651,3.218514073,4.278912538,5.007723237,0.059354226
1977-05-26,0.307692308,4.033578332,4.315575634,5.809624551,6.831892851,0.061728395
1977-05-27,0.324786325,5.144416756,5.544387117,7.557807976,8.929760311,0.054605888
1977-05-28,0.273504274,3.510306083,3.81150441,5.261066232,6.245029379,0.022317189
1977-05-29,0.256410256,3.146832903,3.44291372,4.812170491,5.738325234,0.015669516
1977-05-30,0.247863248,3.057991643,3.371777805,4.772151849,5.716225512,0.015432099
1977-05-31,0.239316239,3.115608311,3.462638754,4.962565813,5.970636676,0.052231719
1977-06-01,0.230769231,3.017684784,3.381066987,4.906823475,5.929296502,0.064102564
1977-06-02,0.222222222,2.591842761,2.928063832,4.303075588,5.222036932,0.059354226
1977-06-03,0.213675214,1.974938513,2.250072534,3.34850826,4.080761019,0.064102564
1977-06-04,0.213675214,1.794092912,2.061772568,3.107113498,3.802305699,0.04985755
1977-06-05,0.205128205,1.698954974,1.969769159,3.006067448,3.693692572,0.04985755
1977-06-06,0.188034188,1.485734062,1.738200978,2.686311486,3.314081293,0.061728395
1977-06-07,0.188034188,1.567068935,1.850390884,2.896004689,3.586939937,0.075973409
1977-06-08,0.188034188,1.117874852,1.332537496,2.112036786,2.626142521,0.071225071
1977-06-09,0.196581197,0.935300713,1.1257614,1.807015852,2.255512623,0.066476733
1977-06-10,0.213675214,1.146014411,1.393143058,2.264710312,2.837510929,0.071225071
1977-06-11,0.213675214,0.858669286,1.054502897,1.736098158,2.183315072,0.035612536
1977-06-12,0.188034188,0.651248098,0.808154439,1.347532056,1.700884041,0.030864198
1977-06-13,0.179487179,0.545561164,0.684276504,1.155589977,1.463893817,0.071225071
1977-06-14,0.179487179,0.466280855,0.591282389,1.011356114,1.285752519,0.083095916
1977-06-15,0.162393162,0.390214636,0.500419143,0.866942308,1.106034584,0.066476733
1977-06-16,0.153846154,0.35186792,0.449582637,0.797357947,1.021190489,0.066476733
1977-06-17,0.153846154,0.299086521,0.380702762,0.691302944,0.888709412,0.066476733
1977-06-18,0.136752137,0.284854894,0.361185655,0.671592404,0.866561368,0.030864198
1977-06-19,0.145299145,0.359093252,0.453511541,0.863603108,1.118343779,0.026115859
1977-06-20,0.188034188,0.332518434,0.41824049,0.815762278,1.060129339,0.052231719
1977-06-21,0.153846154,0.305928878,0.383189169,0.765644459,0.998444843,0.071225071
1977-06-22,0.145299145,0.282277385,0.352048499,0.720711007,0.943036294,0.080721747
1977-06-23,0.136752137,0.259166509,0.3218016,0.67509326,0.886279991,0.07359924
1977-06-24,0.11965812,0.240891408,0.297756103,0.640220073,0.84323169,0.071225071
1977-06-25,0.11965812,0.222971738,0.274324195,0.604652698,0.79892412,0.068850902
1977-06-26,0.111111111,0.202526156,0.247977841,0.560418556,0.742790358,0.059354226
1977-06-27,0.102564103,0.17115166,0.208530867,0.483299836,0.642536425,0.064102564
1977-06-28,0.102564103,0.147476135,0.178774602,0.425003321,0.566728063,0.071225071
1977-06-29,0.102564103,0.130422325,0.157277065,0.383610473,0.513037183,0.071225071
1977-06-30,0.102564103,0.117013272,0.140349062,0.351298682,0.471179447,0.071225071
1977-07-01,0.094017094,0.100751567,0.120175383,0.308768595,0.41530821,0.075973409
1977-07-02,0.102564103,0.087864825,0.104206081,0.274900444,0.370780802,0.033238367
1977-07-03,0.102564103,0.079143378,0.093310025,0.252810682,0.341915746,0.028490028
1977-07-04,0.102564103,0.074521744,0.087327293,0.243068059,0.329618493,0.02374169
1977-07-05,0.094017094,0.068760835,0.08007093,0.229031904,0.31139983,0.061728395
1977-07-06,0.085470085,0.062934338,0.07281104,0.214092151,0.291837536,0.071225071
1977-07-07,0.082051282,0.057734493,0.066347595,0.200612223,0.274154685,0.068850902
1977-07-08,0.077777778,0.05683539,0.064861704,0.201745131,0.276388284,0.066476733
1977-07-09,0.076068376,0.055021512,0.062341287,0.19954219,0.274037828,0.028490028
1977-07-10,0.072649573,0.051982547,0.058460542,0.192635471,0.265187283,0.018755935
1977-07-11,0.07008547,0.048878271,0.054546296,0.185111023,0.255429637,0.045109212
1977-07-12,0.064102564,0.046254113,0.051205825,0.179047655,0.24763533,0.056980057
1977-07-13,0.060683761,0.044426042,0.048774685,0.175802398,0.243700585,0.056980057
1977-07-14,0.058119658,0.042407743,0.046158358,0.171581846,0.238382408,0.059354226
1977-07-15,0.054700855,0.041877021,0.045173259,0.173266357,0.241252547,0.056980057
1977-07-16,0.047863248,0.039387017,0.042092257,0.166678827,0.232582488,0.026115859
1977-07-17,0.045299145,0.039065833,0.041541664,0.155563143,0.215878094,0.018281102
1977-07-18,0.042735043,0.038001762,0.04022639,0.142678949,0.196874185,0.056980057
1977-07-19,0.038461538,0.03762252,0.039658499,0.133423059,0.183022527,0.061728395
1977-07-20,0.036752137,0.037067211,0.038922536,0.124367322,0.169565806,0.056980057
1977-07-21,0.035042735,0.036609484,0.038304823,0.116381671,0.157682672,0.066476733
1977-07-22,0.032478632,0.03549307,0.037013846,0.107051391,0.144099771,0.059354226
1977-07-23,0.029059829,0.03568006,0.037094321,0.102226441,0.136679954,0.033238367
1977-07-24,0.026495726,0.03589235,0.037207903,0.097794141,0.129842979,0.0168566
1977-07-25,0.026495726,0.036672987,0.037915122,0.095120152,0.125380404,0.047483381
1977-07-26,0.025641026,0.036937096,0.03809215,0.091286775,0.119425607,0.059354226
1977-07-27,0.024786325,0.037126889,0.038197487,0.0875026,0.113583961,0.061728395
1977-07-28,0.023076923,0.037431359,0.038425213,0.084195988,0.108407759,0.054605888
1977-07-29,0.01965812,0.037842004,0.038765463,0.081294235,0.103791056,0.059354226
1977-07-30,0.01965812,0.037861999,0.038709319,0.077731635,0.098373615,0.052231719
1977-07-31,0.01965812,0.037802186,0.038575973,0.07421181,0.093062414,0.052231719
1977-08-01,0.01965812,0.037897017,0.038604335,0.071179051,0.088410386,0.061728395
1977-08-02,0.01965812,0.038131856,0.038778396,0.068554015,0.084304688,0.061728395
1977-08-03,0.018803419,0.0385545,0.039145744,0.066374808,0.080778407,0.059354226
1977-08-04,0.014529915,0.038717028,0.039251217,0.063852636,0.076866266,0.068850902
1977-08-05,0.014529915,0.036124187,0.036569785,0.05709127,0.067946701,0.061728395
1977-08-06,0.014529915,0.033795861,0.034165708,0.051198566,0.060208588,0.030864198
1977-08-07,0.014529915,0.032105755,0.03241453,0.046634795,0.054157015,0.017806268
1977-08-08,0.014529915,0.030761442,0.03101837,0.042850906,0.049110067,0.04985755
1977-08-09,0.014529915,0.029900535,0.030114145,0.039951686,0.045155538,0.078347578
1977-08-10,0.014529915,0.028603079,0.028774379,0.03666337,0.040836479,0.083095916
1977-08-11,0.013675214,0.02924678,0.029389603,0.035967138,0.039446516,0.080721747
1977-08-12,0.012820513,0.027976669,0.028083664,0.0330112,0.035617762,0.083095916
1977-08-13,0.012820513,0.028212525,0.028291779,0.03194174,0.033872492,0.052231719
1977-08-14,0.012820513,0.029906445,0.029961322,0.032488616,0.0338255,0.019468186
1977-08-15,0.012820513,0.028777225,0.028803105,0.029994958,0.030625424,0.075973409
1977-08-16,0.011965812,0.025676546,0.025676546,0.025676546,0.025676546,0.111585945
1977-08-17,0.012820513,0.02268273,0.02268273,0.02268273,0.02268273,0.111585945
1977-08-18,0.012820513,0.020396191,0.020396191,0.020396191,0.020396191,0.104463438
1977-08-19,0.014529915,0.01256218,0.01256218,0.01256218,0.01256218,0.097340931
1977-08-20,0.014529915,0.012285454,0.012285454,0.012285454,0.012285454,0.059354226
1977-08-21,0.014529915,0.01173266,0.01173266,0.01173266,0.01173266,0.026115859
1977-08-22,0.014529915,0.014059823,0.014059823,0.014059823,0.014059823,0.035612536
1977-08-23,0.013675214,0.017059156,0.017059156,0.017059156,0.017059156,0.045109212
1977-08-24,0.014529915,0.019201923,0.019201923,0.019201923,0.019201923,0.037986705
1977-08-25,0.014529915,0.021889924,0.021889924,0.021889924,0.021889924,0.035612536
1977-08-26,0.020512821,0.161320459,0.161320459,0.161320459,0.161320459,0.035612536
1977-08-27,0.027350427,0.123624302,0.123624302,0.123624302,0.123624302,0.030864198
1977-08-28,0.022222222,0.107154538,0.107154538,0.107154538,0.107154538,0.028490028
1977-08-29,0.015384615,0.108070635,0.108070635,0.108070635,0.108070635,0.030864198
1977-08-30,0.014529915,0.099294696,0.099294696,0.099294696,0.099294696,0.026115859
1977-08-31,0.014529915,0.094418955,0.094418955,0.094418955,0.094418955,0.040360874
1977-09-01,0.014529915,0.085521296,0.085521296,0.085521296,0.085521296,0.04985755
1977-09-02,0.014529915,0.08494696,0.08494696,0.08494696,0.08494696,0.035612536
1977-09-03,0.014529915,0.085541007,0.085541007,0.085541007,0.085541007,0.026115859
1977-09-04,0.014529915,0.064251515,0.064251515,0.064251515,0.064251515,0.018993352
1977-09-05,0.013675214,0.04781529,0.04781529,0.04781529,0.04781529,0.014007597
1977-09-06,0.013675214,0.044874663,0.044874663,0.044874663,0.044874663,0.011633428
1977-09-07,0.016239316,0.040977492,0.040977492,0.040977492,0.040977492,0.011633428
1977-09-08,0.015384615,0.03128965,0.03128965,0.03128965,0.03128965,0.01305793
1977-09-09,0.015384615,0.034205932,0.034205932,0.034205932,0.034205932,0.014482431
1977-09-10,0.015384615,0.034171154,0.034171154,0.034171154,0.034171154,0.012820513
1977-09-11,0.014529915,0.030291955,0.030291955,0.030291955,0.030291955,0.010683761
1977-09-12,0.016239316,0.026394783,0.026394783,0.026394783,0.026394783,0.007834758
1977-09-13,0.017094017,0.026360005,0.026360005,0.026360005,0.026360005,0.026115859
1977-09-14,0.020512821,0.026324059,0.026324059,0.026324059,0.026324059,0.144824311
1977-09-15,0.025641026,0.024358668,0.024358668,0.024358668,0.024358668,0.140075973
1977-09-16,0.043589744,0.027186975,0.027186975,0.027186975,0.027186975,0.187559354
1977-09-17,0.064102564,0.045540772,0.045540772,0.045540772,0.045540772,0.147198481
1977-09-18,0.063247863,0.043592186,0.043592186,0.043592186,0.043592186,0.140075973
1977-09-19,0.064102564,0.048374011,0.048374011,0.048374011,0.048374011,1.18708452
1977-09-20,0.094017094,0.057035751,0.057035751,0.057035751,0.057035751,0.12345679
1977-09-21,0.077777778,0.041557717,0.041557717,0.041557717,0.041557717,0.07359924
1977-09-22,0.069230769,0.031868707,0.031868707,0.031868707,0.031868707,0.052231719
1977-09-23,0.063247863,0.022198832,0.022198832,0.022198832,0.022198832,0.042735043
1977-09-24,0.064957265,0.022150051,0.022150051,0.022150051,0.022150051,0.042735043
1977-09-25,0.061538462,0.024063852,0.024063852,0.024063852,0.024063852,0.040360874
1977-09-26,0.061538462,0.02307462,0.02307462,0.02307462,0.02307462,0.035612536
1977-09-27,0.062393162,0.02781484,0.02781484,0.02781484,0.02781484,0.035612536
1977-09-28,0.066666667,0.03168874,0.03168874,0.03168874,0.03168874,0.037986705
1977-09-29,0.082051282,0.070284183,0.070284183,0.070284183,0.070284183,0.040360874
1977-09-30,0.094017094,0.060597497,0.060597497,0.060597497,0.060597497,0.042735043
1977-10-01,0.079487179,0.038760252,0.038760252,0.038760252,0.038760252,0.045109212
1977-10-02,0.072649573,0.039176942,0.039176942,0.039176942,0.039176942,0.047483381
1977-10-03,0.067521368,0.038904339,0.038904339,0.038904339,0.038904339,0.04985755
1977-10-04,0.064102564,0.037254159,0.037254159,0.037254159,0.037254159,0.064102564
1977-10-05,0.065811966,0.035192786,0.035192786,0.035192786,0.035192786,0.071225071
1977-10-06,0.064957265,0.028872139,0.028872139,0.028872139,0.028872139,0.064102564
1977-10-07,0.064957265,0.022830411,0.022830411,0.022830411,0.022830411,0.064102564
1977-10-08,0.065811966,0.020068805,0.020068805,0.020068805,0.020068805,0.02374169
1977-10-09,0.067521368,0.018548902,0.018548902,0.018548902,0.018548902,0.014719848
1977-10-10,0.065811966,0.017854835,0.017854835,0.017854835,0.017854835,0.012820513
1977-10-11,0.063247863,0.017577364,0.017577364,0.017577364,0.017577364,0.061728395
1977-10-12,0.062393162,0.0168851,0.0168851,0.0168851,0.0168851,0.068850902
1977-10-13,0.064102564,0.014661045,0.014661045,0.014661045,0.014661045,0.0997151
1977-10-14,0.064102564,0.019554195,0.019554195,0.019554195,0.019554195,0.080721747
1977-10-15,0.064102564,0.025141108,0.025141108,0.025141108,0.025141108,0.030864198
1977-10-16,0.068376068,0.025141108,0.025141108,0.025141108,0.025141108,0.030864198
1977-10-17,0.067521368,0.019985413,0.019668907,0.019369233,0.019131069,0.163817664
1977-10-18,0.065811966,0.017499969,0.016957387,0.016443661,0.016035379,0.14957265
1977-10-19,0.065811966,0.023826112,0.022740949,0.021713496,0.020896932,0.109211776
1977-10-20,0.068376068,0.027358799,0.025731054,0.024189875,0.022965029,0.083095916
1977-10-21,0.070940171,0.03101469,0.028753934,0.026613407,0.024912233,0.066476733
1977-10-22,0.074358974,0.037956859,0.034701369,0.031619011,0.02916932,0.030864198
1977-10-23,0.075213675,0.038696089,0.034898018,0.031301934,0.02844396,0.009259259
1977-10-24,0.076068376,0.032862766,0.029245556,0.025820713,0.023098834,0.033238367
1977-10-25,0.076068376,0.033478791,0.02940943,0.025556482,0.022494368,0.040360874
1977-10-26,0.085470085,0.037504298,0.032530634,0.027821476,0.024078891,0.037986705
1977-10-27,0.094017094,0.107629935,0.092207804,0.077605842,0.066000992,0.194681861
1977-10-28,0.102564103,0.104657062,0.088582896,0.073363576,0.061268083,0.035612536
1977-10-29,0.102564103,0.084111609,0.070356309,0.057332535,0.046981943,0.042735043
1977-10-30,0.102564103,0.093133174,0.077007314,0.061739049,0.049604656,0.01305793
1977-10-31,0.102564103,0.089549858,0.073212206,0.057743413,0.045449652,0.064102564
1977-11-01,0.102564103,0.073212693,0.059197402,0.045927463,0.035381232,0.07359924
1977-11-02,0.102564103,0.071745926,0.057387076,0.04379185,0.032987099,0.068850902
1977-11-03,0.102564103,0.075593645,0.059827674,0.04490016,0.033036577,0.066476733
1977-11-04,0.102564103,0.079526514,0.062290924,0.045971946,0.033002503,0.068850902
1977-11-05,0.213675214,0.136398472,0.105757488,0.076746034,0.053689296,0.56980057
1977-11-06,0.179487179,0.121537694,0.093302043,0.066568003,0.045321231,0.092592593
1977-11-07,0.145299145,0.100425225,0.076346361,0.053548044,0.035429173,0.132953466
1977-11-08,0.136752137,0.099006567,0.074551938,0.051397839,0.032996212,0.111585945
1977-11-09,0.128205128,0.09159148,0.068325182,0.046296217,0.028788785,0.125830959
1977-11-10,0.11965812,0.0869223,0.064249026,0.042781547,0.025720354,0.118708452
1977-11-11,0.11965812,0.063857489,0.046777089,0.030605048,0.017752384,0.102089269
1977-11-12,0.11965812,0.055505385,0.04030107,0.02590534,0.014464392,0.061728395
1977-11-13,0.11965812,0.050027192,0.036009701,0.02273768,0.012189794,0.064102564
1977-11-14,0.11965812,0.047537046,0.033927139,0.021041025,0.010799837,0.182811016
1977-11-15,0.11965812,0.048176445,0.03409723,0.020766768,0.010172436,0.154320988
1977-11-16,0.111111111,0.051377272,0.036362639,0.022146505,0.010848289,0.111585945
1977-11-17,0.111111111,0.051377272,0.036362639,0.022146505,0.010848289,0.090218424
1977-11-18,0.111111111,0.051377272,0.036362639,0.022146505,0.010848289,0.085470085
1977-11-19,0.111111111,0.048162391,0.034087284,0.02076071,0.010169469,0.078347578
1977-11-20,0.11965812,0.048162391,0.034087284,0.02076071,0.010169469,0.075973409
1977-11-21,2.64957265,0.214963784,0.152142187,0.092661528,0.045389513,1.685660019
1977-11-22,3.504273504,0.734636169,0.519944109,0.316669668,0.155118118,0.902184236
1977-11-23,0.786324786,0.291945259,0.206626387,0.12584489,0.061644119,0.308641975
1977-11-24,0.52991453,0.250243154,0.177111418,0.107868929,0.052838737,0.113960114
1977-11-25,0.452991453,0.266275398,0.188458356,0.114779731,0.056223938,0.059354226
1977-11-26,0.401709402,0.28231467,0.199810267,0.121693563,0.059610624,0.045109212
1977-11-27,0.376068376,0.291938232,0.206621414,0.125841861,0.061642635,0.040360874
1977-11-28,0.35042735,0.27268408,0.192994148,0.117542235,0.057577129,0.097340931
1977-11-29,0.324786325,0.263060518,0.186183001,0.113393936,0.055545118,0.094966762
1977-11-30,0.307692308,0.256637361,0.181636965,0.110625193,0.054188871,0.090218424
1977-12-01,0.290598291,0.251175212,0.177771089,0.108270698,0.05303554,0.085470085
1977-12-02,0.282051282,0.243302613,0.1721992,0.104877163,0.051373244,0.080721747
1977-12-03,0.273504274,0.230471196,0.163117671,0.099346098,0.048663896,0.035612536
1977-12-04,0.256410256,0.236882989,0.167655664,0.102109943,0.050017744,0.026115859
1977-12-05,0.256410256,0.307459707,0.217606852,0.132532494,0.064919988,0.080721747
1977-12-06,0.247863248,0.326706833,0.231229145,0.140829091,0.06898401,0.094966762
1977-12-07,0.239316239,0.323498989,0.22895877,0.139446329,0.068306675,0.080721747
1977-12-08,0.230769231,0.286622031,0.202858834,0.123550279,0.060520121,0.085470085
1977-12-09,0.230769231,0.256130135,0.181277972,0.11040655,0.05408177,0.083095916
1977-12-10,0.222222222,0.227263372,0.16084731,0.097963345,0.047986565,0.090218424
1977-12-11,0.247863248,0.227259457,0.160844539,0.097961657,0.047985739,0.166191833
1977-12-12,0.307692308,0.240090874,0.169926068,0.103492723,0.050695087,0.109211776
1977-12-13,0.256410256,0.233675176,0.165385311,0.100727194,0.049340415,0.104463438
1977-12-14,0.41025641,1.070925128,0.757955074,0.461629197,0.226125391,0.854700855
1977-12-15,4.358974359,4.054229568,2.869410561,1.747601853,0.856048868,1.566951567
1977-12-16,1.282051282,2.899402047,2.052072956,1.249805987,0.612207523,0.379867047
1977-12-17,7.435897436,7.165844251,5.071678559,3.088883468,1.513065,3.062678063
1977-12-18,3.504273504,3.50889436,2.483445588,1.512531587,0.740901569,0.830959164
1977-12-19,1.623931624,1.904963332,1.348251699,0.821146754,0.402232207,0.225546059
1977-12-20,1.111111111,1.58417791,1.121213476,0.682870124,0.334498499,0.121082621
1977-12-21,0.94017094,1.423785238,1.007694392,0.613731827,0.300631654,0.135327635
1977-12-22,1.709401709,1.680413576,1.18932497,0.72435313,0.35481862,1.18708452
1977-12-23,7.008547009,4.248314288,3.006775438,1.831263325,0.897029776,1.899335233
1977-12-24,2.991452991,2.289905918,1.620697623,0.987078743,0.483512672,0.379867047
1977-12-25,1.88034188,1.7445707,1.234732643,0.752008473,0.36836537,0.159069326
1977-12-26,1.623931624,1.840806366,1.302844138,0.793491479,0.38868549,0.332383666
1977-12-27,3.760683761,12.13801843,8.590771116,5.232171276,2.562937487,0.284900285
1977-12-28,3.418803419,11.11150116,7.864246029,4.789684375,2.346188798,0.498575499
1977-12-29,7.863247863,24.45617869,17.30903893,10.54199385,5.163911847,0.451092118
1977-12-30,7.863247863,12.31184718,8.713799684,5.307101283,2.599641355,0.237416904
1977-12-31,4.957264957,5.447067097,3.855201486,2.34799347,1.150145927,0.135327635
1978-01-01,3.504273504,4.131882578,2.924370046,1.781074685,0.872445269,0.087844255
1978-01-02,2.820512821,3.780643198,2.675777811,1.62967068,0.798281221,0.175688509
1978-01-03,2.735042735,4.131897123,2.92438034,1.781080954,0.87244834,0.617283951
1978-01-04,2.991452991,3.811135164,2.697358723,1.642814439,0.804719587,1.899335233
1978-01-05,7.863247863,3.265794691,2.311390024,1.407741904,0.689571176,9.140550807
1978-01-06,10.17094017,3.208114033,2.270566117,1.382878284,0.677391929,8.1671415
1978-01-07,6.923076923,3.049362079,2.158208263,1.314447228,0.643871521,1.115859449
1978-01-08,5.384615385,3.432681627,2.42950547,1.479679596,0.724809282,0.641025641
1978-01-09,12.39316239,7.379963038,5.223222693,3.181180755,1.558276092,6.006647673
1978-01-10,11.02564103,5.517800802,3.905263782,2.37848369,1.165081319,3.038936372
1978-01-11,7.521367521,4.33253529,3.066383467,1.867567332,0.914813005,0.902184236
1978-01-12,5.811965812,3.65725928,2.588451943,1.576485245,0.772228759,1.092117759
1978-01-13,5.128205128,4.51233579,3.193638583,1.9450715,0.952777805,5.650522317
1978-01-14,9.914529915,11.11892606,7.869501054,4.792884925,2.347756562,23.55175689
1978-01-15,10.85470085,8.939233757,6.326807922,3.853314474,1.887515449,15.62203229
1978-01-16,15.72649573,7.078549213,5.009894859,3.051254378,1.49463269,17.85375119
1978-01-17,23.84615385,6.03551522,4.259541696,2.594255092,1.270775224,12.22697056
1978-01-18,15.64102564,4.7918416,3.372235701,2.053845288,1.006059779,7.051282051
1978-01-19,12.39316239,4.126864733,2.896045679,1.763823854,0.863995087,7.00379867
1978-01-20,9.145299145,3.620488388,2.533522608,1.543030776,0.755841353,3.917378917
1978-01-21,7.264957265,3.40225358,2.374102632,1.445936742,0.708280613,2.397910731
1978-01-22,5.982905983,3.182872928,2.214777045,1.348900195,0.660748033,1.305792972
1978-01-23,4.957264957,2.898518721,2.011256364,1.224946822,0.600030458,0.59354226
1978-01-24,4.273504274,2.838866203,1.96435305,1.196380565,0.586037505,0.403608737
1978-01-25,3.760683761,2.780364098,1.918502061,1.168455222,0.572358498,0.332383666
1978-01-26,3.247863248,2.754431831,1.895314423,1.154332894,0.565440787,0.284900285
1978-01-27,2.905982906,2.769021066,1.900057702,1.157221767,0.566855879,0.261158594
1978-01-28,2.64957265,2.840540734,1.943727953,1.183818941,0.579884293,0.161443495
1978-01-29,2.393162393,2.849107681,1.944195237,1.184103538,0.580023701,0.135327635
1978-01-30,2.136752137,2.954336432,2.010435409,1.224446823,0.599785538,0.180436847
1978-01-31,2.051282051,3.029769505,2.05608718,1.252250833,0.613405111,0.185185185
1978-02-01,1.88034188,2.901932551,1.963919104,1.196116273,0.585908043,0.170940171
1978-02-02,1.88034188,2.676299955,1.806250519,1.100088916,0.538869806,0.163817664
1978-02-03,1.709401709,2.547985818,1.714942964,1.044478452,0.511629463,0.163817664
1978-02-04,1.623931624,2.621499304,1.759601988,1.071677834,0.524952864,0.154320988
1978-02-05,1.88034188,3.909101627,2.616713741,1.593697968,0.780660275,1.994301994
1978-02-06,2.991452991,5.034107864,3.360615673,2.04676816,1.002593105,4.65337132
1978-02-07,5.897435897,4.368570791,2.908407769,1.77135293,0.867683145,12.29819563
1978-02-08,5.811965812,3.83577074,2.546775384,1.55110232,0.759795135,4.914529915
1978-02-09,8.034188034,3.810998492,2.523488593,1.536919603,0.752847844,4.700854701
1978-02-10,6.666666667,3.357006236,2.216877812,1.350179659,0.661374768,1.709401709
1978-02-11,5.641025641,2.956334917,1.94703044,1.185830306,0.580869544,0.830959164
1978-02-12,4.957264957,2.721683676,1.78767557,1.088775925,0.533328227,2.540360874
1978-02-13,4.358974359,2.693841811,1.764645732,1.074749704,0.526457595,5.460588794
1978-02-14,3.846153846,2.493571721,1.629086383,0.99218788,0.486015342,1.75688509
1978-02-15,3.418803419,2.482777391,1.63159064,0.993340361,0.482928343,0.949667616
1978-02-16,3.076923077,2.366209662,1.564186893,0.951947067,0.459308121,0.641025641
1978-02-17,2.820512821,2.479844167,1.649045891,1.003215857,0.480363795,0.451092118
1978-02-18,2.564102564,2.534902707,1.695717999,1.031223906,0.489994188,0.308641975
1978-02-19,2.478632479,2.756848664,1.855241344,1.127814462,0.531759045,0.261158594
1978-02-20,2.307692308,3.310823439,2.241454614,1.362088433,0.637233587,0.216049383
1978-02-21,2.222222222,3.958278552,2.6959891,1.637690399,0.760182375,0.237416904
1978-02-22,2.222222222,4.433790002,3.038199453,1.844881491,0.849617147,0.225546059
1978-02-23,2.222222222,4.637052949,3.196864701,1.940506831,0.886573151,0.204178538
1978-02-24,2.222222222,4.966539795,3.444997768,2.090348978,0.947410589,0.201804368
1978-02-25,2.222222222,4.777515118,3.334278193,2.022417525,0.909254285,0.170940171
1978-02-26,2.136752137,4.721360368,3.315459237,2.010259029,0.896471177,0.161443495
1978-02-27,2.136752137,4.341757897,3.067828678,1.859426328,0.822445901,0.156695157
1978-02-28,2.136752137,4.028729739,2.864408171,1.735491635,0.761322776,0.161443495
1978-03-01,2.564102564,4.776902543,3.417644371,2.069924195,0.900517462,0.261158594
1978-03-02,5.897435897,7.920285976,5.702268451,3.452354498,1.489421185,3.846153846
1978-03-03,7.264957265,5.964945575,4.321677157,2.615534187,1.118921456,7.454890788
1978-03-04,13.41880342,9.284670126,6.769619009,4.095555967,1.737245895,9.377967711
1978-03-05,24.61538462,8.173852184,5.997765263,3.627261454,1.525486032,7.027540361
1978-03-06,18.88888889,6.11605977,4.516609176,2.730504322,1.138477473,2.231718898
1978-03-07,12.73504274,6.049535987,4.496289698,2.717226249,1.123130834,1.092117759
1978-03-08,9.743589744,6.383356327,4.775141159,2.884689614,1.181944013,1.400759734
1978-03-09,7.863247863,5.89016898,4.434895793,2.678168246,1.087673946,3.703703704
1978-03-10,6.581196581,5.138355382,3.894145149,2.350760213,0.946240501,1.377018044
1978-03-11,6.068376068,5.077361486,3.873221808,2.33727882,0.93240546,0.664767331
1978-03-12,5.384615385,4.510691247,3.463680239,2.089383229,0.826003112,0.664767331
1978-03-13,4.700854701,4.06650061,3.143331807,1.895452456,0.742529015,0.427350427
1978-03-14,4.188034188,3.837033642,2.985754843,1.799779776,0.698592542,0.356125356
1978-03-15,3.760683761,4.019074577,3.148389017,1.897126811,0.7295776,0.284900285
1978-03-16,3.504273504,4.903605729,3.867198478,2.329417765,0.887480818,0.237416904
1978-03-17,3.418803419,7.077196658,5.641714574,3.405051844,1.345338387,0.22317189
1978-03-18,3.333333333,7.888351647,6.357026026,3.844379695,1.572935766,0.128205128
1978-03-19,3.247863248,8.116778975,6.613316938,4.007276113,1.695649373,0.104463438
1978-03-20,3.162393162,10.97085999,9.038477445,5.487579733,2.398472419,0.154320988
1978-03-21,3.760683761,12.81680177,10.67838292,6.495980092,2.929318272,0.688509022
1978-03-22,4.273504274,11.38804327,9.59620554,5.849117844,2.718400954,0.498575499
1978-03-23,4.871794872,12.16032082,10.36512809,6.330166773,3.029020288,0.284900285
1978-03-24,4.700854701,9.638107084,8.311060395,5.085627978,2.503138012,0.154320988
1978-03-25,3.931623932,9.076062403,7.918708333,4.854988416,2.455812381,0.128205128
1978-03-26,3.760683761,11.74677494,10.37113221,6.37094363,3.309126368,0.106837607
1978-03-27,3.675213675,14.16990508,12.6614942,7.792993975,4.153103221,0.163817664
1978-03-28,3.58974359,16.19861624,14.65101492,9.034974585,4.93661228,0.151946819
1978-03-29,3.58974359,17.62144155,16.13488088,9.969259402,5.580727492,0.147198481
1978-03-30,4.017094017,19.42773843,18.01131458,11.15009392,6.390580673,0.140075973
1978-03-31,5.641025641,23.4216739,21.9890173,13.63870063,7.998184499,0.830959164
1978-04-01,5.47008547,14.59574926,13.87862877,8.624737491,5.171985654,0.427350427
1978-04-02,4.871794872,8.957878077,8.628332072,5.372252597,3.292379507,0.199430199
1978-04-03,4.188034188,6.826160897,6.661481284,4.155552157,2.601267689,0.159069326
1978-04-04,4.188034188,5.872784742,5.807428394,3.629679297,2.319525637,0.712250712
1978-04-05,3.846153846,4.917828692,4.928712618,3.086330798,2.012472772,0.332383666
1978-04-06,3.931623932,4.556160017,4.628670021,2.903941826,1.931183931,1.828110161
1978-04-07,3.675213675,4.124914205,4.248623482,2.670550453,1.810444528,0.997150997
1978-04-08,3.675213675,3.912370882,4.086302451,2.573368886,1.777641182,0.427350427
1978-04-09,3.675213675,4.777928298,5.061399743,3.193444139,2.24685887,0.237416904
1978-04-10,3.675213675,7.88125394,8.469398489,5.353731162,3.835055366,0.237416904
1978-04-11,3.504273504,11.55303999,12.59702334,7.977841445,5.816078375,0.208926876
1978-04-12,3.333333333,12.99854545,14.38373157,9.126424932,6.768821058,0.180436847
1978-04-13,3.247863248,12.97386467,14.57285881,9.263683436,6.987269103,0.168566002
1978-04-14,3.162393162,11.96260743,13.64256575,8.688464401,6.662358116,0.14957265
1978-04-15,3.675213675,8.295792716,9.607758269,6.130208667,4.777235847,0.664767331
1978-04-16,6.41025641,6.431702247,7.430939902,4.821354294,3.817415122,1.044634378
1978-04-17,5.982905983,5.176141994,5.965787113,3.935770722,3.164297448,0.308641975
1978-04-18,4.786324786,5.019378541,5.770922433,3.870881769,3.158399802,0.213675214
1978-04-19,6.239316239,5.692113053,6.5281833,4.451708859,3.684421628,0.182811016
1978-04-20,6.239316239,5.830567088,6.670260942,4.623973006,3.879994278,0.168566002
1978-04-21,5.897435897,4.306807387,4.914622857,3.463141136,2.944817145,0.166191833
1978-04-22,5.47008547,3.96026666,4.507661088,3.228563977,2.780862129,0.075973409
1978-04-23,4.615384615,4.100940888,4.655771048,3.389219029,2.955771773,0.056980057
1978-04-24,5.811965812,5.892588419,6.672437762,4.936455862,4.357285691,0.180436847
1978-04-25,11.28205128,16.67629186,18.83376299,14.16003834,12.64536761,1.377018044
1978-04-26,10.25641026,10.51084762,11.83922424,9.045282196,8.169584996,0.617283951
1978-04-27,8.547008547,10.66375687,11.97931994,9.299905947,8.492180413,0.261158594
1978-04-28,7.692307692,12.87676726,14.42625327,11.37953309,10.5023548,0.170940171
1978-04-29,7.094017094,10.18145078,11.3754693,9.116805354,8.50142555,0.159069326
1978-04-30,6.666666667,11.53005991,12.84671711,10.46036728,9.852674145,0.194681861
1978-05-01,5.982905983,9.228333057,10.25351095,8.481812826,8.067350694,0.261158594
1978-05-02,5.384615385,14.45196713,16.01226087,13.45584247,12.92023751,0.132953466
1978-05-03,5.128205128,18.49141002,20.42958228,17.43980573,16.90074697,0.125830959
1978-05-04,4.871794872,18.60986725,20.50140918,17.77757282,17.38334735,0.111585945
1978-05-05,4.273504274,15.31531367,16.82303405,14.81778367,14.61629726,0.12345679
1978-05-06,4.188034188,11.4521287,12.54265386,11.22129552,11.16325875,0.054605888
1978-05-07,4.102564103,13.62861862,14.88217583,13.52321549,13.5652097,0.033238367
1978-05-08,3.675213675,17.6494304,19.21511687,17.73383828,17.93313745,0.104463438
1978-05-09,3.247863248,21.25389905,23.06932235,21.62358925,22.03942736,0.111585945
1978-05-10,3.418803419,22.08750746,23.90081644,22.75237903,23.36865408,0.130579297
1978-05-11,3.333333333,21.45680537,23.14656633,22.37744609,23.15636247,0.137701804
1978-05-12,3.162393162,21.03942349,22.62540059,22.21363601,23.15549185,0.109211776
1978-05-13,2.991452991,23.85301941,25.57007083,25.49441887,26.7656937,0.059354226
1978-05-14,2.905982906,27.00084513,28.85207176,29.21266618,30.88380753,0.07359924
1978-05-15,3.162393162,26.53873896,28.26673826,29.06316434,30.93560577,0.078347578
1978-05-16,2.905982906,13.33771413,14.15979675,14.7839345,15.84142161,0.087844255
1978-05-17,2.64957265,12.78000985,13.65159086,14.4368078,15.55883066,0.111585945
1978-05-18,2.478632479,16.45273975,17.68531705,18.94283585,20.53061266,0.106837607
1978-05-19,2.393162393,18.31067948,19.80838049,21.4889486,23.41931812,0.135327635
1978-05-20,2.307692308,19.79693791,21.55564696,23.68381189,25.95167336,0.130579297
1978-05-21,2.222222222,21.91565687,24.02072238,26.72955396,29.44517274,0.116334283
1978-05-22,2.136752137,21.31533267,23.52034144,26.50669659,29.35228733,0.113960114
1978-05-23,2.051282051,15.77826413,17.5300652,20.0075332,22.26898736,0.118708452
1978-05-24,2.051282051,8.62116045,9.645333027,11.14852528,12.47104422,0.140075973
1978-05-25,1.965811966,6.205399801,6.992048403,8.184410583,9.200477865,0.135327635
1978-05-26,1.88034188,7.32740025,8.316208114,9.857894693,11.13537903,0.0997151
1978-05-27,1.794871795,13.05308186,14.92411551,17.91499844,20.33278422,0.037986705
1978-05-28,1.623931624,17.88613619,20.6040833,25.04636852,28.55923453,0.030864198
1978-05-29,1.623931624,20.68619668,24.01273438,29.55907048,33.8592863,0.030864198
1978-05-30,1.538461538,19.8066598,23.17188343,28.88437718,33.23531303,0.097340931
1978-05-31,1.538461538,17.16958554,20.24724693,25.55732726,29.53706997,0.106837607
1978-06-01,1.452991453,15.91793823,18.92422587,24.18861823,28.07660866,0.097340931
1978-06-02,1.452991453,15.26221783,18.29554589,23.67979424,27.60326258,0.092592593
1978-06-03,1.367521368,14.90216237,18.01552902,23.61107438,27.63855289,0.0997151
1978-06-04,1.367521368,17.33834674,21.14226057,28.05778092,32.9791088,0.092592593
1978-06-05,1.282051282,18.87108403,23.2148097,31.19590684,36.816207,0.092592593
1978-06-06,1.282051282,18.31795238,22.73793027,30.93939736,36.65892063,0.106837607
1978-06-07,1.196581197,17.9064836,22.43230998,30.90733937,36.76437174,0.109211776
1978-06-08,1.196581197,16.31670602,20.63349182,28.78629363,34.37328312,0.106837607
1978-06-09,1.196581197,15.80264849,20.17607099,28.50192113,34.16267453,0.12345679
1978-06-10,1.111111111,13.13327569,16.93321351,24.22149685,29.14033744,0.071225071
1978-06-11,1.111111111,11.55625708,15.05010824,21.79843119,26.32138641,0.040360874
1978-06-12,1.111111111,12.00685148,15.79820397,23.1695576,28.07798079,0.056980057
1978-06-13,1.111111111,12.25441164,16.29412201,24.197261,29.42755934,0.071225071
1978-06-14,1.111111111,11.70108279,15.7265034,23.64797038,28.86009107,0.085470085
1978-06-15,1.111111111,8.855087634,12.03312555,18.32180517,22.43697637,0.121082621
1978-06-16,1.025641026,7.331415534,9.925068241,15.47958029,19.03138696,0.116334283
1978-06-17,1.025641026,7.3271564,9.881020232,15.78701287,19.48430638,0.045109212
1978-06-18,1.025641026,7.469089858,10.03260697,16.42193584,20.34431648,0.116334283
1978-06-19,1.025641026,6.505439729,8.702823246,14.59574615,18.14848102,0.111585945
1978-06-20,1.025641026,6.46085121,8.607293984,14.79227511,18.45895045,0.07359924
1978-06-21,0.94017094,6.239707625,8.277302842,14.57838748,18.25591821,0.071225071
1978-06-22,0.94017094,5.782207512,7.63692507,13.78621883,17.3231503,0.07359924
1978-06-23,0.94017094,5.455256222,7.172836605,13.27336219,16.73465224,0.106837607
1978-06-24,0.94017094,4.93841051,6.463423489,12.26244744,15.51081435,0.0997151
1978-06-25,0.94017094,4.094123985,5.333136397,10.37497031,13.16542023,0.116334283
1978-06-26,0.94017094,3.507537643,4.546893343,9.071470512,11.54744053,0.135327635
1978-06-27,1.025641026,3.664143531,4.726261729,9.671921489,12.34956668,0.142450142
1978-06-28,1.111111111,3.776097509,4.845750527,10.17339161,13.02888689,0.132953466
1978-06-29,0.94017094,3.098165416,3.95486922,8.519786272,10.94322741,0.128205128
1978-06-30,0.94017094,3.148961345,3.997964257,8.839224461,11.38621815,0.111585945
1978-07-01,0.94017094,3.018129629,3.810526621,8.64829749,11.17168904,0.040360874
1978-07-02,0.854700855,2.722674177,3.417800631,7.964517354,10.31681449,0.042735043
1978-07-03,0.854700855,2.267086132,2.829099114,6.770645245,8.79407117,0.04985755
1978-07-04,0.854700855,1.93567247,2.40083761,5.902301818,7.686553193,0.045109212
1978-07-05,0.846153846,1.930944091,2.379958465,6.011987903,7.849750903,0.106837607
1978-07-06,0.820512821,1.935028264,2.369571561,6.152166379,8.053252633,0.140075973
1978-07-07,0.803418803,2.111052876,2.567877807,6.854375974,8.994876675,0.135327635
1978-07-08,0.786324786,1.758882476,2.124761648,5.832726559,7.672945853,0.064102564
1978-07-09,0.760683761,1.611396005,1.932744715,5.458122572,7.197419389,0.054605888
1978-07-10,0.735042735,1.484366282,1.767289396,5.136069125,6.78871773,0.128205128
1978-07-11,0.726495726,1.274024457,1.505320032,4.503615463,5.96653879,0.154320988
1978-07-12,0.709401709,1.068317509,1.252333972,3.858558525,5.123561765,0.154320988
1978-07-13,0.692307692,0.884581276,1.02849994,3.264778278,4.344784568,0.182811016
1978-07-14,0.675213675,0.822415307,0.948146936,3.102065396,4.13728675,0.185185185
1978-07-15,0.658119658,0.761634567,0.870388191,2.936334529,3.924670907,0.075973409
1978-07-16,0.64957265,0.653519435,0.740053038,2.575577373,3.449758846,0.037986705
1978-07-17,0.641025641,0.563402904,0.632525763,2.098738708,2.797033014,0.182811016
1978-07-18,0.623931624,0.543569739,0.605405305,1.917042429,2.541718904,0.22317189
1978-07-19,0.615384615,0.492134158,0.544068461,1.64568301,2.170334746,0.261158594
1978-07-20,0.606837607,0.454051692,0.498512545,1.441602553,1.890755853,0.356125356
1978-07-21,0.598290598,0.411056043,0.448406664,1.240676606,1.61800078,0.332383666
1978-07-22,0.581196581,0.384293831,0.416691676,1.103904847,1.43119499,0.308641975
1978-07-23,0.572649573,0.355729933,0.383544258,0.973533208,1.254519626,0.308641975
1978-07-24,0.555555556,0.323760741,0.347225295,0.844948241,1.081992322,0.356125356
1978-07-25,0.547008547,0.311011775,0.331887917,0.77470626,0.985601634,0.284900285
1978-07-26,0.555555556,0.286290508,0.304069423,0.681190337,0.860796845,0.140075973
1978-07-27,0.547008547,0.279875814,0.295934646,0.636569685,0.798799536,0.121082621
1978-07-28,0.538461538,0.288229675,0.303485565,0.627088852,0.781207211,0.116334283
1978-07-29,0.521367521,0.259510593,0.272156924,0.540407017,0.668163025,0.056980057
1978-07-30,0.521367521,0.266820221,0.278763978,0.532111288,0.65276974,0.045109212
1978-07-31,0.512820513,0.274129849,0.285371032,0.523815559,0.637376455,0.0997151
1978-08-01,0.504273504,0.261336658,0.271122509,0.478696985,0.577555801,0.111585945
1978-08-02,0.495726496,0.247499233,0.25593012,0.434763516,0.519934187,0.116334283
1978-08-03,0.487179487,0.253764629,0.261593309,0.427652891,0.506739943,0.125830959
1978-08-04,0.478632479,0.238360856,0.244985124,0.385497077,0.452416891,0.128205128
1978-08-05,0.47008547,0.215255464,0.220610081,0.334190577,0.388284093,0.090218424
1978-08-06,0.461538462,0.208963292,0.213580206,0.31151278,0.358153862,0.083095916
1978-08-07,0.444444444,0.202149003,0.206078398,0.289427534,0.329123151,0.163817664
1978-08-08,0.452991453,0.17580649,0.178777374,0.241794857,0.271807379,0.17331434
1978-08-09,0.435897436,0.150534451,0.15271243,0.198911057,0.220913481,0.147198481
1978-08-10,0.427350427,0.136410265,0.138066332,0.173194321,0.189924274,0.175688509
1978-08-11,0.427350427,0.134217108,0.13554698,0.16375582,0.177190479,0.154320988
1978-08-12,0.427350427,0.134399715,0.135443539,0.157584816,0.168129757,0.075973409
1978-08-13,0.435897436,0.142388363,0.143201341,0.16044599,0.168658876,0.118708452
1978-08-14,0.444444444,0.137140691,0.137652566,0.148510308,0.153681385,0.140075973
1978-08-15,0.427350427,0.128838505,0.129074369,0.134077446,0.136460197,0.159069326
1978-08-16,0.427350427,0.131292452,0.131292452,0.131292452,0.131292452,0.14957265
1978-08-17,0.427350427,0.128498995,0.128498995,0.128498995,0.128498995,0.144824311
1978-08-18,0.427350427,0.120118626,0.120118626,0.120118626,0.120118626,0.144824311
1978-08-19,0.401709402,0.1089448,0.1089448,0.1089448,0.1089448,0.104463438
1978-08-20,0.393162393,0.103357887,0.103357887,0.103357887,0.103357887,0.068850902
1978-08-21,0.393162393,0.106151344,0.106151344,0.106151344,0.106151344,0.068850902
1978-08-22,0.41025641,0.111738257,0.111738257,0.111738257,0.111738257,0.075973409
1978-08-23,0.418803419,0.114531713,0.114531713,0.114531713,0.114531713,0.052231719
1978-08-24,0.418803419,0.1089448,0.1089448,0.1089448,0.1089448,0.078347578
1978-08-25,0.41025641,0.103357887,0.103357887,0.103357887,0.103357887,0.075973409
1978-08-26,0.41025641,0.103357887,0.103357887,0.103357887,0.103357887,0.075973409
1978-08-27,0.401709402,0.097770975,0.097770975,0.097770975,0.097770975,0.052231719
1978-08-28,0.384615385,0.083803692,0.083803692,0.083803692,0.083803692,0.078347578
1978-08-29,0.376068376,0.07821678,0.07821678,0.07821678,0.07821678,0.07359924
1978-08-30,0.376068376,0.07821678,0.07821678,0.07821678,0.07821678,0.07359924
1978-08-31,0.376068376,0.07821678,0.07821678,0.07821678,0.07821678,0.052231719
1978-09-01,0.367521368,0.07821678,0.07821678,0.07821678,0.07821678,0.078347578
1978-09-02,0.358974359,0.075423323,0.075423323,0.075423323,0.075423323,0.080721747
1978-09-03,0.35042735,0.072629867,0.072629867,0.072629867,0.072629867,0.075973409
1978-09-04,0.35042735,0.067042954,0.067042954,0.067042954,0.067042954,0.047483381
1978-09-05,0.64957265,0.17813601,0.17813601,0.17813601,0.17813601,0.085470085
1978-09-06,0.854700855,0.31907074,0.31907074,0.31907074,0.31907074,0.080721747
1978-09-07,0.598290598,0.24184623,0.24184623,0.24184623,0.24184623,0.080721747
1978-09-08,0.521367521,0.136951639,0.136951639,0.136951639,0.136951639,0.056980057
1978-09-09,0.598290598,0.272962714,0.272962714,0.272962714,0.272962714,0.216049383
1978-09-10,1.282051282,0.851009706,0.851009706,0.851009706,0.851009706,0.130579297
1978-09-11,0.709401709,0.541957181,0.541957181,0.541957181,0.541957181,0.090218424
1978-09-12,0.581196581,0.379231607,0.379231607,0.379231607,0.379231607,0.090218424
1978-09-13,0.538461538,0.367039147,0.367039147,0.367039147,0.367039147,0.111585945
1978-09-14,0.555555556,0.362963833,0.362963833,0.362963833,0.362963833,0.189933523
1978-09-15,0.512820513,0.344910632,0.344910632,0.344910632,0.344910632,0.161443495
1978-09-16,0.495726496,0.304774997,0.304774997,0.304774997,0.304774997,0.128205128
1978-09-17,0.487179487,0.181891262,0.181891262,0.181891262,0.181891262,0.111585945
1978-09-18,0.495726496,0.120118626,0.120118626,0.120118626,0.120118626,0.113960114
1978-09-19,0.487179487,0.117325169,0.117325169,0.117325169,0.117325169,0.111585945
1978-09-20,0.487179487,0.114531713,0.114531713,0.114531713,0.114531713,0.106837607
1978-09-21,0.47008547,0.1089448,0.1089448,0.1089448,0.1089448,0.109211776
1978-09-22,0.47008547,0.094977518,0.094977518,0.094977518,0.094977518,0.125830959
1978-09-23,0.47008547,0.092184062,0.092184062,0.092184062,0.092184062,0.066476733
1978-09-24,0.47008547,0.089390605,0.089390605,0.089390605,0.089390605,0.037986705
1978-09-25,0.461538462,0.089390605,0.089390605,0.089390605,0.089390605,0.07359924
1978-09-26,0.461538462,0.086597149,0.086597149,0.086597149,0.086597149,0.106837607
1978-09-27,0.452991453,0.086597149,0.086597149,0.086597149,0.086597149,0.083095916
1978-09-28,0.452991453,0.081010236,0.081010236,0.081010236,0.081010236,0.085470085
1978-09-29,0.444444444,0.075423323,0.075423323,0.075423323,0.075423323,0.092592593
1978-09-30,0.444444444,0.072629867,0.072629867,0.072629867,0.072629867,0.045109212
1978-10-01,0.427350427,0.06983641,0.06983641,0.06983641,0.06983641,0.028490028
1978-10-02,0.427350427,0.067042954,0.067042954,0.067042954,0.067042954,0.075973409
1978-10-03,0.427350427,0.067042954,0.067042954,0.067042954,0.067042954,0.128205128
1978-10-04,0.427350427,0.064249498,0.064249498,0.064249498,0.064249498,0.144824311
1978-10-05,0.427350427,0.055869128,0.055869128,0.055869128,0.055869128,0.142450142
1978-10-06,0.418803419,0.055869128,0.055869128,0.055869128,0.055869128,0.132953466
1978-10-07,0.418803419,0.055869128,0.055869128,0.055869128,0.055869128,0.066476733
1978-10-08,0.41025641,0.053075672,0.053075672,0.053075672,0.053075672,0.04985755
1978-10-09,0.41025641,0.053075672,0.053075672,0.053075672,0.053075672,0.045109212
1978-10-10,0.401709402,0.053075672,0.053075672,0.053075672,0.053075672,0.097340931
1978-10-11,0.401709402,0.050282215,0.050282215,0.050282215,0.050282215,0.125830959
1978-10-12,0.401709402,0.047488759,0.047488759,0.047488759,0.047488759,0.135327635
1978-10-13,0.393162393,0.044695303,0.044695303,0.044695303,0.044695303,0.135327635
1978-10-14,0.393162393,0.044695303,0.044695303,0.044695303,0.044695303,0.064102564
1978-10-15,0.384615385,0.044695303,0.044695303,0.044695303,0.044695303,0.030864198
1978-10-16,0.384615385,0.044695303,0.044695303,0.044695303,0.044695303,0.104463438
1978-10-17,0.376068376,0.045670578,0.044909228,0.044334498,0.043774654,0.12345679
1978-10-18,0.376068376,0.046645854,0.045123153,0.043973693,0.042854005,0.144824311
1978-10-19,0.367521368,0.04762113,0.045337078,0.043612889,0.041933356,0.130579297
1978-10-20,0.367521368,0.048596405,0.045551003,0.043252084,0.041012708,0.125830959
1978-10-21,0.358974359,0.049571681,0.045764928,0.042891279,0.040092059,0.059354226
1978-10-22,0.358974359,0.050546957,0.045978852,0.042530475,0.03917141,0.04985755
1978-10-23,0.35042735,0.051522233,0.046192777,0.04216967,0.038250762,0.097340931
1978-10-24,0.35042735,0.052497508,0.046406702,0.041808866,0.037330113,0.130579297
1978-10-25,0.341880342,0.053472784,0.046620627,0.041448061,0.036409464,0.106837607
1978-10-26,0.341880342,0.05444806,0.046834552,0.041087256,0.035488815,0.111585945
1978-10-27,0.341880342,0.055423335,0.047048477,0.040726452,0.034568167,0.132953466
1978-10-28,0.358974359,0.056398611,0.047262402,0.040365647,0.033647518,0.104463438
1978-10-29,0.384615385,0.057373887,0.047476327,0.040004842,0.032726869,0.071225071
1978-10-30,0.41025641,0.058349163,0.047690252,0.039644038,0.03180622,0.111585945
1978-10-31,0.427350427,0.129772209,0.104790388,0.085932072,0.067562188,0.125830959
1978-11-01,0.444444444,0.113061964,0.090221442,0.072979553,0.05618423,0.118708452
1978-11-02,0.495726496,0.126379666,0.099684806,0.079533349,0.059903815,0.12345679
1978-11-03,0.461538462,0.108937964,0.084955416,0.066851433,0.049216344,0.132953466
1978-11-04,0.427350427,0.098789908,0.076187308,0.059125023,0.042504651,0.087844255
1978-11-05,0.401709402,0.088276123,0.067338978,0.051533913,0.036138201,0.0997151
1978-11-06,0.384615385,0.085543621,0.064558892,0.048717907,0.033287204,0.154320988
1978-11-07,0.367521368,0.074420289,0.055576858,0.041352301,0.027496159,0.156695157
1978-11-08,0.358974359,0.067126644,0.049615577,0.036396796,0.023520382,0.151946819
1978-11-09,0.35042735,0.06810192,0.049829502,0.036035991,0.022599733,0.140075973
1978-11-10,0.367521368,0.07339452,0.053171141,0.037904886,0.023034027,0.106837607
1978-11-11,0.435897436,0.087565589,0.06282169,0.044142977,0.025948044,0.054605888
1978-11-12,0.435897436,0.093223917,0.066243551,0.04587657,0.026037095,0.261158594
1978-11-13,0.478632479,0.117004911,0.082363453,0.056213256,0.030740349,0.218423552
1978-11-14,0.435897436,0.109467447,0.07634869,0.051347952,0.026994734,0.116334283
1978-11-15,0.572649573,0.147907148,0.102226104,0.067742327,0.034151681,0.199430199
1978-11-16,0.452991453,0.134040852,0.092642406,0.061391484,0.030949961,0.156695157
1978-11-17,0.461538462,0.124796656,0.086253275,0.057157588,0.028815481,0.12345679
1978-11-18,0.444444444,0.180261836,0.124588064,0.082560961,0.041622361,0.059354226
1978-11-19,0.452991453,0.180261836,0.124588064,0.082560961,0.041622361,0.759734093
1978-11-20,0.692307692,0.240349115,0.166117418,0.110081281,0.055496482,2.231718898
1978-11-21,0.94017094,0.300759337,0.207869976,0.137749511,0.06944517,5.318138651
1978-11-22,0.666666667,0.265647495,0.183602407,0.121668085,0.061337864,5.294396961
1978-11-23,0.572649573,0.240118922,0.165958321,0.109975851,0.05544333,1.923076923
1978-11-24,0.538461538,0.236951312,0.163769025,0.108525068,0.054711931,0.664767331
1978-11-25,0.52991453,0.230577226,0.159363572,0.105605699,0.053240158,0.308641975
1978-11-26,0.504273504,0.227397563,0.157165946,0.104149395,0.052505975,0.194681861
1978-11-27,0.478632479,0.227588136,0.157297661,0.104236679,0.052549979,0.204178538
1978-11-28,0.47008547,0.230636267,0.159404379,0.105632741,0.05325379,0.189933523
1978-11-29,0.487179487,0.26259526,0.181492853,0.120270143,0.060633105,0.166191833
1978-11-30,0.52991453,0.323318821,0.223461975,0.148081885,0.074654142,0.156695157
1978-12-01,1.025641026,0.582397,0.402523995,0.266741185,0.134475155,0.522317189
1978-12-02,0.717948718,0.422691357,0.292143356,0.193595079,0.097599208,0.237416904
1978-12-03,0.58974359,0.31728315,0.219290417,0.145317513,0.073260509,0.163817664
1978-12-04,0.547008547,0.275763407,0.190594025,0.126301231,0.063673623,0.156695157
1978-12-05,0.52991453,0.269390077,0.186189095,0.123382209,0.062202024,0.125830959
1978-12-06,0.512820513,0.256781195,0.177474459,0.117607268,0.05929064,0.102089269
1978-12-07,0.461538462,0.243850208,0.168537201,0.111684802,0.056304882,0.092592593
1978-12-08,0.444444444,0.234282455,0.161924443,0.107302716,0.054095693,0.087844255
1978-12-09,0.461538462,0.227901367,0.157514151,0.104380141,0.052622304,0.144824311
1978-12-10,0.461538462,0.237492395,0.164142995,0.108772887,0.054836867,0.128205128
1978-12-11,0.461538462,0.237507912,0.164153719,0.108779994,0.05484045,0.102089269
1978-12-12,0.461538462,0.240710094,0.166366909,0.110246611,0.055579832,0.106837607
1978-12-13,0.461538462,0.234336764,0.161961979,0.107327589,0.054108233,0.0997151
1978-12-14,0.444444444,0.231311151,0.159870825,0.105941841,0.053409621,0.092592593
1978-12-15,0.444444444,0.224761253,0.155343859,0.10294195,0.051897253,0.087844255
1978-12-16,0.58974359,0.21838422,0.15093637,0.100021232,0.050424799,0.071225071
1978-12-17,0.504273504,0.224773067,0.155352024,0.102947361,0.051899981,1.020892688
1978-12-18,0.572649573,0.231173727,0.159775844,0.1058789,0.05337789,0.403608737
1978-12-19,0.58974359,0.231185541,0.159784009,0.105884311,0.053380617,0.163817664
1978-12-20,0.572649573,0.231185541,0.159784009,0.105884311,0.053380617,0.106837607
1978-12-21,0.572649573,0.234391778,0.162000001,0.107352786,0.054120936,0.075973409
1978-12-22,0.547008547,0.250524946,0.173150449,0.11474187,0.057846076,0.059354226
1978-12-23,0.504273504,0.256764554,0.177462958,0.117599647,0.059286798,0.052231719
1978-12-24,0.487179487,0.2631534,0.181878612,0.120525775,0.060761979,0.087844255
1978-12-25,0.461538462,0.275942907,0.190718086,0.126383443,0.063715069,0.059354226
1978-12-26,0.461538462,0.28553799,0.197349733,0.130778046,0.065930569,0.052231719
1978-12-27,0.461538462,0.291926837,0.201765388,0.133704175,0.06740575,0.047483381
1978-12-28,0.461538462,0.285549804,0.197357899,0.130783457,0.065933297,0.040360874
1978-12-29,0.461538462,0.279160958,0.192942244,0.127857329,0.064458115,0.045109212
1978-12-30,0.444444444,0.266395079,0.1841191,0.122010483,0.061510481,0.047483381
1978-12-31,0.444444444,0.256972861,0.177606929,0.117695053,0.059334896,0.040360874
1979-01-01,0.444444444,0.250409139,0.173070409,0.11468883,0.057819336,0.059354226
1979-01-02,0.444444444,0.244020293,0.168654755,0.111762702,0.056344155,0.111585945
1979-01-03,0.452991453,0.253619302,0.175289115,0.116159103,0.058560561,0.132953466
1979-01-04,0.461538462,0.256813725,0.177496942,0.117622167,0.059298151,0.192307692
1979-01-05,0.461538462,0.260008148,0.17970477,0.119085232,0.060035742,0.237416904
1979-01-06,0.444444444,0.260023888,0.179715648,0.11909244,0.060039376,0.130579297
1979-01-07,0.487179487,0.269607157,0.18633913,0.123481633,0.062252148,0.59354226
1979-01-08,0.94017094,0.336866836,0.232825693,0.154286954,0.077782372,2.89648623
1979-01-09,0.94017094,0.384622132,0.26583179,0.176159155,0.088809044,1.614434948
1979-01-10,0.829059829,0.454899442,0.314403991,0.208346568,0.105036037,1.068376068
1979-01-11,9.316239316,17.22563693,11.90550811,7.889441069,3.977390335,8.214624881
1979-01-12,4.273504274,7.993753912,5.524887259,3.661185398,1.845753494,3.347578348
1979-01-13,2.222222222,3.585449908,2.478085607,1.642156738,0.827878462,0.830959164
1979-01-14,1.709401709,2.371584835,1.639122118,1.086199533,0.547597667,5.175688509
1979-01-15,1.367521368,1.700755965,1.175478388,0.778956042,0.392703641,14.95726496
1979-01-16,1.111111111,1.605100061,1.109365759,0.735145086,0.370616744,3.869895537
1979-01-17,1.025641026,1.384856748,0.954424565,0.63246997,0.318854013,1.614434948
1979-01-18,0.94017094,1.259954601,0.865881667,0.573795114,0.289273615,1.305792972
1979-01-19,0.94017094,1.166604682,0.799460515,0.529779709,0.267083647,0.712250712
1979-01-20,0.777777778,1.072749506,0.733067616,0.485783026,0.244903117,0.379867047
1979-01-21,0.769230769,1.01077293,0.688770373,0.456428505,0.230104301,0.308641975
1979-01-22,0.752136752,0.980887831,0.666527495,0.441688783,0.222673404,0.332383666
1979-01-23,0.769230769,0.983354828,0.666330286,0.441558099,0.22260752,0.261158594
1979-01-24,0.752136752,0.95322501,0.644106971,0.426831341,0.215183159,0.284900285
1979-01-25,0.743589744,0.95579022,0.644037428,0.426785256,0.215159926,0.237416904
1979-01-26,0.666666667,0.925250968,0.621722657,0.411997893,0.20770501,0.213675214
1979-01-27,0.64957265,0.894713324,0.599531943,0.39729274,0.20029154,0.168566002
1979-01-28,0.641025641,0.89693564,0.599354294,0.397175016,0.200232191,0.140075973
1979-01-29,0.632478632,0.899173138,0.599186761,0.397063998,0.200176222,0.156695157
1979-01-30,0.623931624,0.868309241,0.577022128,0.382376126,0.192771465,0.830959164
1979-01-31,0.615384615,0.870450021,0.576850996,0.382262722,0.192714293,0.546058879
1979-02-01,0.598290598,0.872323371,0.576503124,0.382032198,0.192598076,0.451092118
1979-02-02,0.58974359,0.841314889,0.554484816,0.367441292,0.185242203,0.284900285
1979-02-03,0.581196581,0.80979289,0.532248605,0.352705988,0.177813533,0.17331434
1979-02-04,0.572649573,0.778275789,0.510136188,0.338052719,0.17042622,0.12345679
1979-02-05,0.572649573,0.780171231,0.509984668,0.337952312,0.1703756,0.132953466
1979-02-06,0.572649573,0.782081131,0.509842575,0.33785815,0.17032813,0.170940171
1979-02-07,0.572649573,0.81771544,0.531625867,0.352293318,0.177605489,0.168566002
1979-02-08,0.547008547,0.853512896,0.553396118,0.366719843,0.184878491,0.17331434
1979-02-09,0.572649573,0.855586082,0.553240972,0.366617032,0.18482666,0.178062678
1979-02-10,0.572649573,0.89162829,0.574991657,0.381030591,0.192093125,0.156695157
1979-02-11,0.572649573,0.928005389,0.596839757,0.395508705,0.199392135,0.0997151
1979-02-12,0.572649573,0.930055447,0.596551693,0.395317813,0.199295899,0.094966762
1979-02-13,2.393162393,1.616857354,1.034297281,0.685399344,0.345537878,0.379867047
1979-02-14,8.205128205,3.164653575,2.019001844,1.337935006,0.674507828,2.682811016
1979-02-15,3.162393162,2.807375285,1.801619023,1.193433663,0.597142278,0.973409307
1979-02-16,2.393162393,2.385615528,1.54001752,1.019760584,0.506388148,2.231718898
1979-02-17,1.794871795,2.001801073,1.299929312,0.860458132,0.424032095,1.329534663
1979-02-18,1.623931624,1.756245952,1.147278274,0.759130487,0.371233085,1.282051282
1979-02-19,1.538461538,1.713959708,1.126366631,0.745015499,0.361521437,1.329534663
1979-02-20,1.452991453,1.538579898,1.017199633,0.672558096,0.323827685,4.558404558
1979-02-21,1.538461538,1.497518648,0.996039847,0.658322366,0.314495749,10.54131054
1979-02-22,1.367521368,1.456787956,0.974833915,0.644066965,0.305263877,6.339031339
1979-02-23,1.623931624,1.383644104,0.93153699,0.615232408,0.289286179,4.914529915
1979-02-24,1.367521368,1.376372696,0.932319803,0.615521068,0.287111768,1.661918329
1979-02-25,1.196581197,1.304263338,0.888912799,0.586646244,0.271443272,0.925925926
1979-02-26,1.196581197,1.265084416,0.867541744,0.572330441,0.262675212,1.377018044
1979-02-27,1.111111111,1.258491719,0.868381101,0.572672547,0.260688828,0.759734093
1979-02-28,1.196581197,1.219668335,0.846843449,0.55826304,0.25204187,1.305792972
1979-03-01,1.452991453,1.217985537,0.850975959,0.560780605,0.251083458,5.911680912
1979-03-02,1.196581197,1.179814417,0.829497665,0.546425574,0.242616623,2.184235518
1979-03-03,1.196581197,1.142013849,0.808000859,0.532069093,0.234258133,1.400759734
1979-03-04,1.282051282,1.479006439,1.053082308,0.69320086,0.302618235,0.878442545
1979-03-05,1.282051282,4.108703401,2.9441627,1.937311039,0.838525952,0.546058879
1979-03-06,1.367521368,6.493083965,4.682587569,3.080097254,1.321703602,0.427350427
1979-03-07,1.623931624,8.175384856,5.93381813,3.901700522,1.659766233,0.332383666
1979-03-08,2.051282051,8.373737071,6.117160794,4.020786187,1.69549962,0.308641975
1979-03-09,2.393162393,8.417327367,6.189034684,4.066545022,1.699714205,0.308641975
1979-03-10,2.735042735,8.369497096,6.194124258,4.068406782,1.685418113,0.213675214
1979-03-11,3.247863248,9.221642783,6.869649637,4.510462065,1.851851396,0.175688509
1979-03-12,3.58974359,9.526561013,7.143684135,4.68868312,1.907682513,0.192307692
1979-03-13,3.675213675,9.471513147,7.149562643,4.690838795,1.891226729,0.208926876
1979-03-14,3.760683761,8.443537449,6.416127028,4.208105128,1.681065875,0.189933523
1979-03-15,5.042735043,7.954512772,6.085062982,3.989527843,1.579033426,1.305792972
1979-03-16,5.128205128,6.27621177,4.833556479,3.16786172,1.242149086,0.997150997
1979-03-17,4.615384615,4.854836869,3.779229876,2.481776616,1.00910226,0.854700855
1979-03-18,4.017094017,4.232610548,3.330779232,2.191610059,0.92275397,0.356125356
1979-03-19,3.58974359,3.735566171,2.972030934,1.959417244,0.853156811,0.332383666
1979-03-20,3.247863248,3.499501984,2.815231272,1.859695992,0.836357172,0.261158594
1979-03-21,3.076923077,3.460939365,2.815564626,1.863570278,0.864664433,0.211301045
1979-03-22,2.991452991,3.367792847,2.770986883,1.837660464,0.87872958,0.237416904
1979-03-23,2.820512821,3.221929648,2.681500485,1.781793398,0.877204203,0.199430199
1979-03-24,2.820512821,3.772255011,3.176084136,2.114551528,1.070795827,0.130579297
1979-03-25,2.991452991,4.941629094,4.209668875,2.808142684,1.46139749,0.111585945
1979-03-26,3.162393162,5.301005933,4.569639934,3.054192005,1.632089957,0.403608737
1979-03-27,5.213675214,5.058191688,4.412912735,2.95515988,1.620262149,1.400759734
1979-03-28,5.897435897,3.929027443,3.469631893,2.327976043,1.308627062,1.400759734
1979-03-29,5.384615385,3.177660856,2.840779924,1.909722835,1.099852512,0.59354226
1979-03-30,4.871794872,2.840823654,2.571408138,1.731966949,1.021268283,0.284900285
1979-03-31,4.615384615,2.732069735,2.504273839,1.68999117,1.019635218,0.147198481
1979-04-01,4.273504274,2.824099538,2.621812443,1.772705027,1.093690803,0.075973409
1979-04-02,4.017094017,2.95574812,2.77965348,1.883024471,1.187303772,0.118708452
1979-04-03,3.760683761,3.15362948,3.004743229,2.039394947,1.313459903,0.208926876
1979-04-04,3.504273504,4.300567822,4.152118036,2.823517996,1.856471665,0.163817664
1979-04-05,3.760683761,6.887285427,6.739300994,4.591566209,3.080518029,0.137701804
1979-04-06,4.102564103,8.745553062,8.674703942,5.921394951,4.051766673,0.261158594
1979-04-07,4.017094017,5.606820752,5.638512105,3.856164054,2.689890795,0.066476733
1979-04-08,3.931623932,6.610890983,6.741714633,4.619353761,3.283437174,0.04985755
1979-04-09,3.846153846,6.997419641,7.237610061,4.96848717,3.597140695,0.078347578
1979-04-10,3.675213675,4.839534456,5.078021173,3.492528048,2.574445493,0.083095916
1979-04-11,3.504273504,4.537485359,4.830911621,3.328811222,2.497325904,0.14957265
1979-04-12,3.247863248,5.117361531,5.52935892,3.817225515,2.913495601,0.137701804
1979-04-13,3.076923077,8.613461992,9.447477661,6.534316431,5.072144275,0.075973409
1979-04-14,3.58974359,10.68828869,11.90291246,8.247970057,6.508990089,0.04985755
1979-04-15,3.846153846,11.50140909,13.00779,9.030362918,7.242734168,0.04985755
1979-04-16,4.102564103,11.12067013,12.54722957,8.856196983,7.215627468,0.104463438
1979-04-17,4.273504274,7.817890383,8.799550262,6.314338574,5.223262483,0.135327635
1979-04-18,4.188034188,5.170039177,5.805079633,4.234624625,3.554570274,0.12345679
1979-04-19,3.846153846,4.150055885,4.648373435,3.446827976,2.934495345,0.111585945
1979-04-20,3.418803419,4.173170289,4.662673361,3.514301945,3.033118736,0.12345679
1979-04-21,3.076923077,4.954910359,5.522242052,4.230383168,3.69974758,0.068850902
1979-04-22,3.162393162,5.84677084,6.49972851,5.060523401,4.4827579,0.030864198
1979-04-23,3.504273504,4.626912777,5.130486419,4.059490487,3.640855433,0.102089269
1979-04-24,3.760683761,3.954946754,4.374056123,3.517126083,3.192530645,0.102089269
1979-04-25,3.58974359,4.265139976,4.704805653,3.844277383,3.530353978,0.151946819
1979-04-26,4.017094017,11.0988623,12.21067214,10.13822376,9.416086746,0.949667616
1979-04-27,4.615384615,18.8859283,20.72239629,17.48204985,16.41578342,0.235042735
1979-04-28,4.273504274,14.55137199,15.92332417,13.64890958,12.95358829,0.163817664
1979-04-29,4.017094017,12.66439085,13.8206884,12.03617358,11.54175339,0.080721747
1979-04-30,3.760683761,13.79695328,15.01520801,13.28520634,12.8681758,0.106837607
1979-05-01,3.58974359,13.33722226,14.47449221,13.01077082,12.72613688,0.106837607
1979-05-02,3.333333333,14.71799517,15.92807075,14.54491092,14.36263657,0.106837607
1979-05-03,3.162393162,19.72380549,21.28474061,19.74471219,19.6785427,0.102089269
1979-05-04,3.418803419,21.12201914,22.72806934,21.41740197,21.53882242,0.097340931
1979-05-05,4.273504274,20.85193114,22.37221362,21.41524816,21.72649315,0.040360874
1979-05-06,5.128205128,13.34348693,14.27425437,13.87926536,14.20190884,0.047483381
1979-05-07,6.153846154,7.922246059,8.449664437,8.345286342,8.610758415,0.168566002
1979-05-08,5.982905983,5.817315132,6.185946072,6.205650797,6.455312148,0.0997151
1979-05-09,5.811965812,5.086958792,5.39286157,5.495047275,5.761616801,0.075973409
1979-05-10,5.641025641,5.625602103,5.94555535,6.153297528,6.501901842,0.0997151
1979-05-11,5.47008547,8.096435492,8.530298276,8.966774249,9.546582179,0.106837607
1979-05-12,5.299145299,12.03092434,12.63573764,13.49034878,14.46893656,0.066476733
1979-05-13,5.128205128,16.32355281,17.08958684,18.53102975,20.01889522,0.052231719
1979-05-14,4.957264957,19.37405183,20.21791365,22.2661643,24.22373478,0.085470085
1979-05-15,4.786324786,21.23404369,22.08671011,24.70459117,27.06194811,0.097340931
1979-05-16,4.615384615,21.31822927,22.10115821,25.10709933,27.68831838,0.097340931
1979-05-17,4.358974359,21.76312409,22.70055497,26.11687529,28.96675564,0.097340931
1979-05-18,4.188034188,23.45937519,24.62237697,28.68870881,31.99780505,0.116334283
1979-05-19,4.017094017,23.51703178,24.83948682,29.30983925,32.87051684,0.042735043
1979-05-20,3.760683761,22.39391029,23.80599119,28.44728552,32.07543598,0.030864198
1979-05-21,3.504273504,23.11212135,24.73109958,29.92789256,33.92364836,0.068850902
1979-05-22,3.247863248,21.51657122,23.17802893,28.40417646,32.3638812,0.080721747
1979-05-23,2.991452991,18.01886756,19.5427113,24.25262745,27.77459153,0.102089269
1979-05-24,2.735042735,16.51475631,18.03595102,22.66611193,26.08771712,0.087844255
1979-05-25,2.564102564,17.5789662,19.33423943,24.60510593,28.45871213,0.135327635
1979-05-26,2.393162393,18.90094465,20.93838674,26.98349038,31.36035402,0.135327635
1979-05-27,2.222222222,16.81223361,18.76168916,24.48390232,28.59033245,0.042735043
1979-05-28,2.136752137,12.84057608,14.43712091,19.07833856,22.38199345,0.028490028
1979-05-29,1.965811966,9.96916552,11.2945563,15.11396046,17.8123415,0.061728395
1979-05-30,1.88034188,8.363015632,9.54892161,12.93930378,15.31806681,0.102089269
1979-05-31,1.709401709,7.882945111,9.072560798,12.4489492,14.80276216,0.125830959
1979-06-01,1.623931624,7.872131705,9.133870617,12.69121118,15.1564578,0.102089269
1979-06-02,1.538461538,7.913383018,9.258045433,13.026044,15.62284617,0.047483381
1979-06-03,1.452991453,8.310645375,9.805335079,13.97013902,16.82559825,0.030864198
1979-06-04,1.452991453,8.091580221,9.629641494,13.89293258,16.80180204,0.080721747
1979-06-05,1.367521368,7.606297019,9.132303803,13.34168169,16.20075991,0.132953466
1979-06-06,1.367521368,6.933399316,8.399774178,12.42640695,15.14972371,0.180436847
1979-06-07,1.282051282,5.234351108,6.400082409,9.58766866,11.73487968,0.090218424
1979-06-08,1.196581197,3.50008288,4.320086685,6.553474036,8.052236531,0.087844255
1979-06-09,1.196581197,3.128145388,3.898395038,5.988516516,7.386130848,0.064102564
1979-06-10,1.196581197,3.052286894,3.841544335,5.975807312,7.398118083,0.033238367
1979-06-11,1.111111111,3.051184004,3.879099246,6.110580017,7.592919132,0.064102564
1979-06-12,1.111111111,2.903041504,3.729082139,5.948647262,7.418593139,0.104463438
1979-06-13,1.025641026,2.534470919,3.290261822,5.31515338,6.65230331,0.106837607
1979-06-14,1.025641026,2.003001806,2.628641666,4.300219237,5.401025262,0.113960114
1979-06-15,1.025641026,1.585072897,2.10340603,3.48466814,4.391909788,0.121082621
1979-06-16,1.025641026,1.365326301,1.805067614,3.062121003,3.874413505,0.061728395
1979-06-17,1.025641026,1.362963738,1.79508326,3.118524776,3.960824792,0.026115859
1979-06-18,1.025641026,1.282504984,1.682523981,2.993711884,3.81646914,0.075973409
1979-06-19,1.025641026,1.072267777,1.401084758,2.553577384,3.267231286,0.140075973
1979-06-20,0.94017094,1.017073429,1.323511729,2.471174704,3.173060871,0.192307692
1979-06-21,0.94017094,0.963898451,1.249035344,2.389461912,3.078827245,0.227920228
1979-06-22,0.94017094,0.838007412,1.081212469,2.119573505,2.740382665,0.237416904
1979-06-23,0.854700855,0.754987783,0.969778793,1.94844542,2.52753293,0.121082621
1979-06-24,0.829059829,0.694860282,0.888479881,1.829832081,2.381414566,0.130579297
1979-06-25,0.803418803,0.615941194,0.783884937,1.655152456,2.160962729,0.178062678
1979-06-26,0.794871795,0.535659478,0.678434832,1.468905961,1.923800433,0.208926876
1979-06-27,0.760683761,0.469973859,0.592297925,1.315251148,1.727840319,0.237416904
1979-06-28,0.735042735,0.404703777,0.507445325,1.155918724,1.523084844,0.261158594
1979-06-29,0.726495726,0.341249856,0.425643074,0.994820661,1.314671632,0.225546059
1979-06-30,0.717948718,0.288925408,0.358436846,0.859744781,1.139442313,0.097340931
1979-07-01,0.692307692,0.259446976,0.320080343,0.788088817,1.047426645,0.028490028
1979-07-02,0.692307692,0.227548845,0.279122547,0.705630338,0.940432087,0.040360874
1979-07-03,0.692307692,0.206602832,0.251935521,0.654109367,0.87413616,0.040360874
1979-07-04,0.692307692,0.185612025,0.224963142,0.600024924,0.803996178,0.042735043
1979-07-05,0.692307692,0.165120311,0.198871816,0.545070362,0.732270156,0.026115859
1979-07-06,0.666666667,0.154576394,0.184967137,0.521106159,0.701871752,0.085470085
1979-07-07,0.641025641,0.143285907,0.17031004,0.49335766,0.666170718,0.068850902
1979-07-08,0.641025641,0.133119107,0.157131942,0.468188719,0.633748004,0.045109212
1979-07-09,0.615384615,0.113663895,0.133208136,0.408389414,0.554143922,0.087844255
1979-07-10,0.615384615,0.11255906,0.130937535,0.413195479,0.562000982,0.170940171
1979-07-11,0.615384615,0.10222129,0.118001091,0.383436977,0.522745631,0.178062678
1979-07-12,0.58974359,0.092960377,0.106459068,0.356356836,0.486943313,0.199430199
1979-07-13,0.58974359,0.083509362,0.094848928,0.327202632,0.448114973,0.237416904
1979-07-14,0.572649573,0.077097111,0.086818619,0.30879966,0.423849586,0.182811016
1979-07-15,0.547008547,0.070813024,0.079035563,0.289984362,0.398891866,0.087844255
1979-07-16,0.52991453,0.065482789,0.072413543,0.274207955,0.377998522,0.154320988
1979-07-17,0.52991453,0.063296094,0.069484569,0.249666919,0.342341578,0.261158594
1979-07-18,0.504273504,0.058912186,0.064237937,0.219301408,0.299056469,0.261158594
1979-07-19,0.504273504,0.055686181,0.060344159,0.195964886,0.265719802,0.206552707
1979-07-20,0.504273504,0.055172327,0.059444473,0.1838314,0.247808344,0.140075973
1979-07-21,0.743589744,0.069136408,0.074093259,0.218415911,0.292646559,0.403608737
1979-07-22,0.666666667,0.068064959,0.072583488,0.204144037,0.271810648,0.144824311
1979-07-23,0.58974359,0.0678315,0.072000003,0.193369279,0.25579413,0.128205128
1979-07-24,0.547008547,0.067477521,0.071314442,0.183029441,0.240488728,0.113960114
1979-07-25,0.52991453,0.067330456,0.070870473,0.173940887,0.226953935,0.132953466
1979-07-26,0.504273504,0.066107348,0.069318038,0.16279982,0.210881069,0.132953466
1979-07-27,0.487179487,0.06313087,0.06595973,0.148324243,0.190687455,0.094966762
1979-07-28,0.487179487,0.05922319,0.061667858,0.132846315,0.169456112,0.045109212
1979-07-29,0.487179487,0.055042978,0.057132191,0.117961301,0.149248034,0.052231719
1979-07-30,0.444444444,0.058284917,0.060314577,0.119409738,0.149804634,0.109211776
1979-07-31,0.444444444,0.056082578,0.057869603,0.109900257,0.136661609,0.135327635
1979-08-01,0.427350427,0.055652951,0.057270517,0.10436723,0.128590867,0.154320988
1979-08-02,0.427350427,0.05103322,0.052381192,0.091628452,0.111814816,0.14957265
1979-08-03,0.41025641,0.043996096,0.045047514,0.075660377,0.091405741,0.132953466
1979-08-04,0.41025641,0.049421839,0.050484811,0.081434079,0.097352469,0.064102564
1979-08-05,0.41025641,0.048454978,0.049387004,0.076523682,0.09048111,0.042735043
1979-08-06,0.41025641,0.045124448,0.045894718,0.068321724,0.079856789,0.113960114
1979-08-07,0.41025641,0.050818808,0.051581375,0.073784111,0.085203825,0.111585945
1979-08-08,0.393162393,0.044909715,0.04549512,0.062539644,0.071306294,0.102089269
1979-08-09,0.393162393,0.036260889,0.036665281,0.048439459,0.054495368,0.097340931
1979-08-10,0.376068376,0.034595624,0.034919137,0.04433848,0.049183207,0.12345679
1979-08-11,0.376068376,0.040397431,0.040705538,0.049676341,0.054290367,0.071225071
1979-08-12,0.376068376,0.046414131,0.046691428,0.05476515,0.058917773,0.042735043
1979-08-13,0.376068376,0.039484293,0.039657604,0.04470368,0.04729907,0.087844255
1979-08-14,0.393162393,0.037604135,0.037711972,0.040851753,0.042466662,0.142450142
1979-08-15,0.393162393,0.038356262,0.038410181,0.039980072,0.040787526,0.137701804
1979-08-16,0.358974359,0.036314933,0.036314933,0.036314933,0.036314933,0.14957265
1979-08-17,0.358974359,0.030728021,0.030728021,0.030728021,0.030728021,0.213675214
1979-08-18,0.341880342,0.03910839,0.03910839,0.03910839,0.03910839,0.113960114
1979-08-19,0.341880342,0.03910839,0.03910839,0.03910839,0.03910839,0.075973409
1979-08-20,0.358974359,0.036314933,0.036314933,0.036314933,0.036314933,0.061728395
1979-08-21,0.358974359,0.044695303,0.044695303,0.044695303,0.044695303,0.097340931
1979-08-22,0.358974359,0.03910839,0.03910839,0.03910839,0.03910839,0.07359924
1979-08-23,0.358974359,0.030728021,0.030728021,0.030728021,0.030728021,0.087844255
1979-08-24,0.341880342,0.027934564,0.027934564,0.027934564,0.027934564,0.087844255
1979-08-25,0.324786325,0.030728021,0.030728021,0.030728021,0.030728021,0.080721747
1979-08-26,0.324786325,0.030728021,0.030728021,0.030728021,0.030728021,0.059354226
1979-08-27,0.324786325,0.019554195,0.019554195,0.019554195,0.019554195,0.092592593
1979-08-28,0.324786325,0.025141108,0.025141108,0.025141108,0.025141108,0.106837607
1979-08-29,0.393162393,0.125615095,0.125615095,0.125615095,0.125615095,0.07359924
1979-08-30,0.358974359,0.108183702,0.108183702,0.108183702,0.108183702,0.068850902
1979-08-31,0.358974359,0.063936368,0.063936368,0.063936368,0.063936368,0.071225071
1979-09-01,0.341880342,0.040260743,0.040260743,0.040260743,0.040260743,0.045109212
1979-09-02,0.341880342,0.033521477,0.033521477,0.033521477,0.033521477,0.042735043
1979-09-03,0.341880342,0.030728021,0.030728021,0.030728021,0.030728021,0.054605888
1979-09-04,0.324786325,0.027934564,0.027934564,0.027934564,0.027934564,0.0997151
1979-09-05,0.324786325,0.025141108,0.025141108,0.025141108,0.025141108,0.121082621
1979-09-06,0.324786325,0.022347651,0.022347651,0.022347651,0.022347651,0.121082621
1979-09-07,0.307692308,0.019554195,0.019554195,0.019554195,0.019554195,0.116334283
1979-09-08,0.307692308,0.019554195,0.019554195,0.019554195,0.019554195,0.064102564
1979-09-09,0.307692308,0.016760738,0.016760738,0.016760738,0.016760738,0.045109212
1979-09-10,0.307692308,0.016760738,0.016760738,0.016760738,0.016760738,0.087844255
1979-09-11,0.290598291,0.008380369,0.008380369,0.008380369,0.008380369,0.116334283
1979-09-12,0.290598291,0.016760738,0.016760738,0.016760738,0.016760738,0.111585945
1979-09-13,0.290598291,0.013967282,0.013967282,0.013967282,0.013967282,0.106837607
1979-09-14,0.273504274,0.011173826,0.011173826,0.011173826,0.011173826,0.104463438
1979-09-15,0.273504274,0.019554195,0.019554195,0.019554195,0.019554195,0.068850902
1979-09-16,0.273504274,0.019554195,0.019554195,0.019554195,0.019554195,0.037986705
1979-09-17,0.273504274,0.016760738,0.016760738,0.016760738,0.016760738,0.090218424
1979-09-18,0.273504274,0.011173826,0.011173826,0.011173826,0.011173826,0.116334283
1979-09-19,0.273504274,0.013967282,0.013967282,0.013967282,0.013967282,0.116334283
1979-09-20,0.273504274,0.013967282,0.013967282,0.013967282,0.013967282,0.12345679
1979-09-21,0.273504274,0.011173826,0.011173826,0.011173826,0.011173826,0.106837607
1979-09-22,0.273504274,0.016760738,0.016760738,0.016760738,0.016760738,0.066476733
1979-09-23,0.273504274,0.019554195,0.019554195,0.019554195,0.019554195,0.047483381
1979-09-24,0.273504274,0.011173826,0.011173826,0.011173826,0.011173826,0.092592593
1979-09-25,0.290598291,0.016760738,0.016760738,0.016760738,0.016760738,0.113960114
1979-09-26,0.307692308,0.016760738,0.016760738,0.016760738,0.016760738,0.094966762
1979-09-27,0.290598291,0.013967282,0.013967282,0.013967282,0.013967282,0.109211776
1979-09-28,0.290598291,0.013967282,0.013967282,0.013967282,0.013967282,0.102089269
1979-09-29,0.273504274,0.025141108,0.025141108,0.025141108,0.025141108,0.052231719
1979-09-30,0.273504274,0.022347651,0.022347651,0.022347651,0.022347651,0.045109212
1979-10-01,0.290598291,0.023167353,0.023167353,0.023167353,0.023167353,0.092592593
1979-10-02,0.282051282,0.023167353,0.023167353,0.023167353,0.023167353,0.111585945
1979-10-03,0.282051282,0.023167353,0.023167353,0.023167353,0.023167353,0.104463438
1979-10-04,0.282051282,0.023167353,0.023167353,0.023167353,0.023167353,0.121082621
1979-10-05,0.282051282,0.023167353,0.023167353,0.023167353,0.023167353,0.132953466
1979-10-06,0.282051282,0.023167353,0.023167353,0.023167353,0.023167353,0.054605888
1979-10-07,0.273504274,0.023167353,0.023167353,0.023167353,0.023167353,0.042735043
1979-10-08,0.290598291,0.023167353,0.023167353,0.023167353,0.023167353,0.116334283
1979-10-09,0.307692308,0.023167353,0.023167353,0.023167353,0.023167353,0.128205128
1979-10-10,0.299145299,0.023167353,0.023167353,0.023167353,0.023167353,0.121082621
1979-10-11,0.299145299,0.023167353,0.023167353,0.023167353,0.023167353,0.137701804
1979-10-12,0.307692308,0.023167353,0.023167353,0.023167353,0.023167353,0.161443495
1979-10-13,0.324786325,0.023167353,0.023167353,0.023167353,0.023167353,0.109211776
1979-10-14,0.333333333,0.212367401,0.212367401,0.212367401,0.212367401,0.085470085
1979-10-15,0.333333333,0.250979656,0.250979656,0.250979656,0.250979656,0.151946819
1979-10-16,0.341880342,0.248828565,0.248828565,0.248828565,0.248828565,0.144824311
1979-10-17,0.341880342,0.244678264,0.242002776,0.239030962,0.236087813,0.130579297
1979-10-18,0.35042735,0.342055456,0.334692784,0.326514648,0.318415398,0.125830959
1979-10-19,1.88034188,2.513721487,2.433819665,2.345068204,2.257172836,0.308641975
1979-10-20,1.709401709,2.24415972,2.150501505,2.046470042,1.943442063,0.332383666
1979-10-21,0.94017094,0.836652826,0.793663302,0.745912412,0.698622126,0.102089269
1979-10-22,0.726495726,0.701704375,0.659079182,0.611732975,0.564843468,0.144824311
1979-10-23,0.606837607,0.604226797,0.562031118,0.515161997,0.468744973,0.14957265
1979-10-24,0.538461538,0.61285664,0.56464848,0.511100956,0.458069951,0.144824311
1979-10-25,1.025641026,2.565515126,2.341704594,2.09310561,1.846904604,2.445394112
1979-10-26,0.94017094,1.771051168,1.601783587,1.413768534,1.227567069,0.854700855
1979-10-27,0.641025641,0.840658398,0.753497994,0.656684015,0.560803901,0.194681861
1979-10-28,0.564102564,0.643072211,0.57132665,0.491634808,0.412711671,0.097340931
1979-10-29,0.52991453,0.511167203,0.450215208,0.382512388,0.315462628,0.128205128
1979-10-30,0.504273504,0.400435472,0.349695752,0.293336283,0.237520455,0.144824311
1979-10-31,0.504273504,0.332170437,0.287664095,0.23822839,0.18926954,0.194681861
1979-11-01,0.487179487,0.2785701,0.239271179,0.19561965,0.152389182,0.140075973
1979-11-02,0.487179487,0.159757285,0.136116352,0.109857033,0.083851012,0.116334283
1979-11-03,1.111111111,0.38620255,0.326451973,0.260083636,0.194355486,1.828110161
1979-11-04,1.282051282,0.567753465,0.476187075,0.37447912,0.273752236,0.474833808
1979-11-05,0.94017094,0.523373409,0.43561279,0.338132118,0.241591742,0.261158594
1979-11-06,0.743589744,0.942224555,0.778342071,0.59630855,0.416030919,0.147198481
1979-11-07,0.64957265,0.927404922,0.760443714,0.574990481,0.391326125,0.14957265
1979-11-08,0.598290598,0.858898743,0.699156294,0.521721344,0.345997926,0.128205128
1979-11-09,0.564102564,0.788507107,0.637271061,0.469284652,0.302918636,0.111585945
1979-11-10,0.547008547,0.689070203,0.552991757,0.40184175,0.252149732,0.068850902
1979-11-11,0.52991453,0.614593506,0.489811293,0.351208649,0.213942962,0.052231719
1979-11-12,0.504273504,0.593799125,0.470017272,0.332525784,0.196360536,0.061728395
1979-11-13,0.504273504,0.544281968,0.427935436,0.298702779,0.170716697,0.097340931
1979-11-14,0.487179487,0.493510151,0.385456952,0.265436168,0.146573101,0.0997151
1979-11-15,0.478632479,0.470213042,0.36487515,0.24787041,0.131994295,0.092592593
1979-11-16,0.478632479,0.839800306,0.651666872,0.442696454,0.235741758,0.356125356
1979-11-17,1.196581197,1.787841252,1.387326141,0.942451411,0.501867929,0.308641975
1979-11-18,1.025641026,1.787775542,1.387275151,0.942416772,0.501849484,0.213675214
1979-11-19,0.794871795,1.356754496,1.052812143,0.715206223,0.38085684,0.168566002
1979-11-20,0.683760684,1.098110245,0.852109798,0.578863223,0.308252376,0.121082621
1979-11-21,0.632478632,1.172900924,0.910145747,0.618288748,0.329246994,0.113960114
1979-11-22,0.64957265,1.172860494,0.910114375,0.618267436,0.329235645,0.261158594
1979-11-23,0.854700855,1.415023748,1.098027822,0.745922562,0.3972137,0.12345679
1979-11-24,0.94017094,5.006368606,3.884833752,2.639081714,1.405346164,0.094966762
1979-11-25,1.111111111,8.339153161,6.47100248,4.395942118,2.34089773,0.166191833
1979-11-26,1.709401709,5.379916483,4.174698825,2.835995575,1.510205418,0.213675214
1979-11-27,1.111111111,3.110198479,2.413446747,1.639525288,0.873069054,0.166191833
1979-11-28,0.94017094,2.420754247,1.878452936,1.276088273,0.679534002,0.130579297
1979-11-29,0.803418803,2.685664358,2.084017452,1.415734288,0.753897366,0.118708452
1979-11-30,0.709401709,2.570990225,1.995032804,1.355284403,0.721706996,0.142450142
1979-12-01,0.683760684,2.252859041,1.748169887,1.18758317,0.632403856,0.166191833
1979-12-02,0.64957265,2.051654601,1.592039594,1.081519274,0.575923419,0.142450142
1979-12-03,0.606837607,1.879470462,1.458428426,0.990753282,0.527589319,0.130579297
1979-12-04,0.58974359,1.850640772,1.43605721,0.975555858,0.519496488,0.125830959
1979-12-05,0.572649573,1.707175288,1.324731097,0.899928758,0.479224051,0.125830959
1979-12-06,0.547008547,1.707221238,1.324766754,0.899952981,0.479236949,0.128205128
1979-12-07,0.547008547,1.965697769,1.525338951,1.036207568,0.551794332,0.128205128
1979-12-08,0.521367521,1.994615576,1.547778544,1.051451442,0.559911898,0.085470085
1979-12-09,0.521367521,2.052122623,1.592402769,1.08176599,0.576054798,0.054605888
1979-12-10,0.504273504,1.937102975,1.50315001,1.021133968,0.543767439,0.097340931
1979-12-11,0.504273504,1.506333847,1.168882483,0.794056216,0.422845511,0.109211776
1979-12-12,0.495726496,1.391311053,1.079627284,0.733422536,0.390557269,0.12345679
1979-12-13,0.487179487,1.362769605,1.057479737,0.718377057,0.382545351,0.130579297
1979-12-14,0.487179487,1.27662221,0.990631222,0.672964896,0.358362771,0.128205128
1979-12-15,0.487179487,1.219061275,0.945965181,0.642621942,0.342204744,0.061728395
1979-12-16,0.47008547,1.190516423,0.923814994,0.627574669,0.33419187,0.033238367
1979-12-17,0.461538462,1.1043614,0.856960559,0.582158487,0.310007149,0.071225071
1979-12-18,0.461538462,1.10426015,0.856881991,0.582105114,0.309978727,0.102089269
1979-12-19,0.461538462,1.133168248,0.879314051,0.597343871,0.318093568,0.854700855
1979-12-20,0.487179487,1.133066998,0.879235483,0.597290498,0.318065146,0.356125356
1979-12-21,0.641025641,1.190709568,0.92396487,0.627676484,0.334246088,0.237416904
1979-12-22,0.581196581,1.219484381,0.946293503,0.642844981,0.342323515,0.189933523
1979-12-23,0.683760684,1.219378814,0.946211585,0.642789332,0.342293881,5.22317189
1979-12-24,1.965811966,1.248283187,0.968640753,0.658026124,0.350407676,2.374169041
1979-12-25,1.88034188,1.535623685,1.191610764,0.809496205,0.431067511,1.068376068
1979-12-26,1.282051282,1.564238358,1.213815132,0.824580284,0.439099984,0.59354226
1979-12-27,1.111111111,1.420770064,1.102486839,0.748951703,0.398826758,0.308641975
1979-12-28,0.854700855,1.305730529,1.013218648,0.688309198,0.366533816,0.182811016
1979-12-29,0.820512821,1.277188592,0.991070722,0.673263462,0.358521761,0.12345679
1979-12-30,1.965811966,2.54136024,1.972040577,1.339665108,0.713389514,0.498575499
1979-12-31,8.461538462,13.9760059,10.84507828,7.367380331,3.923228157,0.902184236
1980-01-01,7.008547009,14.40708067,11.17958298,7.594619199,4.044235881,0.498575499
1980-01-02,3.333333333,6.305095757,4.892617931,3.323699117,1.76991405,0.308641975
1980-01-03,2.307692308,4.638608886,3.599460164,2.44521905,1.302111714,0.216049383
1980-01-04,1.88034188,3.834328173,2.975355727,2.021246568,1.07634072,0.17331434
1980-01-05,1.623931624,3.317063246,2.573969331,1.748572996,0.931138411,0.094966762
1980-01-06,1.538461538,3.058663297,2.373456561,1.612358779,0.858602526,0.071225071
1980-01-07,1.452991453,2.972501961,2.306597227,1.56693927,0.834416032,0.121082621
1980-01-08,1.538461538,2.972373265,2.306497362,1.566871428,0.834379906,0.135327635
1980-01-09,5.811965812,3.489691975,2.707925492,1.839573352,0.979597312,2.184235518
1980-01-10,10,3.604644532,2.79712619,1.900170007,1.011865838,2.872744539
1980-01-11,13.41880342,7.282029037,5.650697024,3.83868452,2.044150637,7.668566002
1980-01-12,79.91452991,112.1199781,87.00267789,59.10347544,31.47338791,8.950617284
1980-01-13,120.5128205,212.1021773,164.5867019,111.8085825,59.53955946,9.472934473
1980-01-14,79.14529915,88.84829159,68.94435252,46.83592441,24.94075359,11.27730294
1980-01-15,34.95726496,27.68098978,21.47984934,14.59189279,7.770377268,3.4662868
1980-01-16,27.77777778,20.23966902,15.70554538,10.66923844,5.681511582,5.175688509
1980-01-17,24.7008547,17.46817005,13.51763119,9.182924047,4.890029368,8.641975309
1980-01-18,15.8974359,11.0729081,8.545179028,5.804991192,3.09123513,7.977207977
1980-01-19,11.11111111,8.061048069,6.20383128,4.214444872,2.244248029,2.492877493
1980-01-20,8.290598291,7.123727081,5.467482875,3.714221765,1.977872562,1.400759734
1980-01-21,6.581196581,6.472245991,4.95392636,3.365347735,1.792092494,0.830959164
1980-01-22,5.555555556,5.934406882,4.529902884,3.077296128,1.638701177,0.498575499
1980-01-23,4.786324786,5.510619145,4.194997082,2.849784777,1.517548352,0.427350427
1980-01-24,4.273504274,5.406912155,4.104903157,2.788581327,1.484956699,0.379867047
1980-01-25,3.846153846,5.567358374,4.215292769,2.863572234,1.524890356,0.356125356
1980-01-26,3.504273504,5.198195728,3.925172721,2.66648516,1.419938864,0.261158594
1980-01-27,3.247863248,4.856535923,3.657319736,2.484524757,1.323042526,0.22317189
1980-01-28,3.162393162,4.661426811,3.500966563,2.378309453,1.266481462,0.261158594
1980-01-29,2.905982906,4.168279768,3.122204166,2.121005028,1.129463428,0.261158594
1980-01-30,2.735042735,3.851440169,2.877169864,1.954546027,1.040821793,0.237416904
1980-01-31,2.564102564,3.860860219,2.876516605,1.954102249,1.040585475,0.199430199
1980-02-01,2.393162393,3.690445847,2.742234825,1.86288069,0.99200878,0.180436847
1980-02-02,2.307692308,3.549766685,2.630698868,1.787111037,0.951660431,0.118708452
1980-02-03,2.222222222,3.618438365,2.674487336,1.81685783,0.967500994,0.113960114
1980-02-04,2.136752137,3.807689994,2.806929391,1.90682961,1.015412165,0.151946819
1980-02-05,2.136752137,4.088645544,3.006092882,2.042127221,1.087459946,0.166191833
1980-02-06,2.136752137,4.552109146,3.338036684,2.267626399,1.207541262,0.17331434
1980-02-07,2.051282051,4.381246689,3.204306983,2.176779884,1.159164282,0.163817664
1980-02-08,1.965811966,3.67356857,2.67969264,1.820393946,0.969384024,0.151946819
1980-02-09,1.88034188,3.499523758,2.546060061,1.729613408,0.921042178,0.092592593
1980-02-10,1.88034188,3.538538474,2.567727397,1.744332667,0.928880379,0.07359924
1980-02-11,1.794871795,3.332479585,2.411905032,1.638477956,0.872511336,0.135327635
1980-02-12,1.709401709,3.156246857,2.278420023,1.547797667,0.824222874,0.17331434
1980-02-13,1.709401709,3.102194747,2.233594845,1.517346606,0.808007278,0.135327635
1980-02-14,2.564102564,3.664460125,2.63160219,1.78772469,0.951987209,1.234567901
1980-02-15,5.213675214,4.754849211,3.405840131,2.313687273,1.23206929,3.49002849
1980-02-16,6.153846154,7.620581275,5.49061627,3.728541032,1.970630768,5.508072175
1980-02-17,15.98290598,26.2404194,19.01780615,12.90969161,6.771670356,10.56505223
1980-02-18,27.17948718,46.91986912,34.20695153,23.21173605,12.08310639,6.742640076
1980-02-19,41.1965812,20.55113544,15.07206447,10.22360297,5.281327316,19.5631529
1980-02-20,22.30769231,10.92779616,8.062326385,5.466757014,2.802294479,10.09021842
1980-02-21,18.88888889,7.545124183,5.600111867,3.795809789,1.930677555,14.57739791
1980-02-22,15.21367521,6.401316209,4.77984582,3.23862118,1.634416827,7.929724596
1980-02-23,11.96581197,5.687174188,4.27235507,2.893692029,1.448865424,5.294396961
1980-02-24,9.658119658,5.391586324,4.074981191,2.758985782,1.370482839,3.774928775
1980-02-25,8.034188034,5.010837794,3.810393195,2.57888937,1.270808771,2.492877493
1980-02-26,7.008547009,4.954888707,3.791019831,2.564827846,1.253728884,1.424501425
1980-02-27,6.581196581,5.276129913,4.061746109,2.746972811,1.331900752,0.925925926
1980-02-28,8.11965812,5.564879615,4.310630348,2.914217572,1.401474937,2.184235518
1980-02-29,7.094017094,4.845752856,3.776997529,2.552511296,1.217447519,0.783475783
1980-03-01,6.495726496,4.625547838,3.627955138,2.450884469,1.159304601,0.451092118
1980-03-02,6.581196581,4.401506766,3.473972693,2.345997094,1.100441167,0.925925926
1980-03-03,6.495726496,4.264026859,3.386759877,2.28626091,1.063412694,2.421652422
1980-03-04,6.153846154,3.875349142,3.097619433,2.09030634,0.964038267,1.661918329
1980-03-05,6.324786325,3.714042928,2.987654338,2.015361218,0.921545214,3.822412156
1980-03-06,5.811965812,3.609847392,2.922483644,1.970677161,0.893365755,9.662867996
1980-03-07,5.384615385,3.313546476,2.699913802,1.819928459,0.817877689,2.801519468
1980-03-08,5.042735043,3.102428626,2.544287281,1.714398442,0.763722691,1.115859449
1980-03-09,4.786324786,3.111904216,2.568692853,1.7302114,0.763980246,0.664767331
1980-03-10,4.615384615,3.392274239,2.818465862,1.897760143,0.8305235,0.546058879
1980-03-11,4.615384615,3.696126968,3.091142336,2.080603245,0.90239274,0.451092118
1980-03-12,4.358974359,3.165343583,2.664758631,1.792957713,0.770618803,0.379867047
1980-03-13,4.102564103,2.986736241,2.531124844,1.702424306,0.725049312,0.332383666
1980-03-14,4.017094017,2.889600518,2.465182812,1.657469806,0.699426202,0.308641975
1980-03-15,4.358974359,2.79341036,2.399141319,1.612481531,0.674145,0.284900285
1980-03-16,3.931623932,2.59347628,2.242479383,1.506641671,0.624016367,0.284900285
1980-03-17,3.846153846,2.695240481,2.355409007,1.58562708,0.680817243,0.284900285
1980-03-18,3.931623932,2.7683056,2.445437965,1.649465239,0.73319347,0.261158594
1980-03-19,3.675213675,2.509944397,2.241469501,1.514850378,0.696202643,0.237416904
1980-03-20,3.675213675,2.80775797,2.535175271,1.716697928,0.814765697,0.232668566
1980-03-21,3.58974359,2.626392722,2.397961777,1.626955746,0.796533498,0.225546059
1980-03-22,3.418803419,2.401908443,2.21783502,1.507679119,0.760631058,0.166191833
1980-03-23,3.333333333,2.471302677,2.308054963,1.572065523,0.816484571,0.159069326
1980-03-24,3.247863248,2.562118189,2.420612902,1.651936209,0.882436928,0.199430199
1980-03-25,3.247863248,2.484736038,2.375047842,1.623986248,0.891476568,1.448243115
1980-03-26,3.076923077,2.291655938,2.216505503,1.518516389,0.855913083,0.498575499
1980-03-27,2.991452991,2.356417499,2.306544284,1.583258343,0.915607863,0.206552707
1980-03-28,2.905982906,2.624277221,2.600002889,1.788141059,1.060205308,0.151946819
1980-03-29,2.905982906,3.13233222,3.141611666,2.164796346,1.315028624,0.097340931
1980-03-30,2.905982906,4.005079252,4.067092228,2.80791408,1.746412109,0.071225071
1980-03-31,2.820512821,3.471357002,3.569684152,2.46924104,1.571448434,0.192307692
1980-04-01,2.735042735,3.021429996,3.146819425,2.180911675,1.419353484,0.140075973
1980-04-02,2.64957265,2.789785627,2.943282315,2.043757661,1.359415007,0.113960114
1980-04-03,2.64957265,2.562985553,2.739580139,1.905949439,1.295000417,0.102089269
1980-04-04,2.64957265,2.633037251,2.851993859,1.987945684,1.37903478,0.211301045
1980-04-05,4.52991453,3.31046101,3.634233713,2.538025722,1.7966567,1.875593542
1980-04-06,4.188034188,2.980671106,3.317053414,2.320927375,1.675808837,0.332383666
1980-04-07,3.675213675,2.70048937,3.047041852,2.136053428,1.572436156,0.185185185
1980-04-08,3.504273504,2.682345061,3.06926231,2.155713268,1.617194181,0.161443495
1980-04-09,3.418803419,3.091072494,3.587569362,2.524522737,1.929215095,0.151946819
1980-04-10,3.418803419,3.543327575,4.172199739,2.941472301,2.288882143,0.14957265
1980-04-11,3.333333333,4.077216063,4.871624346,3.441064869,2.725478204,0.144824311
1980-04-12,3.247863248,4.741426667,5.750052355,4.069199397,3.279368911,0.142450142
1980-04-13,3.162393162,7.122588307,8.769052203,6.217369038,5.096425596,0.132953466
1980-04-14,3.247863248,8.976038134,11.2215794,7.971196469,6.643734565,0.125830959
1980-04-15,3.333333333,8.926616382,11.33486383,8.066777765,6.834015056,0.121082621
1980-04-16,3.247863248,10.65734396,13.50059818,9.767070359,8.404349066,0.116334283
1980-04-17,3.333333333,14.13341803,17.86137739,13.13497305,11.47358925,0.113960114
1980-04-18,3.333333333,15.54672332,19.60014427,14.65051628,12.98471443,0.111585945
1980-04-19,3.333333333,16.86241174,21.20711084,16.1113573,14.48143643,0.106837607
1980-04-20,3.418803419,17.14031918,21.50357741,16.60339404,15.12787497,0.163817664
1980-04-21,3.58974359,13.10548527,16.40073462,12.86958626,11.88115679,0.104463438
1980-04-22,3.418803419,7.792907381,9.727837039,7.757348216,7.253396642,0.284900285
1980-04-23,3.247863248,8.379065634,10.43294548,8.45436958,8.003371848,0.151946819
1980-04-24,3.076923077,13.15451172,16.33685466,13.45248672,12.88830283,0.130579297
1980-04-25,2.905982906,14.54643931,18.0185719,15.07640619,14.61294528,0.104463438
1980-04-26,2.735042735,16.36499601,20.2179399,17.18866483,16.84927951,0.056980057
1980-04-27,2.820512821,18.10084687,22.30305625,19.26561047,19.09327368,0.054605888
1980-04-28,2.991452991,18.528291,22.76838743,19.98251353,20.01573748,0.132953466
1980-04-29,3.076923077,20.62272468,25.27324966,22.53541603,22.80773859,0.154320988
1980-04-30,2.905982906,18.03495312,22.04117142,19.96705049,20.41279935,0.113960114
1980-05-01,2.735042735,16.0931229,19.61330726,18.05069047,18.63530552,0.116334283
1980-05-02,2.64957265,18.54881354,22.54257297,21.07657739,21.96765927,0.102089269
1980-05-03,2.478632479,20.605036,24.97027449,23.71724738,24.95057487,0.061728395
1980-05-04,2.393162393,21.98857696,26.57021951,25.63728833,27.2155356,0.045109212
1980-05-05,2.307692308,20.4240033,24.60776653,24.12001628,25.83158168,0.104463438
1980-05-06,2.136752137,19.52229066,23.45202599,23.35111107,25.22397594,0.104463438
1980-05-07,1.965811966,17.82096229,21.34438735,21.58871739,23.51652316,0.12345679
1980-05-08,1.88034188,16.77570391,20.03183098,20.58139395,22.60333536,0.116334283
1980-05-09,2.051282051,13.66127962,16.26307782,16.97320039,18.79002987,0.664767331
1980-05-10,2.393162393,8.277181292,9.823112285,10.41390651,11.61879446,0.106837607
1980-05-11,2.307692308,5.939489697,7.026751053,7.56693923,8.506912686,0.090218424
1980-05-12,2.222222222,5.517656948,6.507019718,7.117824794,8.061704571,0.109211776
1980-05-13,2.393162393,6.51410689,7.657503103,8.508461887,9.706993346,0.125830959
1980-05-14,2.478632479,7.61068462,8.917506849,10.06482156,11.56438804,0.121082621
1980-05-15,2.393162393,10.36327106,12.10281024,13.87549495,16.05385119,0.12345679
1980-05-16,2.222222222,12.76444627,14.85740132,17.30240445,20.15510182,0.163817664
1980-05-17,2.051282051,14.55645396,17.0457052,20.10084471,23.54731093,0.078347578
1980-05-18,1.965811966,15.90785984,18.74294052,22.38054219,26.36338673,0.064102564
1980-05-19,1.88034188,18.55171795,21.99511123,26.59443808,31.49788367,0.109211776
1980-05-20,1.794871795,19.5015436,23.26901452,28.48872998,33.92197956,0.130579297
1980-05-21,1.794871795,19.69301721,23.65051772,29.32008881,35.09535766,0.118708452
1980-05-22,1.709401709,17.71541336,21.41672465,26.88479479,32.34649889,0.142450142
1980-05-23,1.709401709,12.13297606,14.7671976,18.77071171,22.69856539,0.144824311
1980-05-24,1.794871795,6.648685176,8.148033547,10.48732685,12.74505112,0.071225071
1980-05-25,1.794871795,4.859588476,5.997384716,7.81635059,9.545593029,0.045109212
1980-05-26,1.709401709,4.002988247,4.975686803,6.56638731,8.0577066,0.064102564
1980-05-27,1.709401709,4.231019754,5.297646048,7.079284587,8.728212161,0.135327635
1980-05-28,1.623931624,5.061689025,6.3850953,8.639902696,10.70191612,0.12345679
1980-05-29,1.623931624,6.71794649,8.539048512,11.70007033,14.55876717,0.12345679
1980-05-30,1.623931624,8.092942043,10.36691571,14.38364644,17.97860842,0.125830959
1980-05-31,1.538461538,9.120438976,11.77607485,16.5448859,20.77160791,0.075973409
1980-06-01,1.538461538,9.093826016,11.83714662,16.84060972,21.23501245,0.066476733
1980-06-02,1.538461538,9.069921315,11.90408153,17.14977603,21.71757807,0.102089269
1980-06-03,1.452991453,6.319946296,8.365209288,12.20381997,15.5194939,0.106837607
1980-06-04,1.709401709,5.864201493,7.829340746,11.56659903,14.77024054,0.113960114
1980-06-05,1.709401709,5.348913369,7.204759891,10.77871589,13.8204131,0.118708452
1980-06-06,1.452991453,5.310901374,7.218511125,10.93624257,14.07884077,0.111585945
1980-06-07,1.452991453,7.074388374,9.704759136,14.88965608,19.24427193,0.059354226
1980-06-08,1.367521368,9.069494737,12.56000548,19.51533425,25.32122907,0.045109212
1980-06-09,1.282051282,9.714116004,13.58372427,21.3746293,27.8402971,0.097340931
1980-06-10,1.282051282,9.72416637,13.73341363,21.88565597,28.61385869,0.125830959
1980-06-11,1.196581197,9.002870486,12.84468134,20.73069962,27.20495864,0.12345679
1980-06-12,1.196581197,7.871162617,11.34768479,18.54881335,24.43113855,0.116334283
1980-06-13,1.196581197,6.104814037,8.895719971,14.72710445,19.46772272,0.085470085
1980-06-14,1.196581197,5.357650889,7.89300277,13.23474385,17.55742389,0.061728395
1980-06-15,1.111111111,6.767550282,10.08282747,17.12390239,22.79676527,0.045109212
1980-06-16,1.111111111,7.826412279,11.61751018,20.19858674,26.99394712,0.071225071
1980-06-17,1.111111111,7.773178687,11.49498269,20.46231781,27.4497361,0.135327635
1980-06-18,1.025641026,7.440525827,10.960514,19.97884272,26.9002212,0.142450142
1980-06-19,1.025641026,6.685281276,9.808921695,18.31096556,24.7436834,0.128205128
1980-06-20,1.025641026,6.048193188,8.838050647,16.89888909,22.91634571,0.135327635
1980-06-21,1.025641026,5.6281901,8.189964006,16.04205633,21.82975925,0.059354226
1980-06-22,0.94017094,4.958436436,7.184418867,14.41831229,19.6867332,0.040360874
1980-06-23,0.94017094,4.338715914,6.258799201,12.87154612,17.63314846,0.094966762
1980-06-24,0.94017094,4.226456696,6.069267349,12.79290009,17.58241863,0.132953466
1980-06-25,0.94017094,4.142315124,5.920766223,12.79333935,17.6390598,0.109211776
1980-06-26,0.94017094,3.804184765,5.411452376,11.98885197,16.58148125,0.113960114
1980-06-27,0.854700855,3.299209707,4.67002965,10.61035863,14.71984179,0.135327635
1980-06-28,0.820512821,3.371472475,4.748147199,11.06559581,15.39746309,0.052231719
1980-06-29,0.794871795,3.517337081,4.927741641,11.78249098,16.44324308,0.033238367
1980-06-30,0.794871795,3.206497768,4.468130184,10.96369511,15.344712,0.085470085
1980-07-01,0.854700855,3.29445292,4.565280795,11.4987128,16.13907336,0.132953466
1980-07-02,1.452991453,4.894736909,6.744159782,17.44111946,24.54754862,0.925925926
1980-07-03,1.367521368,4.236105795,5.802310976,15.41105045,21.74943093,0.284900285
1980-07-04,1.025641026,2.877430115,3.917348918,10.68893103,15.12550647,0.192307692
1980-07-05,0.94017094,2.180125023,2.94941313,8.270292056,11.73370621,0.14957265
1980-07-06,0.854700855,1.779294804,2.3915417,6.893592295,9.80568578,0.092592593
1980-07-07,0.820512821,1.571593795,2.098218036,6.219377885,8.869052004,0.154320988
1980-07-08,0.786324786,1.437505829,1.9058978,5.811368816,8.30781813,0.163817664
1980-07-09,0.760683761,1.239184695,1.631172063,5.118266165,7.334839659,0.135327635
1980-07-10,0.726495726,1.067844072,1.395190821,4.506829789,6.474102402,0.132953466
1980-07-11,0.692307692,0.9493091,1.23077185,4.09457373,5.895758364,0.121082621
1980-07-12,0.803418803,0.871192923,1.120479285,3.840760506,5.543105828,0.056980057
1980-07-13,0.94017094,0.78156401,0.996877709,3.522381007,5.095186457,0.045109212
1980-07-14,0.94017094,0.693185889,0.876547359,3.194188155,4.630792661,0.087844255
1980-07-15,0.94017094,0.622123996,0.779656091,2.93156836,4.259412137,0.113960114
1980-07-16,0.94017094,0.551885738,0.685202233,2.659874342,3.873019379,0.125830959
1980-07-17,0.94017094,0.542808213,0.662471122,2.434907528,3.523808526,0.113960114
1980-07-18,0.94017094,0.498426918,0.598916907,2.087365705,3.001798165,0.132953466
1980-07-19,0.854700855,0.453462193,0.537218586,1.77781086,2.539972008,0.059354226
1980-07-20,0.854700855,0.41867599,0.489616475,1.54038066,2.185920418,0.040360874
1980-07-21,0.854700855,0.411920488,0.476012266,1.425333988,2.008552302,0.090218424
1980-07-22,0.820512821,0.376982771,0.430881263,1.229220946,1.719683043,0.12345679
1980-07-23,0.777777778,0.345412177,0.390808275,1.063211253,1.476303803,0.135327635
1980-07-24,0.752136752,0.320712869,0.359461135,0.93339701,1.285996034,0.130579297
1980-07-25,0.735042735,0.261512903,0.290552027,0.720676956,0.984925345,0.137701804
1980-07-26,0.726495726,0.228035089,0.251295329,0.595823949,0.807486018,0.087844255
1980-07-27,0.692307692,0.214211143,0.234265438,0.531307882,0.713796694,0.080721747
1980-07-28,0.675213675,0.199388131,0.216500219,0.46996295,0.62567845,0.132953466
1980-07-29,0.692307692,0.216697182,0.2337197,0.48585573,0.640756167,0.137701804
1980-07-30,0.598290598,0.211627116,0.226813833,0.451758138,0.589953267,0.147198481
1980-07-31,0.547008547,0.253423098,0.269996859,0.515485946,0.666302817,0.154320988
1980-08-01,0.52991453,0.237955537,0.252096852,0.461556751,0.590238995,0.156695157
1980-08-02,0.487179487,0.223090516,0.235095727,0.412915844,0.522160104,0.078347578
1980-08-03,0.393162393,0.204589791,0.214517109,0.361559661,0.451895642,0.066476733
1980-08-04,0.418803419,0.186680492,0.194806791,0.315172804,0.389119983,0.066476733
1980-08-05,0.452991453,0.163471048,0.169815555,0.263789834,0.32152318,0.054605888
1980-08-06,0.495726496,0.138578218,0.143337444,0.213830681,0.257138388,0.059354226
1980-08-07,0.478632479,0.14012912,0.144348003,0.206837718,0.24522844,0.056980057
1980-08-08,0.47008547,0.12184894,0.125027393,0.172106356,0.201029442,0.078347578
1980-08-09,0.461538462,0.101462142,0.103720857,0.137176738,0.157730448,0.080721747
1980-08-10,0.452991453,0.101869512,0.103766542,0.131865187,0.149127664,0.075973409
1980-08-11,0.452991453,0.102931858,0.104491661,0.127595324,0.141789121,0.087844255
1980-08-12,0.418803419,0.106086042,0.10734259,0.125954475,0.137388736,0.104463438
1980-08-13,0.384615385,0.111341187,0.11230808,0.126629608,0.135428077,0.075973409
1980-08-14,0.435897436,0.102149065,0.10272746,0.111294597,0.11655784,0.071225071
1980-08-15,0.495726496,0.09504847,0.095311784,0.099211966,0.101608053,0.07359924
1980-08-16,0.547008547,0.087810236,0.087810236,0.087810236,0.087810236,0.075973409
1980-08-17,0.52991453,0.084843799,0.084843799,0.084843799,0.084843799,0.059354226
1980-08-18,0.547008547,0.083016348,0.083016348,0.083016348,0.083016348,0.104463438
1980-08-19,0.521367521,0.083016348,0.083016348,0.083016348,0.083016348,0.109211776
1980-08-20,0.521367521,0.083016348,0.083016348,0.083016348,0.083016348,0.102089269
1980-08-21,0.495726496,0.083016348,0.083016348,0.083016348,0.083016348,0.111585945
1980-08-22,0.478632479,0.083016348,0.083016348,0.083016348,0.083016348,0.132953466
1980-08-23,0.461538462,0.083016348,0.083016348,0.083016348,0.083016348,0.075973409
1980-08-24,0.461538462,0.083016348,0.083016348,0.083016348,0.083016348,0.052231719
1980-08-25,0.427350427,0.083016348,0.083016348,0.083016348,0.083016348,0.128205128
1980-08-26,0.418803419,0.083016348,0.083016348,0.083016348,0.083016348,0.147198481
1980-08-27,0.41025641,0.083016348,0.083016348,0.083016348,0.083016348,0.135327635
1980-08-28,0.401709402,0.083016348,0.083016348,0.083016348,0.083016348,0.156695157
1980-08-29,0.393162393,0.083016348,0.083016348,0.083016348,0.083016348,0.151946819
1980-08-30,0.444444444,0.083016348,0.083016348,0.083016348,0.083016348,0.085470085
1980-08-31,0.47008547,0.083016348,0.083016348,0.083016348,0.083016348,0.078347578
1980-09-01,0.461538462,0.083016348,0.083016348,0.083016348,0.083016348,0.083095916
1980-09-02,0.444444444,0.083016348,0.083016348,0.083016348,0.083016348,0.109211776
1980-09-03,0.435897436,0.083016348,0.083016348,0.083016348,0.083016348,0.125830959
1980-09-04,0.427350427,0.083016348,0.083016348,0.083016348,0.083016348,0.125830959
1980-09-05,0.418803419,0.083016348,0.083016348,0.083016348,0.083016348,0.156695157
1980-09-06,0.41025641,0.083016348,0.083016348,0.083016348,0.083016348,0.085470085
1980-09-07,0.418803419,0.083016348,0.083016348,0.083016348,0.083016348,0.064102564
1980-09-08,0.461538462,0.083016348,0.083016348,0.083016348,0.083016348,0.102089269
1980-09-09,0.47008547,0.083016348,0.083016348,0.083016348,0.083016348,0.128205128
1980-09-10,0.427350427,0.083016348,0.083016348,0.083016348,0.083016348,0.128205128
1980-09-11,0.427350427,0.083016348,0.083016348,0.083016348,0.083016348,0.113960114
1980-09-12,0.418803419,0.083016348,0.083016348,0.083016348,0.083016348,0.130579297
1980-09-13,0.41025641,0.083016348,0.083016348,0.083016348,0.083016348,0.071225071
1980-09-14,0.435897436,0.083016348,0.083016348,0.083016348,0.083016348,0.054605888
1980-09-15,0.461538462,0.083016348,0.083016348,0.083016348,0.083016348,0.104463438
1980-09-16,0.427350427,0.083016348,0.083016348,0.083016348,0.083016348,0.130579297
1980-09-17,0.427350427,0.083016348,0.083016348,0.083016348,0.083016348,0.137701804
1980-09-18,0.41025641,0.083016348,0.083016348,0.083016348,0.083016348,0.130579297
1980-09-19,0.401709402,0.083016348,0.083016348,0.083016348,0.083016348,0.135327635
1980-09-20,0.41025641,0.083016348,0.083016348,0.083016348,0.083016348,0.080721747
1980-09-21,0.418803419,0.083016348,0.083016348,0.083016348,0.083016348,0.0997151
1980-09-22,0.427350427,0.083016348,0.083016348,0.083016348,0.083016348,0.111585945
1980-09-23,0.435897436,0.083016348,0.083016348,0.083016348,0.083016348,0.125830959
1980-09-24,0.384615385,0.083016348,0.083016348,0.083016348,0.083016348,0.121082621
1980-09-25,0.384615385,0.083016348,0.083016348,0.083016348,0.083016348,0.125830959
1980-09-26,0.384615385,0.083016348,0.083016348,0.083016348,0.083016348,0.128205128
1980-09-27,0.367521368,0.083016348,0.083016348,0.083016348,0.083016348,0.068850902
1980-09-28,0.376068376,0.083016348,0.083016348,0.083016348,0.083016348,0.045109212
1980-09-29,0.367521368,0.083016348,0.083016348,0.083016348,0.083016348,0.104463438
1980-09-30,0.358974359,0.083016348,0.083016348,0.083016348,0.083016348,0.130579297
1980-10-01,0.35042735,0.083016348,0.083016348,0.083016348,0.083016348,0.140075973
1980-10-02,0.35042735,0.083016348,0.083016348,0.083016348,0.083016348,0.142450142
1980-10-03,0.35042735,0.083016348,0.083016348,0.083016348,0.083016348,0.147198481
1980-10-04,0.341880342,0.083016348,0.083016348,0.083016348,0.083016348,0.080721747
1980-10-05,0.35042735,0.083016348,0.083016348,0.083016348,0.083016348,0.068850902
1980-10-06,0.341880342,0.083016348,0.083016348,0.083016348,0.083016348,0.147198481
1980-10-07,0.341880342,0.083016348,0.083016348,0.083016348,0.083016348,0.159069326
1980-10-08,0.333333333,0.083016348,0.083016348,0.083016348,0.083016348,0.170940171
1980-10-09,0.333333333,0.083016348,0.083016348,0.083016348,0.083016348,0.170940171
1980-10-10,0.333333333,0.083016348,0.083016348,0.083016348,0.083016348,0.14957265
1980-10-11,0.333333333,0.083016348,0.083016348,0.083016348,0.083016348,0.064102564
1980-10-12,0.572649573,0.121235164,0.121235164,0.121235164,0.121235164,0.047483381
1980-10-13,0.487179487,0.063157324,0.063157324,0.063157324,0.063157324,0.113960114
1980-10-14,0.564102564,0.082308423,0.082308423,0.082308423,0.082308423,0.104463438
1980-10-15,0.564102564,0.083016348,0.083016348,0.083016348,0.083016348,0.137701804
1980-10-16,0.52991453,0.083016348,0.083016348,0.083016348,0.083016348,0.137701804
1980-10-17,0.512820513,0.08624579,0.085148848,0.084535105,0.083527351,0.135327635
1980-10-18,0.495726496,0.08559363,0.083449115,0.082249251,0.080279099,0.04985755
1980-10-19,0.487179487,0.086882271,0.083665499,0.081865703,0.078910474,0.033238367
1980-10-20,0.487179487,0.088170912,0.083881883,0.081482155,0.07754185,0.092592593
1980-10-21,0.461538462,0.089459553,0.084098267,0.081098607,0.076173225,0.135327635
1980-10-22,0.461538462,0.090748195,0.084314651,0.080715058,0.0748046,0.118708452
1980-10-23,0.452991453,0.092036836,0.084531035,0.08033151,0.073435976,0.12345679
1980-10-24,0.435897436,0.093325477,0.084747419,0.079947962,0.072067351,0.12345679
1980-10-25,0.572649573,0.44397229,0.398688641,0.373352262,0.331750444,0.054605888
1980-10-26,0.769230769,0.552407698,0.490644808,0.45608823,0.399347032,0.02302944
1980-10-27,0.606837607,0.546822853,0.480462224,0.443333194,0.38236808,0.059354226
1980-10-28,0.547008547,0.492827722,0.42843643,0.392409251,0.333253355,0.109211776
1980-10-29,0.521367521,0.48235581,0.414962681,0.377255963,0.315342298,0.140075973
1980-10-30,0.512820513,0.405760293,0.345486465,0.311763023,0.256389816,0.137701804
1980-10-31,0.504273504,0.310573278,0.26176611,0.234458309,0.189619455,0.142450142
1980-11-01,0.495726496,0.132134494,0.110260385,0.098021736,0.077926122,0.054605888
1980-11-02,0.487179487,0.129608993,0.107091951,0.094493579,0.073807308,0.037986705
1980-11-03,0.452991453,0.126320884,0.103366084,0.090522784,0.069434345,0.090218424
1980-11-04,0.452991453,0.12309807,0.099769226,0.086716646,0.065284576,0.125830959
1980-11-05,0.461538462,0.119940243,0.096296934,0.083068411,0.061347445,0.118708452
1980-11-06,0.512820513,0.116847025,0.09294492,0.079571599,0.057612877,0.102089269
1980-11-07,0.692307692,0.292124626,0.230246742,0.195625825,0.138778983,0.113960114
1980-11-08,0.846153846,0.358388259,0.279931608,0.236034807,0.16395715,0.047483381
1980-11-09,0.658119658,0.301547363,0.23344294,0.195338251,0.132771125,0.033238367
1980-11-10,0.598290598,0.208490365,0.15998939,0.132852906,0.088295349,0.068850902
1980-11-11,0.581196581,0.218957637,0.166570078,0.137259034,0.089130896,0.104463438
1980-11-12,0.564102564,0.235084379,0.177313945,0.144991163,0.09191781,0.104463438
1980-11-13,0.555555556,0.212734755,0.159106964,0.129102006,0.079834475,0.113960114
1980-11-14,0.547008547,0.158739314,0.117737591,0.094796967,0.057128929,0.137701804
1980-11-15,0.538461538,0.142057455,0.104501324,0.083488523,0.04898593,0.042735043
1980-11-16,0.52991453,0.13932982,0.102494802,0.081885466,0.048045355,0.030864198
1980-11-17,0.52991453,0.134147533,0.098682571,0.078839786,0.046258337,0.087844255
1980-11-18,0.52991453,0.129157998,0.095012133,0.075907389,0.044537787,0.094966762
1980-11-19,0.521367521,0.124354046,0.091478216,0.07308406,0.042881231,0.113960114
1980-11-20,0.52991453,0.121675583,0.089507865,0.071509902,0.041957612,0.135327635
1980-11-21,0.538461538,0.121675583,0.089507865,0.071509902,0.041957612,0.132953466
1980-11-22,0.555555556,0.121675583,0.089507865,0.071509902,0.041957612,0.308641975
1980-11-23,0.564102564,0.121675583,0.089507865,0.071509902,0.041957612,0.035612536
1980-11-24,0.564102564,0.125318237,0.092187501,0.073650725,0.043213715,0.075973409
1980-11-25,0.564102564,0.122495209,0.090110804,0.071991604,0.042240245,0.102089269
1980-11-26,0.538461538,0.122495209,0.090110804,0.071991604,0.042240245,0.092592593
1980-11-27,0.564102564,0.121675583,0.089507865,0.071509902,0.041957612,0.033238367
1980-11-28,0.572649573,0.121675583,0.089507865,0.071509902,0.041957612,0.02374169
1980-11-29,0.572649573,0.121675583,0.089507865,0.071509902,0.041957612,0.020417854
1980-11-30,1.025641026,0.176278747,0.129675437,0.103600703,0.06078652,0.022554606
1980-12-01,0.846153846,0.199522817,0.146774406,0.117261465,0.068801815,0.052231719
1980-12-02,0.811965812,0.24480094,0.180082224,0.14387185,0.084415152,0.12345679
1980-12-03,1.623931624,0.544748888,0.400732086,0.320154124,0.187846748,2.065527066
1980-12-04,2.136752137,2.157657774,1.587231693,1.268076079,0.744029045,1.566951567
1980-12-05,0.854700855,0.629642318,0.463181999,0.370046803,0.217120703,0.356125356
1980-12-06,0.803418803,0.403272629,0.296658305,0.237007175,0.139061232,0.128205128
1980-12-07,0.794871795,0.318382688,0.234210957,0.187116546,0.10978848,0.04985755
1980-12-08,0.769230769,0.284430199,0.209234584,0.167162344,0.098080582,0.087844255
1980-12-09,0.743589744,0.253307376,0.186339789,0.148871164,0.087348442,0.109211776
1980-12-10,0.726495726,0.233503336,0.171771399,0.137232141,0.080519379,0.113960114
1980-12-11,0.709401709,0.222184677,0.163445086,0.130580057,0.076616345,0.125830959
1980-12-12,0.692307692,0.219358626,0.161366166,0.128919159,0.075641833,0.118708452
1980-12-13,0.666666667,0.21370291,0.157205668,0.125595241,0.073691562,0.045109212
1980-12-14,0.64957265,0.210876858,0.155126747,0.123934343,0.07271705,0.037986705
1980-12-15,0.64957265,0.222195517,0.16345306,0.130586427,0.076620083,0.092592593
1980-12-16,0.64957265,0.307089072,0.225903066,0.18047918,0.105894082,0.116334283
1980-12-17,0.717948718,0.375004638,0.275863602,0.220393807,0.12931353,0.12345679
1980-12-18,0.752136752,0.431597932,0.317495168,0.253654226,0.148828698,0.12345679
1980-12-19,0.709401709,0.431601545,0.317497826,0.25365635,0.148829944,0.12345679
1980-12-20,0.786324786,0.375011864,0.275868918,0.220398054,0.129316022,0.121082621
1980-12-21,1.025641026,0.5164951,0.379947831,0.303549103,0.178103943,1.115859449
1980-12-22,0.752136752,1.223914891,0.900345054,0.71930647,0.422044793,0.308641975
1980-12-23,0.598290598,0.799468798,0.588110973,0.469855447,0.275682276,0.232668566
1980-12-24,0.581196581,0.573095621,0.421584713,0.336813769,0.197621603,0.090218424
1980-12-25,0.555555556,0.488209293,0.359140023,0.286925264,0.168350096,0.054605888
1980-12-26,0.52991453,0.5448062,0.400774246,0.320187807,0.187866511,0.056980057
1980-12-27,0.512820513,0.629696141,0.463221594,0.370078436,0.217139263,0.071225071
1980-12-28,0.521367521,0.657996402,0.484040034,0.386710769,0.226898093,0.04985755
1980-12-29,0.52991453,0.601406721,0.442411127,0.353452473,0.207384171,0.068850902
1980-12-30,0.52991453,0.544813427,0.400779562,0.320192054,0.187869002,0.07359924
1980-12-31,0.512820513,0.566751528,0.416917825,0.333085285,0.195433958,0.061728395
1981-01-01,0.495726496,0.538475766,0.396117406,0.31646735,0.185683575,0.04985755
1981-01-02,0.487179487,0.481889165,0.354490765,0.283210864,0.166170715,0.042735043
1981-01-03,0.547008547,0.510195853,0.375313934,0.299846975,0.175931762,0.147198481
1981-01-04,0.623931624,0.679982661,0.500213724,0.399632304,0.234479655,0.059354226
1981-01-05,0.598290598,0.680132248,0.500323764,0.399720217,0.234531237,0.087844255
1981-01-06,0.572649573,0.566813501,0.416963414,0.333121707,0.195455328,0.125830959
1981-01-07,0.52991453,0.510227132,0.375336943,0.299865358,0.175942548,0.116334283
1981-01-08,0.521367521,0.510234056,0.375342038,0.299869428,0.175944936,0.118708452
1981-01-09,0.512820513,0.51024456,0.375349764,0.299875601,0.175948558,0.12345679
1981-01-10,0.504273504,0.481954838,0.354539076,0.283249461,0.166193361,0.04985755
1981-01-11,0.478632479,0.453665116,0.333728387,0.266623321,0.156438165,0.030864198
1981-01-12,0.478632479,0.453678965,0.333738576,0.266631461,0.156442941,0.094966762
1981-01-13,0.461538462,0.425389243,0.312927887,0.250005321,0.146687745,0.121082621
1981-01-14,0.461538462,0.425396168,0.312932981,0.25000939,0.146690133,0.132953466
1981-01-15,0.444444444,0.425549334,0.313045654,0.250099408,0.146742949,0.140075973
1981-01-16,0.512820513,0.453710244,0.333761585,0.266649843,0.156453727,0.178062678
1981-01-17,0.47008547,0.483265779,0.354492254,0.283212054,0.166171413,0.066476733
1981-01-18,0.461538462,0.512964344,0.375209388,0.299763451,0.175882755,0.071225071
1981-01-19,0.444444444,0.514293011,0.375116186,0.29968899,0.175839066,0.142450142
1981-01-20,0.427350427,0.629984494,0.45820154,0.366067799,0.214786068,0.170940171
1981-01-21,0.478632479,0.717595617,0.520452127,0.415801232,0.243966587,0.168566002
1981-01-22,0.700854701,1.121746483,0.81128391,0.648153464,0.380296585,2.207977208
1981-01-23,1.282051282,1.441524089,1.039632819,0.830586684,0.487337178,2.231718898
1981-01-24,0.94017094,1.214134627,0.873187747,0.697609869,0.409314562,0.403608737
1981-01-25,0.777777778,0.927660184,0.665296412,0.531520678,0.31186364,0.170940171
1981-01-26,0.752136752,0.901136891,0.644473795,0.514885008,0.302102853,0.498575499
1981-01-27,4.786324786,2.125590497,1.515950638,1.211127997,0.710615414,7.00379867
1981-01-28,3.418803419,1.751658402,1.245800692,0.995298962,0.583980211,5.24691358
1981-01-29,2.136752137,1.492822157,1.05877487,0.845879711,0.496310186,5.128205128
1981-01-30,1.538461538,1.408607047,0.996287099,0.795956787,0.467018484,1.115859449
1981-01-31,1.367521368,1.265156061,0.892360896,0.712927742,0.418302148,0.427350427
1981-02-01,1.282051282,1.120754965,0.788336349,0.629820127,0.369539711,0.261158594
1981-02-02,1.111111111,1.064464784,0.746688193,0.596546453,0.350016766,0.227920228
1981-02-03,1.025641026,1.15596456,0.808653096,0.646051646,0.379063368,0.220797721
1981-02-04,1.025641026,1.069765528,0.746309054,0.59624355,0.349839041,0.192307692
1981-02-05,0.94017094,1.072560352,0.74621993,0.596172347,0.349797263,0.170940171
1981-02-06,0.94017094,1.015387413,0.704521867,0.562858801,0.330250923,0.163817664
1981-02-07,0.854700855,0.958075552,0.662952858,0.529648358,0.310765079,0.083095916
1981-02-08,0.854700855,0.960430911,0.662783645,0.52951317,0.310685759,0.07359924
1981-02-09,0.854700855,0.962786309,0.662614429,0.52937798,0.310606437,0.156695157
1981-02-10,0.854700855,0.935014395,0.641766674,0.512722226,0.300833865,0.142450142
1981-02-11,0.94017094,1.088307943,0.744973944,0.595176899,0.349213196,0.199430199
1981-02-12,0.94017094,1.302885129,0.889463967,0.710613318,0.416944186,0.135327635
1981-02-13,1.282051282,3.278710289,2.232342036,1.78346964,1.046430286,0.427350427
1981-02-14,2.735042735,20.3533463,13.82074583,11.04171323,6.478598159,0.201804368
1981-02-15,2.136752137,10.71601323,7.319448936,5.84548498,3.404049348,0.092592593
1981-02-16,1.794871795,7.800870048,5.359800171,4.278860646,2.472932132,0.097340931
1981-02-17,2.051282051,12.16512572,8.408017505,6.709817878,3.848409375,0.135327635
1981-02-18,1.794871795,8.466255592,5.886416509,4.695760025,2.67263898,0.140075973
1981-02-19,1.88034188,9.519764439,6.658550501,5.309731786,2.998802915,0.140075973
1981-02-20,2.136752137,8.732928675,6.144954729,4.898349315,2.745002568,0.118708452
1981-02-21,1.709401709,5.60612155,3.968606886,3.162332448,1.758306444,0.04985755
1981-02-22,1.452991453,4.992924432,3.555977505,2.832481119,1.562514775,0.035612536
1981-02-23,1.282051282,5.25701577,3.766894881,2.999371728,1.641470684,0.102089269
1981-02-24,1.538461538,5.084768203,3.665789202,2.91778476,1.584079996,0.332383666
1981-02-25,1.623931624,4.138327617,3.001824736,2.388417609,1.286263827,0.284900285
1981-02-26,1.282051282,3.487640746,2.545473034,2.024570005,1.081491349,0.332383666
1981-02-27,1.196581197,3.042389785,2.234293398,1.776413486,0.941193462,0.156695157
1981-02-28,1.282051282,2.799785261,2.068955229,1.644351693,0.864067881,0.07359924
1981-03-01,1.282051282,2.648095186,1.969126218,1.564433564,0.815270817,0.056980057
1981-03-02,1.367521368,2.521796296,1.887018988,1.498649211,0.774478315,0.102089269
1981-03-03,1.367521368,2.480141032,1.867591144,1.482674672,0.759787404,0.116334283
1981-03-04,1.794871795,2.687676211,2.036735056,1.616363888,0.821285789,1.780626781
1981-03-05,1.965811966,2.480247049,1.891550086,1.500593906,0.755960039,1.115859449
1981-03-06,1.623931624,2.466399499,1.893062451,1.501243709,0.749787898,0.332383666
1981-03-07,1.367521368,2.751678187,2.125647409,1.685072559,0.834311045,0.140075973
1981-03-08,1.282051282,2.655012755,2.064267038,1.635816442,0.802853342,0.106837607
1981-03-09,1.196581197,3.150901243,2.465775349,1.953276402,0.950226668,0.135327635
1981-03-10,1.196581197,3.774336549,2.972984997,2.354206812,1.135112918,0.163817664
1981-03-11,1.282051282,4.151322446,3.291440721,2.605432475,1.245012664,0.154320988
1981-03-12,1.282051282,3.968771961,3.167506053,2.506416952,1.186901736,0.144824311
1981-03-13,1.282051282,3.656708796,2.937838068,2.323838767,1.090441534,0.132953466
1981-03-14,1.196581197,3.034633207,2.454338493,1.940685052,0.902304815,0.052231719
1981-03-15,1.452991453,2.88697012,2.350585748,1.857972813,0.855865807,1.780626781
1981-03-16,2.136752137,2.766653881,2.267823011,1.791906142,0.817740238,1.18708452
1981-03-17,1.367521368,2.532651848,2.098211733,1.661146908,0.785852924,0.427350427
1981-03-18,1.282051282,2.47987916,2.076706646,1.647347206,0.80678052,0.854700855
1981-03-19,3.076923077,2.827416753,2.393633955,1.90246915,0.963320494,5.080721747
1981-03-20,5.128205128,2.573592243,2.202848136,1.754256034,0.917302688,2.825261159
1981-03-21,3.931623932,2.56909973,2.223604465,1.774243153,0.957010977,1.329534663
1981-03-22,3.247863248,2.950365635,2.58249964,2.064627461,1.147566623,0.688509022
1981-03-23,2.735042735,2.89259627,2.560928793,2.051367244,1.17378429,0.403608737
1981-03-24,2.564102564,3.024092859,2.708375009,2.173691232,1.279242976,0.284900285
1981-03-25,10.08547009,5.783179979,5.240159535,4.213814097,2.548388907,1.353276353
1981-03-26,12.39316239,5.092591771,4.669198786,3.761955914,2.336066753,1.18708452
1981-03-27,10.34188034,3.483758041,3.232512776,2.609460556,1.662528287,0.451092118
1981-03-28,6.41025641,3.486415011,3.274347209,2.64833575,1.729902314,0.216049383
1981-03-29,5.299145299,4.508953056,4.28687641,3.473967779,2.324901436,0.140075973
1981-03-30,4.786324786,3.46608977,3.336510888,2.709022215,1.856251465,0.151946819
1981-03-31,4.358974359,3.205920986,3.125090967,2.542240146,1.782443178,0.151946819
1981-04-01,3.760683761,3.319127527,3.2768934,2.670845762,1.91498473,0.130579297
1981-04-02,3.333333333,2.854395343,2.854659467,2.331160044,1.708286364,0.116334283
1981-04-03,2.820512821,2.671158741,2.706555387,2.214443958,1.657644473,0.111585945
1981-04-04,2.478632479,2.964188328,3.043527972,2.494903635,1.906756334,0.061728395
1981-04-05,2.307692308,4.586447527,4.772891566,3.919994559,3.05722995,0.052231719
1981-04-06,2.393162393,6.600524888,6.963038335,5.729659582,4.557938019,0.090218424
1981-04-07,2.64957265,6.508889954,6.961875286,5.739593486,4.655025616,0.102089269
1981-04-08,2.393162393,5.873424736,6.370828535,5.262285433,4.349398506,0.113960114
1981-04-09,2.393162393,6.363884926,7.001655022,5.794307183,4.878544998,0.109211776
1981-04-10,2.478632479,6.649198747,7.421861774,6.153677433,5.275757712,0.106837607
1981-04-11,2.222222222,5.417211352,6.135902695,5.09706451,4.44800874,0.075973409
1981-04-12,1.88034188,4.677050966,5.376884792,4.474978405,3.973491363,0.054605888
1981-04-13,1.88034188,5.796751533,6.76548639,5.641265423,5.094952551,0.04985755
1981-04-14,1.965811966,7.89195201,9.353138088,7.81359517,7.175446484,0.04985755
1981-04-15,2.222222222,9.13234695,10.99309515,9.200858598,8.588519374,0.04985755
1981-04-16,2.222222222,8.847476365,10.62544317,9.038080207,8.567031028,0.109211776
1981-04-17,2.307692308,8.881094891,10.64075955,9.198259512,8.849190251,0.097340931
1981-04-18,2.393162393,9.10034557,10.87754022,9.55546238,9.325760653,0.085470085
1981-04-19,2.564102564,7.495811117,8.938119393,7.978847913,7.896034008,1.400759734
1981-04-20,2.307692308,5.547555975,6.598902464,5.985835271,6.004008666,0.59354226
1981-04-21,2.136752137,8.379616487,9.9431556,9.164804953,9.313398098,0.261158594
1981-04-22,2.136752137,13.13289229,15.54454114,14.5583006,14.98280976,0.187559354
1981-04-23,2.307692308,16.13786738,19.05321301,18.13107451,18.89039508,0.163817664
1981-04-24,2.991452991,19.31948495,22.75144953,21.99766577,23.19390058,0.154320988
1981-04-25,4.358974359,14.15386357,16.62519048,16.33190804,17.42070072,0.071225071
1981-04-26,4.102564103,9.767392195,11.44286441,11.42087207,12.32020302,0.059354226
1981-04-27,2.735042735,6.644666009,7.763900017,7.872832298,8.586261192,0.102089269
1981-04-28,1.794871795,10.23440023,11.9262997,12.28673658,13.54361359,0.109211776
1981-04-29,1.538461538,14.80395733,17.20454999,18.00727476,20.05611463,0.125830959
1981-04-30,2.735042735,16.31388404,18.90733804,20.10498982,22.6195796,0.12345679
1981-05-01,3.076923077,15.48477711,17.89660183,19.33341856,21.96630995,0.125830959
1981-05-02,2.735042735,12.22980071,14.09491254,15.46898243,17.74469347,0.052231719
1981-05-03,1.452991453,8.716540194,10.01726179,11.16881767,12.93204238,0.052231719
1981-05-04,1.025641026,7.348069263,8.42023478,9.537610525,11.14427022,0.125830959
1981-05-05,0.94017094,6.340799387,7.24477542,8.336749649,9.827969509,0.142450142
1981-05-06,0.854700855,5.201671444,5.925668467,6.927327672,8.23747869,0.132953466
1981-05-07,0.811965812,4.89229886,5.556536432,6.599181142,7.913893328,0.0997151
1981-05-08,0.803418803,5.306566613,6.008754526,7.24986061,8.766267541,0.064102564
1981-05-09,0.820512821,6.293336418,7.104180721,8.708055168,10.61469842,0.071225071
1981-05-10,0.820512821,6.556202458,7.377849992,9.187608748,11.28781543,0.142450142
1981-05-11,0.820512821,6.06082563,6.798850676,8.601576596,10.64948803,0.128205128
1981-05-12,0.743589744,5.568467738,6.226545014,8.003221321,9.983522733,0.147198481
1981-05-13,0.726495726,5.601142409,6.242762706,8.152217869,10.24449871,0.137701804
1981-05-14,0.726495726,5.784933502,6.426404427,8.526194806,10.79185823,0.147198481
1981-05-15,0.700854701,5.2826174,5.848824402,7.884095914,10.04965999,0.118708452
1981-05-16,0.726495726,3.646875712,4.024111318,5.511352329,7.073768079,0.106837607
1981-05-17,0.683760684,3.141047689,3.48667588,4.834736326,6.240019068,0.094966762
1981-05-18,1.196581197,10.96483249,12.24548955,17.19145072,22.3102345,1.068376068
1981-05-19,1.367521368,8.248901429,9.269534117,13.17564804,17.19100239,0.474833808
1981-05-20,1.025641026,4.526702627,5.118980321,7.366788472,9.662849668,0.218423552
1981-05-21,0.94017094,3.507783507,3.992340922,5.817098227,7.669948839,0.137701804
1981-05-22,0.846153846,3.445469154,3.947224627,5.823156312,7.717307512,0.118708452
1981-05-23,0.769230769,3.29002522,3.794445801,5.667701913,7.549163919,0.071225071
1981-05-24,0.735042735,3.367980445,3.910957976,5.914778283,7.917333942,0.064102564
1981-05-25,0.786324786,5.235561936,6.122122798,9.374736839,12.60994701,0.092592593
1981-05-26,0.94017094,5.638555777,6.640402526,10.29576604,13.91529565,0.0997151
1981-05-27,0.803418803,4.675137865,5.545917799,8.706644379,11.82308825,0.12345679
1981-05-28,0.700854701,3.42880747,4.097711862,6.513857511,8.886531815,0.118708452
1981-05-29,0.641025641,2.923318819,3.520163864,5.666122389,7.765372118,0.125830959
1981-05-30,0.606837607,2.606635373,3.163200914,5.155648407,7.097591557,0.118708452
1981-05-31,0.581196581,2.150759818,2.630704526,4.34179869,6.003695181,0.066476733
1981-06-01,0.555555556,1.857923616,2.290963246,3.828819781,5.317477709,0.094966762
1981-06-02,0.555555556,1.698650185,2.111949216,3.574275381,4.985305944,0.135327635
1981-06-03,0.52991453,1.46137396,1.832365542,3.14038856,4.398677926,0.125830959
1981-06-04,0.512820513,1.253804417,1.585757352,2.752226601,3.871065331,0.128205128
1981-06-05,0.521367521,1.079541581,1.377496752,2.421163596,3.419409973,0.156695157
1981-06-06,0.521367521,0.894428655,1.151681947,2.050041193,2.906994093,0.090218424
1981-06-07,0.495726496,0.780866295,1.014831686,1.82949562,2.604604844,0.066476733
1981-06-08,0.478632479,0.670535987,0.879768499,1.606291705,2.295824837,0.130579297
1981-06-09,0.478632479,0.595399574,0.788834961,1.458722298,2.092986019,0.175688509
1981-06-10,0.47008547,0.491099441,0.657180675,1.230875179,1.772813855,0.163817664
1981-06-11,0.452991453,0.41071485,0.555269925,1.053389367,1.522895266,0.185185185
1981-06-12,0.461538462,0.373850541,0.510770002,0.981474457,1.424194036,0.178062678
1981-06-13,0.461538462,0.337367981,0.465923779,0.906882732,1.320772172,0.151946819
1981-06-14,0.452991453,0.292294492,0.408169351,0.804773371,1.176291694,0.104463438
1981-06-15,0.435897436,0.239158836,0.337788938,0.674668472,0.989634903,0.142450142
1981-06-16,0.427350427,0.208335627,0.293193228,0.599218654,0.88229174,0.170940171
1981-06-17,0.418803419,0.187437526,0.262807422,0.549689761,0.812369028,0.147198481
1981-06-18,0.401709402,0.176111344,0.245989621,0.526636515,0.781129506,0.151946819
1981-06-19,0.401709402,0.151349664,0.210579093,0.461522149,0.686988576,0.182811016
1981-06-20,0.401709402,0.131640535,0.182423985,0.409368885,0.611485494,0.090218424
1981-06-21,0.393162393,0.112322388,0.155013464,0.356232923,0.533937129,0.054605888
1981-06-22,0.384615385,0.110999799,0.152540914,0.359056409,0.539976341,0.111585945
1981-06-23,0.367521368,0.109695024,0.150092949,0.361936392,0.546100232,0.161443495
1981-06-24,0.367521368,0.099786682,0.135925539,0.335858767,0.508390869,0.142450142
1981-06-25,0.367521368,0.081627912,0.110679153,0.28028345,0.425611255,0.166191833
1981-06-26,0.35042735,0.044027228,0.059413912,0.15423843,0.23494015,0.192307692
1981-06-27,0.341880342,0.04055095,0.054456015,0.144952142,0.221469227,0.168566002
1981-06-28,0.341880342,0.042859328,0.057266904,0.156337517,0.239580724,0.156695157
1981-06-29,0.333333333,0.03943687,0.052421182,0.146810994,0.225643911,0.161443495
1981-06-30,0.324786325,0.035345703,0.046732207,0.134300383,0.207012117,0.187559354
1981-07-01,0.316239316,0.034496247,0.045357875,0.133796705,0.206821235,0.187559354
1981-07-02,0.307692308,0.032964802,0.043097764,0.130529218,0.202333108,0.194681861
1981-07-03,0.307692308,0.031495756,0.040935307,0.127334506,0.197921838,0.12345679
1981-07-04,0.299145299,0.030086692,0.038866587,0.124211236,0.193587059,0.083095916
1981-07-05,0.299145299,0.028735284,0.036887834,0.121158087,0.18932835,0.092592593
1981-07-06,0.299145299,0.027439294,0.034995426,0.118173751,0.185145239,0.170940171
1981-07-07,0.299145299,0.026196567,0.033185878,0.115256931,0.181037209,0.189933523
1981-07-08,0.282051282,0.02500503,0.03145584,0.112406342,0.177003699,0.175688509
1981-07-09,0.273504274,0.023862687,0.029802091,0.109620716,0.173044109,0.161443495
1981-07-10,0.264957265,0.022767616,0.028221535,0.106898796,0.169157803,0.175688509
1981-07-11,0.264957265,0.02171797,0.026711194,0.104239341,0.165344108,0.163817664
1981-07-12,0.256410256,0.02071197,0.025268207,0.101641125,0.161602324,0.156695157
1981-07-13,0.256410256,0.019747905,0.023889821,0.099102935,0.157931721,0.14957265
1981-07-14,0.247863248,0.018824126,0.022573394,0.096623576,0.154331541,0.170940171
1981-07-15,0.239316239,0.01793905,0.021316382,0.094201866,0.150801006,0.170940171
1981-07-16,0.239316239,0.017091151,0.020116344,0.091836642,0.147339315,0.12345679
1981-07-17,0.230769231,0.0176497,0.020484603,0.087693554,0.139705003,0.094966762
1981-07-18,0.222222222,0.018155738,0.020809368,0.083720768,0.13240644,0.042735043
1981-07-19,0.222222222,0.018612032,0.021093027,0.079911651,0.125430019,0.028490028
1981-07-20,0.222222222,0.019021223,0.021337855,0.076259821,0.118762656,0.075973409
1981-07-21,0.213675214,0.019385838,0.021546029,0.072759138,0.112391774,0.106837607
1981-07-22,0.213675214,0.019708289,0.021719624,0.06940369,0.106305282,0.121082621
1981-07-23,0.205128205,0.019990881,0.02186062,0.066187789,0.100491557,0.109211776
1981-07-24,0.196581197,0.020235815,0.02197091,0.063105963,0.094939427,0.111585945
1981-07-25,0.196581197,0.020445193,0.022052295,0.060152945,0.089638155,0.109211776
1981-07-26,0.196581197,0.02062102,0.022106495,0.057323668,0.084577421,0.092592593
1981-07-27,0.196581197,0.021842142,0.02328313,0.057445621,0.083883181,0.113960114
1981-07-28,0.188034188,0.022680647,0.024049586,0.056503953,0.081619634,0.12345679
1981-07-29,0.188034188,0.023519153,0.024816043,0.055562285,0.079356088,0.135327635
1981-07-30,0.179487179,0.024357659,0.025582499,0.054620616,0.077092542,0.130579297
1981-07-31,0.179487179,0.025196164,0.026348955,0.053678948,0.074828995,0.12345679
1981-08-01,0.170940171,0.02603467,0.027115411,0.05273728,0.072565449,0.042735043
1981-08-02,0.170940171,0.026873175,0.027881868,0.051795611,0.070301903,0.035612536
1981-08-03,0.170940171,0.027711681,0.028648324,0.050853943,0.068038357,0.04985755
1981-08-04,0.170940171,0.028550187,0.02941478,0.049912275,0.06577481,0.056980057
1981-08-05,0.162393162,0.029388692,0.030181236,0.048970606,0.063511264,0.056980057
1981-08-06,0.153846154,0.030227198,0.030947692,0.048028938,0.061247718,0.056980057
1981-08-07,0.145299145,0.031065704,0.031714149,0.04708727,0.058984171,0.066476733
1981-08-08,0.136752137,0.031904209,0.032480605,0.046145601,0.056720625,0.066476733
1981-08-09,0.136752137,0.032742715,0.033247061,0.045203933,0.054457079,0.066476733
1981-08-10,0.136752137,0.033581221,0.034013517,0.044262265,0.052193532,0.061728395
1981-08-11,0.128205128,0.034419726,0.034779974,0.043320596,0.049929986,0.059354226
1981-08-12,0.136752137,0.035258232,0.03554643,0.042378928,0.04766644,0.068850902
1981-08-13,0.136752137,0.036096738,0.036312886,0.04143726,0.045402894,0.068850902
1981-08-14,0.145299145,0.036935243,0.037079342,0.040495591,0.043139347,0.045109212
1981-08-15,0.136752137,0.037773749,0.037845798,0.039553923,0.040875801,0.045109212
1981-08-16,0.136752137,0.038612255,0.038612255,0.038612255,0.038612255,0.04985755
1981-08-17,0.128205128,0.038612255,0.038612255,0.038612255,0.038612255,0.07359924
1981-08-18,0.11965812,0.038612255,0.038612255,0.038612255,0.038612255,0.170940171
1981-08-19,0.128205128,0.038612255,0.038612255,0.038612255,0.038612255,0.261158594
1981-08-20,0.136752137,0.038612255,0.038612255,0.038612255,0.038612255,0.261158594
1981-08-21,0.136752137,0.038612255,0.038612255,0.038612255,0.038612255,0.208926876
1981-08-22,0.128205128,0.038612255,0.038612255,0.038612255,0.038612255,0.097340931
1981-08-23,0.128205128,0.038612255,0.038612255,0.038612255,0.038612255,0.045109212
1981-08-24,0.128205128,0.038612255,0.038612255,0.038612255,0.038612255,0.087844255
1981-08-25,0.128205128,0.038612255,0.038612255,0.038612255,0.038612255,0.147198481
1981-08-26,0.128205128,0.038612255,0.038612255,0.038612255,0.038612255,0.175688509
1981-08-27,0.11965812,0.038612255,0.038612255,0.038612255,0.038612255,0.180436847
1981-08-28,0.11965812,0.038612255,0.038612255,0.038612255,0.038612255,0.194681861
1981-08-29,0.11965812,0.038612255,0.038612255,0.038612255,0.038612255,0.07359924
1981-08-30,0.11965812,0.038612255,0.038612255,0.038612255,0.038612255,0.02302944
1981-08-31,0.11965812,0.038612255,0.038612255,0.038612255,0.038612255,0.116334283
1981-09-01,0.11965812,0.038612255,0.038612255,0.038612255,0.038612255,0.332383666
1981-09-02,0.11965812,0.038612255,0.038612255,0.038612255,0.038612255,0.59354226
1981-09-03,0.128205128,0.038612255,0.038612255,0.038612255,0.038612255,0.617283951
1981-09-04,0.128205128,0.038612255,0.038612255,0.038612255,0.038612255,0.617283951
1981-09-05,0.128205128,0.038612255,0.038612255,0.038612255,0.038612255,0.451092118
1981-09-06,0.128205128,0.038612255,0.038612255,0.038612255,0.038612255,0.451092118
1981-09-07,0.11965812,0.038612255,0.038612255,0.038612255,0.038612255,0.356125356
1981-09-08,0.11965812,0.038612255,0.038612255,0.038612255,0.038612255,0.522317189
1981-09-09,0.11965812,0.038612255,0.038612255,0.038612255,0.038612255,0.641025641
1981-09-10,0.11965812,0.038612255,0.038612255,0.038612255,0.038612255,0.688509022
1981-09-11,0.111111111,0.038612255,0.038612255,0.038612255,0.038612255,0.664767331
1981-09-12,0.111111111,0.038612255,0.038612255,0.038612255,0.038612255,0.403608737
1981-09-13,0.128205128,0.038612255,0.038612255,0.038612255,0.038612255,0.284900285
1981-09-14,0.128205128,0.038612255,0.038612255,0.038612255,0.038612255,0.451092118
1981-09-15,0.11965812,0.038612255,0.038612255,0.038612255,0.038612255,0.59354226
1981-09-16,0.11965812,0.038612255,0.038612255,0.038612255,0.038612255,0.712250712
1981-09-17,0.128205128,0.038612255,0.038612255,0.038612255,0.038612255,0.783475783
1981-09-18,0.128205128,0.038612255,0.038612255,0.038612255,0.038612255,0.807217474
1981-09-19,0.128205128,0.038612255,0.038612255,0.038612255,0.038612255,0.56980057
1981-09-20,0.128205128,0.038612255,0.038612255,0.038612255,0.038612255,0.522317189
1981-09-21,0.136752137,0.038612255,0.038612255,0.038612255,0.038612255,0.688509022
1981-09-22,0.136752137,0.038612255,0.038612255,0.038612255,0.038612255,0.925925926
1981-09-23,0.136752137,0.038612255,0.038612255,0.038612255,0.038612255,0.735992403
1981-09-24,0.145299145,0.038612255,0.038612255,0.038612255,0.038612255,1.044634378
1981-09-25,0.324786325,0.579183821,0.579183821,0.579183821,0.579183821,0.474833808
1981-09-26,0.230769231,0.501959311,0.501959311,0.501959311,0.501959311,0.121082621
1981-09-27,0.213675214,0.501959311,0.501959311,0.501959311,0.501959311,0.078347578
1981-09-28,0.222222222,0.501959311,0.501959311,0.501959311,0.501959311,0.14957265
1981-09-29,0.239316239,0.482653184,0.482653184,0.482653184,0.482653184,0.166191833
1981-09-30,0.222222222,0.463347057,0.463347057,0.463347057,0.463347057,0.180436847
1981-10-01,0.196581197,0.424734802,0.424734802,0.424734802,0.424734802,0.189933523
1981-10-02,0.196581197,0.270285783,0.270285783,0.270285783,0.270285783,0.168566002
1981-10-03,0.264957265,0.270285783,0.270285783,0.270285783,0.270285783,0.087844255
1981-10-04,0.273504274,0.250979656,0.250979656,0.250979656,0.250979656,0.061728395
1981-10-05,0.247863248,0.245054647,0.245054647,0.245054647,0.245054647,0.154320988
1981-10-06,0.230769231,0.23729491,0.23729491,0.23729491,0.23729491,0.211301045
1981-10-07,0.547008547,0.654250994,0.654250994,0.654250994,0.654250994,1.400759734
1981-10-08,0.384615385,0.480264692,0.480264692,0.480264692,0.480264692,0.14957265
1981-10-09,0.299145299,0.153917302,0.153917302,0.153917302,0.153917302,0.12345679
1981-10-10,0.700854701,0.155103339,0.155103339,0.155103339,0.155103339,0.617283951
1981-10-11,0.837606838,0.172847354,0.172847354,0.172847354,0.172847354,0.059354226
1981-10-12,0.512820513,0.179553933,0.179553933,0.179553933,0.179553933,0.030864198
1981-10-13,0.393162393,0.539307043,0.539307043,0.539307043,0.539307043,0.080721747
1981-10-14,0.367521368,0.480610868,0.480610868,0.480610868,0.480610868,0.071225071
1981-10-15,0.341880342,0.177625612,0.177625612,0.177625612,0.177625612,0.035612536
1981-10-16,0.324786325,0.172005855,0.172005855,0.172005855,0.172005855,0.033238367
1981-10-17,0.316239316,0.168551191,0.167233003,0.16555245,0.163615234,0.011870845
1981-10-18,0.307692308,0.165142844,0.162589949,0.159335274,0.155583527,0.006647673
1981-10-19,0.290598291,0.161781346,0.15807326,0.153345838,0.147896418,0.026115859
1981-10-20,0.290598291,0.152112849,0.147517266,0.141658377,0.134904687,0.030864198
1981-10-21,0.290598291,0.117019937,0.112650597,0.107080144,0.100658941,0.037986705
1981-10-22,0.290598291,0.105925585,0.101232432,0.095249152,0.088352072,0.045109212
1981-10-23,0.290598291,0.101206516,0.096032834,0.089436929,0.081833661,0.030864198
1981-10-24,0.290598291,0.092814935,0.087451604,0.080613916,0.072731938,0.007359924
1981-10-25,0.290598291,0.088483859,0.082793775,0.075539512,0.067177339,0.005698006
1981-10-26,0.273504274,0.08510534,0.079089382,0.071419662,0.062578582,0.020180437
1981-10-27,0.324786325,0.105699545,0.097567508,0.087200011,0.075249132,0.284900285
1981-10-28,2.564102564,3.662299362,3.358139017,2.970366325,2.523370846,3.086419753
1981-10-29,1.88034188,1.22334549,1.114416999,0.975544541,0.815462715,0.688509022
1981-10-30,1.111111111,0.955068327,0.86442423,0.748862467,0.615651474,0.261158594
1981-10-31,0.846153846,0.947250783,0.851903813,0.730346378,0.590224021,0.109211776
1981-11-01,0.717948718,0.896849863,0.801524456,0.679994512,0.539903843,0.030864198
1981-11-02,0.641025641,0.849045085,0.754113516,0.633085675,0.493573794,0.047483381
1981-11-03,0.58974359,0.803709046,0.709496815,0.589386054,0.450931315,0.056980057
1981-11-04,0.538461538,0.760720113,0.667510345,0.548677618,0.411696101,0.04985755
1981-11-05,0.504273504,0.719962202,0.62799968,0.510757063,0.375608505,0.047483381
1981-11-06,0.495726496,0.99163458,0.85990878,0.691972135,0.498387278,0.040360874
1981-11-07,0.461538462,1.072923534,0.925026411,0.736473017,0.519122706,0.011158594
1981-11-08,0.427350427,0.789059426,0.676414108,0.532803086,0.367258995,0.008547009
1981-11-09,0.418803419,0.695823065,0.593132347,0.462212401,0.311297636,0.033238367
1981-11-10,0.41025641,0.628318043,0.532615451,0.410604635,0.269959654,0.045109212
1981-11-11,0.41025641,0.6327109,0.533398684,0.406785974,0.260836273,0.045109212
1981-11-12,1.452991453,5.262677895,4.412615988,3.328875783,2.079620789,4.154795821
1981-11-13,5.128205128,42.82041055,35.7118716,26.64922639,16.20248397,17.18898386
1981-11-14,7.008547009,39.56408485,32.82195734,24.22644848,14.31818604,7.431149098
1981-11-15,3.675213675,43.06364846,35.53892556,25.94568928,14.88732097,1.092117759
1981-11-16,3.333333333,32.83302586,27.09594993,19.78177692,11.35054302,1.115859449
1981-11-17,6.239316239,43.85126757,36.18892012,26.42022689,15.15960488,2.421652422
1981-11-18,3.333333333,13.13288423,10.83811084,7.912514285,4.54010447,0.997150997
1981-11-19,2.307692308,7.694266922,6.349809856,4.635767426,2.659946972,0.546058879
1981-11-20,1.794871795,6.043381804,4.987392006,3.641115235,2.089227641,0.403608737
1981-11-21,6.41025641,38.91322585,32.1137267,23.44507498,13.4524989,2.279202279
1981-11-22,8.632478632,38.12632241,31.46432276,22.97096855,13.1804624,3.276353276
1981-11-23,6.068376068,125.2193289,103.3391403,75.44418357,43.28895502,1.210826211
1981-11-24,16.41025641,76.95107836,63.50503833,46.36274074,26.6023768,0.878442545
1981-11-25,6.581196581,16.90413379,13.95039143,10.18467823,5.843844507,0.59354226
1981-11-26,4.52991453,10.58205708,8.733002248,6.375650338,3.658270627,0.664767331
1981-11-27,3.504273504,8.247372489,6.80626857,4.96901149,2.851158363,1.115859449
1981-11-28,2.905982906,6.594732343,5.442402357,3.9733019,2.27983231,1.115859449
1981-11-29,2.478632479,5.650257108,4.66295992,3.404259057,1.953322446,0.712250712
1981-11-30,2.136752137,5.047079908,4.165178837,3.04084702,1.744801039,0.427350427
1981-12-01,1.965811966,4.75526126,3.924351094,2.865027361,1.643917857,0.332383666
1981-12-02,1.794871795,5.20124181,4.292403272,3.133728997,1.798095588,0.284900285
1981-12-03,1.794871795,4.39145104,3.624111222,2.645833046,1.518146825,0.261158594
1981-12-04,1.709401709,4.155277392,3.429205356,2.503539295,1.436500401,0.232668566
1981-12-05,1.623931624,3.919118875,3.234311977,2.36125466,1.354859208,0.147198481
1981-12-06,1.623931624,3.710514127,3.062157762,2.235571069,1.282743492,0.118708452
1981-12-07,1.623931624,3.682901864,3.039370325,2.218934782,1.273197793,0.170940171
1981-12-08,1.623931624,3.945166046,3.255807798,2.376947984,1.363863846,0.180436847
1981-12-09,1.88034188,3.918867218,3.234104293,2.361103037,1.354772208,0.308641975
1981-12-10,2.222222222,5.107011085,4.214637944,3.076955332,1.76551955,0.237416904
1981-12-11,1.965811966,4.216412304,3.479657865,2.540372854,1.457635049,0.213675214
1981-12-12,2.393162393,3.742890817,3.088877113,2.255077905,1.293936277,0.161443495
1981-12-13,2.735042735,3.742894051,3.088879782,2.255079853,1.293937395,0.284900285
1981-12-14,2.222222222,7.15447792,5.904340839,4.310546545,2.473339185,0.187559354
1981-12-15,2.478632479,16.51828765,13.63196608,9.95220735,5.710455545,0.232668566
1981-12-16,2.136752137,10.03876602,8.284643108,6.048319482,3.470452163,0.230294397
1981-12-17,2.051282051,6.000232231,4.951782171,3.615117777,2.074310616,0.19705603
1981-12-18,2.478632479,10.69458083,8.82586417,6.443445482,3.697170657,0.783475783
1981-12-19,3.418803419,149.204056,123.1328981,89.89489311,51.58059642,4.273504274
1981-12-20,7.692307692,143.434144,118.3711912,86.41854243,49.58590868,12.67806268
1981-12-21,6.324786325,26.43428043,21.81528872,15.92655641,9.138464378,4.05982906
1981-12-22,4.700854701,13.31785651,10.99076201,8.023959403,4.604050323,1.210826211
1981-12-23,10.25641026,9.121912687,7.527996062,5.495918732,3.15349133,0.759734093
1981-12-24,7.863247863,6.969499393,5.751684519,4.199097665,2.409391173,0.474833808
1981-12-25,6.495726496,5.946411741,4.907365999,3.58269113,2.0557046,0.356125356
1981-12-26,5.641025641,5.5804777,4.605373411,3.362217221,1.929199352,0.308641975
1981-12-27,6.837606838,8.281129467,6.834127025,4.989349944,2.862828321,0.261158594
1981-12-28,5.555555556,5.369285965,4.431084246,3.23497498,1.856189302,0.427350427
1981-12-29,10.68376068,5.527995063,4.562061323,3.330596626,1.911055839,5.484330484
1981-12-30,15.72649573,8.674604431,7.158848175,5.226417158,2.998854605,5.270655271
1981-12-31,11.88034188,5.920144104,4.885688235,3.566864976,2.046623745,1.946818613
1982-01-01,10.5982906,4.557320355,3.760997377,2.745768696,1.575488686,2.540360874
1982-01-02,8.290598291,4.110029433,3.391863795,2.476277566,1.420857953,3.632478632
1982-01-03,6.923076923,3.664064187,3.023824248,2.207585151,1.266685513,1.543209877
1982-01-04,6.239316239,3.219418411,2.656873613,1.939687712,1.11296922,18.68471035
1982-01-05,6.239316239,3.086921744,2.547528739,1.859858959,1.067164452,46.05887939
1982-01-06,5.128205128,3.008226283,2.482584124,1.812445235,1.039959034,8.641975309
1982-01-07,4.52991453,2.957073325,2.440369373,1.781625766,1.022275198,1.828110161
1982-01-08,4.188034188,2.981977722,2.460922102,1.796630573,1.030884773,1.377018044
1982-01-09,3.760683761,2.903273488,2.395970246,1.749211563,1.003676322,1.234567901
1982-01-10,3.504273504,2.878348549,2.375400564,1.734194379,0.995059644,1.092117759
1982-01-11,3.247863248,2.824554597,2.331006293,1.701783721,0.976462803,0.925925926
1982-01-12,3.076923077,2.61468609,2.157809142,1.57533872,0.903910199,0.712250712
1982-01-13,2.905982906,2.432376329,2.007355261,1.465497762,0.840884793,0.617283951
1982-01-14,2.820512821,2.483513795,2.049557226,1.496307897,0.858563274,0.379867047
1982-01-15,2.735042735,2.535546738,2.092498198,1.527657553,0.876551325,0.332383666
1982-01-16,2.564102564,2.455393344,2.0263504,1.479365429,0.848841892,0.308641975
1982-01-17,2.564102564,2.436957837,2.005413093,1.464079855,0.840071215,0.284900285
1982-01-18,2.478632479,2.441843651,2.003728867,1.462850262,0.83936569,0.284900285
1982-01-19,2.478632479,2.370334321,1.939540601,1.415988722,0.812477108,0.474833808
1982-01-20,2.478632479,2.32198525,1.894609793,1.383186357,0.79365551,1.305792972
1982-01-21,2.478632479,2.249730949,1.8304793,1.336366995,0.766791129,1.068376068
1982-01-22,2.222222222,2.147471835,1.742362383,1.272036008,0.729878791,0.617283951
1982-01-23,2.136752137,2.101053275,1.699916864,1.241048063,0.712098286,0.403608737
1982-01-24,2.136752137,2.051392526,1.655090772,1.208322149,0.693320554,0.332383666
1982-01-25,2.051282051,2.192365344,1.763888854,1.287751709,0.73889627,0.332383666
1982-01-26,2.307692308,2.440208642,1.957822349,1.429335567,0.820135366,0.664767331
1982-01-27,2.222222222,2.229031001,1.783418397,1.302009525,0.747077231,0.617283951
1982-01-28,2.222222222,2.182084236,1.741013841,1.271051486,0.729313885,0.902184236
1982-01-29,2.136752137,1.996245897,1.588331239,1.159583419,0.665354864,0.641025641
1982-01-30,2.136752137,1.921217374,1.524412893,1.112918937,0.638579351,0.474833808
1982-01-31,2.051282051,1.924543218,1.522844524,1.111773927,0.637922359,0.356125356
1982-02-01,2.051282051,1.930671974,1.523494497,1.112248449,0.638194633,0.332383666
1982-02-02,2.051282051,1.933989483,1.521926577,1.111103767,0.637537829,0.284900285
1982-02-03,2.051282051,2.105128579,1.652068679,1.206115827,0.692054594,0.284900285
1982-02-04,2.051282051,2.108845773,1.650466966,1.204946474,0.691383633,0.261158594
1982-02-05,1.965811966,2.088018879,1.629714913,1.189796148,0.68269056,0.232668566
1982-02-06,1.965811966,3.1490621,2.451186114,1.789522679,1.02680635,0.218423552
1982-02-07,1.88034188,3.07512107,2.387139253,1.742764373,0.999977003,0.19705603
1982-02-08,1.88034188,2.999385776,2.322046709,1.695242651,0.972709617,0.218423552
1982-02-09,1.88034188,2.921825328,2.255893354,1.64694647,0.944997856,0.230294397
1982-02-10,1.88034188,2.873191182,2.212366744,1.61516926,0.926764479,0.225546059
1982-02-11,1.88034188,2.853699619,2.191450736,1.599899236,0.918002725,0.227920228
1982-02-12,1.794871795,2.832672092,2.169467666,1.583850188,0.908793976,0.206552707
1982-02-13,2.051282051,4.808650679,3.672959009,2.681495055,1.538609252,1.13960114
1982-02-14,7.008547009,40.96633524,31.20746418,22.78344536,13.07286387,1.75688509
1982-02-15,31.96581197,88.20238537,67.58606789,49.32368713,28.08941735,10.47008547
1982-02-16,107.6923077,106.4629037,82.06005572,59.86428213,33.8351872,9.140550807
1982-02-17,32.64957265,28.05879549,21.75556969,15.86515178,8.898894772,2.136752137
1982-02-18,17.86324786,16.08307928,12.54440252,9.144537248,5.090045984,0.973409307
1982-02-19,12.90598291,13.69103915,10.74256671,7.828129008,4.323772535,0.664767331
1982-02-20,11.02564103,15.53423616,12.26207788,8.932074337,4.895290837,0.498575499
1982-02-21,10.08547009,16.4851918,13.09129074,9.532553501,5.183615606,0.403608737
1982-02-22,9.914529915,19.24000186,15.37162479,11.18884516,6.036453623,0.379867047
1982-02-23,9.230769231,14.88549255,11.96509391,8.706036535,4.659780811,0.332383666
1982-02-24,8.205128205,10.70896683,8.660657785,6.299329379,3.344742379,0.284900285
1982-02-25,7.35042735,9.211892458,7.495746105,5.450013165,2.870541478,0.261158594
1982-02-26,6.666666667,7.276716979,5.957672595,4.330108118,2.262231824,0.232668566
1982-02-27,6.239316239,6.313753831,5.201355166,3.779011558,1.958224353,0.22317189
1982-02-28,5.897435897,5.887561258,4.880504702,3.54459179,1.821669839,0.216049383
1982-03-01,7.179487179,6.120721035,5.105581036,3.706693063,1.889218584,2.35042735
1982-03-02,13.07692308,5.440393432,4.566665387,3.314215774,1.675101019,4.05982906
1982-03-03,10.08547009,4.996567897,4.220657625,3.061977737,1.534613244,1.566951567
1982-03-04,8.632478632,4.559961234,3.876343293,2.811153945,1.396978842,0.712250712
1982-03-05,7.863247863,4.031146373,3.448703476,2.500108877,1.231809465,0.498575499
1982-03-06,6.923076923,3.803116271,3.274512906,2.372961109,1.159111733,0.403608737
1982-03-07,6.41025641,3.784059906,3.279130435,2.375437615,1.150266676,0.356125356
1982-03-08,6.068376068,3.610893357,3.149364056,2.280599385,1.094696672,0.356125356
1982-03-09,5.726495726,3.641236628,3.19652949,2.313908742,1.100905524,0.308641975
1982-03-10,6.495726496,10.77435305,9.520436991,6.889154827,3.248608778,0.759734093
1982-03-11,15.98290598,16.94298728,15.06974705,10.90075932,5.094293189,1.282051282
1982-03-12,13.33333333,9.025544724,8.080798899,5.843149363,2.706059906,0.854700855
1982-03-13,10.85470085,7.487044288,6.747935975,4.877594787,2.238341339,0.522317189
1982-03-14,11.1965812,7.903585422,7.17099356,5.181510075,2.355990221,0.712250712
1982-03-15,10.42735043,5.717886541,5.222764948,3.772418961,1.699414628,0.712250712
1982-03-16,9.145299145,4.726487386,4.346388452,3.138271944,1.400546214,0.759734093
1982-03-17,8.205128205,4.248977268,3.949090393,2.857013662,1.321790644,2.207977208
1982-03-18,7.35042735,3.806483505,3.576106364,2.592253472,1.24157726,4.131054131
1982-03-19,6.495726496,3.394665918,3.224108361,2.341677351,1.159615061,1.638176638
1982-03-20,5.897435897,3.127119442,3.002870803,2.185259717,1.117539229,0.807217474
1982-03-21,5.555555556,3.047975279,2.959633175,2.158002235,1.138416179,0.546058879
1982-03-22,5.299145299,3.036882959,2.982254476,2.178737468,1.184379552,0.427350427
1982-03-23,5.042735043,3.155676437,3.134415242,2.294359918,1.283984408,0.356125356
1982-03-24,4.957264957,3.511201408,3.527977303,2.587463494,1.489311342,0.308641975
1982-03-25,4.871794872,3.816491813,3.879719208,2.850957871,1.686317118,0.284900285
1982-03-26,4.957264957,3.579162073,3.68166798,2.71066476,1.646291952,0.664767331
1982-03-27,5.47008547,3.324282747,3.460599733,2.552829899,1.590744647,0.356125356
1982-03-28,6.239316239,3.076677566,3.24182794,2.396064064,1.530761351,0.878442545
1982-03-29,5.811965812,2.587441319,2.759936238,2.043826914,1.337775191,2.682811016
1982-03-30,5.47008547,2.290151319,2.473323602,1.835106423,1.229829875,4.582146249
1982-03-31,5.555555556,2.099825491,2.296453053,1.70715041,1.170656009,21.5337132
1982-04-01,5.555555556,2.041079242,2.260804497,1.683874744,1.18081847,13.01044634
1982-04-02,4.871794872,2.268642068,2.54548725,1.899542098,1.361421011,4.534662868
1982-04-03,5.384615385,2.430717939,2.763225152,2.065970708,1.512528464,4.415954416
1982-04-04,5.726495726,2.456414237,2.829678173,2.119695573,1.584400833,2.255460589
1982-04-05,5.042735043,2.236636599,2.611341431,1.959870362,1.494917726,1.092117759
1982-04-06,4.786324786,2.094079498,2.478422988,1.863652922,1.449935969,0.712250712
1982-04-07,4.52991453,2.009418401,2.411294073,1.816621251,1.440940886,0.522317189
1982-04-08,4.358974359,1.946158914,2.368326188,1.787635726,1.445010706,0.403608737
1982-04-09,4.273504274,1.953905286,2.411784391,1.823887218,1.50182804,0.284900285
1982-04-10,5.042735043,3.673131502,4.599748864,3.485092522,2.922091722,4.772079772
1982-04-11,38.20512821,56.69521454,72.04441597,54.68899121,46.673528,18.11490978
1982-04-12,37.43589744,33.45109063,43.14365151,32.81214269,28.49290692,7.478632479
1982-04-13,19.91452991,15.47898609,20.26754657,15.4431429,13.6400385,2.018043685
1982-04-14,15.04273504,9.019908009,11.99265285,9.155146728,8.221951914,1.234567901
1982-04-15,13.93162393,6.450085444,8.710413253,6.661976018,6.08134676,0.807217474
1982-04-16,13.16239316,5.498766396,7.408207792,5.759767859,5.340299446,0.522317189
1982-04-17,12.56410256,5.58874951,7.511492594,5.936370561,5.587428501,0.403608737
1982-04-18,12.05128205,6.557913139,8.792855071,7.063242158,6.745349132,0.332383666
1982-04-19,11.79487179,7.120495894,9.523923831,7.77583535,7.530909579,0.261158594
1982-04-20,11.62393162,7.138618127,9.524667391,7.903446115,7.759226192,0.237416904
1982-04-21,11.45299145,7.029913062,9.356297131,7.890159982,7.848755765,0.237416904
1982-04-22,11.70940171,8.385494755,11.13241326,9.540405627,9.612046078,0.201804368
1982-04-23,11.96581197,10.53492028,13.95039343,12.14902055,12.39235645,0.182811016
1982-04-24,12.13675214,11.5829735,15.29880934,13.53855391,13.97610976,0.161443495
1982-04-25,12.22222222,10.77253461,14.19140591,12.76096168,13.32736208,0.147198481
1982-04-26,12.22222222,10.84979795,14.25563294,13.02483607,13.75727194,0.14957265
1982-04-27,12.30769231,12.1910178,15.97531047,14.83024148,15.83677363,0.156695157
1982-04-28,12.39316239,13.6269723,17.80902483,16.79726222,18.12929211,0.151946819
1982-04-29,12.39316239,12.19351855,15.8923435,15.22905502,16.60773729,0.144824311
1982-04-30,12.30769231,11.71496191,15.22665093,14.8239573,16.32952944,0.166191833
1982-05-01,12.13675214,14.64145142,18.97747777,18.7699017,20.87976279,0.14957265
1982-05-02,12.05128205,16.59809701,21.45307266,21.55592317,24.20868432,0.159069326
1982-05-03,12.13675214,17.12517241,22.07134238,22.52943159,25.53802874,0.166191833
1982-05-04,12.64957265,17.49902205,22.48824962,23.31917161,26.67342473,0.156695157
1982-05-05,12.22222222,15.63615507,20.0357291,21.10527765,24.35484311,0.170940171
1982-05-06,11.70940171,15.56680747,19.88808662,21.28142503,24.77008879,0.187559354
1982-05-07,11.70940171,17.57110421,22.38182283,24.3287122,28.55526907,0.199430199
1982-05-08,11.45299145,16.46473621,20.90925352,23.08730215,27.32069818,0.166191833
1982-05-09,10.5982906,12.28362612,15.55184093,17.44308607,20.80692585,0.159069326
1982-05-10,9.572649573,7.572153461,9.557183052,10.88867387,13.09010858,0.159069326
1982-05-11,8.632478632,6.437021946,8.099053732,9.373040181,11.35410933,0.182811016
1982-05-12,7.948717949,9.002940487,11.29160463,13.27398595,16.1995072,0.208926876
1982-05-13,7.777777778,12.42057617,15.528085,18.54224418,22.79380528,0.140075973
1982-05-14,7.692307692,13.94921561,17.38254529,21.08417042,26.10321243,0.109211776
1982-05-15,7.435897436,14.52468038,18.04013598,22.2270889,27.70985158,0.166191833
1982-05-16,7.35042735,16.43884203,20.34960358,25.46830712,31.96682321,0.180436847
1982-05-17,7.179487179,16.38151766,20.40127796,25.85456457,32.63511159,0.170940171
1982-05-18,6.837606838,14.9393441,18.71980661,24.02230929,30.49061717,0.161443495
1982-05-19,6.41025641,14.07351904,17.74551431,23.05864412,29.42694562,0.178062678
1982-05-20,6.239316239,15.38067221,19.51767919,25.68051882,32.94828066,0.175688509
1982-05-21,6.068376068,16.91658231,21.6065225,28.7865768,37.12746339,0.170940171
1982-05-22,5.811965812,17.35751509,22.3168642,30.10699173,39.03091943,0.151946819
1982-05-23,5.641025641,18.94838631,24.52713562,33.50502956,43.65646225,0.12345679
1982-05-24,5.384615385,20.49172366,26.70787815,36.94297798,48.37595408,0.118708452
1982-05-25,5.128205128,20.85116981,27.36759892,38.33181103,50.44046555,0.080721747
1982-05-26,4.786324786,20.32168957,26.86410585,38.10012228,50.37698683,0.087844255
1982-05-27,4.52991453,16.604467,22.11091328,31.75364858,42.18425864,0.090218424
1982-05-28,4.273504274,12.25529811,16.44143273,23.90901297,31.9106171,0.106837607
1982-05-29,4.017094017,9.825586337,13.2823608,19.55846577,26.22356769,0.090218424
1982-05-30,3.760683761,8.943994344,12.18480292,18.16847439,24.46957348,0.087844255
1982-05-31,3.58974359,10.64907433,14.62313637,22.07924757,29.86836658,0.030864198
1982-06-01,3.504273504,9.870237918,13.66381155,20.89118946,28.38433608,0.080721747
1982-06-02,3.333333333,9.442038943,13.17959355,20.40539926,27.84318413,0.111585945
1982-06-03,3.247863248,9.122213024,12.84125556,20.13293032,27.58732661,0.118708452
1982-06-04,3.162393162,7.80239254,11.07867859,17.5893167,24.20202582,0.116334283
1982-06-05,3.076923077,6.304065229,9.030639431,14.51932862,20.05955982,0.135327635
1982-06-06,2.991452991,6.0139904,8.693326292,14.15425465,19.63390257,0.159069326
1982-06-07,2.820512821,6.876145994,10.03193728,16.54113224,23.03577967,0.104463438
1982-06-08,2.735042735,7.594320557,11.18509088,18.67696057,26.11174248,0.106837607
1982-06-09,2.64957265,8.355551529,12.42609159,21.01332629,29.49109799,0.113960114
1982-06-10,2.564102564,8.849064753,13.2912966,22.76297056,32.06761499,0.111585945
1982-06-11,2.478632479,8.512410968,12.91631926,22.40319274,31.67852051,0.094966762
1982-06-12,2.393162393,7.052895828,10.81383415,18.99630315,26.95985371,0.078347578
1982-06-13,2.393162393,6.034724537,9.352117862,16.63898212,23.69983945,0.075973409
1982-06-14,2.307692308,6.747296965,10.57161955,19.05001537,27.23086572,0.083095916
1982-06-15,2.222222222,8.109237869,12.84916011,23.45177227,33.64085431,0.106837607
1982-06-16,2.136752137,8.087532251,12.76762804,23.85605698,34.35302114,0.132953466
1982-06-17,2.136752137,7.549907463,11.87394835,22.71549365,32.83419636,0.12345679
1982-06-18,2.136752137,7.115812848,11.14796679,21.83813734,31.68268505,0.12345679
1982-06-19,2.222222222,8.957462079,13.97752951,28.04147898,40.82957733,0.109211776
1982-06-20,2.051282051,6.378681313,9.9130111,20.36984771,29.76431249,0.102089269
1982-06-21,1.965811966,5.91696617,9.157062487,19.27590342,28.26340714,0.128205128
1982-06-22,1.88034188,5.096029017,7.852765761,16.9365889,24.91759013,0.137701804
1982-06-23,1.794871795,4.48973277,6.888016083,15.22349507,22.47161998,0.151946819
1982-06-24,1.794871795,4.037168998,6.165675027,13.96670276,20.6835158,0.163817664
1982-06-25,1.794871795,3.819482691,5.806082223,13.48247761,20.03005235,0.204178538
1982-06-26,1.709401709,3.591351952,5.433179623,12.93595036,19.27813115,0.211301045
1982-06-27,1.709401709,3.532443347,5.317760555,12.98433534,19.40946955,0.237416904
1982-06-28,1.709401709,3.146479168,4.712737748,11.80332652,17.69700014,0.261158594
1982-06-29,2.051282051,3.084569338,4.595918651,11.80978629,17.75878559,0.308641975
1982-06-30,1.88034188,2.413161217,3.576226934,9.430543466,14.22195752,0.125830959
1982-07-01,1.88034188,2.748960416,4.051319847,10.96626619,16.58475333,0.109211776
1982-07-02,1.709401709,2.154605163,3.157257839,8.774796953,13.30735405,0.159069326
1982-07-03,1.623931624,1.921933108,2.799731141,7.991496041,12.15247143,0.056980057
1982-07-04,1.623931624,1.685794371,2.440820977,7.157452353,10.91327203,0.047483381
1982-07-05,1.538461538,1.506809473,2.167985672,6.533143007,9.987513801,0.056980057
1982-07-06,1.538461538,1.401320905,2.003140928,6.205255397,9.510709196,0.109211776
1982-07-07,1.452991453,1.418263394,2.013775535,6.414870734,9.856870021,0.135327635
1982-07-08,1.452991453,1.288159091,1.816365956,5.951996992,9.168369527,0.130579297
1982-07-09,1.367521368,1.135281487,1.589319259,5.359382552,8.275674104,0.135327635
1982-07-10,1.367521368,1.018316096,1.414986298,4.912135071,7.603255284,0.113960114
1982-07-11,1.367521368,0.978211268,1.348796493,4.82234291,7.481866129,0.0997151
1982-07-12,1.282051282,0.931016481,1.273475864,4.691207396,7.295271183,0.109211776
1982-07-13,1.282051282,0.847538351,1.149689454,4.36571633,6.804561258,0.116334283
1982-07-14,1.282051282,0.775822134,1.043354021,4.085990227,6.382826347,0.142450142
1982-07-15,1.196581197,0.689174479,0.918542311,3.711732209,5.81094999,0.156695157
1982-07-16,1.196581197,0.610936771,0.806695659,3.365368226,5.280098251,0.130579297
1982-07-17,1.196581197,0.581747624,0.750456932,2.955577122,4.605733493,0.168566002
1982-07-18,1.111111111,0.528589209,0.667758917,2.486780864,3.848008549,0.194681861
1982-07-19,1.111111111,0.493307551,0.611518948,2.156604648,3.312837774,0.154320988
1982-07-20,1.111111111,0.474981244,0.578784067,1.935542057,2.950844012,0.151946819
1982-07-21,1.025641026,0.459858769,0.551656354,1.751499512,2.649377477,0.137701804
1982-07-22,1.025641026,0.423161762,0.500411156,1.510101743,2.26568294,0.142450142
1982-07-23,1.025641026,0.397815216,0.464280867,1.333022215,1.983126947,0.125830959
1982-07-24,1.025641026,0.387767931,0.447088618,1.22244148,1.802660858,0.0997151
1982-07-25,0.94017094,0.385594907,0.439611296,1.145634174,1.673971883,0.0997151
1982-07-26,0.94017094,0.360510034,0.40674436,1.011051549,1.463272413,0.104463438
1982-07-27,0.94017094,0.331428967,0.370318466,0.878624857,1.259005496,0.118708452
1982-07-28,0.854700855,0.310756225,0.344086654,0.779733044,1.105740066,0.113960114
1982-07-29,0.854700855,0.299780462,0.329131304,0.712762376,0.999844804,0.140075973
1982-07-30,0.820512821,0.269523506,0.29356961,0.60786496,0.843061425,0.140075973
1982-07-31,0.786324786,0.253984116,0.274586497,0.543870556,0.745383746,0.125830959
1982-08-01,0.777777778,0.221915946,0.238237584,0.451570056,0.611213026,0.118708452
1982-08-02,0.777777778,0.21580076,0.230143332,0.417608357,0.557893955,0.113960114
1982-08-03,0.769230769,0.208833401,0.221324222,0.384585878,0.506759383,0.118708452
1982-08-04,0.769230769,0.172647966,0.181895052,0.302759373,0.393205704,0.12345679
1982-08-05,0.752136752,0.163178369,0.170957311,0.272632211,0.348718532,0.0997151
1982-08-06,0.717948718,0.180135249,0.187721607,0.286879336,0.361081984,0.125830959
1982-08-07,0.794871795,0.168955247,0.17518347,0.256589646,0.317508285,0.116334283
1982-08-08,0.846153846,0.190300933,0.19637002,0.275696203,0.335058321,0.087844255
1982-08-09,0.709401709,0.201251959,0.206721904,0.278216996,0.331718879,0.07359924
1982-08-10,0.666666667,0.195263888,0.199697569,0.257648136,0.301014251,0.092592593
1982-08-11,0.658119658,0.193246541,0.196812683,0.243424063,0.278304732,0.104463438
1982-08-12,0.658119658,0.190508332,0.193252953,0.229126603,0.255971911,0.083095916
1982-08-13,0.641025641,0.180262356,0.182164218,0.207022564,0.225624796,0.083095916
1982-08-14,0.632478632,0.170635199,0.171807764,0.187133808,0.198602738,0.047483381
1982-08-15,0.623931624,0.156592994,0.157118922,0.16399308,0.169137215,0.059354226
1982-08-16,0.598290598,0.138293371,0.138293371,0.138293371,0.138293371,0.066476733
1982-08-17,0.572649573,0.122105604,0.122105604,0.122105604,0.122105604,0.075973409
1982-08-18,0.547008547,0.100567281,0.100567281,0.100567281,0.100567281,0.092592593
1982-08-19,0.52991453,0.089499726,0.089499726,0.089499726,0.089499726,0.083095916
1982-08-20,0.52991453,0.089808995,0.089808995,0.089808995,0.089808995,0.075973409
1982-08-21,0.504273504,0.088121421,0.088121421,0.088121421,0.088121421,0.090218424
1982-08-22,0.487179487,0.084843799,0.084843799,0.084843799,0.084843799,0.090218424
1982-08-23,0.478632479,0.083016348,0.083016348,0.083016348,0.083016348,0.090218424
1982-08-24,0.461538462,0.083016348,0.083016348,0.083016348,0.083016348,0.104463438
1982-08-25,0.444444444,0.083016348,0.083016348,0.083016348,0.083016348,0.113960114
1982-08-26,0.435897436,0.083016348,0.083016348,0.083016348,0.083016348,0.090218424
1982-08-27,0.435897436,0.083016348,0.083016348,0.083016348,0.083016348,0.092592593
1982-08-28,0.452991453,0.083016348,0.083016348,0.083016348,0.083016348,0.080721747
1982-08-29,0.487179487,0.083016348,0.083016348,0.083016348,0.083016348,0.097340931
1982-08-30,0.461538462,0.083016348,0.083016348,0.083016348,0.083016348,0.113960114
1982-08-31,0.435897436,0.083016348,0.083016348,0.083016348,0.083016348,0.090218424
1982-09-01,0.418803419,0.083016348,0.083016348,0.083016348,0.083016348,0.102089269
1982-09-02,0.418803419,0.083016348,0.083016348,0.083016348,0.083016348,0.128205128
1982-09-03,0.401709402,0.083016348,0.083016348,0.083016348,0.083016348,0.116334283
1982-09-04,0.401709402,0.083016348,0.083016348,0.083016348,0.083016348,0.083095916
1982-09-05,0.393162393,0.083016348,0.083016348,0.083016348,0.083016348,0.0997151
1982-09-06,0.384615385,0.083016348,0.083016348,0.083016348,0.083016348,0.056980057
1982-09-07,0.384615385,0.083016348,0.083016348,0.083016348,0.083016348,0.066476733
1982-09-08,0.358974359,0.083016348,0.083016348,0.083016348,0.083016348,0.097340931
1982-09-09,0.358974359,0.083016348,0.083016348,0.083016348,0.083016348,0.0997151
1982-09-10,0.367521368,0.083016348,0.083016348,0.083016348,0.083016348,0.085470085
1982-09-11,0.376068376,0.381677523,0.381677523,0.381677523,0.381677523,0.07359924
1982-09-12,0.358974359,0.362207268,0.362207268,0.362207268,0.362207268,0.071225071
1982-09-13,0.358974359,0.342737014,0.342737014,0.342737014,0.342737014,0.102089269
1982-09-14,0.358974359,0.306797259,0.306797259,0.306797259,0.306797259,0.087844255
1982-09-15,0.478632479,0.294412459,0.294412459,0.294412459,0.294412459,0.087844255
1982-09-16,1.111111111,0.295863862,0.295863862,0.295863862,0.295863862,0.178062678
1982-09-17,0.752136752,0.261033462,0.261033462,0.261033462,0.261033462,0.427350427
1982-09-18,0.854700855,0.237269917,0.237269917,0.237269917,0.237269917,0.735992403
1982-09-19,0.854700855,0.345725206,0.345725206,0.345725206,0.345725206,0.140075973
1982-09-20,0.666666667,0.287734801,0.287734801,0.287734801,0.287734801,0.128205128
1982-09-21,0.572649573,0.194397883,0.194397883,0.194397883,0.194397883,0.12345679
1982-09-22,0.521367521,0.167234488,0.167234488,0.167234488,0.167234488,0.111585945
1982-09-23,0.512820513,0.135901097,0.135901097,0.135901097,0.135901097,0.142450142
1982-09-24,1.452991453,0.33873507,0.33873507,0.33873507,0.33873507,0.474833808
1982-09-25,2.478632479,5.397395369,5.397395369,5.397395369,5.397395369,1.471984805
1982-09-26,1.794871795,3.098645885,3.098645885,3.098645885,3.098645885,0.379867047
1982-09-27,1.111111111,0.820115175,0.820115175,0.820115175,0.820115175,0.237416904
1982-09-28,0.94017094,0.395913195,0.395913195,0.395913195,0.395913195,0.130579297
1982-09-29,0.94017094,0.297765235,0.297765235,0.297765235,0.297765235,0.128205128
1982-09-30,0.717948718,0.573925,0.573925,0.573925,0.573925,0.111585945
1982-10-01,0.675213675,0.624240376,0.624240376,0.624240376,0.624240376,0.104463438
1982-10-02,0.64957265,0.507806521,0.507806521,0.507806521,0.507806521,0.106837607
1982-10-03,0.623931624,0.410652624,0.410652624,0.410652624,0.410652624,0.097340931
1982-10-04,0.58974359,0.429262599,0.429262599,0.429262599,0.429262599,0.102089269
1982-10-05,0.572649573,0.79256343,0.79256343,0.79256343,0.79256343,0.12345679
1982-10-06,0.598290598,0.539992783,0.539992783,0.539992783,0.539992783,0.12345679
1982-10-07,0.94017094,0.540245709,0.540245709,0.540245709,0.540245709,0.128205128
1982-10-08,0.658119658,0.56514856,0.56514856,0.56514856,0.56514856,0.118708452
1982-10-09,0.572649573,0.467432544,0.467432544,0.467432544,0.467432544,0.132953466
1982-10-10,0.538461538,0.409271094,0.409271094,0.409271094,0.409271094,0.121082621
1982-10-11,0.512820513,0.352070705,0.352070705,0.352070705,0.352070705,0.071225071
1982-10-12,0.495726496,0.58101276,0.58101276,0.58101276,0.58101276,0.080721747
1982-10-13,0.495726496,0.562559947,0.562559947,0.562559947,0.562559947,0.066476733
1982-10-14,0.487179487,0.522865964,0.522865964,0.522865964,0.522865964,0.071225071
1982-10-15,0.47008547,0.702102757,0.702102757,0.702102757,0.702102757,0.042735043
1982-10-16,0.47008547,0.662454127,0.662454127,0.662454127,0.662454127,0.035612536
1982-10-17,0.461538462,0.602441933,0.591038689,0.578344658,0.571775313,0.026115859
1982-10-18,0.461538462,0.59312523,0.571263229,0.546926564,0.534331989,0.04985755
1982-10-19,0.452991453,0.531690597,0.503049094,0.47116552,0.454665311,0.059354226
1982-10-20,0.461538462,0.463243633,0.430804176,0.39469274,0.376004551,0.04985755
1982-10-21,0.521367521,0.94933205,0.868263365,0.778018124,0.731314912,0.059354226
1982-10-22,0.615384615,1.107888053,0.997064487,0.873696265,0.809851433,0.071225071
1982-10-23,1.196581197,8.885997172,7.873121452,6.745593428,6.162081433,0.178062678
1982-10-24,1.111111111,12.70346921,11.08625775,9.285986297,8.354319888,0.156695157
1982-10-25,4.102564103,47.53767008,40.88091786,33.47065563,29.63573818,2.160493827
1982-10-26,7.606837607,46.62278368,39.52663401,31.6272368,27.53918496,2.160493827
1982-10-27,2.478632479,10.29382191,8.607104657,6.729459719,5.757751416,0.474833808
1982-10-28,1.709401709,6.779324171,5.592773984,4.271912438,3.588347562,0.284900285
1982-10-29,1.452991453,5.007117985,4.07711542,3.041841365,2.506072128,0.356125356
1982-10-30,3.418803419,17.42273442,14.00755779,10.20580079,8.238336776,3.893637227
1982-10-31,2.478632479,9.042870695,7.180970488,5.108312784,4.035682567,0.878442545
1982-11-01,1.794871795,5.666988807,4.44634615,3.087533042,2.384327686,0.379867047
1982-11-02,1.538461538,4.553333887,3.530952327,2.392842451,1.803854196,0.218423552
1982-11-03,1.282051282,4.233883028,3.245968652,2.146227467,1.577095562,0.189933523
1982-11-04,1.196581197,4.159342742,3.153549091,2.03390479,1.454472735,0.154320988
1982-11-05,1.111111111,3.888030107,2.916051462,1.834049851,1.274098431,0.140075973
1982-11-06,1.025641026,3.651666887,2.709966217,1.661669891,1.119161442,0.132953466
1982-11-07,1.025641026,3.0930447,2.271841576,1.357682496,0.884592004,0.116334283
1982-11-08,1.025641026,2.861496294,2.080711403,1.211545691,0.761739915,0.161443495
1982-11-09,0.94017094,2.716561701,1.955999256,1.109345067,0.671189328,0.308641975
1982-11-10,1.025641026,2.369073676,1.689498966,0.932999906,0.541500745,0.807217474
1982-11-11,0.94017094,1.642377318,1.160322485,0.623701532,0.34599246,0.261158594
1982-11-12,0.94017094,1.432069617,1.002510662,0.524327851,0.276861358,0.159069326
1982-11-13,0.854700855,2.035469724,1.412205896,0.718391818,0.359333039,0.12345679
1982-11-14,0.846153846,1.927575212,1.32568238,0.655658386,0.308911317,0.109211776
1982-11-15,0.803418803,1.851145635,1.262254163,0.606703216,0.267446158,0.135327635
1982-11-16,0.803418803,1.744687048,1.189662471,0.571811976,0.252065445,0.137701804
1982-11-17,0.854700855,2.205301931,1.503745298,0.722776074,0.318613251,1.661918329
1982-11-18,11.28205128,18.85266727,12.85520561,6.178862241,2.723758376,10.84995252
1982-11-19,7.35042735,10.10380367,6.889554235,3.311468351,1.459757364,3.086419753
1982-11-20,3.846153846,6.030614916,4.112139338,1.976502224,0.871279255,0.641025641
1982-11-21,2.905982906,4.790689294,3.266662219,1.570123143,0.692139733,0.332383666
1982-11-22,3.162393162,4.826262428,3.290918731,1.58178205,0.697279198,1.495726496
1982-11-23,3.247863248,4.896890167,3.339078182,1.604929919,0.707483213,2.018043685
1982-11-24,2.64957265,4.188635718,2.85613556,1.37280326,0.605157427,0.712250712
1982-11-25,2.307692308,3.945846138,2.690582859,1.293230256,0.570080154,0.284900285
1982-11-26,2.136752137,3.733289565,2.545645361,1.22356596,0.539370826,0.19705603
1982-11-27,1.965811966,3.627181255,2.473292514,1.188789521,0.52404072,0.211301045
1982-11-28,3.247863248,6.354336077,4.332877445,2.082600127,0.9180492,0.830959164
1982-11-29,6.666666667,7.346258961,5.00924713,2.40769762,1.061358273,5.175688509
1982-11-30,11.02564103,5.114563228,3.487504498,1.676271116,0.738931751,16.23931624
1982-12-01,6.581196581,4.8288219,3.292663977,1.582620903,0.69764898,2.872744539
1982-12-02,4.786324786,4.191064588,2.857791751,1.373599309,0.605508341,0.997150997
1982-12-03,4.188034188,3.838638853,2.617480647,1.258093634,0.554591272,0.56980057
1982-12-04,3.760683761,4.084957869,2.78543999,1.338823392,0.590178464,0.379867047
1982-12-05,3.418803419,4.332709585,2.954376257,1.420022709,0.625972646,0.308641975
1982-12-06,3.162393162,4.155774123,2.833727984,1.362033045,0.600409715,0.261158594
1982-12-07,2.905982906,3.659716113,2.495477294,1.199452649,0.528741227,0.230294397
1982-12-08,2.735042735,3.234726898,2.205686801,1.060164676,0.467340475,0.206552707
1982-12-09,2.64957265,3.234696806,2.205666282,1.060154814,0.467336128,0.189933523
1982-12-10,2.478632479,3.270104443,2.229809946,1.07175948,0.472451682,0.166191833
1982-12-11,2.393162393,3.518047536,2.39887671,1.153021521,0.508273514,0.154320988
1982-12-12,2.393162393,3.553441405,2.423010985,1.164621674,0.51338708,0.356125356
1982-12-13,2.393162393,3.482583391,2.374694515,1.141398334,0.503149796,0.308641975
1982-12-14,2.222222222,3.022101405,2.060702307,0.990477792,0.43662119,0.261158594
1982-12-15,2.136752137,2.845004488,1.939943942,0.932435212,0.411034932,0.206552707
1982-12-16,2.136752137,2.738708255,1.867462955,0.897597183,0.395677675,0.17331434
1982-12-17,4.52991453,4.084669008,2.785243022,1.338728719,0.590136731,0.284900285
1982-12-18,3.504273504,3.234580908,2.205587254,1.060116829,0.467319383,0.170940171
1982-12-19,3.162393162,2.986603258,2.036496927,0.978843462,0.431492559,0.168566002
1982-12-20,5.384615385,4.651338685,3.171642204,1.524451716,0.672006911,1.495726496
1982-12-21,27.17948718,8.40588406,5.731781418,2.754984156,1.214448693,15.52706553
1982-12-22,46.32478632,6.672068455,4.549531937,2.186735238,0.963953911,23.21937322
1982-12-23,31.28205128,6.49314147,4.42752569,2.128092863,0.938103252,14.57739791
1982-12-24,15.38461538,4.580420426,3.123284653,1.501208631,0.661760923,3.300094967
1982-12-25,10.51282051,3.942853817,2.688542464,1.292249538,0.569647836,1.994301994
1982-12-26,8.034188034,3.65945151,2.495296868,1.199365927,0.528702998,1.353276353
1982-12-27,6.495726496,3.305229933,2.25376122,1.083271674,0.477526473,0.854700855
1982-12-28,5.555555556,3.057265845,2.08468014,1.002002752,0.441701608,0.474833808
1982-12-29,4.871794872,2.84474357,1.939766028,0.932349698,0.410997235,0.308641975
1982-12-30,4.358974359,2.703027042,1.843132746,0.885902853,0.390522595,0.284900285
1982-12-31,3.931623932,2.676361612,1.824950195,0.877163399,0.38667008,0.192307692
1983-01-01,3.58974359,2.568416262,1.751344713,0.84178488,0.371074565,0.166191833
1983-01-02,3.418803419,2.534767149,1.728400147,0.830756561,0.366213075,0.180436847
1983-01-03,3.162393162,2.533002559,1.727196913,0.830178226,0.365958134,0.178062678
1983-01-04,3.076923077,2.534773807,1.728404687,0.830758743,0.366214037,0.194681861
1983-01-05,2.905982906,2.745528055,1.872113222,0.899832336,0.396662972,0.178062678
1983-01-06,2.820512821,2.924401108,1.994082694,0.958457036,0.42250584,0.170940171
1983-01-07,2.735042735,3.030669536,2.066544721,0.993285952,0.437859079,0.166191833
1983-01-08,2.735042735,3.241427113,2.210255526,1.062360636,0.468308496,0.14957265
1983-01-09,2.64957265,3.136937277,2.13900628,1.028114644,0.45321222,0.140075973
1983-01-10,2.564102564,2.958070882,2.017041348,0.969492126,0.427370315,0.147198481
1983-01-11,2.478632479,3.066099884,2.090703871,1.004898062,0.442977915,0.137701804
1983-01-12,2.478632479,3.206016738,2.186109996,1.050755073,0.463192546,0.137701804
1983-01-13,2.478632479,3.31404907,2.259774789,1.086162099,0.478800627,0.137701804
1983-01-14,2.393162393,3.702821588,2.524869939,1.213580241,0.534968934,0.130579297
1983-01-15,2.393162393,3.561208115,2.428306928,1.167167173,0.514509183,0.137701804
1983-01-16,2.64957265,3.667541148,2.500813008,1.202017263,0.529871757,0.356125356
1983-01-17,2.64957265,3.499289978,2.379312031,1.143617746,0.504128154,0.187559354
1983-01-18,2.991452991,3.579334599,2.426843122,1.166463593,0.514199032,1.828110161
1983-01-19,3.504273504,3.659732283,2.47433979,1.189292895,0.524262616,2.92022792
1983-01-20,2.991452991,3.311164296,2.232358993,1.072984681,0.472991774,1.044634378
1983-01-21,2.820512821,3.140102813,2.111072317,1.014688168,0.447293577,0.546058879
1983-01-22,6.495726496,3.903085159,2.616651268,1.257694992,0.554415544,6.172839506
1983-01-23,6.239316239,4.020953906,2.688116686,1.292044888,0.569557622,5.389363723
1983-01-24,19.4017094,5.656993752,3.771277908,1.812666975,0.799057604,15.69325736
1983-01-25,12.22222222,4.25830582,2.830910255,1.360678702,0.599812695,4.273504274
1983-01-26,10.25641026,3.760478929,2.492995047,1.198259556,0.528215288,5.911680912
1983-01-27,11.1965812,3.514965839,2.323758231,1.116915779,0.492357426,16.61918329
1983-01-28,8.888888889,3.450646135,2.274910914,1.093437287,0.482007666,5.460588794
1983-01-29,7.948717949,3.276047571,2.153827188,1.035238322,0.456352471,9.87654321
1983-01-30,6.837606838,3.064257287,2.009023904,0.965638537,0.42567158,9.235517569
1983-01-31,5.982905983,2.924729983,1.912262014,0.919129877,0.40516969,4.154795821
1983-02-01,5.47008547,2.857914442,1.863438647,0.895662897,0.394825005,2.991452991
1983-02-02,5.042735043,2.827945149,1.838838592,0.883838865,0.38961275,2.041785375
1983-02-03,4.700854701,2.760767285,1.790241691,0.860480736,0.379316049,1.329534663
1983-02-04,4.444444444,2.656123042,1.717678058,0.825602983,0.363941281,0.759734093
1983-02-05,4.102564103,2.625348717,1.693147329,0.813812273,0.358743715,0.783475783
1983-02-06,4.871794872,2.63169425,1.692621319,0.813559446,0.358632264,2.160493827
1983-02-07,12.13675214,3.759520837,2.411437063,1.159058662,0.510934799,10.28015195
1983-02-08,16.32478632,5.304710108,3.393333752,1.631007891,0.718978872,8.926875594
1983-02-09,12.39316239,3.927805605,2.505756158,1.204393191,0.53091911,2.89648623
1983-02-10,10.5982906,3.52302597,2.241459866,1.077359021,0.474920065,1.377018044
1983-02-11,8.974358974,3.455933047,2.192851058,1.053995168,0.464620841,0.854700855
1983-02-12,12.73504274,5.771714788,3.652411888,1.755533951,0.773872295,3.276353276
1983-02-13,22.73504274,9.008399918,5.685333978,2.732659166,1.204607418,10.37511871
1983-02-14,14.78632479,6.217096898,3.913197384,1.880880656,0.829127474,2.30294397
1983-02-15,11.88034188,5.240619036,3.318032002,1.594215243,0.697480586,1.068376068
1983-02-16,10.17094017,4.612270894,2.937496163,1.410849916,0.612589342,0.712250712
1983-02-17,8.803418803,4.289508249,2.748180791,1.31942938,0.568533768,0.617283951
1983-02-18,9.316239316,4.379300885,2.822466219,1.354587816,0.579210595,1.471984805
1983-02-19,8.461538462,3.986606428,2.58478548,1.240054287,0.526146453,0.688509022
1983-02-20,7.692307692,3.781846545,2.466796574,1.183007583,0.498043367,0.427350427
1983-02-21,7.179487179,3.615675871,2.372676078,1.137446192,0.475117363,0.308641975
1983-02-22,6.837606838,3.706415606,2.446999942,1.172640268,0.485961243,0.308641975
1983-02-23,6.752136752,4.340461124,2.883089174,1.381107781,0.567815467,0.332383666
1983-02-24,6.581196581,4.534376139,3.030356425,1.451115825,0.591834397,0.284900285
1983-02-25,7.521367521,4.366866794,2.936376961,1.405591944,0.568658,2.065527066
1983-02-26,9.230769231,4.057971491,2.745543995,1.313757355,0.527200406,2.492877493
1983-02-27,11.53846154,3.787653666,2.578571736,1.233404385,0.490918354,5.484330484
1983-02-28,16.83760684,4.085343281,2.79858933,1.338151164,0.528233926,6.718898386
1983-03-01,25.55555556,7.374268767,5.083273761,2.429682066,0.951177602,11.56220323
1983-03-02,23.33333333,6.215600408,4.311555045,2.06006083,0.799754272,9.662867996
1983-03-03,18.63247863,5.208199469,3.635610098,1.736456007,0.668463261,4.297245964
1983-03-04,15.2991453,4.453486349,3.128537281,1.493717284,0.57015356,3.205128205
1983-03-05,13.67521368,4.188335143,2.961058376,1.413236488,0.534835156,2.136752137
1983-03-06,13.07692308,4.165269431,2.963643364,1.413952519,0.530509467,1.780626781
1983-03-07,15.98290598,5.468680495,3.916118299,1.867694814,0.694685925,5.864197531
1983-03-08,14.95726496,5.945547871,4.285177397,2.0429623,0.753247676,2.587844255
1983-03-09,13.07692308,6.147619268,4.459652082,2.125368175,0.776741619,1.234567901
1983-03-10,13.07692308,7.851782032,5.733144842,2.731290956,0.989338508,1.804368471
1983-03-11,14.1025641,9.50326642,6.984607069,3.326282266,1.194097149,2.469135802
1983-03-12,16.92307692,9.482046362,7.01502847,3.339556824,1.188068693,7.264957265
1983-03-13,104.2735043,60.54441704,45.08933316,21.45733096,7.564296803,32.76353276
1983-03-14,40.17094017,31.00884887,23.24726827,11.05901663,3.862931029,10.32763533
1983-03-15,22.99145299,17.7016285,13.35981588,6.353133216,2.198684153,4.463437797
1983-03-16,17.35042735,12.3974552,9.41966233,4.477812839,1.535258583,3.988603989
1983-03-17,14.52991453,10.09561695,7.754248985,3.693503283,1.313609397,4.154795821
1983-03-18,12.39316239,8.028952681,6.234722014,2.97564748,1.096188866,4.036087369
1983-03-19,10.76923077,6.661001216,5.229946649,2.501063896,0.953048786,2.991452991
1983-03-20,9.829059829,6.187296982,4.912556115,2.35394176,0.926668123,4.368471035
1983-03-21,9.145299145,5.630703632,4.521352677,2.170774766,0.881800618,6.267806268
1983-03-22,8.632478632,5.145230358,4.178891859,2.010310987,0.841721738,6.006647673
1983-03-23,7.948717949,4.699080186,3.860755881,1.86092017,0.802297851,6.172839506
1983-03-24,7.606837607,4.350460178,3.616193171,1.746456921,0.774548944,6.196581197
1983-03-25,7.094017094,4.096433958,3.445357573,1.667204949,0.759921477,3.395061728
1983-03-26,6.581196581,3.760181791,3.200408011,1.551693933,0.726278365,1.970560304
1983-03-27,6.923076923,3.688301613,3.177229943,1.543451498,0.741236733,2.32668566
1983-03-28,6.495726496,3.418963431,2.981269833,1.451064997,0.714474249,1.377018044
1983-03-29,6.153846154,3.294825341,2.908600927,1.418432212,0.715534663,0.807217474
1983-03-30,6.495726496,3.587003157,3.206196676,1.566574709,0.8090932,0.546058879
1983-03-31,12.90598291,15.63644727,14.15358303,6.928855457,3.661443874,0.403608737
1983-04-01,10.25641026,10.03325569,9.198243752,4.511612928,2.437800969,0.284900285
1983-04-02,10.34188034,7.672300934,7.125081083,3.501436178,1.933451336,0.332383666
1983-04-03,9.487179487,5.682957285,5.346970957,2.632639527,1.484759819,0.284900285
1983-04-04,8.803418803,4.858040018,4.631627441,2.284767717,1.315385477,0.230294397
1983-04-05,8.034188034,4.33436083,4.188016121,2.069852262,1.215837142,0.204178538
1983-04-06,7.521367521,4.050374007,3.967004525,1.964327896,1.176694694,0.170940171
1983-04-07,7.094017094,4.096886586,4.068003211,2.018136734,1.232287373,0.161443495
1983-04-08,6.923076923,4.731763412,4.764174597,2.367951046,1.473167615,0.159069326
1983-04-09,6.837606838,5.517914521,5.634515262,2.805789655,1.777735202,0.140075973
1983-04-10,6.581196581,5.106869497,5.289749943,2.639033794,1.70220353,0.137701804
1983-04-11,6.239316239,4.397917212,4.621791716,2.31009164,1.516280279,0.121082621
1983-04-12,6.068376068,3.870027136,4.127117272,2.066676298,1.37988328,0.113960114
1983-04-13,5.811965812,3.516196778,3.80596239,1.909390439,1.296362458,0.125830959
1983-04-14,5.555555556,3.306793441,3.633695753,1.826338256,1.260442054,0.111585945
1983-04-15,5.384615385,3.235792159,3.610494292,1.818023674,1.274984673,0.116334283
1983-04-16,5.384615385,3.605229112,4.012762248,2.055650875,1.465349342,0.104463438
1983-04-17,5.384615385,4.549498904,5.051149268,2.632195764,1.905981028,0.121082621
1983-04-18,5.555555556,4.956814795,5.48955156,2.909628205,2.138875244,1.092117759
1983-04-19,5.726495726,6.333085114,6.995977344,3.771149982,2.812702219,0.237416904
1983-04-20,7.008547009,7.592983668,8.366343223,4.586057551,3.468646661,0.163817664
1983-04-21,6.837606838,6.737917173,7.405086938,4.127313715,3.164028188,0.104463438
1983-04-22,6.837606838,7.289696722,7.990726495,4.528074592,3.516677158,0.080721747
1983-04-23,7.606837607,7.683467102,8.400347872,4.839187225,3.805768324,1.044634378
1983-04-24,7.435897436,5.704366611,6.220159162,3.642366875,2.899478405,0.830959164
1983-04-25,7.179487179,4.691765756,5.102407147,3.036860325,2.445975791,0.332383666
1983-04-26,6.837606838,4.158557802,4.510418311,2.728323004,2.222532238,0.185185185
1983-04-27,7.094017094,3.97565767,4.300399476,2.643504052,2.177205005,0.664767331
1983-04-28,12.13675214,4.351121428,4.693719024,2.931869515,2.440511728,12.03703704
1983-04-29,14.87179487,4.296264774,4.62182175,2.933340135,2.467020131,9.615384615
1983-04-30,14.27350427,4.114299864,4.41381818,2.846110772,2.417686177,4.202279202
1983-05-01,12.56410256,3.729184543,3.989501791,2.613434982,2.241650323,1.709401709
1983-05-02,11.1965812,3.741301814,3.99120137,2.655956618,2.299647625,0.759734093
1983-05-03,10.68376068,5.130801115,5.457979052,3.689293272,3.22366068,0.403608737
1983-05-04,10.5982906,7.614215677,8.076574297,5.545020945,4.888347383,0.284900285
1983-05-05,10.34188034,6.243205709,6.603199284,4.604333738,4.094210901,0.451092118
1983-05-06,9.914529915,4.877611987,5.143846693,3.642583293,3.266283645,0.261158594
1983-05-07,9.572649573,5.451686963,5.732377828,4.122294547,3.726706744,0.201804368
1983-05-08,9.316239316,6.986189191,7.324135075,5.348326226,4.873610312,0.166191833
1983-05-09,8.974358974,6.548065975,6.844314885,5.074863619,4.660288443,0.151946819
1983-05-10,8.632478632,6.5930749,6.870598218,5.172472817,4.785800805,0.118708452
1983-05-11,8.205128205,6.033742949,6.268613229,4.791392167,4.465828465,0.102089269
1983-05-12,8.376068376,8.106604031,8.39634202,6.515460593,6.116297223,0.097340931
1983-05-13,8.974358974,10.4161204,10.75503539,8.472481634,8.009023551,0.14957265
1983-05-14,8.717948718,12.64843986,13.01923727,10.41137282,9.908951286,0.130579297
1983-05-15,9.05982906,16.85981598,17.29943872,14.04296558,13.45418426,0.116334283
1983-05-16,8.974358974,17.11703154,17.50757254,14.42575745,13.91062854,0.111585945
1983-05-17,8.717948718,15.77709882,16.23951427,13.5577775,13.15116574,0.118708452
1983-05-18,9.05982906,18.58569408,19.25380232,16.28594949,15.88907729,0.128205128
1983-05-19,9.743589744,24.59051994,25.64140363,21.97345847,21.55946851,0.125830959
1983-05-20,10,29.40080065,30.86137426,26.79239049,26.43328927,0.130579297
1983-05-21,10.51282051,31.57883954,33.37191494,29.34925147,29.11285189,0.144824311
1983-05-22,10.85470085,33.5087279,35.65494876,31.76406729,31.67534732,0.118708452
1983-05-23,10.94017094,35.57486728,38.11811356,34.39769432,34.47969262,0.113960114
1983-05-24,10.5982906,34.59382625,37.33048036,34.12125215,34.37641403,0.121082621
1983-05-25,10.5982906,37.68560695,40.96088703,37.9207163,38.39440885,0.125830959
1983-05-26,10.5982906,38.50650281,42.16092995,39.53175015,40.22064719,0.137701804
1983-05-27,10.17094017,39.47443503,43.54408456,41.35015233,42.27160905,0.135327635
1983-05-28,9.487179487,40.40843579,44.91369798,43.19393565,44.36306115,0.07359924
1983-05-29,8.974358974,40.95382069,45.87253204,44.67629214,46.09593067,0.059354226
1983-05-30,7.948717949,35.58038619,40.16798867,39.61593185,41.05848906,0.075973409
1983-05-31,7.435897436,35.8077056,40.74913583,40.69668179,42.3644681,0.106837607
1983-06-01,6.666666667,25.72371485,29.5128534,29.84616378,31.20355749,0.379867047
1983-06-02,5.982905983,19.71940763,22.81245183,23.35997608,24.52590593,0.111585945
1983-06-03,5.641025641,25.37289514,29.60163016,30.69205959,32.35795279,0.090218424
1983-06-04,5.384615385,29.05926901,34.1953243,35.8983458,38.00126375,0.116334283
1983-06-05,5.128205128,29.13925323,34.59138378,36.7672155,39.07690451,0.106837607
1983-06-06,4.957264957,29.2058502,34.98163328,37.64490679,40.16701681,0.116334283
1983-06-07,4.786324786,27.23791864,32.92307464,35.86976744,38.42066368,0.135327635
1983-06-08,4.700854701,24.85488765,30.32301877,33.44658449,35.96092776,0.125830959
1983-06-09,4.444444444,25.70107785,31.65385127,35.34651793,38.14514236,0.121082621
1983-06-10,4.273504274,28.59447171,35.55944179,40.19812159,43.5394884,0.083095916
1983-06-11,4.273504274,33.29481091,41.81507087,47.85252316,52.0163162,0.075973409
1983-06-12,3.846153846,22.97437967,29.14554405,33.76418029,36.83164455,0.07359924
1983-06-13,3.58974359,22.61918357,28.99139133,33.9982388,37.21560983,0.092592593
1983-06-14,3.418803419,24.64150468,31.91669734,37.88788128,41.61474249,0.182811016
1983-06-15,3.247863248,24.24837805,31.74608302,38.14693433,42.03971049,0.185185185
1983-06-16,3.162393162,23.35163313,30.4517497,37.52100004,41.52060327,0.201804368
1983-06-17,2.991452991,26.11708046,33.92105253,42.85804176,47.61684858,0.204178538
1983-06-18,2.905982906,21.59470366,27.93203124,36.1891192,40.36429793,0.216049383
1983-06-19,2.820512821,17.41581837,22.43206584,29.80384964,33.36850742,0.220797721
1983-06-20,2.735042735,17.38746368,22.29922988,30.38359542,34.14321693,0.237416904
1983-06-21,2.64957265,18.39915702,23.4928907,32.82873191,37.02353055,0.261158594
1983-06-22,2.564102564,21.06711003,26.7783317,38.37913968,43.43468494,0.237416904
1983-06-23,2.478632479,22.78632798,28.83011785,42.3820102,48.12841527,0.220797721
1983-06-24,2.393162393,20.03607333,25.23074121,38.04710258,43.34934354,0.235042735
1983-06-25,2.307692308,19.21610519,24.08119908,37.25314253,42.58224542,0.216049383
1983-06-26,2.222222222,18.65675838,23.26443029,36.92419663,42.33958015,0.227920228
1983-06-27,2.222222222,17.48973066,21.69846599,35.33670065,40.64412368,0.230294397
1983-06-28,2.136752137,15.73330221,19.41778029,32.45064847,37.43683055,0.237416904
1983-06-29,2.136752137,15.45529429,18.97285547,32.54137642,37.65167994,0.237416904
1983-06-30,2.051282051,14.70235348,17.94971835,31.60072722,36.66808183,0.237416904
1983-07-01,2.051282051,13.73034302,16.66881562,30.12600316,35.05470322,0.237416904
1983-07-02,2.136752137,19.55085306,23.59806048,43.7901055,51.09359106,0.227920228
1983-07-03,1.965811966,14.14115147,16.96737213,32.33309971,37.82652059,0.189933523
1983-07-04,1.88034188,15.59473389,18.59756621,36.39962125,42.69513718,0.130579297
1983-07-05,1.794871795,16.90094414,20.0291978,40.27097478,47.35664644,0.106837607
1983-07-06,1.794871795,14.81455409,17.44369719,36.03627615,42.48264488,0.097340931
1983-07-07,1.709401709,10.80823011,12.64216479,26.840206,31.71879813,0.080721747
1983-07-08,1.709401709,7.949535803,9.235097975,20.15416016,23.87437339,0.068850902
1983-07-09,1.709401709,6.712367542,7.743200426,17.37416834,20.62935239,0.090218424
1983-07-10,1.623931624,6.851198004,7.846291693,18.1057215,21.54717284,0.090218424
1983-07-11,1.538461538,7.970368719,9.060107078,21.50633476,25.65151509,0.071225071
1983-07-12,1.538461538,8.76878573,9.891237284,24.1593801,28.879155,0.083095916
1983-07-13,1.452991453,8.345888267,9.339730798,23.48004601,28.12744261,0.109211776
1983-07-14,1.452991453,8.349898946,9.26793179,23.98896028,28.79761119,0.106837607
1983-07-15,1.452991453,7.098298784,7.812307627,20.82639934,25.05270706,0.118708452
1983-07-16,1.452991453,5.684781474,6.20211739,17.03457955,20.53286537,0.097340931
1983-07-17,1.367521368,5.269742422,5.720269751,15.15383138,18.20034974,0.059354226
1983-07-18,1.367521368,4.799251811,5.184611922,13.25364151,15.85949153,0.078347578
1983-07-19,1.367521368,4.467461989,4.804244417,11.85610916,14.13347122,0.092592593
1983-07-20,1.367521368,4.109811807,4.400537224,10.48801729,12.45393648,0.151946819
1983-07-21,1.367521368,4.234568119,4.515473744,10.39733785,12.29685446,0.180436847
1983-07-22,1.282051282,4.545759237,4.828314063,10.74471068,12.65537937,0.154320988
1983-07-23,1.282051282,4.166051377,4.408462837,9.48430019,11.12351476,0.140075973
1983-07-24,1.282051282,3.972315705,4.188447492,8.714016547,10.17552491,0.130579297
1983-07-25,1.282051282,3.891053209,4.088760441,8.228538951,9.565458318,0.140075973
1983-07-26,1.196581197,3.398638021,3.559660483,6.931299042,8.020151713,0.130579297
1983-07-27,1.196581197,3.226653674,3.368954326,6.348578168,7.310831779,0.144824311
1983-07-28,1.196581197,3.217406965,3.349223153,6.109313489,7.000669926,0.151946819
1983-07-29,1.111111111,3.163474295,3.283601994,5.798947866,6.611265385,0.161443495
1983-07-30,1.111111111,3.17588134,3.287367311,5.621764595,6.375645734,0.147198481
1983-07-31,1.111111111,2.982253739,3.078740392,5.099067976,5.751521982,0.144824311
1983-08-01,1.025641026,2.834045076,2.918258877,4.681606015,5.251069559,0.144824311
1983-08-02,1.025641026,3.102991679,3.187336012,4.953416376,5.5237626,0.151946819
1983-08-03,1.025641026,2.903756752,2.97561642,4.480281204,4.966204662,0.159069326
1983-08-04,1.025641026,2.656140639,2.715653931,3.96179876,4.364234579,0.163817664
1983-08-05,1.025641026,2.210537201,2.255085548,3.187880412,3.489121534,0.163817664
1983-08-06,0.94017094,1.689624243,1.720008183,2.35621548,2.56167523,0.118708452
1983-08-07,0.94017094,1.696518855,1.723478607,2.287987046,2.470292033,0.113960114
1983-08-08,0.94017094,1.413957664,1.433575194,1.844345358,1.977001389,0.078347578
1983-08-09,0.94017094,1.379556258,1.396011193,1.740559976,1.851830165,0.075973409
1983-08-10,0.94017094,1.119748294,1.130999625,1.366590482,1.442673291,0.090218424
1983-08-11,0.94017094,1.085274799,1.094208752,1.2812762,1.341688633,0.075973409
1983-08-12,0.854700855,0.959627721,0.965842452,1.0959723,1.13799704,0.102089269
1983-08-13,0.829059829,0.846673744,0.850718967,0.935421613,0.962775881,0.092592593
1983-08-14,0.94017094,0.681101534,0.683236094,0.727931504,0.742365648,0.097340931
1983-08-15,1.196581197,1.843482545,1.846325561,1.905855276,1.92508008,0.140075973
1983-08-16,0.94017094,1.730463947,1.730463947,1.730463947,1.730463947,0.161443495
1983-08-17,0.854700855,0.958061891,0.958061891,0.958061891,0.958061891,0.156695157
1983-08-18,0.854700855,0.814250973,0.814250973,0.814250973,0.814250973,0.140075973
1983-08-19,1.025641026,0.952313916,0.952313916,0.952313916,0.952313916,0.140075973
1983-08-20,1.196581197,1.220577699,1.220577699,1.220577699,1.220577699,0.106837607
1983-08-21,1.025641026,0.836326555,0.836326555,0.836326555,0.836326555,0.113960114
1983-08-22,1.025641026,2.476298731,2.476298731,2.476298731,2.476298731,0.125830959
1983-08-23,0.94017094,1.201930821,1.201930821,1.201930821,1.201930821,0.140075973
1983-08-24,0.94017094,0.815732975,0.815732975,0.815732975,0.815732975,0.140075973
1983-08-25,0.854700855,0.813617346,0.813617346,0.813617346,0.813617346,0.144824311
1983-08-26,0.811965812,0.798373549,0.798373549,0.798373549,0.798373549,0.151946819
1983-08-27,0.803418803,0.72114904,0.72114904,0.72114904,0.72114904,0.144824311
1983-08-28,0.786324786,0.66308744,0.66308744,0.66308744,0.66308744,0.144824311
1983-08-29,0.760683761,0.547250675,0.547250675,0.547250675,0.547250675,0.151946819
1983-08-30,0.752136752,0.450576821,0.450576821,0.450576821,0.450576821,0.144824311
1983-08-31,0.94017094,0.450576821,0.450576821,0.450576821,0.450576821,0.132953466
1983-09-01,1.111111111,1.151414033,1.151414033,1.151414033,1.151414033,0.132953466
1983-09-02,0.94017094,0.745012008,0.745012008,0.745012008,0.745012008,0.140075973
1983-09-03,0.837606838,0.610842467,0.610842467,0.610842467,0.610842467,0.056980057
1983-09-04,0.760683761,0.533617958,0.533617958,0.533617958,0.533617958,0.040360874
1983-09-05,0.717948718,0.494032353,0.494032353,0.494032353,0.494032353,0.04985755
1983-09-06,0.683760684,0.456448741,0.456448741,0.456448741,0.456448741,0.094966762
1983-09-07,0.666666667,0.391339844,0.391339844,0.391339844,0.391339844,0.118708452
1983-09-08,0.658119658,0.391339844,0.391339844,0.391339844,0.391339844,0.132953466
1983-09-09,0.658119658,0.386423216,0.386423216,0.386423216,0.386423216,0.125830959
1983-09-10,0.632478632,0.386366414,0.386366414,0.386366414,0.386366414,0.151946819
1983-09-11,0.598290598,0.34775416,0.34775416,0.34775416,0.34775416,0.284900285
1983-09-12,0.581196581,0.289835777,0.289835777,0.289835777,0.289835777,0.474833808
1983-09-13,0.555555556,0.212561394,0.212561394,0.212561394,0.212561394,0.498575499
1983-09-14,0.547008547,0.21071398,0.21071398,0.21071398,0.21071398,0.498575499
1983-09-15,0.52991453,0.202876604,0.202876604,0.202876604,0.202876604,0.522317189
1983-09-16,0.521367521,0.195330733,0.195330733,0.195330733,0.195330733,0.522317189
1983-09-17,0.512820513,0.188065527,0.188065527,0.188065527,0.188065527,0.546058879
1983-09-18,0.504273504,0.181070546,0.181070546,0.181070546,0.181070546,0.498575499
1983-09-19,0.487179487,0.174335738,0.174335738,0.174335738,0.174335738,0.522317189
1983-09-20,0.478632479,0.167851428,0.167851428,0.167851428,0.167851428,0.522317189
1983-09-21,0.487179487,0.161608297,0.161608297,0.161608297,0.161608297,0.546058879
1983-09-22,0.786324786,0.194087662,0.194087662,0.194087662,0.194087662,0.546058879
1983-09-23,0.794871795,0.236667819,0.236667819,0.236667819,0.236667819,0.140075973
1983-09-24,0.726495726,0.195272264,0.195272264,0.195272264,0.195272264,0.102089269
1983-09-25,0.683760684,0.14892147,0.14892147,0.14892147,0.14892147,0.090218424
1983-09-26,0.641025641,0.141604626,0.141604626,0.141604626,0.141604626,0.085470085
1983-09-27,0.615384615,0.332239092,0.332239092,0.332239092,0.332239092,0.071225071
1983-09-28,0.777777778,0.253067881,0.253067881,0.253067881,0.253067881,0.064102564
1983-09-29,0.94017094,0.814892276,0.814892276,0.814892276,0.814892276,0.237416904
1983-09-30,1.282051282,0.898729134,0.898729134,0.898729134,0.898729134,1.305792972
1983-10-01,0.94017094,0.79383103,0.79383103,0.79383103,0.79383103,0.156695157
1983-10-02,1.025641026,1.295646838,1.295646838,1.295646838,1.295646838,0.137701804
1983-10-03,0.854700855,0.723576669,0.723576669,0.723576669,0.723576669,0.125830959
1983-10-04,0.803418803,0.74926143,0.74926143,0.74926143,0.74926143,0.118708452
1983-10-05,0.760683761,0.769649084,0.769649084,0.769649084,0.769649084,0.116334283
1983-10-06,0.743589744,0.70146939,0.70146939,0.70146939,0.70146939,0.118708452
1983-10-07,0.735042735,0.626179929,0.626179929,0.626179929,0.626179929,0.116334283
1983-10-08,0.735042735,0.58791838,0.58791838,0.58791838,0.58791838,0.116334283
1983-10-09,0.769230769,0.464160236,0.464160236,0.464160236,0.464160236,0.118708452
1983-10-10,0.760683761,0.420539284,0.420539284,0.420539284,0.420539284,0.121082621
1983-10-11,0.717948718,0.389380593,0.389380593,0.389380593,0.389380593,0.118708452
1983-10-12,0.692307692,0.369146006,0.369146006,0.369146006,0.369146006,0.12345679
1983-10-13,0.692307692,0.351674013,0.351674013,0.351674013,0.351674013,0.12345679
1983-10-14,0.700854701,0.344991331,0.344991331,0.344991331,0.344991331,0.121082621
1983-10-15,0.692307692,0.324655891,0.324655891,0.324655891,0.324655891,0.128205128
1983-10-16,0.683760684,0.295594879,0.295594879,0.295594879,0.295594879,0.125830959
1983-10-17,0.683760684,0.281023722,0.278853248,0.276336126,0.273178725,0.121082621
1983-10-18,0.666666667,0.271678691,0.267529307,0.262717221,0.256681088,0.125830959
1983-10-19,0.658119658,0.265009119,0.259005383,0.252042783,0.243309113,0.128205128
1983-10-20,0.64957265,0.26100339,0.25320615,0.244163604,0.232820913,0.132953466
1983-10-21,0.632478632,0.225349893,0.217026318,0.207373375,0.195265019,0.128205128
1983-10-22,0.623931624,0.191757728,0.183349858,0.173599159,0.161368182,0.12345679
1983-10-23,0.666666667,0.121981693,0.115808297,0.108648942,0.099668466,0.118708452
1983-10-24,0.683760684,0.160633211,0.151440246,0.140779063,0.127406002,0.116334283
1983-10-25,0.632478632,0.159178119,0.149036594,0.137275356,0.12252242,0.116334283
1983-10-26,0.606837607,0.154855863,0.144006623,0.131424638,0.115642183,0.12345679
1983-10-27,0.598290598,0.150634925,0.139144644,0.125819238,0.109104258,0.121082621
1983-10-28,0.598290598,0.146513746,0.13444512,0.120449001,0.102892699,0.118708452
1983-10-29,0.623931624,0.458895233,0.418355076,0.371340205,0.312366197,0.403608737
1983-10-30,1.111111111,7.839377234,7.100942719,6.244572007,5.170366911,0.213675214
1983-10-31,3.076923077,17.85519338,16.0708652,14.00155998,11.40588713,0.218423552
1983-11-01,2.478632479,20.94774345,18.73651043,16.17211893,12.95542506,0.113960114
1983-11-02,1.623931624,8.387229934,7.455598479,6.375175129,5.01992529,0.142450142
1983-11-03,1.196581197,4.039776797,3.56918302,3.023430189,2.338854612,0.12345679
1983-11-04,1.025641026,3.28005237,2.880540404,2.417221939,1.836049497,0.109211776
1983-11-05,0.94017094,2.835951218,2.475752629,2.058026323,1.534043286,0.085470085
1983-11-06,0.94017094,3.797350079,3.295621265,2.713760785,1.983892884,0.083095916
1983-11-07,1.111111111,10.60691909,9.152216483,7.46518171,5.349017148,0.097340931
1983-11-08,0.94017094,4.185053581,3.590459014,2.90090109,2.035940826,0.104463438
1983-11-09,1.025641026,6.088019896,5.193592392,4.156314877,2.855185847,0.261158594
1983-11-10,1.452991453,23.09807812,19.59479869,15.53200661,10.43576511,2.943969611
1983-11-11,7.179487179,49.76721261,41.98664349,32.96343103,21.64499068,2.825261159
1983-11-12,3.931623932,25.661913,21.53222399,16.74297776,10.73549451,0.759734093
1983-11-13,4.102564103,12.84268284,10.7180608,8.254113006,5.163412637,4.368471035
1983-11-14,2.905982906,8.860249572,7.355209408,5.609797607,3.420406697,1.566951567
1983-11-15,2.222222222,7.586176049,6.264524744,4.731791041,2.809176999,0.403608737
1983-11-16,4.700854701,25.74056903,21.25608878,16.05538721,9.531787029,1.282051282
1983-11-17,40.08547009,71.2691714,58.85277178,44.45333519,26.39112456,4.867046534
1983-11-18,10.25641026,18.07884877,14.92918102,11.27647633,6.694635848,1.75688509
1983-11-19,7.521367521,26.39704948,21.79819827,16.46485943,9.774883123,0.498575499
1983-11-20,9.05982906,23.82594998,19.67503156,14.86116535,8.822799555,0.451092118
1983-11-21,5.897435897,10.68559798,8.823970402,6.665020221,3.956899478,0.356125356
1983-11-22,4.444444444,7.593751336,6.270780277,4.73651604,2.811982143,0.261158594
1983-11-23,4.102564103,6.788728458,5.606007181,4.234392175,2.513880473,0.308641975
1983-11-24,27.35042735,48.75942001,40.26463282,30.41313374,18.05571612,2.540360874
1983-11-25,14.44444444,18.52810802,15.30017105,11.55669668,6.860997496,2.207977208
1983-11-26,8.717948718,10.03552952,8.287155822,6.259547416,3.716177758,0.546058879
1983-11-27,6.581196581,7.802047,6.442787007,4.866438092,2.889114467,0.284900285
1983-11-28,5.384615385,6.764593669,5.586077116,4.219338374,2.50494331,0.284900285
1983-11-29,4.52991453,5.880345621,4.855881331,3.66779871,2.177504392,0.261158594
1983-11-30,3.931623932,5.361014072,4.427026882,3.343871562,1.985194823,0.237416904
1983-12-01,3.58974359,5.098830884,4.210520825,3.18033778,1.888107835,0.201804368
1983-12-02,4.017094017,5.17679308,4.274900573,3.228965813,1.916977401,0.194681861
1983-12-03,6.324786325,4.736632518,3.911424071,2.954420668,1.753985016,2.421652422
1983-12-04,5.47008547,4.657459683,3.8460446,2.905037513,1.724667148,1.946818613
1983-12-05,4.52991453,4.345847029,3.588720597,2.710672663,1.609276325,0.617283951
1983-12-06,4.273504274,4.215909815,3.481420835,2.629625804,1.561160301,0.356125356
1983-12-07,4.017094017,4.034288145,3.331440998,2.516341353,1.493905413,0.284900285
1983-12-08,4.188034188,4.605714531,3.803314404,2.872762063,1.705505809,0.284900285
1983-12-09,7.692307692,8.34571237,6.891735877,5.205543183,3.090434901,1.044634378
1983-12-10,14.78632479,7.28221865,6.013522311,4.54220107,2.696620932,1.685660019
1983-12-11,15.55555556,6.268049892,5.176040391,3.90962484,2.321072101,2.706552707
1983-12-12,12.13675214,4.969494595,4.103717295,3.09966574,1.840214335,1.353276353
1983-12-13,9.914529915,5.09938891,4.210981632,3.180685842,1.888314474,0.641025641
1983-12-14,8.547008547,8.29396709,6.849005575,5.173267653,3.071273514,0.427350427
1983-12-15,7.692307692,10.11334414,8.3514137,6.308083397,3.744992674,0.332383666
1983-12-16,7.008547009,8.294054436,6.849077705,5.173322135,3.071305859,0.332383666
1983-12-17,7.521367521,7.670767609,6.334378899,4.784554064,2.840501432,0.379867047
1983-12-18,6.239316239,6.242364418,5.154829799,3.893603818,2.311560716,0.308641975
1983-12-19,5.641025641,5.489092143,4.5327914,3.423758802,2.032622403,0.284900285
1983-12-20,5.213675214,5.047742771,4.1683332,3.14847215,1.869189799,0.261158594
1983-12-21,4.700854701,4.580288069,3.7823177,2.856902596,1.696090337,0.237416904
1983-12-22,4.444444444,4.399833654,3.63330176,2.744346207,1.629267686,0.235042735
1983-12-23,4.52991453,4.11287825,3.396339262,2.565361037,1.523007495,0.688509022
1983-12-24,10.34188034,16.99498593,14.03414701,10.60042921,6.293279153,13.58024691
1983-12-25,52.39316239,66.41954447,54.848039,41.42843554,24.59529747,28.25261159
1983-12-26,50.25641026,45.90178851,37.90485325,28.63071859,16.99752914,9.259259259
1983-12-27,40.34188034,27.20336057,22.46403514,16.9677868,10.07346182,3.798670465
1983-12-28,23.41880342,14.99530098,12.38284392,9.353148457,5.552791593,1.899335233
1983-12-29,16.06837607,10.32039108,8.522389262,6.437226574,3.821662595,1.234567901
1983-12-30,17.17948718,36.29219451,29.96942716,22.63684361,13.43907621,1.448243115
1983-12-31,14.18803419,24.50111472,20.23257019,15.28229168,9.072814479,1.282051282
1984-01-01,11.28205128,12.29423951,10.15235701,7.668392083,4.552582832,0.641025641
1984-01-02,9.658119658,9.073758734,7.492943182,5.659653824,3.360032006,0.356125356
1984-01-03,8.547008547,7.724557822,6.378797868,4.818105098,2.860420061,0.261158594
1984-01-04,7.863247863,8.866046355,7.321418118,5.530095589,3.283115673,0.261158594
1984-01-05,7.179487179,10.29452902,8.501032849,6.421095409,3.81208582,0.235042735
1984-01-06,6.581196581,9.386597085,7.751279343,5.854783188,3.475876707,0.216049383
1984-01-07,5.982905983,8.167102543,6.744243165,5.094137335,3.024295305,0.204178538
1984-01-08,5.555555556,6.997196195,5.778156006,4.364421555,2.591076516,0.19705603
1984-01-09,5.128205128,6.219348697,5.135823839,3.879248023,2.303037946,0.192307692
1984-01-10,4.786324786,5.828466972,4.813040896,3.635439993,2.158293619,0.185185185
1984-01-11,4.52991453,5.102439826,4.213501023,3.182588816,1.889444234,0.185185185
1984-01-12,4.273504274,4.633773351,3.826484863,2.890263433,1.71589605,0.175688509
1984-01-13,4.102564103,4.244194894,3.504778133,2.6472683,1.571634325,0.170940171
1984-01-14,3.931623932,3.907746205,3.22694499,2.437412256,1.447046665,0.166191833
1984-01-15,3.760683761,3.750742496,3.097294213,2.339482979,1.388907861,0.159069326
1984-01-16,3.760683761,3.622192427,2.991139929,2.259301335,1.341305499,0.284900285
1984-01-17,3.58974359,3.109286283,2.560526871,1.934045854,1.148207324,0.261158594
1984-01-18,3.418803419,2.935588923,2.41084903,1.82098951,1.081087859,0.237416904
1984-01-19,3.333333333,2.94178658,2.409321771,1.819835924,1.080402996,0.22317189
1984-01-20,3.162393162,2.845594841,2.324172085,1.755519708,1.042219646,0.213675214
1984-01-21,3.076923077,2.904107507,2.365495741,1.786732755,1.060750256,0.192307692
1984-01-22,2.991452991,2.965266831,2.408741551,1.819397665,1.08014281,0.185185185
1984-01-23,2.905982906,2.866922039,2.322533124,1.75428175,1.041484693,0.17331434
1984-01-24,2.820512821,3.03182136,2.449468746,1.850160186,1.098405951,0.142450142
1984-01-25,2.820512821,3.438968993,2.77090383,2.092950137,1.242545863,0.130579297
1984-01-26,2.735042735,3.340946328,2.684665711,2.027811794,1.203874431,0.128205128
1984-01-27,2.564102564,3.13441954,2.511932586,1.897341074,1.126416373,0.116334283
1984-01-28,2.564102564,3.250368872,2.597862972,1.962246976,1.164949809,0.111585945
1984-01-29,2.478632479,3.419287128,2.725552069,2.058694536,1.222208945,0.109211776
1984-01-30,2.478632479,3.480205269,2.76669744,2.089772919,1.240659607,0.113960114
1984-01-31,2.393162393,3.786439463,3.002121625,2.267596153,1.346229979,0.12345679
1984-02-01,2.393162393,3.849391346,3.043913706,2.299163016,1.364970643,0.121082621
1984-02-02,2.307692308,3.640804857,2.871330696,2.168805683,1.287579901,0.121082621
1984-02-03,2.307692308,3.460779592,2.722123459,2.0561048,1.220671467,0.12345679
1984-02-04,2.222222222,3.577823808,2.806747879,2.120024265,1.258619274,0.132953466
1984-02-05,2.136752137,3.832151347,2.998335188,2.264736139,1.344532042,0.130579297
1984-02-06,2.136752137,3.868586556,3.018876936,2.280251962,1.3537435,0.128205128
1984-02-07,2.051282051,3.795778101,2.954281972,2.23146137,1.324777426,0.125830959
1984-02-08,2.051282051,3.612367117,2.804164642,2.118073066,1.257460882,0.125830959
1984-02-09,2.478632479,4.364889291,3.379463909,2.552614556,1.515440144,0.194681861
1984-02-10,2.393162393,3.795304646,2.930802899,2.213726894,1.314248794,0.078347578
1984-02-11,2.222222222,3.444663309,2.653105792,2.003973602,1.189722137,0.068850902
1984-02-12,2.478632479,3.563670156,2.737634862,2.067821047,1.227627186,0.237416904
1984-02-13,5.299145299,6.380941268,4.889173041,3.692944978,2.192433267,0.759734093
1984-02-14,4.871794872,5.420275049,4.142352163,3.128847863,1.857539222,0.427350427
1984-02-15,5.384615385,4.850487712,3.697332552,2.792710662,1.657980771,0.925925926
1984-02-16,7.863247863,4.631029095,3.550798904,2.681025485,1.579757311,0.56980057
1984-02-17,5.47008547,3.832952586,2.956232893,2.231264876,1.304830786,0.308641975
1984-02-18,4.700854701,3.487589696,2.705817497,2.041497185,1.184794179,0.225546059
1984-02-19,4.273504274,3.305307595,2.579670992,1.945595653,1.120507762,0.17331434
1984-02-20,4.017094017,3.260735423,2.560111334,1.93012432,1.10304309,0.22317189
1984-02-21,4.52991453,3.10825214,2.455059586,1.850234662,1.049192877,0.379867047
1984-02-22,4.017094017,2.95733096,2.349957506,1.770367017,0.996068523,0.284900285
1984-02-23,3.931623932,2.754090794,2.201732343,1.658084001,0.925562006,0.213675214
1984-02-24,3.846153846,2.607375832,2.09714341,1.578734219,0.874291841,0.192307692
1984-02-25,3.675213675,2.459527116,1.990336479,1.497774599,0.822843474,0.130579297
1984-02-26,3.504273504,2.393703539,1.948982527,1.466112002,0.798979889,0.109211776
1984-02-27,3.418803419,2.459460775,2.014895925,1.515134705,0.819015358,0.121082621
1984-02-28,3.333333333,2.576406687,2.123806017,1.596441752,0.855932947,0.12345679
1984-02-29,3.247863248,2.536402099,2.103870295,1.580872969,0.840626078,0.12345679
1984-03-01,3.333333333,2.786333383,2.325665366,1.746888546,0.921219724,0.121082621
1984-03-02,3.333333333,3.5504919,2.982146458,2.239170058,1.170980732,0.12345679
1984-03-03,3.333333333,3.835729783,3.242111124,2.433471818,1.261902151,0.0997151
1984-03-04,3.247863248,3.790231406,3.224024779,2.419007909,1.243783899,0.094966762
1984-03-05,3.162393162,3.439680089,2.94453627,2.20849538,1.125857815,0.121082621
1984-03-06,3.162393162,4.023700447,3.46660469,2.599110557,1.31359614,0.116334283
1984-03-07,3.162393162,4.598348186,3.987256049,2.988378349,1.497245127,0.106837607
1984-03-08,3.162393162,5.143869819,4.489208401,3.36335277,1.670396693,0.106837607
1984-03-09,3.076923077,5.586130295,4.906959568,3.674992933,1.809100619,0.104463438
1984-03-10,3.076923077,5.725649033,5.06246488,3.790073237,1.8491896,0.085470085
1984-03-11,2.991452991,5.472854738,4.870813865,3.645262747,1.762618702,0.080721747
1984-03-12,2.991452991,4.883482895,4.375041721,3.273040675,1.568354193,0.12345679
1984-03-13,5.982905983,15.31104407,13.80819872,10.32638485,4.903105145,1.115859449
1984-03-14,8.888888889,10.8616953,9.861080138,7.371875889,3.468146423,0.356125356
1984-03-15,8.632478632,6.178265401,5.646810615,4.219870971,1.966893507,0.261158594
1984-03-16,7.521367521,4.768715042,4.387964914,3.277945224,1.513598779,0.356125356
1984-03-17,7.008547009,4.179003374,3.886412437,2.908969232,1.392401542,0.308641975
1984-03-18,6.41025641,3.94812803,3.711362287,2.78338949,1.379183098,0.216049383
1984-03-19,6.068376068,4.912245446,4.668107499,3.507765686,1.797004262,0.17331434
1984-03-20,5.897435897,6.714396724,6.451197631,4.857109271,2.569522909,0.144824311
1984-03-21,5.641025641,8.250933875,8.016118459,6.047114132,3.299880211,0.125830959
1984-03-22,5.213675214,6.430325012,6.3179763,4.775372551,2.685236493,0.118708452
1984-03-23,4.786324786,6.102784542,6.064777024,4.592911235,2.658681114,0.106837607
1984-03-24,4.52991453,6.831716465,6.867796299,5.211146603,3.102539543,0.094966762
1984-03-25,4.358974359,7.027833505,7.147764692,5.434098844,3.324630623,0.085470085
1984-03-26,4.358974359,10.44990384,10.75435034,8.191842649,5.146078739,0.102089269
1984-03-27,4.102564103,8.008294074,8.340621249,6.365531834,4.102749444,0.102089269
1984-03-28,3.760683761,6.385659889,6.731558609,5.14741923,3.401415414,0.113960114
1984-03-29,3.675213675,6.30556149,6.729017402,5.155394722,3.490299546,0.118708452
1984-03-30,3.504273504,4.921433786,5.317479571,4.081795233,2.829428,0.113960114
1984-03-31,3.504273504,4.779572355,5.22949227,4.021969546,2.852744997,1.590693257
1984-04-01,3.504273504,3.862359276,4.280073946,3.298094937,2.39225359,0.187559354
1984-04-02,3.418803419,3.405149956,3.822404679,2.951072892,2.187757437,0.132953466
1984-04-03,3.247863248,3.551864769,4.039562421,3.124695895,2.366294211,0.180436847
1984-04-04,3.162393162,4.313488421,4.971205487,3.852690143,2.978817791,0.187559354
1984-04-05,3.162393162,4.226813001,4.937204448,3.833638766,3.024801515,0.194681861
1984-04-06,2.991452991,4.004933848,4.742206405,3.689240946,2.9690993,0.166191833
1984-04-07,2.905982906,5.067515156,6.0838924,4.742019854,3.890969957,0.094966762
1984-04-08,3.418803419,6.902036976,8.403338294,6.562325321,5.487467545,0.094966762
1984-04-09,3.162393162,4.520914861,5.583136322,4.368245116,3.721014833,0.106837607
1984-04-10,3.675213675,3.833782083,4.803397428,3.765294464,3.266037633,0.151946819
1984-04-11,3.504273504,3.589035689,4.563128061,3.583715623,3.16415679,0.118708452
1984-04-12,3.162393162,3.922039398,5.061253135,3.982430505,3.577796264,0.132953466
1984-04-13,2.991452991,4.902446549,6.422744302,5.063243963,4.626855327,0.132953466
1984-04-14,2.820512821,7.41396312,9.863326355,7.790198288,7.23848418,0.113960114
1984-04-15,2.735042735,10.66010602,14.40477755,11.39849126,10.76579932,0.106837607
1984-04-16,2.735042735,11.63423666,15.6843568,12.61454468,12.09971476,0.113960114
1984-04-17,2.64957265,10.51938809,14.14789363,11.56486921,11.2596052,0.140075973
1984-04-18,2.905982906,8.26180962,11.08504572,9.208980056,9.096178908,0.220797721
1984-04-19,3.247863248,5.707387193,7.639218818,6.449560494,6.460108085,0.284900285
1984-04-20,3.162393162,4.508237084,6.019435696,5.164485665,5.243320148,0.106837607
1984-04-21,3.076923077,4.300400253,5.727739173,4.993770971,5.136822187,0.102089269
1984-04-22,2.991452991,5.788079029,7.689919995,6.812809019,7.097487085,0.106837607
1984-04-23,2.820512821,8.405272524,11.13883216,10.02741326,10.57581797,0.118708452
1984-04-24,2.735042735,9.075367851,11.99609358,10.97288285,11.71208958,0.132953466
1984-04-25,2.64957265,7.256912664,9.567583905,8.892062833,9.601828604,0.118708452
1984-04-26,2.564102564,5.01391111,6.593083644,6.225823214,6.798952301,0.118708452
1984-04-27,2.564102564,4.125231069,5.41013829,5.190557794,5.730802067,0.132953466
1984-04-28,2.478632479,3.956108565,5.174432595,5.043781524,5.628364234,0.106837607
1984-04-29,2.393162393,4.794500621,6.254007881,6.193428256,6.983218201,0.113960114
1984-04-30,2.307692308,5.717096606,7.436984869,7.482399699,8.522034959,0.125830959
1984-05-01,2.64957265,5.936163879,7.70050343,7.870955922,9.052991901,0.071225071
1984-05-02,2.735042735,5.998388738,7.759343765,8.057338584,9.356373888,0.085470085
1984-05-03,2.564102564,10.76734925,13.88869169,14.65146268,17.17282552,0.147198481
1984-05-04,2.393162393,11.52352931,14.82125298,15.8837563,18.7869613,0.113960114
1984-05-05,2.307692308,9.626566816,12.34531404,13.44050432,16.03847826,0.097340931
1984-05-06,2.222222222,9.013310415,11.52472249,12.74636525,15.34206138,0.085470085
1984-05-07,2.136752137,10.2602529,13.07987151,14.69602904,17.83841203,0.109211776
1984-05-08,2.051282051,13.67011503,17.37402169,19.83063202,24.26967949,0.125830959
1984-05-09,2.051282051,15.62714366,19.80039098,22.95881742,28.32461267,0.130579297
1984-05-10,1.965811966,15.55159549,19.64345819,23.13843462,28.77094746,0.125830959
1984-05-11,1.965811966,18.17543101,22.88542971,27.38526545,34.3134607,0.121082621
1984-05-12,1.965811966,18.93497328,23.76580792,28.89047941,36.47154082,0.106837607
1984-05-13,1.88034188,18.98276336,23.74885473,29.3286719,37.29671746,0.104463438
1984-05-14,1.88034188,17.62995801,21.98423291,27.58117319,35.32639847,0.102089269
1984-05-15,1.88034188,11.84464017,14.72108379,18.76281023,24.20053041,0.104463438
1984-05-16,1.794871795,6.823662491,8.452282595,10.94446769,14.21334348,0.113960114
1984-05-17,1.794871795,7.863467783,9.798724212,12.84652527,16.77713506,0.128205128
1984-05-18,1.709401709,10.41787791,13.06117848,17.33782461,22.76744109,0.121082621
1984-05-19,1.709401709,13.43917749,16.95405654,22.78678104,30.08487613,0.106837607
1984-05-20,1.623931624,15.93328776,20.22813423,27.52730643,36.53708236,0.0997151
1984-05-21,1.623931624,15.33983877,19.60080547,27.00736372,36.03442426,0.113960114
1984-05-22,1.538461538,14.7557972,18.97899994,26.4779433,35.50964115,0.125830959
1984-05-23,1.538461538,15.82977088,20.49742535,28.95446664,39.02713291,0.118708452
1984-05-24,1.538461538,13.86773289,18.08016818,25.85991895,35.02923497,0.104463438
1984-05-25,1.452991453,12.37318751,16.24467471,23.52597754,32.02343361,0.061728395
1984-05-26,1.452991453,11.85171478,15.67130182,22.98040353,31.4311165,0.056980057
1984-05-27,1.452991453,11.79574943,15.71114787,23.32817618,32.05759756,0.066476733
1984-05-28,1.367521368,12.56543212,16.86104282,25.35025907,34.99834832,0.071225071
1984-05-29,1.367521368,12.73667095,17.22090132,26.21707188,36.36068376,0.102089269
1984-05-30,1.282051282,11.74767029,16.00719582,24.67627318,34.37784684,0.116334283
1984-05-31,1.282051282,9.716978426,13.34539155,20.83232493,29.15126389,0.111585945
1984-06-01,1.282051282,7.646924595,10.58763574,16.73609232,23.52146092,0.116334283
1984-06-02,1.282051282,6.849769599,9.562653362,15.30696608,21.60531887,0.12345679
1984-06-03,1.196581197,5.997718348,8.444223381,13.68779473,19.401612,0.121082621
1984-06-04,1.538461538,10.35973977,14.71219669,24.15028349,34.37410851,0.182811016
1984-06-05,1.452991453,7.342611014,10.52013012,17.4881992,24.99377962,0.104463438
1984-06-06,1.623931624,6.80147459,9.833444563,16.55456253,23.75502926,0.080721747
1984-06-07,1.538461538,6.223389339,9.081446587,15.48332992,22.3062844,0.085470085
1984-06-08,1.367521368,4.462637156,6.57418803,11.35163627,16.4180252,0.0997151
1984-06-09,1.282051282,4.083021081,6.073728954,10.62157558,15.42148257,0.104463438
1984-06-10,1.282051282,3.800681939,5.710356965,10.11403938,14.74050147,0.092592593
1984-06-11,1.196581197,3.355130894,5.092699077,9.135837755,13.36480632,0.106837607
1984-06-12,1.196581197,3.211692718,4.926320031,8.951041828,13.14290323,0.102089269
1984-06-13,1.196581197,3.217563142,4.988657933,9.181156789,13.52993856,0.109211776
1984-06-14,1.196581197,3.556646528,5.575556433,10.39386847,15.37213143,0.113960114
1984-06-15,1.196581197,3.568664044,5.658119374,10.68438535,15.85780591,0.116334283
1984-06-16,1.196581197,3.582766843,5.659843029,10.93814993,16.29641219,0.097340931
1984-06-17,1.111111111,3.544472824,5.578486433,11.03509315,16.50227881,0.097340931
1984-06-18,1.111111111,3.198921748,5.015394949,10.15655123,15.24404698,0.113960114
1984-06-19,1.111111111,2.83440653,4.426461387,9.177915583,13.82456683,0.116334283
1984-06-20,1.025641026,2.402689881,3.737143208,7.934902999,11.99418993,0.094966762
1984-06-21,1.025641026,1.996908816,3.09314541,6.726491448,10.20255754,0.094966762
1984-06-22,1.025641026,1.831020925,2.82413938,6.291241976,9.574547684,0.0997151
1984-06-23,1.025641026,1.882322603,2.890587708,6.59747796,10.07377836,0.102089269
1984-06-24,0.94017094,1.788690045,2.734467854,6.395724279,9.797352749,0.102089269
1984-06-25,0.94017094,1.571300612,2.391039163,5.732136347,8.808722211,0.102089269
1984-06-26,0.94017094,1.334549637,2.021126039,4.967390739,7.657301117,0.106837607
1984-06-27,0.94017094,1.111143514,1.674553575,4.220227387,6.525422282,0.109211776
1984-06-28,0.94017094,1.051995053,1.577426078,4.077455816,6.323572434,0.12345679
1984-06-29,0.854700855,0.984507841,1.468568429,3.894434918,6.057507288,0.132953466
1984-06-30,0.854700855,0.846821465,1.256425358,3.41907628,5.33348426,0.140075973
1984-07-01,0.854700855,0.722322383,1.065792225,2.977034029,4.657103406,0.140075973
1984-07-02,0.829059829,0.683822338,1.003239606,2.877253792,4.513545817,0.140075973
1984-07-03,0.803418803,0.625051567,0.911625864,2.68523045,4.223837488,0.140075973
1984-07-04,0.786324786,0.589063136,0.853920623,2.584100614,4.075678711,0.144824311
1984-07-05,0.777777778,0.463458194,0.667624468,2.076316079,3.283434567,0.151946819
1984-07-06,0.769230769,0.436325924,0.624460918,1.996573158,3.165516177,0.151946819
1984-07-07,0.752136752,0.33863967,0.481400184,1.582930795,2.516090179,0.154320988
1984-07-08,0.735042735,0.287402914,0.405723413,1.372544408,2.187140601,0.159069326
1984-07-09,0.717948718,0.244030443,0.342014104,1.190842749,1.902270543,0.159069326
1984-07-10,0.709401709,0.201812965,0.280733781,1.006471637,1.611643532,0.159069326
1984-07-11,0.709401709,0.167058442,0.230588451,0.851594497,1.366886159,0.161443495
1984-07-12,0.692307692,0.139478769,0.190972813,0.726871142,1.169423679,0.166191833
1984-07-13,0.683760684,0.138106472,0.18751452,0.735909517,1.186689673,0.17331434
1984-07-14,0.675213675,0.12443678,0.167487299,0.678109325,1.095959456,0.180436847
1984-07-15,0.675213675,0.12190481,0.162596799,0.679509168,1.100667787,0.168566002
1984-07-16,0.675213675,0.10880658,0.143760758,0.620497067,1.007282651,0.154320988
1984-07-17,0.683760684,0.109826563,0.141631183,0.57541101,0.927345151,0.159069326
1984-07-18,0.658119658,0.111246728,0.140392074,0.537902334,0.860410259,0.166191833
1984-07-19,0.632478632,0.110470009,0.136730191,0.494890018,0.785472159,0.201804368
1984-07-20,0.623931624,0.101859097,0.123880742,0.424231604,0.667912191,0.261158594
1984-07-21,0.623931624,0.092358015,0.11055208,0.358698995,0.560025488,0.125830959
1984-07-22,0.615384615,0.087985334,0.103800921,0.319508024,0.494515458,0.080721747
1984-07-23,0.632478632,0.102220602,0.119003627,0.347905512,0.533618133,0.144824311
1984-07-24,0.632478632,0.134288879,0.154439986,0.429278787,0.652260935,0.180436847
1984-07-25,0.615384615,0.131710952,0.149779288,0.396211404,0.596146647,0.166191833
1984-07-26,0.598290598,0.125304949,0.141017802,0.355323732,0.529194365,0.180436847
1984-07-27,0.581196581,0.124284792,0.138524141,0.332733096,0.490298657,0.180436847
1984-07-28,0.564102564,0.122346283,0.135142439,0.309667848,0.45126376,0.113960114
1984-07-29,0.564102564,0.120110289,0.131563948,0.287779177,0.414519678,0.085470085
1984-07-30,0.547008547,0.114372733,0.124300091,0.259698266,0.369549479,0.102089269
1984-07-31,0.538461538,0.101784106,0.109808339,0.219250005,0.30804219,0.118708452
1984-08-01,0.52991453,0.088211269,0.09451056,0.18042592,0.250130749,0.17331434
1984-08-02,0.52991453,0.076613066,0.081552487,0.148920723,0.203577904,0.194681861
1984-08-03,0.521367521,0.068393873,0.072358831,0.126436481,0.170310747,0.180436847
1984-08-04,0.521367521,0.063326558,0.066611393,0.111412895,0.147761239,0.187559354
1984-08-05,0.512820513,0.059269948,0.062004276,0.099297488,0.129554207,0.17331434
1984-08-06,0.504273504,0.055595821,0.057860088,0.088742181,0.113797433,0.180436847
1984-08-07,0.495726496,0.052387822,0.05425413,0.079708505,0.100360143,0.194681861
1984-08-08,0.487179487,0.050373858,0.051925436,0.07308724,0.09025623,0.187559354
1984-08-09,0.47008547,0.048393737,0.049663311,0.066978888,0.081027357,0.166191833
1984-08-10,0.461538462,0.050126134,0.051224092,0.066199024,0.078348481,0.118708452
1984-08-11,0.47008547,0.051424842,0.052339807,0.064818917,0.074943465,0.080721747
1984-08-12,0.461538462,0.05272355,0.053455522,0.06343881,0.071538448,0.071225071
1984-08-13,0.47008547,0.054022258,0.054571237,0.062058703,0.068133432,0.075973409
1984-08-14,0.461538462,0.055320966,0.055686952,0.060678596,0.064728415,0.075973409
1984-08-15,0.461538462,0.056619674,0.056802667,0.059298489,0.061323399,0.052231719
1984-08-16,0.487179487,0.057918382,0.057918382,0.057918382,0.057918382,0.080721747
1984-08-17,0.461538462,0.057918382,0.057918382,0.057918382,0.057918382,0.080721747
1984-08-18,0.444444444,0.057918382,0.057918382,0.057918382,0.057918382,0.071225071
1984-08-19,0.435897436,0.057918382,0.057918382,0.057918382,0.057918382,0.061728395
1984-08-20,0.427350427,0.057918382,0.057918382,0.057918382,0.057918382,0.061728395
1984-08-21,0.435897436,0.057918382,0.057918382,0.057918382,0.057918382,0.059354226
1984-08-22,0.427350427,0.057918382,0.057918382,0.057918382,0.057918382,0.075973409
1984-08-23,0.418803419,0.057918382,0.057918382,0.057918382,0.057918382,0.061728395
1984-08-24,0.418803419,0.057918382,0.057918382,0.057918382,0.057918382,0.056980057
1984-08-25,0.418803419,0.057918382,0.057918382,0.057918382,0.057918382,0.068850902
1984-08-26,0.427350427,0.135621517,0.135621517,0.135621517,0.135621517,0.068850902
1984-08-27,0.418803419,0.132733642,0.132733642,0.132733642,0.132733642,0.056980057
1984-08-28,0.41025641,0.133567066,0.133567066,0.133567066,0.133567066,0.078347578
1984-08-29,0.41025641,0.124933837,0.124933837,0.124933837,0.124933837,0.071225071
1984-08-30,0.41025641,0.13354563,0.13354563,0.13354563,0.13354563,0.284900285
1984-08-31,0.461538462,0.173094462,0.173094462,0.173094462,0.173094462,0.111585945
1984-09-01,0.435897436,0.13822654,0.13822654,0.13822654,0.13822654,0.054605888
1984-09-02,0.41025641,0.138129057,0.138129057,0.138129057,0.138129057,0.045109212
1984-09-03,0.401709402,0.13788441,0.13788441,0.13788441,0.13788441,0.045109212
1984-09-04,0.384615385,0.133472459,0.133472459,0.133472459,0.133472459,0.047483381
1984-09-05,0.401709402,0.128946353,0.128946353,0.128946353,0.128946353,0.059354226
1984-09-06,0.401709402,0.124573728,0.124573728,0.124573728,0.124573728,0.068850902
1984-09-07,0.393162393,0.120349382,0.120349382,0.120349382,0.120349382,0.068850902
1984-09-08,0.384615385,0.116268284,0.116268284,0.116268284,0.116268284,0.080721747
1984-09-09,0.376068376,0.112325579,0.112325579,0.112325579,0.112325579,0.078347578
1984-09-10,0.376068376,0.108516572,0.108516572,0.108516572,0.108516572,0.080721747
1984-09-11,0.376068376,0.10483673,0.10483673,0.10483673,0.10483673,0.064102564
1984-09-12,0.384615385,0.101281673,0.101281673,0.101281673,0.101281673,0.068850902
1984-09-13,0.384615385,0.09784717,0.09784717,0.09784717,0.09784717,0.066476733
1984-09-14,0.376068376,0.094529131,0.094529131,0.094529131,0.094529131,0.07359924
1984-09-15,0.367521368,0.091323609,0.091323609,0.091323609,0.091323609,0.092592593
1984-09-16,0.367521368,0.088226788,0.088226788,0.088226788,0.088226788,0.07359924
1984-09-17,0.358974359,0.085234981,0.085234981,0.085234981,0.085234981,0.097340931
1984-09-18,0.358974359,0.128249287,0.128249287,0.128249287,0.128249287,0.106837607
1984-09-19,0.367521368,0.128005836,0.128005836,0.128005836,0.128005836,0.090218424
1984-09-20,0.393162393,0.104431734,0.104431734,0.104431734,0.104431734,0.080721747
1984-09-21,0.393162393,0.101281673,0.101281673,0.101281673,0.101281673,0.085470085
1984-09-22,0.384615385,0.09784717,0.09784717,0.09784717,0.09784717,0.054605888
1984-09-23,0.384615385,0.094529131,0.094529131,0.094529131,0.094529131,0.040360874
1984-09-24,0.393162393,0.091323609,0.091323609,0.091323609,0.091323609,0.040360874
1984-09-25,0.384615385,0.088226788,0.088226788,0.088226788,0.088226788,0.047483381
1984-09-26,0.384615385,0.085234981,0.085234981,0.085234981,0.085234981,0.066476733
1984-09-27,0.384615385,0.082344628,0.082344628,0.082344628,0.082344628,0.0997151
1984-09-28,0.376068376,0.079552287,0.079552287,0.079552287,0.079552287,0.104463438
1984-09-29,0.376068376,0.076854636,0.076854636,0.076854636,0.076854636,0.106837607
1984-09-30,0.41025641,0.166291664,0.166291664,0.166291664,0.166291664,0.192307692
1984-10-01,0.94017094,0.140907273,0.140907273,0.140907273,0.140907273,0.121082621
1984-10-02,0.572649573,0.149723904,0.149723904,0.149723904,0.149723904,0.109211776
1984-10-03,0.495726496,0.148026496,0.148026496,0.148026496,0.148026496,0.097340931
1984-10-04,0.478632479,0.129038244,0.129038244,0.129038244,0.129038244,0.092592593
1984-10-05,0.47008547,0.128946353,0.128946353,0.128946353,0.128946353,0.090218424
1984-10-06,0.47008547,0.124573728,0.124573728,0.124573728,0.124573728,0.047483381
1984-10-07,0.461538462,0.120349382,0.120349382,0.120349382,0.120349382,0.040360874
1984-10-08,0.444444444,0.116268284,0.116268284,0.116268284,0.116268284,0.033238367
1984-10-09,0.444444444,0.112325579,0.112325579,0.112325579,0.112325579,0.083095916
1984-10-10,0.444444444,0.108516572,0.108516572,0.108516572,0.108516572,0.356125356
1984-10-11,1.111111111,0.397898899,0.397898899,0.397898899,0.397898899,3.276353276
1984-10-12,0.658119658,0.185724605,0.185724605,0.185724605,0.185724605,0.546058879
1984-10-13,0.572649573,0.146048539,0.146048539,0.146048539,0.146048539,0.356125356
1984-10-14,0.555555556,0.166180797,0.166180797,0.166180797,0.166180797,0.261158594
1984-10-15,0.512820513,0.12647103,0.12647103,0.12647103,0.12647103,0.308641975
1984-10-16,0.769230769,0.185226184,0.185226184,0.185226184,0.185226184,1.234567901
1984-10-17,1.367521368,0.226500225,0.223390618,0.221594868,0.218887681,0.522317189
1984-10-18,0.760683761,0.171254978,0.166629416,0.163958225,0.159931266,0.498575499
1984-10-19,0.735042735,0.213443447,0.204934703,0.200021032,0.192613419,0.451092118
1984-10-20,0.769230769,0.32079996,0.304018187,0.294326967,0.279716955,0.403608737
1984-10-21,0.692307692,0.240924149,0.225415125,0.216458898,0.202956925,0.403608737
1984-10-22,0.623931624,0.224316537,0.207254048,0.197400718,0.182546317,0.403608737
1984-10-23,0.598290598,0.226494575,0.206698306,0.195266261,0.178031863,0.403608737
1984-10-24,0.564102564,0.208932518,0.188372663,0.176499658,0.158600492,0.403608737
1984-10-25,0.538461538,0.321940884,0.286822451,0.266542088,0.235968395,0.403608737
1984-10-26,0.581196581,0.440430344,0.387819004,0.357436753,0.311633944,0.451092118
1984-10-27,0.581196581,0.880297603,0.766272505,0.700424738,0.601155839,0.356125356
1984-10-28,0.564102564,0.592014656,0.509533258,0.4619015,0.390094171,0.332383666
1984-10-29,0.615384615,1.140307367,0.970577942,0.872561771,0.724797345,0.379867047
1984-10-30,0.581196581,0.894537503,0.753104381,0.671428896,0.548298896,0.379867047
1984-10-31,0.555555556,0.570610402,0.475249786,0.420180475,0.337160653,0.403608737
1984-11-01,0.538461538,0.470230152,0.387519614,0.339755532,0.267748718,0.427350427
1984-11-02,1.196581197,7.011181155,5.718059387,4.971301158,3.845524668,0.427350427
1984-11-03,1.623931624,7.40499498,5.977613176,5.15332181,3.910660124,0.427350427
1984-11-04,0.854700855,2.604563752,2.081387802,1.779261618,1.323790835,0.379867047
1984-11-05,0.726495726,1.554572517,1.230018242,1.042593065,0.760039959,0.379867047
1984-11-06,1.367521368,2.619853784,2.052702424,1.725181106,1.231425852,0.59354226
1984-11-07,1.196581197,2.624551279,2.036650493,1.697146696,1.185327238,1.16334283
1984-11-08,1.623931624,2.416903727,1.857786471,1.534904727,1.048143869,1.828110161
1984-11-09,1.111111111,1.930826906,1.470333031,1.204404795,0.803504283,0.56980057
1984-11-10,1.196581197,1.815268421,1.369646728,1.112306951,0.724353985,0.902184236
1984-11-11,2.64957265,13.6419261,10.1999184,8.212211098,5.215639971,0.759734093
1984-11-12,1.88034188,9.305854456,6.895838754,5.504091201,3.405960085,2.872744539
1984-11-13,4.957264957,5.489494446,4.032071403,3.190431678,1.921616445,5.294396961
1984-11-14,3.076923077,3.54115002,2.578452204,2.022508801,1.184395489,0.664767331
1984-11-15,1.88034188,3.396521537,2.452000941,1.906554608,1.084266169,0.474833808
1984-11-16,1.709401709,3.133391273,2.262043172,1.758852846,1.000267513,0.830959164
1984-11-17,1.538461538,2.756901796,1.990249649,1.547519651,0.880081376,0.617283951
1984-11-18,1.965811966,2.813598835,2.031180111,1.579345152,0.898180681,0.617283951
1984-11-19,1.538461538,2.495247571,1.801357455,1.400646427,0.796553914,0.498575499
1984-11-20,1.367521368,2.46472319,1.779321437,1.383512309,0.786809664,0.807217474
1984-11-21,1.282051282,2.349906984,1.696433859,1.31906303,0.750157069,0.56980057
1984-11-22,1.196581197,2.115859926,1.527471702,1.187686416,0.675442599,0.427350427
1984-11-23,1.111111111,2.088282079,1.507562831,1.172206264,0.666638967,0.356125356
1984-11-24,3.162393162,2.348514136,1.69542834,1.318281188,0.749712433,1.400759734
1984-11-25,2.222222222,2.291847428,1.654519775,1.286472712,0.73162281,0.56980057
1984-11-26,1.709401709,2.030179725,1.465617851,1.139591923,0.648091045,0.403608737
1984-11-27,3.675213675,3.569791897,2.57708747,2.003815703,1.13957899,1.780626781
1984-11-28,7.521367521,4.472669033,3.228888308,2.510623784,1.427803022,1.115859449
1984-11-29,3.846153846,2.901081126,2.094334917,1.628451205,0.926107514,0.59354226
1984-11-30,2.905982906,2.466427519,1.780551818,1.384468993,0.787353734,0.474833808
1984-12-01,2.393162393,2.259502516,1.631169488,1.268316684,0.721297395,0.403608737
1984-12-02,2.051282051,2.144673365,1.548272564,1.203860138,0.684640667,0.379867047
1984-12-03,1.88034188,2.08506875,1.50524308,1.17040254,0.665613181,1.068376068
1984-12-04,1.709401709,1.941177821,1.401366013,1.089632873,0.619679109,0.641025641
1984-12-05,1.623931624,1.997860757,1.442286293,1.121450458,0.637773912,0.451092118
1984-12-06,1.452991453,1.883031629,1.359389386,1.056993925,0.601117192,0.356125356
1984-12-07,1.367521368,1.85812119,1.341406158,1.043011056,0.593165072,0.284900285
1984-12-08,1.367521368,1.945339389,1.404370313,1.091968868,0.621007599,0.237416904
1984-12-09,1.282051282,1.85666235,1.340352999,1.042192172,0.592699369,0.218423552
1984-12-10,1.282051282,1.945361182,1.404386045,1.0919811,0.621014556,0.902184236
1984-12-11,1.282051282,1.858120761,1.341405849,1.043010816,0.593164935,1.044634378
1984-12-12,1.282051282,1.799986095,1.299437543,1.010378338,0.574606699,0.59354226
1984-12-13,1.282051282,1.624065086,1.172437471,0.911629365,0.518447715,0.403608737
1984-12-14,1.282051282,1.567381734,1.13151689,0.879811547,0.500352778,0.284900285
1984-12-15,1.282051282,1.451064876,1.047545968,0.814519913,0.463221133,0.308641975
1984-12-16,1.196581197,1.422006647,1.026568387,0.798208784,0.45394492,1.115859449
1984-12-17,1.196581197,1.392933794,1.00558025,0.781889446,0.44466404,0.712250712
1984-12-18,1.196581197,1.333303873,0.962532496,0.748417643,0.425628475,0.56980057
1984-12-19,1.111111111,1.305711581,0.942613198,0.732929382,0.416820232,0.451092118
1984-12-20,1.111111111,1.276635145,0.921622472,0.716608033,0.407538207,0.379867047
1984-12-21,1.111111111,1.247551181,0.900626314,0.700282459,0.39825378,0.332383666
1984-12-22,1.111111111,1.246103453,0.899581176,0.699469812,0.397791623,0.284900285
1984-12-23,1.111111111,1.218492953,0.879648733,0.68397133,0.388977567,0.261158594
1984-12-24,1.025641026,1.218481842,0.879640712,0.683965094,0.388974021,0.237416904
1984-12-25,1.025641026,1.189427198,0.858665719,0.667655977,0.379698953,0.218423552
1984-12-26,1.025641026,1.189430746,0.858668281,0.667657969,0.379700086,0.204178538
1984-12-27,1.025641026,1.187964809,0.857609999,0.666835101,0.379232117,0.192307692
1984-12-28,1.025641026,1.18942322,0.858662848,0.667653744,0.379697683,0.180436847
1984-12-29,0.94017094,1.189441428,0.858675992,0.667663965,0.379703495,0.170940171
1984-12-30,0.94017094,1.189441428,0.858675992,0.667663965,0.379703495,0.161443495
1984-12-31,0.94017094,1.18796438,0.857609689,0.66683486,0.37923198,0.156695157
1985-01-01,0.94017094,1.16041375,0.837720467,0.651369985,0.370437036,0.144824311
1985-01-02,0.94017094,1.16041375,0.837720467,0.651369985,0.370437036,0.151946819
1985-01-03,0.94017094,1.160402378,0.837712257,0.651363602,0.370433406,0.147198481
1985-01-04,0.854700855,1.158954388,0.836666931,0.650550808,0.369971166,0.142450142
1985-01-05,0.854700855,1.189500083,0.858718336,0.667696889,0.37972222,0.132953466
1985-01-06,0.854700855,1.18950337,0.858720709,0.667698735,0.379723269,0.142450142
1985-01-07,0.854700855,1.189491999,0.8587125,0.667692351,0.379719639,0.147198481
1985-01-08,0.94017094,1.189513266,0.858727854,0.667704289,0.379726428,0.308641975
1985-01-09,0.94017094,1.188047329,0.857669571,0.666881421,0.37925846,0.308641975
1985-01-10,0.94017094,1.189501895,0.858719644,0.667697906,0.379722798,0.218423552
1985-01-11,0.94017094,1.189519842,0.8587326,0.66770798,0.379728527,0.170940171
1985-01-12,0.94017094,1.189523162,0.858734998,0.667709844,0.379729587,0.059354226
1985-01-13,0.94017094,1.188045854,0.857668506,0.666880593,0.379257988,0.042735043
1985-01-14,0.94017094,1.189529738,0.858739744,0.667713535,0.379731686,0.045109212
1985-01-15,0.854700855,1.189533058,0.858742142,0.667715399,0.379732746,0.045109212
1985-01-16,0.94017094,1.189521687,0.858733932,0.667709016,0.379729116,0.097340931
1985-01-17,0.94017094,1.192611264,0.858515928,0.667539507,0.379632716,0.116334283
1985-01-18,0.94017094,1.194209386,0.857227255,0.666537498,0.379062869,0.111585945
1985-01-19,0.94017094,1.198761183,0.858058775,0.667184047,0.379430564,0.097340931
1985-01-20,0.94017094,1.20182134,0.857819613,0.666998086,0.379324807,0.116334283
1985-01-21,0.94017094,1.204907806,0.857599222,0.666826721,0.379227351,0.111585945
1985-01-22,0.94017094,1.206493962,0.856313921,0.665827335,0.378658996,0.097340931
1985-01-23,0.854700855,1.211045888,0.857133597,0.666464675,0.379021454,0.106837607
1985-01-24,0.854700855,1.243809579,0.877858758,0.682579534,0.388186047,0.097340931
1985-01-25,0.854700855,1.246644513,0.877402681,0.682224911,0.387984371,0.097340931
1985-01-26,0.854700855,1.249812113,0.877181308,0.682052783,0.387886481,0.045109212
1985-01-27,0.854700855,1.282845395,0.897862828,0.698133709,0.397031776,0.030864198
1985-01-28,0.854700855,1.284558304,0.896567996,0.697126912,0.396459206,0.068850902
1985-01-29,0.846153846,1.289290745,0.897380665,0.697758803,0.396818565,0.037986705
1985-01-30,0.854700855,1.292533669,0.897153629,0.697582271,0.396718171,0.068850902
1985-01-31,0.854700855,1.295742797,0.896903117,0.697387486,0.396607395,0.083095916
1985-02-01,0.94017094,1.298777069,0.896531949,0.697098884,0.396443266,0.085470085
1985-02-02,0.94017094,1.302019274,0.896304629,0.696922131,0.396342746,0.087844255
1985-02-03,0.94017094,1.274799761,0.875164903,0.680484926,0.386994833,0.087844255
1985-02-04,0.94017094,1.245904506,0.852992046,0.663244409,0.377190074,0.080721747
1985-02-05,0.94017094,1.189344375,0.812049967,0.631409874,0.359085631,0.085470085
1985-02-06,0.94017094,1.161722991,0.791034101,0.615068977,0.34979249,0.092592593
1985-02-07,0.94017094,1.133688409,0.769850496,0.598597654,0.340425174,0.427350427
1985-02-08,0.94017094,1.136461526,0.76964429,0.598437318,0.340333991,8.048433048
1985-02-09,0.94017094,1.139390554,0.769543375,0.598358852,0.340289366,1.780626781
1985-02-10,0.94017094,1.142008023,0.769232022,0.598116759,0.340151687,0.451092118
1985-02-11,1.025641026,1.143370174,0.768077942,0.597219404,0.339641357,0.308641975
1985-02-12,1.025641026,1.178654894,0.789655824,0.613997297,0.34918302,0.261158594
1985-02-13,1.025641026,1.337557229,0.893714483,0.694908161,0.395197392,0.235042735
1985-02-14,1.025641026,1.4031282,0.935021305,0.727026302,0.413463124,0.204178538
1985-02-15,1.025641026,1.582626438,1.060846788,0.82455271,0.465409257,0.170940171
1985-02-16,1.196581197,1.822267829,1.228704478,0.954663995,0.534779997,0.083095916
1985-02-17,1.452991453,1.997505963,1.354862752,1.052291236,0.584987178,0.061728395
1985-02-18,1.538461538,2.169620857,1.480383277,1.149350716,0.634053914,0.047483381
1985-02-19,1.623931624,2.586340087,1.775294045,1.377801485,0.754224439,0.04985755
1985-02-20,1.623931624,2.664031002,1.839626422,1.427197725,0.77520257,0.111585945
1985-02-21,1.367521368,2.43896972,1.694392227,1.314034634,0.708160022,0.125830959
1985-02-22,1.282051282,2.366226199,1.653836532,1.282106196,0.685516956,0.121082621
1985-02-23,1.452991453,2.503109836,1.760178608,1.364039395,0.723546485,0.116334283
1985-02-24,1.623931624,2.964550462,2.097432751,1.624789774,0.854982779,0.116334283
1985-02-25,1.709401709,3.419757673,2.434382867,1.88511206,0.983995232,0.111585945
1985-02-26,1.965811966,3.578985996,2.56348051,1.984347212,1.027409789,0.109211776
1985-02-27,1.965811966,3.910349484,2.818216268,2.180728093,1.119881184,0.102089269
1985-02-28,1.965811966,4.005268053,2.904634169,2.246768864,1.144318716,0.106837607
1985-03-01,1.88034188,4.407121989,3.216092754,2.48676916,1.256075132,0.104463438
1985-03-02,1.88034188,3.924761076,2.882126401,2.227717319,1.115847146,0.054605888
1985-03-03,1.709401709,3.101963498,2.292321879,1.771181246,0.879720309,0.028490028
1985-03-04,1.709401709,2.716810739,2.020460547,1.560552289,0.768544444,0.035612536
1985-03-05,1.623931624,2.615748756,1.957727284,1.51154432,0.738060908,0.356125356
1985-03-06,1.623931624,2.32008564,1.747586225,1.348802131,0.652937114,0.522317189
1985-03-07,1.623931624,2.280742971,1.729030998,1.33399298,0.640175592,0.641025641
1985-03-08,1.623931624,2.23859764,1.708078696,1.317346344,0.62666893,0.261158594
1985-03-09,1.623931624,2.172230572,1.668233646,1.286146665,0.606444388,0.261158594
1985-03-10,1.623931624,2.103429536,1.625967736,1.253104425,0.585624441,1.804368471
1985-03-11,1.623931624,2.091557029,1.627423983,1.253770268,0.58069751,0.807217474
1985-03-12,1.623931624,2.053609487,1.608459462,1.238709543,0.568551264,0.284900285
1985-03-13,1.623931624,2.121500575,1.672673007,1.287694126,0.585664004,0.218423552
1985-03-14,1.623931624,2.298251116,1.824129065,1.403782182,0.632613081,0.170940171
1985-03-15,1.709401709,2.657107619,2.123108284,1.633273804,0.729233195,0.142450142
1985-03-16,1.794871795,3.012624983,2.423415581,1.863621145,0.824327556,0.04985755
1985-03-17,1.88034188,3.270475824,2.65901555,2.048823933,0.939517977,0.030864198
1985-03-18,2.051282051,3.415341081,2.806868657,2.166997496,1.028768084,0.094966762
1985-03-19,2.051282051,3.328074149,2.765102045,2.138939859,1.049926681,0.037986705
1985-03-20,2.222222222,4.203739853,3.531322719,2.736997811,1.387448642,0.085470085
1985-03-21,2.393162393,4.759267594,4.042774825,3.139530966,1.641739782,0.102089269
1985-03-22,2.393162393,4.21022336,3.616913334,2.814297782,1.516535915,0.102089269
1985-03-23,2.393162393,4.210004524,3.658188118,2.85195891,1.582133611,0.102089269
1985-03-24,2.64957265,4.840107694,4.254487971,3.32329102,1.896204822,0.090218424
1985-03-25,2.564102564,3.610514034,3.21092223,2.513004533,1.47350029,0.106837607
1985-03-26,2.64957265,2.785000767,2.506199498,1.965260416,1.183209436,1.566951567
1985-03-27,2.820512821,2.401987997,2.187526355,1.718689097,1.06166501,0.284900285
1985-03-28,2.735042735,2.394683528,2.207429443,1.737676792,1.100499858,0.261158594
1985-03-29,2.222222222,2.388219813,2.228614398,1.757736743,1.140523938,0.180436847
1985-03-30,2.051282051,2.382098219,2.250658303,1.778540609,1.181566267,0.071225071
1985-03-31,2.136752137,3.219179804,3.080019342,2.438605696,1.657707752,0.037986705
1985-04-01,2.905982906,5.29333017,5.129397082,4.068993368,2.828570503,0.090218424
1985-04-02,4.017094017,8.15207298,8.002159161,6.360027243,4.518626607,0.113960114
1985-04-03,4.957264957,9.864676093,9.810662266,7.812317011,5.669699107,0.106837607
1985-04-04,5.384615385,11.21341691,11.30072764,9.016049761,6.680438744,0.102089269
1985-04-05,5.897435897,13.49939645,13.78841617,11.02176779,8.333631032,0.042735043
1985-04-06,6.41025641,14.83736983,15.36276384,12.30358964,9.488646314,0.037986705
1985-04-07,6.495726496,14.97567677,15.7215135,12.61482058,9.91851593,0.033238367
1985-04-08,6.581196581,15.14552789,16.12401448,12.96232133,10.38612503,0.085470085
1985-04-09,6.923076923,15.91607703,17.18674051,13.84282233,11.29848386,0.113960114
1985-04-10,6.41025641,16.13216713,17.67296151,14.26134953,11.85243922,0.118708452
1985-04-11,5.299145299,13.92635859,15.48126334,12.51631574,10.5878755,0.106837607
1985-04-12,5.555555556,14.18985426,16.01012883,12.96828108,11.16194677,0.102089269
1985-04-13,6.495726496,17.76257385,20.34555917,16.51099917,14.45446955,0.045109212
1985-04-14,7.179487179,20.6896353,24.0638568,19.56517619,17.41548594,0.037986705
1985-04-15,6.495726496,20.18910299,23.84971003,19.42741894,17.5770961,0.071225071
1985-04-16,5.555555556,15.44145614,18.19870545,15.06676955,13.84335914,0.102089269
1985-04-17,4.615384615,11.60992268,13.65074422,11.48589463,10.71153555,0.261158594
1985-04-18,3.846153846,9.907145036,11.62087094,9.937067027,9.401532688,0.102089269
1985-04-19,3.247863248,10.18136666,11.91372543,10.35288386,9.932399247,0.090218424
1985-04-20,2.820512821,6.73933433,7.866795356,6.946882569,6.755292073,0.033238367
1985-04-21,2.393162393,5.482766439,6.384218153,5.728794727,5.644131934,0.026115859
1985-04-22,2.393162393,5.441576325,6.320441037,5.763050054,5.750335222,0.066476733
1985-04-23,2.64957265,6.961319197,8.065220331,7.472357914,7.548152409,0.102089269
1985-04-24,3.247863248,8.035771703,9.286272514,8.741926523,8.936662991,0.118708452
1985-04-25,2.991452991,7.056802238,8.133880963,7.779946736,8.046004484,0.090218424
1985-04-26,2.735042735,5.877024945,6.756317938,6.565860631,6.867325511,0.066476733
1985-04-27,2.393162393,7.690845343,8.818113926,8.706640995,9.206661118,0.045109212
1985-04-28,2.307692308,11.69296707,13.37092928,13.41285839,14.3349954,0.042735043
1985-04-29,2.393162393,11.85876822,13.523764,13.782706,14.88367365,0.094966762
1985-04-30,2.564102564,13.21426461,15.02822803,15.56019608,16.97344992,0.118708452
1985-05-01,2.991452991,16.05436974,18.20749423,19.15234418,21.09800269,0.132953466
1985-05-02,3.846153846,17.19381204,19.44492763,20.77961548,23.11058137,0.113960114
1985-05-03,3.675213675,14.69313737,16.56955106,17.98859104,20.19382065,0.125830959
1985-05-04,3.418803419,12.14131465,13.65238365,15.05728917,17.0574583,0.045109212
1985-05-05,3.162393162,12.65663144,14.19030382,15.899352,18.17168837,0.040360874
1985-05-06,3.162393162,13.26621805,14.82980359,16.87994122,19.45991788,0.102089269
1985-05-07,2.820512821,11.9993013,13.37342168,15.46411597,17.97872223,0.151946819
1985-05-08,2.478632479,9.869848933,10.96676862,12.88274314,15.10144559,0.140075973
1985-05-09,2.307692308,8.406210653,9.311786099,11.11247243,13.13146901,0.140075973
1985-05-10,2.136752137,6.885698323,7.603750783,9.218396837,10.97916937,0.140075973
1985-05-11,1.88034188,5.591927812,6.155606707,7.581425042,9.099097336,0.052231719
1985-05-12,1.709401709,7.039754202,7.724637983,9.665271601,11.68744463,0.040360874
1985-05-13,1.709401709,8.770603542,9.592746989,12.19380404,14.85354191,0.113960114
1985-05-14,1.709401709,10.28154558,11.20846,14.47463666,17.75879769,0.140075973
1985-05-15,1.88034188,9.573722371,10.40215146,13.64760596,16.86201909,0.140075973
1985-05-16,1.794871795,8.825905204,9.557334305,12.73938902,15.84832321,0.144824311
1985-05-17,1.794871795,9.197950187,10.01997515,13.5229725,16.91751595,0.144824311
1985-05-18,1.709401709,9.297786008,10.19065185,13.92521473,17.51673249,0.061728395
1985-05-19,1.709401709,9.151206795,10.09247786,13.96346792,17.65995024,0.056980057
1985-05-20,1.623931624,8.266204445,9.174328376,12.85188612,16.34057674,0.132953466
1985-05-21,1.452991453,7.373183982,8.236167191,11.68198953,14.93076549,0.166191833
1985-05-22,1.452991453,7.710605678,8.669925901,12.4511224,15.99557939,0.166191833
1985-05-23,1.367521368,7.779329562,8.806075937,12.80500664,16.53331571,0.151946819
1985-05-24,1.282051282,7.1456894,8.144343337,11.99115313,15.55941312,0.151946819
1985-05-25,1.196581197,6.123619968,7.028327847,10.47774998,13.66207846,0.061728395
1985-05-26,1.111111111,5.096786664,5.8916123,8.893350287,11.65187708,0.045109212
1985-05-27,1.111111111,4.394906711,5.117353016,7.821613205,10.2961468,0.040360874
1985-05-28,1.025641026,3.641724007,4.271957708,6.611538805,8.74371151,0.094966762
1985-05-29,1.025641026,2.976310286,3.517958411,5.513105662,7.324403477,0.140075973
1985-05-30,0.94017094,2.364688646,2.816759191,4.469831339,5.965108377,0.151946819
1985-05-31,0.94017094,2.263100795,2.717164875,4.366157896,5.852578417,0.151946819
1985-06-01,0.94017094,1.80982747,2.190590567,3.564456797,4.798791041,0.052231719
1985-06-02,1.111111111,2.250862952,2.747029203,4.526382216,6.119996557,0.261158594
1985-06-03,1.025641026,2.204817829,2.713676889,4.52803154,6.148120139,0.102089269
1985-06-04,0.94017094,2.205744701,2.738393105,4.627202044,6.308940883,0.140075973
1985-06-05,0.854700855,2.276679974,2.851573958,4.879632661,6.680408304,0.140075973
1985-06-06,0.846153846,2.228510218,2.816628567,4.881134798,6.709466322,0.140075973
1985-06-07,0.820512821,2.149083499,2.741536997,4.811532671,6.640120097,0.151946819
1985-06-08,0.794871795,1.940640976,2.499246104,4.442283775,6.154584247,0.132953466
1985-06-09,0.777777778,1.688411733,2.195664994,3.952588555,5.497296185,0.151946819
1985-06-10,0.752136752,1.453964207,1.909722047,3.481887508,4.861083692,0.159069326
1985-06-11,0.726495726,1.236762092,1.641120076,3.030576441,4.246886987,0.159069326
1985-06-12,0.700854701,0.943816252,1.265589371,2.367171742,3.329500715,0.135327635
1985-06-13,0.683760684,0.813929672,1.103218447,2.090079354,2.950484188,0.137701804
1985-06-14,0.675213675,0.753267804,1.032324741,1.981046425,2.806623249,0.178062678
1985-06-15,0.658119658,0.631049996,0.874684149,1.700277789,2.417389038,0.106837607
1985-06-16,0.641025641,0.555422425,0.767071537,1.525918816,2.177744737,0.092592593
1985-06-17,0.641025641,0.491417104,0.67615629,1.376669242,1.972058771,0.159069326
1985-06-18,0.615384615,0.419619313,0.575167655,1.198746181,1.723451495,0.178062678
1985-06-19,0.598290598,0.357810352,0.488528785,1.042413214,1.504046363,0.178062678
1985-06-20,0.581196581,0.324513916,0.441289079,0.964184442,1.396046239,0.144824311
1985-06-21,0.572649573,0.24532503,0.332228406,0.743420883,1.080096663,0.140075973
1985-06-22,0.572649573,0.205540879,0.277171532,0.635309447,0.926130277,0.068850902
1985-06-23,0.564102564,0.176508601,0.236984623,0.556515322,0.813943722,0.04985755
1985-06-24,0.547008547,0.156585408,0.209293439,0.503638006,0.738990133,0.12345679
1985-06-25,0.547008547,0.136662035,0.181821838,0.448440423,0.660086725,0.132953466
1985-06-26,0.52991453,0.118016033,0.156269537,0.395114716,0.583404167,0.142450142
1985-06-27,0.521367521,0.116325054,0.153278206,0.39739137,0.588558372,0.159069326
1985-06-28,0.512820513,0.11124814,0.145851068,0.387829276,0.57611862,0.142450142
1985-06-29,0.504273504,0.091488304,0.119323244,0.325505143,0.484959527,0.056980057
1985-06-30,0.495726496,0.074613515,0.0967942,0.270955612,0.404854408,0.052231719
1985-07-01,0.495726496,0.072625022,0.093695093,0.26921635,0.403396972,0.142450142
1985-07-02,0.487179487,0.06359115,0.081573438,0.240654913,0.361604997,0.151946819
1985-07-03,0.478632479,0.050753113,0.064722497,0.196107576,0.295475277,0.154320988
1985-07-04,0.461538462,0.049084977,0.062215204,0.193672091,0.292590399,0.068850902
1985-07-05,0.452991453,0.04688696,0.05905625,0.188935205,0.286188307,0.083095916
1985-07-06,0.452991453,0.044778927,0.056034972,0.184304116,0.279898285,0.066476733
1985-07-07,0.452991453,0.042757384,0.053145818,0.179776873,0.273719655,0.092592593
1985-07-08,0.435897436,0.040818967,0.050383451,0.175351543,0.26765167,0.168566002
1985-07-09,0.427350427,0.038960439,0.047742737,0.17102621,0.261693518,0.17331434
1985-07-10,0.427350427,0.037178684,0.045218742,0.16679898,0.255844327,0.168566002
1985-07-11,0.452991453,0.035470703,0.042806722,0.162667977,0.25010317,0.161443495
1985-07-12,0.444444444,0.033833611,0.040502116,0.158631344,0.244469072,0.132953466
1985-07-13,0.41025641,0.03226463,0.038300541,0.154687248,0.238941008,0.078347578
1985-07-14,0.401709402,0.03076109,0.036197781,0.150833876,0.233517913,0.102089269
1985-07-15,0.393162393,0.029320418,0.034189788,0.147069436,0.228198681,0.156695157
1985-07-16,0.384615385,0.027940141,0.032272666,0.143392161,0.222982173,0.151946819
1985-07-17,0.376068376,0.028745915,0.032805915,0.136935779,0.211519425,0.147198481
1985-07-18,0.376068376,0.029472643,0.033273034,0.130744506,0.200559038,0.14957265
1985-07-19,0.367521368,0.030124523,0.033677675,0.124808025,0.190080691,0.130579297
1985-07-20,0.376068376,0.030705568,0.034023328,0.11911641,0.180064845,0.061728395
1985-07-21,0.401709402,0.031219608,0.034313322,0.113660104,0.170492717,0.085470085
1985-07-22,0.393162393,0.031670306,0.034550835,0.108429912,0.161346248,0.14957265
1985-07-23,0.376068376,0.032061158,0.034738901,0.103416985,0.152608079,0.154320988
1985-07-24,0.35042735,0.032395501,0.034880413,0.098612809,0.144261523,0.151946819
1985-07-25,0.341880342,0.032676522,0.03497813,0.094009188,0.136290542,0.137701804
1985-07-26,0.341880342,0.032907263,0.035034684,0.08959824,0.128679717,0.125830959
1985-07-27,0.333333333,0.033090627,0.035052584,0.085372377,0.121414234,0.054605888
1985-07-28,0.333333333,0.033229382,0.035034222,0.081324302,0.114479852,0.059354226
1985-07-29,0.324786325,0.03332617,0.034981875,0.077446992,0.107862888,0.116334283
1985-07-30,0.35042735,0.033383509,0.034897715,0.073733691,0.101550193,0.116334283
1985-07-31,0.358974359,0.033403801,0.034783809,0.0701779,0.095529131,0.121082621
1985-08-01,0.367521368,0.036371945,0.037736645,0.072738114,0.097808128,0.125830959
1985-08-02,0.35042735,0.03672138,0.037968374,0.069950941,0.092858649,0.128205128
1985-08-03,0.333333333,0.036635978,0.037757234,0.066514933,0.087112808,0.052231719
1985-08-04,0.324786325,0.037739455,0.038775177,0.065339105,0.08436568,0.071225071
1985-08-05,0.316239316,0.038790762,0.039739517,0.064072955,0.081501926,0.135327635
1985-08-06,0.316239316,0.038605716,0.039440909,0.060861737,0.076204535,0.128205128
1985-08-07,0.307692308,0.038393493,0.039121365,0.057789643,0.07116091,0.128205128
1985-08-08,0.307692308,0.038156001,0.038782511,0.054851081,0.06636029,0.132953466
1985-08-09,0.299145299,0.038946768,0.039492338,0.053484977,0.06350729,0.125830959
1985-08-10,0.299145299,0.038842327,0.039297331,0.050967145,0.059325721,0.075973409
1985-08-11,0.290598291,0.038529651,0.038896814,0.048313719,0.055058634,0.04985755
1985-08-12,0.290598291,0.041787484,0.042098643,0.050079163,0.055795259,0.052231719
1985-08-13,0.299145299,0.044435244,0.04467776,0.050897763,0.055352878,0.059354226
1985-08-14,0.299145299,0.041746667,0.041895187,0.045704395,0.048432763,0.052231719
1985-08-15,0.290598291,0.042198765,0.042272197,0.044155578,0.045504561,0.054605888
1985-08-16,0.290598291,0.041750759,0.041750759,0.041750759,0.041750759,0.056980057
1985-08-17,0.307692308,0.040428708,0.040428708,0.040428708,0.040428708,0.035612536
1985-08-18,0.367521368,0.096521545,0.096521545,0.096521545,0.096521545,0.035612536
1985-08-19,0.341880342,0.090729707,0.090729707,0.090729707,0.090729707,0.04985755
1985-08-20,0.324786325,0.089729487,0.089729487,0.089729487,0.089729487,0.052231719
1985-08-21,0.307692308,0.087742841,0.087742841,0.087742841,0.087742841,0.042735043
1985-08-22,0.290598291,0.08824125,0.08824125,0.08824125,0.08824125,0.066476733
1985-08-23,0.282051282,0.085213582,0.085213582,0.085213582,0.085213582,0.066476733
1985-08-24,0.273504274,0.08553385,0.08553385,0.08553385,0.08553385,0.064102564
1985-08-25,0.264957265,0.084484981,0.084484981,0.084484981,0.084484981,0.052231719
1985-08-26,0.264957265,0.084117921,0.084117921,0.084117921,0.084117921,0.102089269
1985-08-27,0.264957265,0.083617947,0.083617947,0.083617947,0.083617947,0.144824311
1985-08-28,0.264957265,0.082059579,0.082059579,0.082059579,0.082059579,0.132953466
1985-08-29,0.264957265,0.079461135,0.079461135,0.079461135,0.079461135,0.132953466
1985-08-30,0.307692308,0.078062737,0.078062737,0.078062737,0.078062737,0.113960114
1985-08-31,0.307692308,0.064480051,0.064480051,0.064480051,0.064480051,0.056980057
1985-09-01,0.273504274,0.049804163,0.049804163,0.049804163,0.049804163,0.042735043
1985-09-02,0.273504274,0.049038477,0.049038477,0.049038477,0.049038477,0.042735043
1985-09-03,0.307692308,0.047485657,0.047485657,0.047485657,0.047485657,0.092592593
1985-09-04,0.307692308,0.045982008,0.045982008,0.045982008,0.045982008,0.113960114
1985-09-05,0.316239316,0.044525973,0.044525973,0.044525973,0.044525973,0.116334283
1985-09-06,0.358974359,0.043116043,0.043116043,0.043116043,0.043116043,0.121082621
1985-09-07,0.401709402,0.041750759,0.041750759,0.041750759,0.041750759,0.047483381
1985-09-08,0.726495726,0.117642726,0.117642726,0.117642726,0.117642726,0.056980057
1985-09-09,1.111111111,0.15592947,0.15592947,0.15592947,0.15592947,0.59354226
1985-09-10,0.752136752,0.151232507,0.151232507,0.151232507,0.151232507,0.151946819
1985-09-11,0.52991453,0.14644368,0.14644368,0.14644368,0.14644368,0.0997151
1985-09-12,0.47008547,0.141806492,0.141806492,0.141806492,0.141806492,0.085470085
1985-09-13,0.435897436,0.137316142,0.137316142,0.137316142,0.137316142,0.085470085
1985-09-14,0.418803419,0.132967981,0.132967981,0.132967981,0.132967981,0.061728395
1985-09-15,0.41025641,0.128757506,0.128757506,0.128757506,0.128757506,0.04985755
1985-09-16,0.401709402,0.124680357,0.124680357,0.124680357,0.124680357,0.075973409
1985-09-17,0.393162393,0.120732312,0.120732312,0.120732312,0.120732312,0.0997151
1985-09-18,0.401709402,0.116909283,0.116909283,0.116909283,0.116909283,0.451092118
1985-09-19,0.393162393,0.45733707,0.45733707,0.45733707,0.45733707,0.0997151
1985-09-20,0.384615385,0.379809439,0.379809439,0.379809439,0.379809439,0.097340931
1985-09-21,0.376068376,0.206758046,0.206758046,0.206758046,0.206758046,0.066476733
1985-09-22,0.376068376,0.158789331,0.158789331,0.158789331,0.158789331,0.047483381
1985-09-23,0.358974359,0.157813921,0.157813921,0.157813921,0.157813921,0.111585945
1985-09-24,0.358974359,0.15694294,0.15694294,0.15694294,0.15694294,0.111585945
1985-09-25,0.35042735,0.156182754,0.156182754,0.156182754,0.156182754,0.111585945
1985-09-26,0.35042735,0.084200885,0.084200885,0.084200885,0.084200885,0.109211776
1985-09-27,0.35042735,0.070639222,0.070639222,0.070639222,0.070639222,0.104463438
1985-09-28,0.358974359,0.069864521,0.069864521,0.069864521,0.069864521,0.052231719
1985-09-29,0.358974359,0.067652238,0.067652238,0.067652238,0.067652238,0.028490028
1985-09-30,0.367521368,0.065510007,0.065510007,0.065510007,0.065510007,0.085470085
1985-10-01,0.367521368,0.063435611,0.063435611,0.063435611,0.063435611,0.109211776
1985-10-02,0.341880342,0.061426902,0.061426902,0.061426902,0.061426902,0.087844255
1985-10-03,0.333333333,0.059481798,0.059481798,0.059481798,0.059481798,0.102089269
1985-10-04,0.324786325,0.057598287,0.057598287,0.057598287,0.057598287,0.102089269
1985-10-05,0.324786325,0.055774419,0.055774419,0.055774419,0.055774419,0.071225071
1985-10-06,0.367521368,0.075646911,0.075646911,0.075646911,0.075646911,0.037986705
1985-10-07,0.47008547,0.14120246,0.14120246,0.14120246,0.14120246,0.064102564
1985-10-08,0.47008547,0.120519177,0.120519177,0.120519177,0.120519177,0.07359924
1985-10-09,0.504273504,0.103971068,0.103971068,0.103971068,0.103971068,0.061728395
1985-10-10,0.41025641,0.089353572,0.089353572,0.089353572,0.089353572,0.061728395
1985-10-11,0.393162393,0.077218292,0.077218292,0.077218292,0.077218292,0.059354226
1985-10-12,0.384615385,0.073357066,0.073357066,0.073357066,0.073357066,0.037986705
1985-10-13,0.376068376,0.071150652,0.071150652,0.071150652,0.071150652,0.02374169
1985-10-14,0.367521368,0.069220039,0.069220039,0.069220039,0.069220039,0.02374169
1985-10-15,0.367521368,0.066737823,0.066737823,0.066737823,0.066737823,0.022792023
1985-10-16,0.358974359,0.063704003,0.063704003,0.063704003,0.063704003,0.094966762
1985-10-17,0.358974359,0.061568501,0.06113064,0.060676097,0.06002559,0.047483381
1985-10-18,0.35042735,0.059658093,0.058818038,0.057945977,0.056697952,0.042735043
1985-10-19,0.35042735,0.059402496,0.058160246,0.056870668,0.055025124,0.033238367
1985-10-20,0.35042735,0.063134506,0.061391388,0.059581859,0.056992201,0.026115859
1985-10-21,0.521367521,0.142415837,0.137548547,0.132495819,0.125264744,1.16334283
1985-10-22,0.487179487,0.168283696,0.161448481,0.154352853,0.144198137,0.080721747
1985-10-23,0.521367521,0.188521182,0.179672935,0.17048758,0.15734221,0.040360874
1985-10-24,0.512820513,0.344857705,0.326534199,0.307512588,0.280290327,0.040360874
1985-10-25,0.47008547,0.284871364,0.268002404,0.250490755,0.225429435,0.047483381
1985-10-26,0.435897436,0.244994244,0.229024085,0.21244548,0.188719461,0.037986705
1985-10-27,0.418803419,0.197871573,0.183813587,0.169220007,0.148334802,0.026115859
1985-10-28,0.401709402,0.180292553,0.16644617,0.152072255,0.131501417,0.030864198
1985-10-29,0.393162393,0.166513985,0.152785025,0.138533008,0.118136621,0.042735043
1985-10-30,0.393162393,0.159188672,0.145180377,0.130638381,0.109826998,0.045109212
1985-10-31,0.393162393,0.149479194,0.135510579,0.121009775,0.100257344,0.037986705
1985-11-01,0.384615385,0.132606926,0.119504918,0.105903739,0.086438782,0.037986705
1985-11-02,0.384615385,0.124707746,0.111730045,0.098257907,0.078977624,0.035612536
1985-11-03,0.376068376,0.125793081,0.112051985,0.097787369,0.077372951,0.030864198
1985-11-04,0.376068376,0.126994639,0.112476863,0.097405975,0.075837684,0.090218424
1985-11-05,0.376068376,0.125638741,0.110648264,0.095086665,0.072816107,0.097340931
1985-11-06,0.376068376,0.124359629,0.108910904,0.092873599,0.069922247,0.104463438
1985-11-07,0.367521368,0.123041077,0.107161845,0.090677632,0.067086699,0.109211776
1985-11-08,0.367521368,0.124067252,0.107466237,0.090232741,0.065569493,0.094966762
1985-11-09,0.384615385,0.134708971,0.116054623,0.096689564,0.068975788,0.102089269
1985-11-10,0.427350427,0.145508448,0.124689804,0.103077992,0.072148837,2.018043685
1985-11-11,0.461538462,0.159032192,0.13555948,0.111192484,0.07632032,1.709401709
1985-11-12,0.478632479,0.17004372,0.144189099,0.117349445,0.078938605,0.735992403
1985-11-13,0.495726496,0.18133619,0.152970515,0.12352414,0.081382761,0.379867047
1985-11-14,0.512820513,0.190283933,0.159698481,0.127947758,0.082508574,0.213675214
1985-11-15,0.52991453,0.19682779,0.164355449,0.130645948,0.082403513,0.175688509
1985-11-16,0.52991453,0.201872198,0.168567639,0.133994213,0.084515394,0.237416904
1985-11-17,0.52991453,0.204394403,0.170673734,0.135668345,0.085571335,0.052231719
1985-11-18,0.52991453,0.207043768,0.172886011,0.137426882,0.086680513,0.116334283
1985-11-19,0.512820513,0.20944555,0.174891551,0.139021083,0.087686038,0.14957265
1985-11-20,0.504273504,0.211967754,0.176997646,0.140695215,0.088741979,0.178062678
1985-11-21,0.487179487,0.217012163,0.181209836,0.14404348,0.09085386,0.151946819
1985-11-22,0.47008547,0.206923346,0.172785456,0.13734695,0.086630097,0.121082621
1985-11-23,0.94017094,0.252323024,0.210695167,0.167481334,0.105637032,0.163817664
1985-11-24,3.162393162,0.408699695,0.341273059,0.271277543,0.171105363,9.235517569
1985-11-25,3.333333333,0.560159119,0.467744944,0.371809891,0.23451505,3.038936372
1985-11-26,1.367521368,0.459143783,0.38339496,0.304760191,0.19222418,0.59354226
1985-11-27,1.025641026,0.408699695,0.341273059,0.271277543,0.171105363,0.284900285
1985-11-28,1.88034188,0.433921739,0.36233401,0.288018867,0.181664772,1.305792972
1985-11-29,3.931623932,0.585254001,0.488699712,0.388466811,0.245021221,2.397910731
1985-11-30,1.709401709,0.459143783,0.38339496,0.304760191,0.19222418,0.712250712
1985-12-01,1.282051282,0.431892602,0.360639636,0.286672012,0.180815257,0.617283951
1985-12-02,8.632478632,3.332554789,2.782755117,2.212008684,1.395200449,3.015194682
1985-12-03,6.666666667,3.508981934,2.930075587,2.329113548,1.46906307,1.115859449
1985-12-04,2.991452991,2.096547486,1.750662364,1.3915994,0.877736205,0.427350427
1985-12-05,2.393162393,1.491218437,1.245199554,0.989807622,0.624310406,1.970560304
1985-12-06,1.965811966,1.213775957,1.013529099,0.805653058,0.508156915,0.712250712
1985-12-07,2.136752137,1.365108219,1.139894802,0.906101002,0.571513364,0.783475783
1985-12-08,1.965811966,1.289442088,1.07671195,0.85587703,0.539835139,0.356125356
1985-12-09,1.709401709,1.037348812,0.866208629,0.688548193,0.434294293,0.261158594
1985-12-10,1.452991453,0.936333476,0.781858645,0.621498493,0.392003423,0.218423552
1985-12-11,1.282051282,0.835445301,0.697614843,0.554533197,0.34976579,0.175688509
1985-12-12,1.196581197,0.785001214,0.655492942,0.521050549,0.328646973,0.161443495
1985-12-13,1.111111111,0.709338624,0.592313048,0.470828927,0.296970231,0.151946819
1985-12-14,1.025641026,0.684116581,0.571252098,0.454087603,0.286410823,0.07359924
1985-12-15,0.94017094,0.684116581,0.571252098,0.454087603,0.286410823,0.037986705
1985-12-16,0.94017094,0.684116581,0.571252098,0.454087603,0.286410823,0.12345679
1985-12-17,0.854700855,0.709465785,0.592419231,0.470913331,0.297023468,0.135327635
1985-12-18,0.854700855,0.785004755,0.6554959,0.521052899,0.328648456,0.128205128
1985-12-19,0.846153846,0.88589293,0.739739701,0.588018196,0.370886089,0.135327635
1985-12-20,0.846153846,1.046763196,0.874069842,0.694797063,0.4382357,0.144824311
1985-12-21,0.837606838,1.073263023,0.89619777,0.712386526,0.449330062,0.061728395
1985-12-22,0.820512821,1.122444758,0.937265579,0.745031278,0.469920385,0.035612536
1985-12-23,0.820512821,1.147672974,0.958331684,0.761776699,0.480482378,0.035612536
1985-12-24,0.811965812,1.173031438,0.979506548,0.778608573,0.491098899,0.035612536
1985-12-25,0.820512821,1.224626148,1.022589243,0.812854955,0.512699433,0.033238367
1985-12-26,0.820512821,1.248582753,1.042593525,0.828756335,0.522729056,0.033238367
1985-12-27,0.794871795,1.273814056,1.063662207,0.845503804,0.53329234,0.035612536
1985-12-28,0.777777778,1.248598185,1.042606411,0.828766577,0.522735516,0.030864198
1985-12-29,1.025641026,1.956093215,1.633380018,1.298371805,0.818933912,1.923076923
1985-12-30,5.384615385,10.37899042,8.666680827,6.88913413,4.345246517,2.35042735
1985-12-31,2.64957265,5.586938605,4.665214219,3.708373153,2.339016083,0.735992403
1986-01-01,2.136752137,4.478326905,3.739499542,2.972523673,1.874887017,0.403608737
1986-01-02,1.88034188,3.6951777,3.085553067,2.452702409,1.547015401,0.22317189
1986-01-03,1.709401709,2.761967843,2.306302712,1.833277242,1.156319706,0.161443495
1986-01-04,3.931623932,8.71437592,7.276691821,5.784233546,3.648342476,2.184235518
1986-01-05,6.837606838,21.57889558,18.01884317,14.32315669,9.034175491,2.089268756
1986-01-06,4.871794872,10.05115904,8.392934554,6.671533548,4.207997314,0.902184236
1986-01-07,3.418803419,5.435657963,4.53889162,3.607959471,2.275681244,0.498575499
1986-01-08,2.735042735,4.174437258,3.485745133,2.7708146,1.74766121,0.308641975
1986-01-09,2.307692308,3.545163538,2.960288006,2.353129364,1.484210785,0.261158594
1986-01-10,2.136752137,3.241233163,2.706499589,2.151393257,1.356967927,0.237416904
1986-01-11,2.051282051,3.209319271,2.679850801,2.130210168,1.343606923,0.194681861
1986-01-12,1.88034188,3.057888189,2.553402582,2.029696631,1.280209102,0.170940171
1986-01-13,1.709401709,2.805820271,2.342920434,1.862384626,1.174678872,0.17331434
1986-01-14,1.709401709,2.780496126,2.321774227,1.845575531,1.164076718,0.356125356
1986-01-15,1.794871795,2.654539202,2.216597479,1.761970661,1.111343855,0.284900285
1986-01-16,5.47008547,13.44946944,11.23059703,8.927188023,5.630726872,1.495726496
1986-01-17,11.96581197,36.9016802,30.72598355,24.42404724,15.40520248,1.638176638
1986-01-18,6.324786325,14.38218037,11.94123617,9.492074222,5.987022705,0.712250712
1986-01-19,4.871794872,9.79307166,8.10795483,6.445003509,4.065115953,0.498575499
1986-01-20,4.188034188,8.238527865,6.801625978,5.406604281,3.410156919,0.332383666
1986-01-21,3.504273504,5.960065152,4.906680489,3.900314399,2.460080939,0.284900285
1986-01-22,3.076923077,4.848418833,3.980278154,3.163918301,1.995607099,0.261158594
1986-01-23,3.076923077,4.321439312,3.537700804,2.8121141,1.773710421,0.332383666
1986-01-24,2.735042735,3.766199092,3.074526189,2.443937157,1.541486814,0.235042735
1986-01-25,2.478632479,3.569351871,2.905690565,2.309729923,1.456837059,0.199430199
1986-01-26,2.307692308,3.526618964,2.862901713,2.275717116,1.435383851,0.178062678
1986-01-27,2.222222222,3.613625364,2.925376267,2.325378064,1.466706954,0.170940171
1986-01-28,2.136752137,3.700766782,2.987609464,2.374847157,1.497909047,0.166191833
1986-01-29,2.051282051,3.892898022,3.134017499,2.491226727,1.571314197,3.323836657
1986-01-30,3.760683761,8.504585076,6.827796451,5.427407159,3.423278109,8.760683761
1986-01-31,3.846153846,9.286426852,7.434946954,5.910030361,3.727687451,9.852801519
1986-02-01,4.188034188,5.972145669,4.768306439,3.790321033,2.390703818,3.988603989
1986-02-02,5.128205128,4.985923907,3.969964913,3.155720318,1.990436311,4.938271605
1986-02-03,5.641025641,4.364714287,3.465826421,2.75498124,1.73767449,3.062678063
1986-02-04,4.871794872,3.925405069,3.108480364,2.47092729,1.558510547,1.614434948
1986-02-05,4.358974359,3.563740322,2.814394956,2.237159154,1.411063835,0.759734093
1986-02-06,3.931623932,3.253173383,2.562148015,2.036648365,1.284593832,0.546058879
1986-02-07,3.504273504,2.994649293,2.352142565,1.869715286,1.179302607,0.403608737
1986-02-08,3.247863248,2.882363685,2.257822303,1.794740224,1.1320129,0.284900285
1986-02-09,2.991452991,2.782271971,2.173534309,1.727739799,1.08975311,0.235042735
1986-02-10,2.820512821,2.681791654,2.089394791,1.660857397,1.047567762,0.237416904
1986-02-11,2.64957265,2.634401222,2.046956192,1.627123006,1.026290161,0.232668566
1986-02-12,5.47008547,3.88318228,3.009179899,2.39199347,1.508723898,1.709401709
1986-02-13,21.45299145,18.94521787,14.64186176,11.63879824,7.341045561,2.635327635
1986-02-14,17.00854701,41.00085084,31.60301044,25.12119486,15.84492077,3.038936372
1986-02-15,41.62393162,29.99160785,23.25308909,18.47693532,11.56686813,10.96866097
1986-02-16,97.43589744,19.54976752,15.24681048,12.11060703,7.524290648,14.74358974
1986-02-17,242.7350427,136.844823,107.3577918,85.24291421,52.55925011,43.44729345
1986-02-18,136.7521368,149.162649,117.7184388,93.43448624,57.16976134,40.8357075
1986-02-19,128.2051282,71.95539373,57.12661708,45.32516408,27.5196949,41.31054131
1986-02-20,48.97435897,23.56656846,18.82235282,14.92839571,8.993708814,26.35327635
1986-02-21,26.66666667,13.55059925,10.88805378,8.632329649,5.160017837,22.67331434
1986-02-22,19.05982906,11.29219587,9.128433778,7.234570263,4.290511936,16.76163343
1986-02-23,15.12820513,11.87948024,9.661698089,7.654358902,4.503536683,11.56220323
1986-02-24,12.56410256,12.76888208,10.44862717,8.274726744,4.829720415,8.214624881
1986-02-25,10.76923077,13.72490359,11.29999638,8.945651608,5.179386385,6.172839506
1986-02-26,9.401709402,13.88016128,11.49843164,9.099378075,5.225768889,4.487179487
1986-02-27,8.461538462,14.86886441,12.39394535,9.804428499,5.584787899,2.943969611
1986-02-28,7.606837607,15.19085959,12.74132322,10.07550962,5.692075772,1.75688509
1986-03-01,6.837606838,14.26013043,12.03563365,9.51396193,5.330368387,0.902184236
1986-03-02,6.324786325,13.5581906,11.5152532,9.099260081,5.055528215,0.379867047
1986-03-03,5.726495726,14.25127332,12.18049354,9.621389284,5.300720764,0.175688509
1986-03-04,5.299145299,15.00968742,12.91027932,10.19410331,5.568707795,0.159069326
1986-03-05,4.871794872,15.02347973,13.00471287,10.26490246,5.55954946,0.182811016
1986-03-06,4.52991453,13.72027748,11.95289192,9.431220424,5.064104652,0.187559354
1986-03-07,8.974358974,48.00232243,42.08874681,33.19723529,17.67082567,1.519468186
1986-03-08,40.08547009,126.0300524,111.2206559,87.69252359,46.27082931,4.890788224
1986-03-09,18.03418803,32.84177217,29.17155736,22.9920715,12.02490712,1.543209877
1986-03-10,16.15384615,16.00449319,14.30905413,11.27381639,5.843890867,6.600189934
1986-03-11,14.44444444,10.98656795,9.887385299,7.787233705,4.000459808,4.154795821
1986-03-12,12.82051282,8.568460906,7.762243437,6.111261994,3.111147958,2.30294397
1986-03-13,11.36752137,7.137463945,6.508908764,5.122640696,2.584125748,1.044634378
1986-03-14,9.914529915,6.188169487,5.680953614,4.469399702,2.233907919,0.641025641
1986-03-15,9.145299145,5.503800373,5.086647636,4.000387127,1.980980284,3.822412156
1986-03-16,8.376068376,4.988179548,4.641264636,3.648793508,1.790006454,3.371320038
1986-03-17,7.606837607,4.411351673,4.148293274,3.267624227,1.661566863,1.495726496
1986-03-18,6.923076923,4.093109796,3.890512023,3.070562612,1.616201172,0.664767331
1986-03-19,6.495726496,4.247942221,4.081697394,3.22774625,1.756390686,0.451092118
1986-03-20,6.324786325,5.145952169,4.999093098,3.960919712,2.225623095,0.308641975
1986-03-21,6.153846154,5.870343662,5.766442469,4.57781106,2.65320154,0.261158594
1986-03-22,6.068376068,6.57692375,6.533458951,5.196812042,3.103554456,0.22317189
1986-03-23,5.982905983,7.137888969,7.171737174,5.715589247,3.513775352,0.189933523
1986-03-24,5.897435897,8.16686701,8.300494158,6.627996338,4.190747567,0.185185185
1986-03-25,5.726495726,8.153088978,8.38350504,6.707249714,4.357911959,0.17331434
1986-03-26,5.47008547,8.81344772,9.169947219,7.35063889,4.903804939,0.166191833
1986-03-27,5.384615385,11.13585855,11.72536492,9.417224021,6.44575375,0.147198481
1986-03-28,5.128205128,12.93858433,13.78912706,11.09610272,7.786642619,0.125830959
1986-03-29,4.871794872,14.5942413,15.74512905,12.69451064,9.126983329,0.111585945
1986-03-30,4.615384615,16.53564488,18.06215552,14.59063685,10.74075171,0.106837607
1986-03-31,4.444444444,17.19058881,19.01488739,15.38977431,11.59240063,0.111585945
1986-04-01,4.358974359,16.06171525,17.99376994,14.5912794,11.23982939,0.109211776
1986-04-02,4.188034188,11.89479224,13.49860623,10.96709874,8.634553012,0.147198481
1986-04-03,3.931623932,8.369364016,9.622832747,7.83314705,6.29990354,0.121082621
1986-04-04,3.760683761,7.782182696,9.067111944,7.394890411,6.07235401,0.113960114
1986-04-05,3.675213675,8.054129684,9.510953857,7.771684673,6.512626959,0.142450142
1986-04-06,3.675213675,8.90154838,10.65594555,8.723893078,7.457000389,0.284900285
1986-04-07,4.52991453,10.22981547,12.41654143,10.1846274,8.876003147,1.614434948
1986-04-08,3.931623932,7.392146268,9.099084047,7.477686635,6.641585052,0.474833808
1986-04-09,3.58974359,6.282395534,7.843991522,6.458485755,5.84370938,0.237416904
1986-04-10,3.418803419,7.999988905,10.13395663,8.359793788,7.702562768,0.168566002
1986-04-11,3.247863248,9.779752119,12.57161903,10.39033617,9.745095454,0.135327635
1986-04-12,3.162393162,9.664796963,12.6103928,10.44209886,9.965577284,0.113960114
1986-04-13,3.162393162,6.362522166,8.428291782,6.992274745,6.787949569,0.102089269
1986-04-14,2.991452991,5.38090275,7.238437435,6.016479281,5.939104057,0.104463438
1986-04-15,2.905982906,5.388988821,7.363508532,6.131969952,6.153116831,0.113960114
1986-04-16,2.905982906,4.638728095,6.323645523,5.351757025,5.453170567,0.102089269
1986-04-17,2.905982906,4.034229574,5.486667887,4.718835287,4.880063214,0.102089269
1986-04-18,2.735042735,4.076198798,5.530584769,4.833693009,5.071067338,0.0997151
1986-04-19,2.64957265,5.580653137,7.553640626,6.70859751,7.136479729,0.102089269
1986-04-20,2.478632479,9.648478217,13.0278709,11.75716871,12.67649412,0.102089269
1986-04-21,2.393162393,14.40262825,19.39935263,17.78925807,19.43209498,0.104463438
1986-04-22,2.393162393,15.94264511,21.42022483,19.95833203,22.07909252,0.106837607
1986-04-23,2.307692308,13.70015566,18.36091733,17.3825485,19.46719576,0.109211776
1986-04-24,2.307692308,10.52655121,14.07171529,13.53552507,15.34063267,0.109211776
1986-04-25,2.307692308,8.299030242,11.0653951,10.81421544,12.39919918,0.111585945
1986-04-26,2.222222222,6.638332198,8.828024822,8.765638955,10.16415905,0.113960114
1986-04-27,2.136752137,7.648102243,10.14400183,10.23326194,11.99654471,0.116334283
1986-04-28,2.136752137,11.75725023,15.55243115,15.93974875,18.88637116,0.118708452
1986-04-29,2.051282051,13.24048249,17.46701866,18.18758031,21.77424662,0.121082621
1986-04-30,2.051282051,11.730608,15.43274644,16.3255464,19.74324085,0.12345679
1986-05-01,1.965811966,11.8252785,15.51410758,16.67308412,20.36269935,0.125830959
1986-05-02,1.965811966,13.19904578,17.26773542,18.85325311,23.24690582,0.128205128
1986-05-03,2.478632479,14.5594991,18.99333042,21.06744147,26.2207548,0.130579297
1986-05-04,2.393162393,10.09243425,13.12793936,14.79332645,18.58030951,0.132953466
1986-05-05,2.307692308,7.503459465,9.731771612,11.14087999,14.11768074,0.135327635
1986-05-06,2.393162393,6.343278021,8.202709243,9.539898883,12.19413801,0.137701804
1986-05-07,2.222222222,5.054717241,6.516835812,7.699872113,9.925777099,0.140075973
1986-05-08,2.136752137,4.612468803,5.928604723,7.116423364,9.249749151,0.142450142
1986-05-09,1.965811966,4.865638506,6.234770682,7.603182978,9.96247927,0.147198481
1986-05-10,1.965811966,8.142269976,10.40087376,12.88589085,17.01805285,0.14957265
1986-05-11,1.88034188,9.741841321,12.40482904,15.61384718,20.78027225,0.154320988
1986-05-12,1.794871795,11.05298756,14.02930517,17.94054125,24.05735619,0.156695157
1986-05-13,1.709401709,12.21458489,15.45335908,20.0774755,27.12190825,0.159069326
1986-05-14,1.709401709,12.82468648,16.1718311,21.34714025,29.04556353,0.156695157
1986-05-15,1.623931624,12.8917172,16.20211115,21.72975163,29.77531441,0.154320988
1986-05-16,1.623931624,13.0906383,16.39644792,22.34317142,30.82780896,0.163817664
1986-05-17,1.623931624,13.1929703,16.62312649,22.9333072,31.81842806,0.154320988
1986-05-18,1.538461538,14.45888249,18.32885461,25.60066989,35.71381112,0.161443495
1986-05-19,1.538461538,14.2771725,18.2105915,25.75168084,36.11794392,0.147198481
1986-05-20,1.538461538,11.5593645,14.83711159,21.24224097,29.95098593,0.140075973
1986-05-21,1.538461538,8.307262453,10.73150936,15.55555624,22.04710073,0.130579297
1986-05-22,1.452991453,7.037862924,9.151383117,13.4304322,19.13259376,0.140075973
1986-05-23,1.452991453,7.650973224,10.01527773,14.88161036,21.30666245,0.142450142
1986-05-24,1.452991453,8.88201211,11.70623399,17.61138055,25.33991518,0.135327635
1986-05-25,1.452991453,12.11552113,16.07935066,24.49288746,35.41306406,0.121082621
1986-05-26,1.367521368,12.76680101,17.0644419,26.31875182,38.23551308,0.154320988
1986-05-27,1.367521368,12.12609072,16.32598922,25.49536849,37.21415961,0.163817664
1986-05-28,1.367521368,11.6126774,15.75095949,24.90604066,36.5228679,0.163817664
1986-05-29,1.282051282,12.56485761,17.1718752,27.49406984,40.50244154,0.163817664
1986-05-30,1.282051282,13.26352715,18.26739405,29.61622595,43.82514463,0.163817664
1986-05-31,1.282051282,12.73307526,17.67594714,29.01858592,43.13120153,0.161443495
1986-06-01,1.282051282,10.83360593,15.16111919,25.20428139,37.62549241,0.154320988
1986-06-02,1.282051282,10.16160512,14.33867896,24.13855287,36.18955404,0.151946819
1986-06-03,1.196581197,9.152512468,13.02441999,22.20391193,33.43011306,0.151946819
1986-06-04,1.196581197,7.06725384,10.14438329,17.51363174,26.47852345,0.166191833
1986-06-05,1.196581197,5.97893954,8.658543781,15.13860274,22.98190412,0.166191833
1986-06-06,1.196581197,5.248671192,7.670222864,13.58159187,20.70177656,0.163817664
1986-06-07,1.196581197,4.32552756,6.380156432,11.44162319,17.50958863,0.161443495
1986-06-08,1.111111111,3.774666613,5.62087453,10.20906981,15.68487387,0.163817664
1986-06-09,1.111111111,3.756846476,5.64917622,10.39216926,16.02814863,0.187559354
1986-06-10,1.111111111,3.663551094,5.564264676,10.36766632,16.05154038,0.192307692
1986-06-11,1.111111111,3.362737732,5.160053614,9.738530431,15.13437388,0.192307692
1986-06-12,1.111111111,3.159467217,4.899448727,9.366271846,14.61000584,0.189933523
1986-06-13,1.025641026,3.182887529,4.989398006,9.661907777,15.12644483,0.170940171
1986-06-14,1.025641026,3.08022932,4.882361445,9.577568272,15.0486591,0.168566002
1986-06-15,1.025641026,2.584015907,4.142801294,8.232769373,12.98182463,0.161443495
1986-06-16,1.025641026,2.281870888,3.645203129,7.412381879,11.73247179,0.163817664
1986-06-17,1.025641026,2.13299308,3.394776185,7.064700511,11.2236468,0.161443495
1986-06-18,1.025641026,2.117436338,3.357227448,7.151145009,11.40228529,0.170940171
1986-06-19,1.025641026,1.602989973,2.531662895,5.520545251,8.833705898,0.170940171
1986-06-20,0.94017094,1.315605635,2.069472353,4.620506752,7.419330484,0.166191833
1986-06-21,0.94017094,1.221879978,1.914139353,4.376568089,7.051692192,0.170940171
1986-06-22,0.94017094,1.238755344,1.932377201,4.525455343,7.316068518,0.166191833
1986-06-23,0.94017094,1.201152556,1.865580674,4.475882739,7.259757432,0.14957265
1986-06-24,0.94017094,1.126164037,1.741297253,4.280751705,6.96569229,0.154320988
1986-06-25,0.854700855,0.970187858,1.493227609,3.762253545,6.141392068,0.144824311
1986-06-26,0.854700855,0.832491952,1.275234738,3.293700182,5.393265053,0.142450142
1986-06-27,0.854700855,0.756404128,1.153034291,3.05358261,5.015352303,0.140075973
1986-06-28,0.854700855,0.650014338,0.985882146,2.677765351,4.411275503,0.142450142
1986-06-29,0.846153846,0.527351208,0.795697905,2.217111207,3.663156877,0.142450142
1986-06-30,0.837606838,0.429446617,0.644514842,1.842811866,3.053532442,0.137701804
1986-07-01,0.829059829,0.38511175,0.574793459,1.686908145,2.803136248,0.140075973
1986-07-02,0.803418803,0.359133478,0.532972073,1.605995357,2.676126386,0.144824311
1986-07-03,0.794871795,0.314068712,0.463356286,1.434002954,2.396077405,0.137701804
1986-07-04,0.777777778,0.265133475,0.388786277,1.236182564,2.071101232,0.142450142
1986-07-05,0.786324786,0.215431218,0.31392123,1.025835193,1.723233812,0.144824311
1986-07-06,0.777777778,0.186479136,0.269968399,0.907007654,1.527587035,0.147198481
1986-07-07,0.769230769,0.171024976,0.245930668,0.84979766,1.434894386,0.154320988
1986-07-08,0.760683761,0.149660129,0.21370963,0.759807786,1.286171892,0.156695157
1986-07-09,0.743589744,0.115598855,0.163879558,0.599738632,1.017724212,0.154320988
1986-07-10,0.735042735,0.096119666,0.135244274,0.509687358,0.86701605,0.151946819
1986-07-11,0.726495726,0.081981247,0.114454215,0.444390351,0.757749938,0.14957265
1986-07-12,0.717948718,0.079123277,0.10957211,0.438522082,0.749504091,0.151946819
1986-07-13,0.709401709,0.075264731,0.103353601,0.426577368,0.730777636,0.144824311
1986-07-14,0.692307692,0.07157689,0.097430838,0.414938492,0.712459357,0.151946819
1986-07-15,0.675213675,0.068052612,0.091790913,0.403598445,0.694543106,0.144824311
1986-07-16,0.675213675,0.064852644,0.08664537,0.393567428,0.67877682,0.151946819
1986-07-17,0.675213675,0.067296938,0.087571364,0.373110154,0.638449,0.144824311
1986-07-18,0.675213675,0.040636516,0.051659869,0.206909386,0.351176047,0.142450142
1986-07-19,0.675213675,0.036108655,0.044959412,0.16961076,0.285443866,0.142450142
1986-07-20,0.658119658,0.030712103,0.037533707,0.133607082,0.222883914,0.142450142
1986-07-21,0.641025641,0.032533815,0.039096841,0.131528489,0.21742122,0.142450142
1986-07-22,0.64957265,0.029820102,0.0352932,0.112374636,0.18400308,0.142450142
1986-07-23,0.675213675,0.049776938,0.058099752,0.175315702,0.284239414,0.135327635
1986-07-24,0.64957265,0.049362558,0.056888066,0.162875014,0.2613641,0.137701804
1986-07-25,0.632478632,0.045067819,0.051335468,0.139607107,0.221634123,0.130579297
1986-07-26,0.632478632,0.042662148,0.048074862,0.124305866,0.19514404,0.132953466
1986-07-27,0.623931624,0.043359595,0.048376753,0.119036857,0.184698236,0.130579297
1986-07-28,0.606837607,0.041304706,0.045660487,0.107005979,0.164011691,0.130579297
1986-07-29,0.598290598,0.03869712,0.042412073,0.094732331,0.143351284,0.142450142
1986-07-30,0.58974359,0.039454584,0.042897302,0.091383482,0.136439591,0.130579297
1986-07-31,0.581196581,0.039550084,0.042680412,0.086766994,0.127734747,0.130579297
1986-08-01,0.564102564,0.039593737,0.042428903,0.082358517,0.119463379,0.125830959
1986-08-02,0.564102564,0.03958895,0.042145373,0.078149251,0.111606098,0.128205128
1986-08-03,0.555555556,0.040645733,0.043003252,0.076205826,0.107059541,0.12345679
1986-08-04,0.538461538,0.041974399,0.04415057,0.074799099,0.103279452,0.121082621
1986-08-05,0.52991453,0.043303064,0.045297888,0.073392373,0.099499363,0.118708452
1986-08-06,0.52991453,0.044631729,0.046445205,0.071985646,0.095719274,0.118708452
1986-08-07,0.521367521,0.045960395,0.047592523,0.07057892,0.091939184,0.118708452
1986-08-08,0.521367521,0.046965811,0.048406675,0.06869936,0.087556475,0.111585945
1986-08-09,0.521367521,0.048617725,0.049887158,0.067765467,0.084379006,0.113960114
1986-08-10,0.512820513,0.04994639,0.051034476,0.066358741,0.080598917,0.113960114
1986-08-11,0.495726496,0.050464398,0.0513568,0.063925124,0.075604323,0.111585945
1986-08-12,0.487179487,0.052554083,0.053278789,0.063485325,0.072969818,0.106837607
1986-08-13,0.487179487,0.053932386,0.054476429,0.062138561,0.06925865,0.106837607
1986-08-14,0.478632479,0.055261052,0.055623747,0.060731835,0.06547856,0.104463438
1986-08-15,0.487179487,0.056589717,0.056771064,0.059325109,0.061698471,0.106837607
1986-08-16,0.495726496,0.057918382,0.057918382,0.057918382,0.057918382,0.104463438
1986-08-17,0.487179487,0.057918382,0.057918382,0.057918382,0.057918382,0.102089269
1986-08-18,0.47008547,0.057918382,0.057918382,0.057918382,0.057918382,0.106837607
1986-08-19,0.47008547,0.057918382,0.057918382,0.057918382,0.057918382,0.116334283
1986-08-20,0.47008547,0.057918382,0.057918382,0.057918382,0.057918382,0.142450142
1986-08-21,0.47008547,0.057918382,0.057918382,0.057918382,0.057918382,0.132953466
1986-08-22,0.461538462,0.057918382,0.057918382,0.057918382,0.057918382,0.132953466
1986-08-23,0.461538462,0.057918382,0.057918382,0.057918382,0.057918382,0.128205128
1986-08-24,0.461538462,0.057918382,0.057918382,0.057918382,0.057918382,0.125830959
1986-08-25,0.452991453,0.057918382,0.057918382,0.057918382,0.057918382,0.12345679
1986-08-26,0.444444444,0.057918382,0.057918382,0.057918382,0.057918382,1.234567901
1986-08-27,0.444444444,0.057918382,0.057918382,0.057918382,0.057918382,0.12345679
1986-08-28,0.427350427,0.057918382,0.057918382,0.057918382,0.057918382,0.12345679
1986-08-29,0.427350427,0.057918382,0.057918382,0.057918382,0.057918382,0.12345679
1986-08-30,0.427350427,0.057918382,0.057918382,0.057918382,0.057918382,0.12345679
1986-08-31,0.427350427,0.057918382,0.057918382,0.057918382,0.057918382,0.12345679
1986-09-01,0.418803419,0.057918382,0.057918382,0.057918382,0.057918382,0.12345679
1986-09-02,0.41025641,0.057918382,0.057918382,0.057918382,0.057918382,0.12345679
1986-09-03,0.401709402,0.057918382,0.057918382,0.057918382,0.057918382,0.12345679
1986-09-04,0.401709402,0.057918382,0.057918382,0.057918382,0.057918382,0.12345679
1986-09-05,0.401709402,0.057918382,0.057918382,0.057918382,0.057918382,0.121082621
1986-09-06,0.401709402,0.057918382,0.057918382,0.057918382,0.057918382,0.121082621
1986-09-07,0.393162393,0.057918382,0.057918382,0.057918382,0.057918382,0.121082621
1986-09-08,0.393162393,0.057918382,0.057918382,0.057918382,0.057918382,0.121082621
1986-09-09,0.41025641,0.057918382,0.057918382,0.057918382,0.057918382,0.121082621
1986-09-10,0.427350427,0.057918382,0.057918382,0.057918382,0.057918382,0.121082621
1986-09-11,0.41025641,0.057918382,0.057918382,0.057918382,0.057918382,0.121082621
1986-09-12,0.41025641,0.057918382,0.057918382,0.057918382,0.057918382,0.118708452
1986-09-13,0.418803419,0.057918382,0.057918382,0.057918382,0.057918382,0.118708452
1986-09-14,0.435897436,0.057918382,0.057918382,0.057918382,0.057918382,0.118708452
1986-09-15,0.47008547,0.057918382,0.057918382,0.057918382,0.057918382,0.118708452
1986-09-16,0.58974359,0.061006663,0.061006663,0.061006663,0.061006663,0.118708452
1986-09-17,0.658119658,0.099583586,0.099583586,0.099583586,0.099583586,0.118708452
1986-09-18,0.615384615,0.603676362,0.603676362,0.603676362,0.603676362,0.118708452
1986-09-19,0.658119658,0.483015226,0.483015226,0.483015226,0.483015226,0.118708452
1986-09-20,0.58974359,0.424047782,0.424047782,0.424047782,0.424047782,0.118708452
1986-09-21,0.564102564,0.386264671,0.386264671,0.386264671,0.386264671,0.116334283
1986-09-22,0.547008547,0.36668095,0.36668095,0.36668095,0.36668095,0.116334283
1986-09-23,0.538461538,0.347233821,0.347233821,0.347233821,0.347233821,0.116334283
1986-09-24,0.94017094,0.616479358,0.616479358,0.616479358,0.616479358,0.116334283
1986-09-25,1.196581197,0.713753743,0.713753743,0.713753743,0.713753743,0.116334283
1986-09-26,1.367521368,0.809989968,0.809989968,0.809989968,0.809989968,0.116334283
1986-09-27,2.051282051,0.848439294,0.848439294,0.848439294,0.848439294,0.116334283
1986-09-28,1.025641026,0.615700485,0.615700485,0.615700485,0.615700485,0.116334283
1986-09-29,0.794871795,0.616484571,0.616484571,0.616484571,0.616484571,0.116334283
1986-09-30,0.700854701,0.789980452,0.789980452,0.789980452,0.789980452,0.116334283
1986-10-01,0.675213675,0.975360134,0.975360134,0.975360134,0.975360134,0.830959164
1986-10-02,0.632478632,0.800563616,0.800563616,0.800563616,0.800563616,0.206552707
1986-10-03,0.623931624,0.74347685,0.74347685,0.74347685,0.74347685,0.140075973
1986-10-04,0.606837607,0.757730003,0.757730003,0.757730003,0.757730003,0.130579297
1986-10-05,0.58974359,0.872459747,0.872459747,0.872459747,0.872459747,0.135327635
1986-10-06,0.581196581,1.020016554,1.020016554,1.020016554,1.020016554,0.154320988
1986-10-07,0.572649573,1.264075753,1.264075753,1.264075753,1.264075753,0.170940171
1986-10-08,0.564102564,1.051400534,1.051400534,1.051400534,1.051400534,0.170940171
1986-10-09,0.555555556,0.916072943,0.916072943,0.916072943,0.916072943,0.17331434
1986-10-10,0.555555556,0.760579595,0.760579595,0.760579595,0.760579595,0.170940171
1986-10-11,0.538461538,0.626224019,0.626224019,0.626224019,0.626224019,0.132953466
1986-10-12,0.538461538,0.45217665,0.45217665,0.45217665,0.45217665,0.083095916
1986-10-13,0.547008547,0.355501336,0.355501336,0.355501336,0.355501336,0.0997151
1986-10-14,0.547008547,0.296576053,0.296576053,0.296576053,0.296576053,0.106837607
1986-10-15,0.538461538,0.258791122,0.258791122,0.258791122,0.258791122,0.094966762
1986-10-16,0.538461538,0.384165487,0.384165487,0.384165487,0.384165487,0.116334283
1986-10-17,0.547008547,0.390251488,0.38474206,0.38255024,0.378100124,0.332383666
1986-10-18,0.564102564,0.456276222,0.443595331,0.438550484,0.42830778,0.151946819
1986-10-19,0.547008547,0.48356787,0.46372029,0.455824313,0.439792879,0.087844255
1986-10-20,0.547008547,0.449716496,0.425480085,0.415838096,0.396261681,0.116334283
1986-10-21,0.547008547,0.414723584,0.387204152,0.376256077,0.354027877,0.0997151
1986-10-22,0.547008547,0.378583332,0.348882934,0.337067204,0.313077378,0.078347578
1986-10-23,0.52991453,0.362581951,0.329878975,0.316868727,0.290453637,0.0997151
1986-10-24,0.52991453,0.293048796,0.263274707,0.25142966,0.227380312,0.0997151
1986-10-25,0.52991453,0.298266288,0.264656165,0.251285027,0.224137209,0.0997151
1986-10-26,0.52991453,0.280045544,0.245471212,0.231716482,0.203789846,0.118708452
1986-10-27,0.52991453,0.282701436,0.244836956,0.229773304,0.199189126,0.116334283
1986-10-28,0.52991453,0.286360093,0.2450864,0.228666458,0.195328564,0.121082621
1986-10-29,0.52991453,0.291253191,0.246384659,0.22853458,0.192293036,0.118708452
1986-10-30,0.547008547,0.318829448,0.266633077,0.245867758,0.203707318,0.111585945
1986-10-31,0.52991453,0.34571541,0.285865207,0.262054959,0.213712308,0.118708452
1986-11-01,0.512820513,0.291914726,0.238703018,0.217533767,0.174553211,0.113960114
1986-11-02,0.504273504,0.247618205,0.200269272,0.181432413,0.14318738,0.111585945
1986-11-03,0.495726496,0.200957885,0.160781223,0.144797713,0.112345922,0.121082621
1986-11-04,0.495726496,0.17690322,0.140033353,0.125365388,0.095584585,0.118708452
1986-11-05,0.495726496,0.601044935,0.470796724,0.418979988,0.313774936,0.121082621
1986-11-06,0.487179487,0.504898997,0.391404117,0.34625237,0.254579442,0.111585945
1986-11-07,0.495726496,0.301630148,0.231447296,0.203526403,0.146837788,0.106837607
1986-11-08,0.512820513,0.231030549,0.175494636,0.153400745,0.108542864,0.118708452
1986-11-09,0.512820513,0.198739264,0.149470099,0.129869313,0.090073258,0.109211776
1986-11-10,0.512820513,0.187494539,0.139634656,0.120594526,0.081936786,0.116334283
1986-11-11,0.504273504,0.178819274,0.13188921,0.11321899,0.07531229,0.125830959
1986-11-12,0.495726496,0.211385272,0.154424104,0.131763204,0.085754106,0.118708452
1986-11-13,0.487179487,0.21362647,0.154594728,0.13111009,0.083428533,0.118708452
1986-11-14,0.487179487,0.204656456,0.146729326,0.123684136,0.076894805,0.113960114
1986-11-15,0.487179487,0.204188029,0.145052439,0.121526486,0.073761049,0.106837607
1986-11-16,0.487179487,0.198305253,0.140873394,0.118025237,0.07163595,0.097340931
1986-11-17,0.487179487,0.198449901,0.14097615,0.118111328,0.071688203,0.125830959
1986-11-18,0.487179487,0.192567125,0.136797105,0.114610079,0.069563104,0.130579297
1986-11-19,0.504273504,0.201318965,0.143014295,0.119818907,0.072724626,0.121082621
1986-11-20,0.495726496,0.209897126,0.149108105,0.124924367,0.075823408,0.111585945
1986-11-21,0.598290598,0.358943794,0.254988861,0.213632397,0.129665146,0.106837607
1986-11-22,0.52991453,0.330253157,0.234607416,0.196556605,0.119300917,0.094966762
1986-11-23,0.512820513,0.27301653,0.193947283,0.16249111,0.098624712,0.066476733
1986-11-24,0.495726496,0.255802147,0.181718417,0.152245635,0.092406174,0.028490028
1986-11-25,0.487179487,0.241312179,0.171424938,0.143621648,0.087171807,0.026115859
1986-11-26,0.487179487,0.229835924,0.16327236,0.136791331,0.083026115,0.033238367
1986-11-27,0.487179487,0.21276619,0.15114625,0.126631946,0.07685983,0.02374169
1986-11-28,0.487179487,0.204129969,0.145011194,0.121491931,0.073740075,0.042735043
1986-11-29,0.495726496,0.20398532,0.144908437,0.12140584,0.073687822,0.261158594
1986-11-30,0.512820513,0.20398532,0.144908437,0.12140584,0.073687822,0.078347578
1986-12-01,0.512820513,0.20125236,0.142966979,0.119779266,0.072700565,0.092592593
1986-12-02,0.512820513,0.20125236,0.142966979,0.119779266,0.072700565,0.104463438
1986-12-03,0.512820513,0.201107711,0.142864223,0.119693175,0.072648312,0.109211776
1986-12-04,0.504273504,0.203976775,0.144902367,0.121400754,0.073684735,0.113960114
1986-12-05,0.504273504,0.206990488,0.147043268,0.123194424,0.074773411,0.498575499
1986-12-06,0.504273504,0.206975229,0.147032428,0.123185343,0.074767899,0.106837607
1986-12-07,0.495726496,0.209699644,0.148967816,0.124806831,0.075752069,0.106837607
1986-12-08,0.495726496,0.209699644,0.148967816,0.124806831,0.075752069,0.137701804
1986-12-09,0.495726496,0.209844292,0.149070573,0.124892922,0.075804322,0.132953466
1986-12-10,0.495726496,0.209844292,0.149070573,0.124892922,0.075804322,0.132953466
1986-12-11,0.495726496,0.212568708,0.151005961,0.126514411,0.076788492,0.111585945
1986-12-12,0.487179487,0.212568708,0.151005961,0.126514411,0.076788492,0.109211776
1986-12-13,0.487179487,0.212713356,0.151108717,0.126600501,0.076840745,0.132953466
1986-12-14,0.495726496,0.212698097,0.151097878,0.126591419,0.076835233,0.111585945
1986-12-15,0.487179487,0.212553449,0.150995121,0.126505329,0.07678298,0.113960114
1986-12-16,0.487179487,0.212553449,0.150995121,0.126505329,0.07678298,0.106837607
1986-12-17,0.487179487,0.212698097,0.151097878,0.126591419,0.076835233,0.111585945
1986-12-18,0.487179487,0.215567161,0.153136022,0.128298999,0.077871655,0.211301045
1986-12-19,0.487179487,0.218291576,0.15507141,0.129920487,0.078855825,0.427350427
1986-12-20,0.495726496,0.22116064,0.157109555,0.131628067,0.079892248,0.211301045
1986-12-21,0.495726496,0.224174352,0.159250455,0.133421736,0.080980924,0.102089269
1986-12-22,0.495726496,0.224159094,0.159239616,0.133412655,0.080975412,0.56980057
1986-12-23,0.495726496,0.226883509,0.161175004,0.135034144,0.081959582,0.140075973
1986-12-24,0.495726496,0.229752573,0.163213148,0.136741723,0.082996005,0.104463438
1986-12-25,0.495726496,0.232766285,0.165354049,0.138535393,0.084084681,0.047483381
1986-12-26,0.495726496,0.235635349,0.167392194,0.140242972,0.085121104,0.090218424
1986-12-27,0.495726496,0.241228828,0.171365726,0.14357204,0.087141697,0.0997151
1986-12-28,0.495726496,0.241228828,0.171365726,0.14357204,0.087141697,0.085470085
1986-12-29,0.495726496,0.24424254,0.173506627,0.14536571,0.088230372,0.0997151
1986-12-30,0.504273504,0.244227281,0.173495787,0.145356628,0.08822486,0.094966762
1986-12-31,0.504273504,0.244082633,0.173393031,0.145270537,0.088172607,0.113960114
1987-01-01,0.547008547,0.307308761,0.218308025,0.182900801,0.111012465,0.218423552
1987-01-02,0.538461538,0.278762772,0.198029337,0.165911099,0.100700489,0.137701804
1987-01-03,0.52991453,0.278762772,0.198029337,0.165911099,0.100700489,2.136752137
1987-01-04,0.521367521,0.278618124,0.197926581,0.165825008,0.100648236,0.379867047
1987-01-05,0.52991453,0.307312014,0.218310336,0.182902737,0.11101364,0.237416904
1987-01-06,0.512820513,0.307456663,0.218413092,0.182988827,0.111065893,0.712250712
1987-01-07,0.504273504,0.307442526,0.21840305,0.182980413,0.111060787,0.237416904
1987-01-08,0.495726496,0.307297878,0.218300294,0.182894323,0.111008534,0.175688509
1987-01-09,0.487179487,0.307297878,0.218300294,0.182894323,0.111008534,0.159069326
1987-01-10,0.478632479,0.307445779,0.218405361,0.182982349,0.111061961,0.118708452
1987-01-11,0.478632479,0.307445779,0.218405361,0.182982349,0.111061961,0.104463438
1987-01-12,0.47008547,0.30730113,0.218302604,0.182896259,0.111009708,0.116334283
1987-01-13,0.461538462,0.30730113,0.218302604,0.182896259,0.111009708,0.116334283
1987-01-14,0.452991453,0.307449031,0.218407671,0.182984285,0.111063136,0.121082621
1987-01-15,0.452991453,0.307434895,0.218397629,0.182975871,0.11105803,0.109211776
1987-01-16,0.452991453,0.307290246,0.218294872,0.182889781,0.111005777,0.118708452
1987-01-17,0.452991453,0.308084996,0.218236991,0.182841288,0.110976343,0.109211776
1987-01-18,0.461538462,0.309025142,0.218281812,0.182878839,0.110999135,0.109211776
1987-01-19,0.461538462,0.309677773,0.218123538,0.182746235,0.110918651,0.121082621
1987-01-20,0.47008547,0.310618676,0.218168303,0.18278374,0.110941415,0.132953466
1987-01-21,0.478632479,0.311267289,0.218007774,0.182649247,0.110859784,0.135327635
1987-01-22,0.487179487,0.312208941,0.218052485,0.182686707,0.11088252,0.147198481
1987-01-23,0.512820513,0.312997376,0.217989912,0.182634282,0.110850701,0.56980057
1987-01-24,0.555555556,0.342929112,0.238167677,0.19953943,0.121111356,0.759734093
1987-01-25,0.58974359,0.461231918,0.319435621,0.267626583,0.162437161,0.22317189
1987-01-26,0.623931624,0.550844069,0.380435413,0.318732861,0.193456347,0.189933523
1987-01-27,0.64957265,0.729274038,0.502266264,0.420804053,0.255408916,0.332383666
1987-01-28,0.675213675,0.997181747,0.684874962,0.573795575,0.34826781,1.471984805
1987-01-29,0.666666667,0.732935155,0.501994476,0.420576346,0.255270708,0.403608737
1987-01-30,0.658119658,0.645430768,0.440841177,0.369341457,0.224173462,0.830959164
1987-01-31,0.64957265,0.617388302,0.420525818,0.352321032,0.213842838,0.332383666
1987-02-01,0.64957265,0.588669371,0.399862012,0.335008674,0.203335024,0.187559354
1987-02-02,0.64957265,0.620073863,0.420038618,0.351912851,0.213595091,3.822412156
1987-02-03,0.64957265,0.621761412,0.420029006,0.351904798,0.213590203,1.424501425
1987-02-04,0.658119658,0.653398448,0.440195866,0.368800809,0.223845313,0.284900285
1987-02-05,0.658119658,0.715206458,0.480523068,0.40258737,0.244352219,0.178062678
1987-02-06,0.666666667,0.747217338,0.50066508,0.419462564,0.254594693,0.147198481
1987-02-07,0.666666667,0.779516605,0.520889811,0.43640706,0.264879232,0.12345679
1987-02-08,0.666666667,0.842218761,0.561265184,0.47023398,0.285410633,0.118708452
1987-02-09,0.683760684,0.905064102,0.601516838,0.503957246,0.305879122,0.128205128
1987-02-10,0.820512821,1.121091313,0.74308285,0.622562767,0.377867277,0.332383666
1987-02-11,1.623931624,2.991784055,1.97768367,1.656924551,1.005677823,1.828110161
1987-02-12,2.051282051,3.797081354,2.503279481,2.097274348,1.272950117,3.774928775
1987-02-13,13.76068376,21.8363334,14.35735749,12.02874781,7.300902688,10.56505223
1987-02-14,4.52991453,8.688394077,5.697340343,4.773292732,2.897171534,1.353276353
1987-02-15,2.735042735,4.56338788,3.01003022,2.520889774,1.518584648,2.255460589
1987-02-16,1.965811966,3.227414636,2.141410351,1.792751937,1.071796885,0.830959164
1987-02-17,1.623931624,2.633684472,1.757848718,1.471090217,0.872803657,0.284900285
1987-02-18,1.452991453,2.317992105,1.556371967,1.301993825,0.76656437,0.187559354
1987-02-19,1.282051282,2.065703266,1.395289317,1.166803473,0.681674485,0.142450142
1987-02-20,1.196581197,1.965295908,1.335458754,1.116354295,0.647139372,0.137701804
1987-02-21,1.111111111,1.776406735,1.214402266,1.014781324,0.583661674,0.151946819
1987-02-22,1.025641026,1.648731815,1.133964244,0.947213307,0.540512285,0.128205128
1987-02-23,1.025641026,1.610770916,1.114612698,0.930703085,0.526882498,0.130579297
1987-02-24,0.94017094,1.514407087,1.054351726,0.88005866,0.494236124,0.132953466
1987-02-25,0.94017094,1.38969252,0.973478155,0.812253255,0.45249064,0.132953466
1987-02-26,0.94017094,1.324324283,0.933423028,0.778543902,0.430200751,0.125830959
1987-02-27,0.854700855,1.288545293,0.913845416,0.761933172,0.417589053,0.121082621
1987-02-28,1.025641026,1.625595065,1.160076524,0.966875449,0.525558143,0.118708452
1987-03-01,1.111111111,1.734763151,1.245742115,1.037891589,0.559491735,0.121082621
1987-03-02,1.196581197,1.725308006,1.246754383,1.038352711,0.555074199,0.121082621
1987-03-03,1.196581197,1.715995039,1.247870042,1.038899912,0.550702292,0.135327635
1987-03-04,1.965811966,2.070987157,1.51559339,1.26132675,0.662948741,0.130579297
1987-03-05,8.034188034,11.79324916,8.685679228,7.225858344,3.76549987,6.38651472
1987-03-06,6.324786325,11.89378566,8.815940157,7.331540586,3.78774298,4.510921178
1987-03-07,4.957264957,7.580094552,5.654766966,4.700915812,2.407634382,0.854700855
1987-03-08,4.273504274,5.919382326,4.44448607,3.693436707,1.875131711,0.403608737
1987-03-09,3.418803419,4.904041677,3.706107744,3.078709425,1.549289659,0.308641975
1987-03-10,2.905982906,4.415180635,3.358496633,2.78892814,1.391019713,0.284900285
1987-03-11,2.564102564,3.958670072,3.031044314,2.516092696,1.243722084,0.332383666
1987-03-12,2.735042735,4.445090787,3.425975874,2.842894825,1.39260009,1.210826211
1987-03-13,2.905982906,5.111999234,3.966152875,3.289942297,1.596946761,1.661918329
1987-03-14,2.478632479,3.837227062,2.996992548,2.485118078,1.195233515,1.471984805
1987-03-15,2.222222222,3.208864541,2.523037508,2.091355212,0.996560282,1.18708452
1987-03-16,2.136752137,2.823389752,2.234920894,1.85186438,0.874220224,0.522317189
1987-03-17,2.051282051,2.585899806,2.068796433,1.717578285,0.840515383,0.356125356
1987-03-18,2.051282051,2.506360846,2.026823615,1.686029581,0.854118031,0.284900285
1987-03-19,1.965811966,2.42819672,1.985067195,1.654525999,0.866558202,0.235042735
1987-03-20,1.965811966,2.351050793,1.943238988,1.622827843,0.877714758,0.201804368
1987-03-21,1.88034188,2.225351549,1.859905102,1.556265101,0.86824146,0.546058879
1987-03-22,1.794871795,2.199997692,1.859510753,1.558966402,0.896229975,0.284900285
1987-03-23,1.794871795,2.174754138,1.859210703,1.561746916,0.924265369,1.519468186
1987-03-24,1.709401709,2.005861477,1.734684015,1.459974019,0.888663406,0.830959164
1987-03-25,1.709401709,1.982074685,1.734206725,1.462402922,0.914726535,0.403608737
1987-03-26,1.623931624,2.238716392,1.981998008,1.674594081,1.075506149,0.284900285
1987-03-27,1.623931624,2.627148206,2.353831476,1.992602157,1.313014453,0.230294397
1987-03-28,1.623931624,2.52663806,2.291318279,1.943427212,1.312946565,0.178062678
1987-03-29,1.623931624,2.517755238,2.311394315,1.964234218,1.3595734,0.159069326
1987-03-30,1.538461538,2.930781793,2.72414611,2.319448574,1.643768706,0.156695157
1987-03-31,1.623931624,4.298325864,4.045783201,3.451364496,2.502784176,0.14957265
1987-04-01,1.623931624,5.763722959,5.494580161,4.696294891,3.48263249,0.140075973
1987-04-02,1.623931624,7.07843943,6.835507349,5.853599234,4.436599535,0.106837607
1987-04-03,1.709401709,7.217113485,7.061130167,6.058381213,4.690566979,0.130579297
1987-04-04,1.623931624,4.747376285,4.706731834,4.046045403,3.198291787,0.125830959
1987-04-05,1.538461538,4.888371562,4.912074127,4.230618836,3.412689269,0.113960114
1987-04-06,1.452991453,6.259148344,6.375773031,5.501717687,4.52681565,0.125830959
1987-04-07,1.452991453,8.646637226,8.930299843,7.720701136,6.476758118,0.125830959
1987-04-08,1.367521368,9.648082418,10.10526494,8.753111033,7.483119298,0.125830959
1987-04-09,1.367521368,11.39142805,12.10213435,10.50266528,9.146596501,0.121082621
1987-04-10,1.367521368,12.37358086,13.33669178,11.59597538,10.28335117,0.116334283
1987-04-11,1.282051282,13.47336246,14.736426,12.83724266,11.58779697,0.106837607
1987-04-12,1.282051282,10.78361764,11.97130557,10.44817201,9.596478458,0.116334283
1987-04-13,1.282051282,10.25434494,11.55702905,10.10562137,9.441125191,0.121082621
1987-04-14,1.196581197,12.09466975,13.84194291,12.12636682,11.51948219,0.128205128
1987-04-15,1.111111111,12.38266376,14.39423734,12.63391501,12.19942762,0.125830959
1987-04-16,1.111111111,12.39601355,14.37650069,12.82266512,12.5719315,0.132953466
1987-04-17,1.025641026,12.16142644,14.07149904,12.75344748,12.68990764,0.118708452
1987-04-18,1.025641026,9.623892699,11.10910931,10.23094686,10.32641982,0.104463438
1987-04-19,1.025641026,5.755153034,6.627437828,6.201828682,6.346918579,0.094966762
1987-04-20,1.025641026,5.675125051,6.519465826,6.19887245,6.429551839,0.104463438
1987-04-21,0.94017094,8.832825802,10.12211523,9.77886664,10.2755683,0.125830959
1987-04-22,0.94017094,10.86430882,12.41926097,12.19046948,12.97238531,0.140075973
1987-04-23,0.94017094,10.96423106,12.50203278,12.4682214,13.431561,0.132953466
1987-04-24,0.94017094,10.92860079,12.42974826,12.59441634,13.72999381,0.130579297
1987-04-25,0.854700855,11.41533317,12.94994544,13.33119302,14.70232963,0.132953466
1987-04-26,0.854700855,13.00640047,14.71648332,15.39163952,17.16673775,0.130579297
1987-04-27,0.854700855,14.67974542,16.56604157,17.60251072,19.8486127,0.142450142
1987-04-28,0.837606838,12.5774899,14.15575232,15.28128897,17.41569134,0.142450142
1987-04-29,0.829059829,12.5146978,14.04698991,15.40559446,17.74035205,0.128205128
1987-04-30,1.111111111,12.07394911,13.51515561,15.05851876,17.51668536,0.308641975
1987-05-01,1.025641026,7.776319056,8.680388601,9.825736186,11.54272273,0.113960114
1987-05-02,0.94017094,5.259251957,5.854188981,6.732199372,7.984830026,0.102089269
1987-05-03,0.854700855,6.124464128,6.79786415,7.941955358,9.508192554,0.113960114
1987-05-04,0.820512821,7.691255901,8.512299812,10.10340793,12.20676292,0.128205128
1987-05-05,0.794871795,8.357132587,9.222220754,11.12050868,13.55574627,0.142450142
1987-05-06,0.760683761,7.8987792,8.690599429,10.64657803,13.09129558,0.14957265
1987-05-07,0.726495726,6.675881454,7.323058915,9.114395617,11.30278148,0.161443495
1987-05-08,0.726495726,6.339868746,6.933309501,8.767094907,10.96256871,0.163817664
1987-05-09,0.786324786,8.177099173,8.914928804,11.45297669,14.43748453,0.144824311
1987-05-10,1.025641026,7.149690267,7.770440513,10.14233595,12.88688571,0.137701804
1987-05-11,0.94017094,7.360563211,7.974259576,10.57503784,13.54103385,0.142450142
1987-05-12,0.803418803,5.943625318,6.418482548,8.648312523,11.15801414,0.142450142
1987-05-13,0.743589744,4.957759899,5.336399609,7.305735297,9.495839369,0.147198481
1987-05-14,0.717948718,4.350361211,4.667130564,6.492203801,8.49974961,0.14957265
1987-05-15,0.700854701,3.680207993,3.934940798,5.561832854,7.333468777,0.154320988
1987-05-16,0.683760684,3.146218954,3.352547666,4.815086271,6.393052556,0.147198481
1987-05-17,0.675213675,2.598274244,2.785125557,4.049650993,5.40666161,0.140075973
1987-05-18,0.658119658,2.108056293,2.273344744,3.346462347,4.492253579,0.128205128
1987-05-19,0.675213675,1.76074693,1.910532231,2.847261565,3.842667499,0.154320988
1987-05-20,0.94017094,1.940286253,2.118605772,3.196542213,4.336850172,0.154320988
1987-05-21,1.025641026,2.013728942,2.212923885,3.380332508,4.610036077,0.166191833
1987-05-22,0.829059829,1.6088208,1.779549825,2.752146353,3.772512594,0.170940171
1987-05-23,0.726495726,1.325328221,1.475776535,2.310769334,3.183422633,0.151946819
1987-05-24,0.675213675,1.183945091,1.327342175,2.104263528,2.913275175,0.163817664
1987-05-25,0.675213675,1.046580563,1.181515985,1.896466254,2.638372888,0.170940171
1987-05-26,0.692307692,1.151463814,1.309170687,2.12763706,2.974165327,0.178062678
1987-05-27,0.683760684,1.253568905,1.435617592,2.362347093,3.317839684,0.180436847
1987-05-28,0.658119658,1.067401872,1.231489869,2.051860281,2.895156231,0.182811016
1987-05-29,0.641025641,0.891737299,1.036626203,1.748879601,2.478938829,0.161443495
1987-05-30,0.623931624,0.803564295,0.941370762,1.608157023,2.289738573,0.125830959
1987-05-31,0.606837607,0.705182964,0.83266766,1.440386813,2.059959631,0.137701804
1987-06-01,0.58974359,0.65099389,0.774915323,1.357411464,1.949774842,0.147198481
1987-06-02,0.572649573,0.557277347,0.668862121,1.18646322,1.711561529,0.147198481
1987-06-03,0.555555556,0.489774883,0.592833789,1.06493253,1.54275927,0.14957265
1987-06-04,0.538461538,0.435567389,0.531801362,0.967434521,1.407371173,0.137701804
1987-06-05,0.538461538,0.404859226,0.49870697,0.918782172,1.342098511,0.137701804
1987-06-06,0.547008547,0.353930541,0.43994644,0.820870021,1.203941373,0.156695157
1987-06-07,0.555555556,0.436215744,0.547293291,1.034225262,1.522930565,0.159069326
1987-06-08,0.52991453,0.394641328,0.499871989,0.956726288,1.414367084,0.161443495
1987-06-09,0.495726496,0.357357925,0.457089793,0.886090901,1.315037593,0.163817664
1987-06-10,0.487179487,0.324058342,0.418669972,0.822073938,1.224708492,0.168566002
1987-06-11,0.478632479,0.283607396,0.370194318,0.736285264,1.101049681,0.17331434
1987-06-12,0.47008547,0.253971153,0.335025586,0.674974138,1.013128154,0.17331434
1987-06-13,0.452991453,0.228001802,0.304043726,0.6205175,0.934815031,0.17331434
1987-06-14,0.452991453,0.202902358,0.273600648,0.56566657,0.855273436,0.163817664
1987-06-15,0.512820513,0.177244506,0.241751273,0.506354512,0.768335383,0.178062678
1987-06-16,0.495726496,0.174662902,0.237377344,0.508675603,0.774761247,0.199430199
1987-06-17,0.47008547,0.154095719,0.208656005,0.457524444,0.699422892,0.19705603
1987-06-18,0.452991453,0.152359793,0.205527473,0.461216079,0.707615321,0.182811016
1987-06-19,0.427350427,0.141324251,0.189902698,0.436204007,0.671613311,0.170940171
1987-06-20,0.418803419,0.130500489,0.174660792,0.410727985,0.63458717,0.166191833
1987-06-21,0.418803419,0.120395023,0.160476944,0.386413218,0.599056327,0.161443495
1987-06-22,0.41025641,0.109543843,0.145399477,0.358563932,0.557741732,0.156695157
1987-06-23,0.393162393,0.094273839,0.124590408,0.314731916,0.491169201,0.156695157
1987-06-24,0.376068376,0.080931644,0.106481904,0.275598335,0.431483744,0.151946819
1987-06-25,0.358974359,0.069219187,0.090654849,0.240454543,0.377652858,0.151946819
1987-06-26,0.35042735,0.062068872,0.080906981,0.219973436,0.346558938,0.14957265
1987-06-27,0.35042735,0.056010182,0.07265483,0.202533535,0.320056533,0.147198481
1987-06-28,0.341880342,0.052126898,0.067279015,0.192340707,0.304859908,0.144824311
1987-06-29,0.341880342,0.048964138,0.062870638,0.184380405,0.293103036,0.144824311
1987-06-30,0.324786325,0.046200237,0.059005767,0.177565413,0.28308579,0.142450142
1987-07-01,0.324786325,0.043012846,0.054632861,0.16874945,0.269795365,0.142450142
1987-07-02,0.307692308,0.040665543,0.051358119,0.162875457,0.261131364,0.142450142
1987-07-03,0.307692308,0.025693288,0.032258654,0.105072957,0.16892153,0.142450142
1987-07-04,0.316239316,0.02473417,0.030866042,0.103292943,0.166508068,0.140075973
1987-07-05,0.307692308,0.02361723,0.029287211,0.100731839,0.162810496,0.140075973
1987-07-06,0.290598291,0.022546225,0.027777419,0.098229361,0.159180137,0.140075973
1987-07-07,0.282051282,0.021519367,0.026333877,0.095784363,0.155616442,0.140075973
1987-07-08,0.273504274,0.020534934,0.024953904,0.093395715,0.152118829,0.140075973
1987-07-09,0.264957265,0.019591268,0.02363492,0.091062299,0.148686687,0.135327635
1987-07-10,0.256410256,0.018686775,0.022374447,0.088783012,0.145319376,0.137701804
1987-07-11,0.264957265,0.01781992,0.021170103,0.086556767,0.142016232,0.135327635
1987-07-12,0.264957265,0.016989227,0.020019595,0.084382489,0.138776568,0.137701804
1987-07-13,0.256410256,0.016193273,0.018920723,0.08225912,0.135599675,0.140075973
1987-07-14,0.239316239,0.015430694,0.01787137,0.080185615,0.132484826,0.137701804
1987-07-15,0.239316239,0.014700172,0.016869501,0.078160946,0.129431278,0.135327635
1987-07-16,0.222222222,0.014000442,0.015913162,0.076184099,0.126438272,0.137701804
1987-07-17,0.222222222,0.014466586,0.016258992,0.072738771,0.119831859,0.140075973
1987-07-18,0.273504274,0.045256811,0.050356599,0.211053931,0.345044074,0.135327635
1987-07-19,0.273504274,0.048250194,0.05320664,0.20938718,0.339611201,0.140075973
1987-07-20,0.256410256,0.047311223,0.051749771,0.191611025,0.308227955,0.137701804
1987-07-21,0.247863248,0.048533305,0.05269761,0.183917299,0.293328854,0.135327635
1987-07-22,0.273504274,0.051436875,0.055477583,0.182802681,0.288966908,0.135327635
1987-07-23,0.247863248,0.054190622,0.058090821,0.180988368,0.283460884,0.132953466
1987-07-24,0.239316239,0.056488453,0.060214541,0.177625779,0.275523787,0.132953466
1987-07-25,0.230769231,0.057087676,0.060538903,0.169289086,0.259965466,0.130579297
1987-07-26,0.222222222,0.05759231,0.060782346,0.161302256,0.245116199,0.132953466
1987-07-27,0.213675214,0.058007744,0.06094967,0.153651492,0.23094668,0.130579297
1987-07-28,0.205128205,0.058339121,0.061045451,0.14632352,0.217428749,0.132953466
1987-07-29,0.205128205,0.058591347,0.061074053,0.139305568,0.20453535,0.128205128
1987-07-30,0.205128205,0.058769104,0.061039633,0.13258535,0.192240483,0.132953466
1987-07-31,0.196581197,0.058876854,0.060946155,0.126151047,0.180519173,0.130579297
1987-08-01,0.196581197,0.058918852,0.060797392,0.11999129,0.169347422,0.132953466
1987-08-02,0.188034188,0.058899156,0.060596941,0.114095144,0.158702181,0.128205128
1987-08-03,0.179487179,0.062299242,0.06391609,0.114863922,0.157344449,0.132953466
1987-08-04,0.179487179,0.060444453,0.061849787,0.106132686,0.143055962,0.130579297
1987-08-05,0.170940171,0.058677826,0.059892571,0.098169909,0.130085722,0.125830959
1987-08-06,0.162393162,0.056600854,0.057636412,0.090267479,0.117475405,0.128205128
1987-08-07,0.162393162,0.05800428,0.058933513,0.088214187,0.112628542,0.128205128
1987-08-08,0.162393162,0.057689441,0.05848927,0.083692374,0.104706833,0.125830959
1987-08-09,0.162393162,0.057336379,0.058014069,0.079368479,0.097173879,0.125830959
1987-08-10,0.162393162,0.056947833,0.057510316,0.075234501,0.090013003,0.142450142
1987-08-11,0.153846154,0.056526403,0.056980296,0.071282748,0.083208195,0.137701804
1987-08-12,0.162393162,0.056074561,0.056426177,0.067505825,0.076744084,0.14957265
1987-08-13,0.162393162,0.055594655,0.055850017,0.063896623,0.070605918,0.137701804
1987-08-14,0.162393162,0.055088917,0.055253768,0.060448306,0.064779534,0.116334283
1987-08-15,0.179487179,0.054559463,0.054639279,0.057154304,0.059251344,0.104463438
1987-08-16,0.179487179,0.054008303,0.054008303,0.054008303,0.054008303,0.125830959
1987-08-17,0.162393162,0.052298112,0.052298112,0.052298112,0.052298112,0.142450142
1987-08-18,0.153846154,0.050619252,0.050619252,0.050619252,0.050619252,0.144824311
1987-08-19,0.153846154,0.049038477,0.049038477,0.049038477,0.049038477,0.135327635
1987-08-20,0.162393162,0.047485657,0.047485657,0.047485657,0.047485657,0.132953466
1987-08-21,0.170940171,0.045982008,0.045982008,0.045982008,0.045982008,0.135327635
1987-08-22,0.162393162,0.044525973,0.044525973,0.044525973,0.044525973,0.128205128
1987-08-23,0.162393162,0.043116043,0.043116043,0.043116043,0.043116043,0.12345679
1987-08-24,0.162393162,0.041750759,0.041750759,0.041750759,0.041750759,0.132953466
1987-08-25,0.153846154,0.040428708,0.040428708,0.040428708,0.040428708,0.132953466
1987-08-26,0.153846154,0.039148519,0.039148519,0.039148519,0.039148519,0.130579297
1987-08-27,0.153846154,0.037908868,0.037908868,0.037908868,0.037908868,0.132953466
1987-08-28,0.145299145,0.038612255,0.038612255,0.038612255,0.038612255,0.132953466
1987-08-29,0.145299145,0.038612255,0.038612255,0.038612255,0.038612255,0.130579297
1987-08-30,0.153846154,0.038612255,0.038612255,0.038612255,0.038612255,0.130579297
1987-08-31,0.162393162,0.038612255,0.038612255,0.038612255,0.038612255,0.137701804
1987-09-01,0.170940171,0.038612255,0.038612255,0.038612255,0.038612255,0.144824311
1987-09-02,0.179487179,0.038612255,0.038612255,0.038612255,0.038612255,0.166191833
1987-09-03,0.162393162,0.038612255,0.038612255,0.038612255,0.038612255,0.166191833
1987-09-04,0.153846154,0.038612255,0.038612255,0.038612255,0.038612255,0.154320988
1987-09-05,0.153846154,0.038612255,0.038612255,0.038612255,0.038612255,0.147198481
1987-09-06,0.162393162,0.038612255,0.038612255,0.038612255,0.038612255,0.147198481
1987-09-07,0.162393162,0.038612255,0.038612255,0.038612255,0.038612255,0.144824311
1987-09-08,0.162393162,0.038612255,0.038612255,0.038612255,0.038612255,0.151946819
1987-09-09,0.153846154,0.038612255,0.038612255,0.038612255,0.038612255,0.161443495
1987-09-10,0.153846154,0.038612255,0.038612255,0.038612255,0.038612255,0.154320988
1987-09-11,0.162393162,0.038612255,0.038612255,0.038612255,0.038612255,0.156695157
1987-09-12,0.162393162,0.038612255,0.038612255,0.038612255,0.038612255,0.156695157
1987-09-13,0.170940171,0.038612255,0.038612255,0.038612255,0.038612255,0.161443495
1987-09-14,0.179487179,0.038612255,0.038612255,0.038612255,0.038612255,0.144824311
1987-09-15,0.179487179,0.038612255,0.038612255,0.038612255,0.038612255,0.142450142
1987-09-16,0.170940171,0.038612255,0.038612255,0.038612255,0.038612255,0.142450142
1987-09-17,0.162393162,0.038612255,0.038612255,0.038612255,0.038612255,0.142450142
1987-09-18,0.153846154,0.038612255,0.038612255,0.038612255,0.038612255,0.144824311
1987-09-19,0.153846154,0.038612255,0.038612255,0.038612255,0.038612255,0.142450142
1987-09-20,0.153846154,0.038612255,0.038612255,0.038612255,0.038612255,0.135327635
1987-09-21,0.145299145,0.038612255,0.038612255,0.038612255,0.038612255,0.140075973
1987-09-22,0.136752137,0.038612255,0.038612255,0.038612255,0.038612255,0.147198481
1987-09-23,0.145299145,0.038612255,0.038612255,0.038612255,0.038612255,0.142450142
1987-09-24,0.153846154,0.038612255,0.038612255,0.038612255,0.038612255,0.130579297
1987-09-25,0.153846154,0.038612255,0.038612255,0.038612255,0.038612255,0.132953466
1987-09-26,0.153846154,0.038612255,0.038612255,0.038612255,0.038612255,0.125830959
1987-09-27,0.153846154,0.038612255,0.038612255,0.038612255,0.038612255,0.12345679
1987-09-28,0.153846154,0.038612255,0.038612255,0.038612255,0.038612255,0.130579297
1987-09-29,0.153846154,0.038612255,0.038612255,0.038612255,0.038612255,0.130579297
1987-09-30,0.145299145,0.038612255,0.038612255,0.038612255,0.038612255,0.125830959
1987-10-01,0.153846154,0.038612255,0.038612255,0.038612255,0.038612255,
1987-10-02,0.145299145,0.038612255,0.038612255,0.038612255,0.038612255,
1987-10-03,0.153846154,0.038612255,0.038612255,0.038612255,0.038612255,
1987-10-04,0.153846154,0.038612255,0.038612255,0.038612255,0.038612255,
1987-10-05,0.162393162,0.038612255,0.038612255,0.038612255,0.038612255,
1987-10-06,0.162393162,0.038612255,0.038612255,0.038612255,0.038612255,
1987-10-07,0.162393162,0.038612255,0.038612255,0.038612255,0.038612255,
1987-10-08,0.162393162,0.038612255,0.038612255,0.038612255,0.038612255,
1987-10-09,0.162393162,0.038612255,0.038612255,0.038612255,0.038612255,
1987-10-10,0.170940171,0.038612255,0.038612255,0.038612255,0.038612255,
1987-10-11,0.170940171,0.038612255,0.038612255,0.038612255,0.038612255,
1987-10-12,0.213675214,0.179546984,0.179546984,0.179546984,0.179546984,
1987-10-13,0.264957265,0.166032695,0.166032695,0.166032695,0.166032695,
1987-10-14,0.213675214,0.16217147,0.16217147,0.16217147,0.16217147,
1987-10-15,0.196581197,0.160240857,0.160240857,0.160240857,0.160240857,
1987-10-16,0.196581197,0.158310244,0.158310244,0.158310244,0.158310244,
1987-10-17,0.196581197,0.156494263,0.154838642,0.15379381,0.152098694,
1987-10-18,0.205128205,0.152594275,0.149407205,0.147395903,0.144132806,
1987-10-19,0.205128205,0.150548204,0.14589177,0.14295318,0.138185668,
1987-10-20,0.196581197,0.150432745,0.144306948,0.140441069,0.134169142,
1987-10-21,0.196581197,0.152324595,0.144667349,0.139835001,0.131995092,
1987-10-22,0.239316239,0.127124368,0.119549902,0.114769796,0.107014643,
1987-10-23,0.495726496,0.153998725,0.143423447,0.136749582,0.125922033,
1987-10-24,0.427350427,0.158000147,0.145748553,0.138016796,0.125472942,
1987-10-25,0.299145299,0.112356539,0.102671157,0.09655889,0.086642465,
1987-10-26,0.273504274,0.096195802,0.087089887,0.081343311,0.072020176,
1987-10-27,0.264957265,0.090685185,0.081351622,0.075461381,0.065905169,
1987-10-28,0.341880342,0.127531761,0.113376203,0.104442889,0.089949653,
1987-10-29,0.41025641,0.192352014,0.169483751,0.155052008,0.131638227,
1987-10-30,0.35042735,0.178505372,0.155906148,0.141644191,0.118505866,
1987-10-31,0.316239316,0.157358525,0.13624936,0.122927751,0.101315031,
1987-11-01,0.307692308,0.152077998,0.130554928,0.116972111,0.094935611,
1987-11-02,0.316239316,0.163200667,0.138925127,0.123605277,0.098750648,
1987-11-03,0.333333333,0.143447557,0.121096675,0.106991443,0.084107385,
1987-11-04,0.307692308,0.115985192,0.097111114,0.085200029,0.065875714,
1987-11-05,0.290598291,0.090351177,0.075036684,0.065371988,0.049692171,
1987-11-06,0.324786325,0.078959656,0.065052441,0.056275852,0.042036883,
1987-11-07,0.341880342,0.072298589,0.059095013,0.050762478,0.037243933,
1987-11-08,0.316239316,0.065484129,0.053108363,0.045298244,0.032627257,
1987-11-09,0.324786325,0.068693019,0.055282491,0.046819351,0.033088917,
1987-11-10,0.316239316,0.066813538,0.053361618,0.044872358,0.031099546,
1987-11-11,0.307692308,0.062287608,0.049373765,0.041224076,0.028002176,
1987-11-12,0.290598291,0.052417651,0.04124221,0.034189594,0.022747565,
1987-11-13,0.666666667,0.26141122,0.204172519,0.168050221,0.109446101,
1987-11-14,0.598290598,0.309394869,0.239901507,0.196045515,0.124894401,
1987-11-15,0.401709402,0.209854344,0.161555592,0.131075132,0.081624222,
1987-11-16,0.367521368,0.172113209,0.132500718,0.107502,0.06694456,
1987-11-17,0.427350427,0.174829519,0.134591859,0.109198608,0.068001087,
1987-11-18,0.435897436,0.188355989,0.145005163,0.117647248,0.073262296,
1987-11-19,0.367521368,0.180274625,0.138783754,0.112599624,0.070118997,
1987-11-20,0.384615385,0.250783704,0.193064909,0.156639632,0.097543965,
1987-11-21,0.444444444,0.275113051,0.211794767,0.171835755,0.107007024,
1987-11-22,0.427350427,0.258951509,0.199352863,0.161741247,0.100720886,
1987-11-23,0.376068376,0.240093542,0.184835127,0.149962551,0.093385957,
1987-11-24,0.367521368,0.234729735,0.18070582,0.146612314,0.091299668,
1987-11-25,0.367521368,0.223984369,0.17243354,0.139900753,0.087120188,
1987-11-26,0.35042735,0.207810381,0.159982054,0.129798472,0.080829209,
1987-11-27,0.341880342,0.202440293,0.155847912,0.126444312,0.078740479,
1987-11-28,0.333333333,0.197090086,0.151729075,0.12310257,0.076659481,
1987-11-29,0.333333333,0.197101573,0.151737918,0.123109745,0.076663948,
1987-11-30,0.35042735,0.199830503,0.153838775,0.124814236,0.077725384,
1987-12-01,0.606837607,0.516280112,0.397456338,0.322468826,0.200810533,
1987-12-02,0.94017094,2.863204112,2.204227115,1.788358776,1.113662002,
1987-12-03,0.606837607,1.21768044,0.937426792,0.760563836,0.473624787,
1987-12-04,0.495726496,0.867011674,0.667465736,0.541535942,0.337229872,
1987-12-05,0.461538462,0.705180246,0.542880409,0.440455948,0.274284478,
1987-12-06,1.196581197,2.269778545,1.747380634,1.417704859,0.882845239,
1987-12-07,1.196581197,1.703299777,1.311279046,1.063881926,0.66250961,
1987-12-08,0.829059829,0.974966039,0.750574006,0.608964295,0.37921943,
1987-12-09,1.111111111,2.188957539,1.68516088,1.367224017,0.851409379,
1987-12-10,1.452991453,10.41646431,8.019076596,6.506129023,4.051552054,
1987-12-11,1.111111111,5.372004087,4.135617515,3.355356545,2.089476193,
1987-12-12,0.811965812,2.269939989,1.747504921,1.417805697,0.882908034,
1987-12-13,0.658119658,2.000055604,1.539735423,1.24923577,0.777934734,
1987-12-14,0.58974359,1.568594905,1.207576997,0.979745193,0.610115268,
1987-12-15,0.572649573,1.136859094,0.875206777,0.710082781,0.442188795,
1987-12-16,0.598290598,1.083056157,0.833786784,0.676477438,0.421261789,
1987-12-17,0.547008547,0.975030186,0.750623389,0.609004361,0.37924438,
1987-12-18,0.512820513,0.894119791,0.68833482,0.558467686,0.347773752,
1987-12-19,0.521367521,0.840314422,0.646912956,0.524860825,0.326845801,
1987-12-20,0.478632479,0.786244054,0.605287082,0.491088445,0.305814777,
1987-12-21,0.504273504,0.786397276,0.60540504,0.491184147,0.305874374,
1987-12-22,0.846153846,0.786271604,0.605308292,0.491105653,0.305825493,
1987-12-23,0.615384615,0.786424826,0.605426249,0.491201355,0.305885089,
1987-12-24,0.581196581,0.786299154,0.605329501,0.49112286,0.305836209,
1987-12-25,0.564102564,0.786316373,0.605342757,0.491133615,0.305842906,
1987-12-26,0.547008547,0.759490358,0.584690848,0.474378072,0.295408752,
1987-12-27,0.547008547,0.732392339,0.563829538,0.457452636,0.2848688,
1987-12-28,0.547008547,0.759517908,0.584712058,0.47439528,0.295419468,
1987-12-29,0.581196581,0.786371473,0.605385175,0.491168031,0.305864337,
1987-12-30,0.547008547,0.78652125,0.605500481,0.491261582,0.305922594,
1987-12-31,0.538461538,0.759423231,0.584639171,0.474336145,0.295382642,
1988-01-01,0.547008547,0.705492364,0.543120692,0.440650897,0.274405878,
1988-01-02,0.555555556,0.70564476,0.543238014,0.440746084,0.274465154,
1988-01-03,1.538461538,0.786445925,0.605442492,0.491214533,0.305893296,
1988-01-04,1.965811966,1.164253445,0.896296217,0.727193307,0.452844007,
1988-01-05,2.222222222,2.270138753,1.747657938,1.417929845,0.882985344,
1988-01-06,1.538461538,1.892624099,1.457029676,1.182133996,0.736148546,
1988-01-07,1.196581197,1.433913476,1.103892996,0.895623103,0.557730043,
1988-01-08,1.025641026,1.272069156,0.979297743,0.794535056,0.494779634,
1988-01-09,1.111111111,1.461049544,1.124783598,0.912572305,0.568284795,
1988-01-10,1.111111111,1.541851347,1.186988568,0.963041153,0.599713185,
1988-01-11,2.051282051,1.461073817,1.124802284,0.912587466,0.568294236,
1988-01-12,1.452991453,1.406996661,1.083171185,0.878810846,0.547260571,
1988-01-13,1.196581197,1.353194922,1.041752115,0.845206252,0.526334033,
1988-01-14,1.025641026,1.35306935,1.041655444,0.845127819,0.52628519,
1988-01-15,1.111111111,1.407031267,1.083197826,0.87883246,0.547274032,
1988-01-16,1.025641026,1.380201908,1.062543344,0.862074829,0.536838577,
1988-01-17,0.94017094,1.383553114,1.062193339,0.86179086,0.536661741,
1988-01-18,0.854700855,1.305838922,0.999778434,0.811151684,0.505127282,
1988-01-19,0.803418803,1.145909084,0.874930253,0.709858429,0.442049084,
1988-01-20,0.786324786,1.121672027,0.854084738,0.692945807,0.431517112,
1988-01-21,0.760683761,1.124343788,0.853785292,0.692702857,0.43136582,
1988-01-22,0.743589744,1.127149531,0.853587817,0.69254264,0.431266048,
1988-01-23,0.735042735,1.212450903,0.915694506,0.742931749,0.462644784,
1988-01-24,0.743589744,1.462992418,1.101922188,0.894024124,0.556734314,
1988-01-25,0.743589744,1.659859888,1.246824437,1.011587876,0.629944614,
1988-01-26,0.743589744,1.663820823,1.246430477,1.011268243,0.629745569,
1988-01-27,0.752136752,1.668056585,1.246242345,1.011115606,0.629650518,
1988-01-28,0.769230769,1.783179318,1.328677384,1.077997745,0.671299933,
1988-01-29,0.837606838,1.731830561,1.286960715,1.0441517,0.650223036,
1988-01-30,0.94017094,1.624498518,1.203974063,0.976822019,0.608294924,
1988-01-31,0.94017094,1.51634213,1.120818976,0.909355682,0.566281712,
1988-02-01,0.854700855,1.435768842,1.058438891,0.858744758,0.534764846,
1988-02-02,0.846153846,1.410981749,1.037404598,0.841678974,0.524137496,
1988-02-03,0.803418803,1.358148609,0.995914551,0.808016794,0.503175097,
1988-02-04,0.777777778,1.30475574,0.954233161,0.774199372,0.482116024,
1988-02-05,0.752136752,1.279572847,0.933347328,0.757254039,0.471563682,
1988-02-06,0.735042735,1.36799875,0.995220759,0.807453899,0.502824566,
1988-02-07,0.717948718,1.399606836,1.015541533,0.823940782,0.513091418,
1988-02-08,0.717948718,1.65994119,1.201281225,0.974637235,0.606934396,
1988-02-09,0.717948718,2.064231126,1.489954807,1.20884719,0.752783614,
1988-02-10,0.752136752,2.384687591,1.716767456,1.392867425,0.867378261,
1988-02-11,0.820512821,2.677616144,1.922630882,1.559890897,0.971388539,
1988-02-12,0.820512821,2.972042301,2.128494814,1.726914779,1.075399073,
1988-02-13,0.820512821,3.094711287,2.210599917,1.793529231,1.116881791,
1988-02-14,0.820512821,3.015019611,2.148102138,1.742822817,1.085305462,
1988-02-15,0.820512821,3.370405838,2.395102608,1.943222066,1.210099788,
1988-02-16,0.846153846,3.439778648,2.458784276,1.994141683,1.23250129,
1988-02-17,0.820512821,2.761879353,1.985882982,1.61000308,0.987571683,
1988-02-18,0.794871795,2.576170742,1.863347028,1.51009566,0.919251917,
1988-02-19,0.769230769,2.307099843,1.678676036,1.359926573,0.821506479,
1988-02-20,0.794871795,2.464979151,1.804290737,1.461144394,0.87585269,
1988-02-21,0.794871795,2.9864915,2.199170043,1.780260958,1.058865039,
1988-02-22,0.820512821,3.586645378,2.657062924,2.150132027,1.268870617,
1988-02-23,0.837606838,3.929523104,2.928740277,2.369096615,1.387094852,
1988-02-24,0.854700855,4.185795517,3.138762835,2.538044481,1.474243876,
1988-02-25,0.854700855,4.32867014,3.265776522,2.639770651,1.521101455,
1988-02-26,0.854700855,4.661684909,3.538657186,2.859284841,1.634353793,
1988-02-27,0.94017094,5.127247997,3.916117993,3.163108475,1.793386111,
1988-02-28,1.111111111,5.451739709,4.189814779,3.382927717,1.90238097,
1988-02-29,1.452991453,5.637914899,4.359925137,3.518979142,1.962637587,
1988-03-01,1.709401709,5.20925665,4.053682709,3.270599519,1.809016802,
1988-03-02,1.538461538,4.087817132,3.201044849,2.581722262,1.416084937,
1988-03-03,1.452991453,4.356776831,3.433245671,2.767980173,1.505496017,
1988-03-04,1.367521368,4.728092263,3.749539126,3.021875064,1.629678153,
1988-03-05,1.282051282,5.068908805,4.045498722,3.259202859,1.742676698,
1988-03-06,1.282051282,5.222849493,4.195117798,3.378503563,1.790939124,
1988-03-07,1.282051282,4.96022231,4.009871177,3.228135275,1.696405272,
1988-03-08,1.196581197,5.499039613,4.474273067,3.600684436,1.875660936,
1988-03-09,1.196581197,6.954285931,5.695192765,4.581550323,2.365606731,
1988-03-10,1.111111111,4.799266774,3.956080103,3.181344885,1.628060583,
1988-03-11,1.111111111,3.859533543,3.202384857,2.574311098,1.305626435,
1988-03-12,1.025641026,3.333521007,2.78422806,2.23735205,1.124496619,
1988-03-13,1.025641026,3.163705759,2.659960334,2.136716385,1.064152556,
1988-03-14,0.94017094,3.39420228,2.87282384,2.306869891,1.13836093,
1988-03-15,0.94017094,3.794729162,3.233398054,2.595469001,1.268932986,
1988-03-16,0.94017094,3.452528607,2.961678277,2.3764972,1.151043108,
1988-03-17,0.854700855,3.609786395,3.129618567,2.516179384,1.263267755,
1988-03-18,0.854700855,4.5330766,3.972501607,3.200101837,1.663128429,
1988-03-19,0.846153846,6.125456953,5.426547285,4.379974734,2.353379127,
1988-03-20,0.837606838,6.951318766,6.226163593,5.035187067,2.793711805,
1988-03-21,0.820512821,6.756586457,6.119335494,4.958441486,2.837774589,
1988-03-22,0.811965812,5.483097923,5.022074862,4.077263112,2.40447119,
1988-03-23,0.820512821,8.739663908,8.096366068,6.585960243,3.998224019,
1988-03-24,0.820512821,8.03063163,7.525626617,6.133577235,3.82968652,
1988-03-25,0.786324786,8.28506551,7.855018512,6.41444936,4.115639165,
1988-03-26,0.760683761,9.831493502,9.431728201,7.716906527,5.083910012,
1988-03-27,0.743589744,9.018814725,8.755994652,7.177877586,4.851710184,
1988-03-28,0.709401709,5.568298983,5.471773497,4.494238076,3.114471137,
1988-03-29,0.692307692,4.759285264,4.734387253,3.896080807,2.766223378,
1988-03-30,0.683760684,4.741239873,4.775282563,3.937297949,2.86223566,
1988-03-31,0.658119658,3.897661674,3.975271342,3.283974913,2.442786619,
1988-04-01,0.641025641,4.076161245,4.210577864,3.48503726,2.651035263,
1988-04-02,0.615384615,5.428552817,5.680364956,4.710569966,3.662349499,
1988-04-03,0.615384615,5.891751665,6.246180381,5.18969779,4.121675285,
1988-04-04,0.615384615,5.421720436,5.824562023,4.848640476,3.931648579,
1988-04-05,0.58974359,6.389391827,6.957000447,5.802387651,4.801444222,
1988-04-06,0.572649573,8.050921333,8.886422694,7.425719142,6.267736266,
1988-04-07,0.572649573,8.369720389,9.366903629,7.842116569,6.748662976,
1988-04-08,0.555555556,6.757381375,7.669278674,6.433040717,5.641911495,
1988-04-09,0.547008547,5.694652851,6.555776286,5.50946338,4.922272341,
1988-04-10,0.52991453,6.868320551,8.021962839,6.754420182,6.144955687,
1988-04-11,0.52991453,7.864211796,9.320811097,7.862890882,7.28151855,
1988-04-12,0.512820513,7.797439142,9.380305739,7.928034228,7.470596392,
1988-04-13,0.555555556,7.026599525,8.581788244,7.266832778,6.965173833,
1988-04-14,0.803418803,8.826449626,10.94688326,9.28700292,9.051322678,
1988-04-15,0.735042735,6.127325655,7.718889331,6.560795639,6.499809454,
1988-04-16,0.64957265,5.702012417,7.166470194,6.190211033,6.227201659,
1988-04-17,0.623931624,6.137735406,7.696032062,6.755386314,6.897047995,
1988-04-18,0.58974359,5.567389702,6.964339945,6.212009389,6.433749906,
1988-04-19,1.282051282,4.643935695,5.795248002,5.252663523,5.516130181,
1988-04-20,1.794871795,4.134968369,5.147580465,4.740821848,5.045973273,
1988-04-21,1.538461538,3.436579596,4.267660805,3.993666194,4.306475878,
1988-04-22,1.452991453,3.130760354,3.878225236,3.687530509,4.026946107,
1988-04-23,1.452991453,3.131914565,3.869900239,3.738637358,4.133161223,
1988-04-24,1.367521368,4.249222967,5.23712268,5.140536438,5.751120973,
1988-04-25,1.367521368,4.830718491,5.938472875,5.922221229,6.702809895,
1988-04-26,1.282051282,6.243676963,7.65542832,7.756510997,8.878233162,
1988-04-27,1.196581197,7.124511282,8.712365988,8.968377626,10.37833334,
1988-04-28,1.111111111,6.995966739,8.532305675,8.92318093,10.43658683,
1988-04-29,1.025641026,5.888576624,7.162292253,7.609854894,8.993258834,
1988-04-30,1.025641026,4.962794441,6.019718062,6.497823698,7.756977202,
1988-05-01,0.94017094,3.835867492,4.639876782,5.08818515,6.134202634,
1988-05-02,0.94017094,3.479779276,4.197319892,4.676181126,5.691784325,
1988-05-03,0.854700855,3.523418049,4.237857,4.79653168,5.893073912,
1988-05-04,0.846153846,3.649850385,4.377265149,5.033214763,6.240467241,
1988-05-05,0.829059829,3.133355871,3.746854087,4.376950721,5.475248451,
1988-05-06,0.820512821,2.591874547,3.090178514,3.667349085,4.627559848,
1988-05-07,0.854700855,2.459162507,2.923157955,3.524416033,4.48502762,
1988-05-08,0.854700855,2.47561592,2.933772042,3.593608058,4.611058591,
1988-05-09,0.803418803,2.537562498,2.997920516,3.730766196,4.825883954,
1988-05-10,0.752136752,3.466010405,4.082022119,5.160975912,6.7288287,
1988-05-11,0.709401709,5.511582837,6.470613118,8.311632349,10.92057409,
1988-05-12,0.683760684,6.385438436,7.472475679,9.752063935,12.91018828,
1988-05-13,0.683760684,6.344343155,7.400240547,9.812430882,13.08631828,
1988-05-14,0.658119658,5.287293681,6.146930006,8.281257245,11.1242913,
1988-05-15,0.641025641,5.532215387,6.410168307,8.774533873,11.87047345,
1988-05-16,0.641025641,4.946103505,5.711609286,7.944014109,10.82148396,
1988-05-17,0.777777778,4.773219327,5.544790617,7.807644646,10.69494507,
1988-05-18,0.666666667,3.823251111,4.468218876,6.369805398,8.773144633,
1988-05-19,0.623931624,3.514829912,4.133183159,5.965365959,8.260318566,
1988-05-20,0.598290598,3.320803458,3.929656985,5.742117674,7.993249825,
1988-05-21,0.572649573,3.343968805,3.982528024,5.891772865,8.244245242,
1988-05-22,0.564102564,3.1951124,3.83021907,5.737009935,8.068765557,
1988-05-23,0.555555556,2.787280754,3.363694056,5.101041418,7.210424722,
1988-05-24,0.547008547,2.377773177,2.889107943,4.436009512,6.301439672,
1988-05-25,0.52991453,2.053171435,2.512102259,3.90533903,5.574642964,
1988-05-26,0.521367521,1.825399757,2.249324019,3.540568432,5.078188721,
1988-05-27,0.512820513,1.477651969,1.834059336,2.923082993,4.212324857,
1988-05-28,0.581196581,1.590163375,1.988371847,3.208779277,4.645511586,
1988-05-29,0.854700855,2.584495642,3.2562371,5.320848016,7.738493749,
1988-05-30,0.700854701,2.133803983,2.709263262,4.482777664,6.548989325,
1988-05-31,0.623931624,2.276294395,2.913105441,4.880815173,7.162114846,
1988-06-01,0.58974359,2.86320616,3.693930583,6.26721383,9.236688362,
1988-06-02,0.564102564,2.042471526,2.656932113,4.564842308,6.756660695,
1988-06-03,0.52991453,1.544299181,2.025942534,3.524863926,5.239448529,
1988-06-04,0.512820513,1.345753287,1.780812945,3.137720738,4.683465962,
1988-06-05,0.521367521,1.098037124,1.465939983,2.615798178,3.920493564,
1988-06-06,0.538461538,1.027788565,1.384655595,2.502267009,3.765544271,
1988-06-07,0.641025641,1.259477626,1.712629054,3.13452184,4.735847822,
1988-06-08,0.606837607,1.575661867,2.163069783,4.00965848,6.081930347,
1988-06-09,0.521367521,1.819005402,2.521621396,4.734333425,7.209021929,
1988-06-10,0.495726496,1.359783256,1.903977715,3.620734455,5.534443744,
1988-06-11,0.487179487,1.034899939,1.464027067,2.820031949,4.326811586,
1988-06-12,0.47008547,0.864417528,1.23580466,2.411235503,3.713364539,
1988-06-13,0.452991453,0.72711695,1.05081902,2.076911046,3.210241313,
1988-06-14,0.435897436,0.631013302,0.922118333,1.846258979,2.864062701,
1988-06-15,0.435897436,0.555627729,0.821276075,1.665817768,2.593380555,
1988-06-16,0.418803419,0.487777609,0.718394724,1.490935145,2.329888248,
1988-06-17,0.401709402,0.438447063,0.643359429,1.366376544,2.143143911,
1988-06-18,0.401709402,0.372346658,0.544298063,1.183155278,1.862495775,
1988-06-19,0.384615385,0.325586108,0.474093383,1.054939673,1.666566944,
1988-06-20,0.376068376,0.296394148,0.429863348,0.979325406,1.552507256,
1988-06-21,0.367521368,0.267790934,0.386786742,0.902357933,1.435382713,
1988-06-22,0.358974359,0.231105589,0.332392494,0.794238147,1.26763286,
1988-06-23,0.35042735,0.195957965,0.280618777,0.686900976,1.099925304,
1988-06-24,0.341880342,0.168337345,0.239989955,0.601919054,0.966955939,
1988-06-25,0.401709402,0.227509721,0.32286032,0.829891657,1.337406725,
1988-06-26,0.367521368,0.206517181,0.291684821,0.76856544,1.242427817,
1988-06-27,0.333333333,0.185976694,0.261394952,0.706200199,1.145095642,
1988-06-28,0.324786325,0.165888259,0.231990713,0.642795935,1.045410199,
1988-06-29,0.316239316,0.148474803,0.206564737,0.587143203,0.957710074,
1988-06-30,0.299145299,0.134623679,0.186295482,0.543368418,0.888869828,
1988-07-01,0.290598291,0.12368068,0.170210239,0.509573184,0.835953348,
1988-07-02,0.282051282,0.110786882,0.151599211,0.465990701,0.766589669,
1988-07-03,0.273504274,0.097477026,0.132603062,0.418629886,0.690566124,
1988-07-04,0.273504274,0.08682721,0.11739876,0.380785305,0.629831217,
1988-07-05,0.273504274,0.078640442,0.105662091,0.352230161,0.584143654,
1988-07-06,0.273504274,0.071934392,0.096024004,0.329106126,0.547216102,
1988-07-07,0.264957265,0.064906012,0.086059212,0.303367034,0.505710788,
1988-07-08,0.256410256,0.058166852,0.076586263,0.277786548,0.464234696,
1988-07-09,0.256410256,0.052354428,0.068435164,0.2555126,0.428068562,
1988-07-10,0.247863248,0.047430396,0.061533906,0.236599061,0.39734813,
1988-07-11,0.230769231,0.042814799,0.055113477,0.218335744,0.367555637,
1988-07-12,0.222222222,0.038956075,0.049740723,0.203124073,0.342754438,
1988-07-13,0.222222222,0.034114797,0.043192802,0.181914908,0.307678524,
1988-07-14,0.213675214,0.03123951,0.03920617,0.170394924,0.288853003,
1988-07-15,0.213675214,0.027782579,0.034549733,0.155039828,0.263414312,
1988-07-16,0.213675214,0.025442257,0.031338605,0.145291403,0.247398319,
1988-07-17,0.205128205,0.024986006,0.030210546,0.13117999,0.221653227,
1988-07-18,0.188034188,0.024653361,0.029320625,0.119520143,0.200343034,
1988-07-19,0.179487179,0.023694414,0.027767271,0.106479281,0.177008839,
1988-07-20,0.179487179,0.024205848,0.027992296,0.101169201,0.166739052,
1988-07-21,0.170940171,0.023453958,0.026798736,0.091439904,0.149361345,
1988-07-22,0.162393162,0.023231345,0.026255859,0.084707616,0.137083062,
1988-07-23,0.162393162,0.024009031,0.026865324,0.082066025,0.131528376,
1988-07-24,0.162393162,0.023875609,0.026472669,0.076663446,0.121636676,
1988-07-25,0.162393162,0.025026017,0.027515527,0.075627798,0.118738592,
1988-07-26,0.162393162,0.02603888,0.02840741,0.074181627,0.115197418,
1988-07-27,0.153846154,0.026274888,0.028459203,0.070673261,0.108498987,
1988-07-28,0.145299145,0.026469841,0.028479231,0.067312701,0.102109264,
1988-07-29,0.136752137,0.026626102,0.028469456,0.064094103,0.096015416,
1988-07-30,0.145299145,0.026745926,0.028431743,0.061011848,0.090205111,
1988-07-31,0.136752137,0.026831463,0.028367873,0.058060527,0.084666502,
1988-08-01,0.136752137,0.026884766,0.02827954,0.055234939,0.079388209,
1988-08-02,0.128205128,0.026907788,0.028168356,0.052530081,0.074359299,
1988-08-03,0.128205128,0.026902396,0.028035858,0.049941139,0.069569272,
1988-08-04,0.128205128,0.028263922,0.029329608,0.049925047,0.068379503,
1988-08-05,0.128205128,0.029126283,0.030103162,0.048982315,0.065898899,
1988-08-06,0.128205128,0.029988644,0.030876716,0.048039582,0.063418295,
1988-08-07,0.128205128,0.030851005,0.03165027,0.047096849,0.060937691,
1988-08-08,0.128205128,0.031713366,0.032423823,0.046154117,0.058457087,
1988-08-09,0.11965812,0.032575727,0.033197377,0.045211384,0.055976483,
1988-08-10,0.111111111,0.033438088,0.033970931,0.044268651,0.053495879,
1988-08-11,0.11965812,0.034300449,0.034744485,0.043325918,0.051015275,
1988-08-12,0.111111111,0.035162811,0.035518039,0.042383186,0.048534671,
1988-08-13,0.11965812,0.036025172,0.036291593,0.041440453,0.046054067,
1988-08-14,0.128205128,0.036887533,0.037065147,0.04049772,0.043573463,
1988-08-15,0.128205128,0.037749894,0.037838701,0.039554987,0.041092859,
1988-08-16,0.11965812,0.038612255,0.038612255,0.038612255,0.038612255,
1988-08-17,0.11965812,0.038612255,0.038612255,0.038612255,0.038612255,
1988-08-18,0.102564103,0.038612255,0.038612255,0.038612255,0.038612255,
1988-08-19,0.094017094,0.038612255,0.038612255,0.038612255,0.038612255,
1988-08-20,0.094017094,0.038612255,0.038612255,0.038612255,0.038612255,
1988-08-21,0.094017094,0.038612255,0.038612255,0.038612255,0.038612255,
1988-08-22,0.094017094,0.038612255,0.038612255,0.038612255,0.038612255,
1988-08-23,0.094017094,0.038612255,0.038612255,0.038612255,0.038612255,
1988-08-24,0.094017094,0.038612255,0.038612255,0.038612255,0.038612255,
1988-08-25,0.085470085,0.038612255,0.038612255,0.038612255,0.038612255,
1988-08-26,0.085470085,0.038612255,0.038612255,0.038612255,0.038612255,
1988-08-27,0.085470085,0.040114268,0.040114268,0.040114268,0.040114268,
1988-08-28,0.085470085,0.039148519,0.039148519,0.039148519,0.039148519,
1988-08-29,0.085470085,0.037908868,0.037908868,0.037908868,0.037908868,
1988-08-30,0.082905983,0.038612255,0.038612255,0.038612255,0.038612255,
1988-08-31,0.082051282,0.038612255,0.038612255,0.038612255,0.038612255,
1988-09-01,0.082051282,0.038612255,0.038612255,0.038612255,0.038612255,
1988-09-02,0.084615385,0.038612255,0.038612255,0.038612255,0.038612255,
1988-09-03,0.085470085,0.038612255,0.038612255,0.038612255,0.038612255,
1988-09-04,0.083760684,0.038612255,0.038612255,0.038612255,0.038612255,
1988-09-05,0.081196581,0.038612255,0.038612255,0.038612255,0.038612255,
1988-09-06,0.079487179,0.038612255,0.038612255,0.038612255,0.038612255,
1988-09-07,0.078632479,0.038612255,0.038612255,0.038612255,0.038612255,
1988-09-08,0.078632479,0.038612255,0.038612255,0.038612255,0.038612255,
1988-09-09,0.083760684,0.038612255,0.038612255,0.038612255,0.038612255,
1988-09-10,0.085470085,0.038612255,0.038612255,0.038612255,0.038612255,
1988-09-11,0.085470085,0.038612255,0.038612255,0.038612255,0.038612255,
1988-09-12,0.082051282,0.038612255,0.038612255,0.038612255,0.038612255,
1988-09-13,0.083760684,0.038612255,0.038612255,0.038612255,0.038612255,
1988-09-14,0.094017094,0.038612255,0.038612255,0.038612255,0.038612255,
1988-09-15,0.094017094,0.038612255,0.038612255,0.038612255,0.038612255,
1988-09-16,0.094017094,0.038612255,0.038612255,0.038612255,0.038612255,
1988-09-17,0.094017094,0.038612255,0.038612255,0.038612255,0.038612255,
1988-09-18,0.102564103,0.038612255,0.038612255,0.038612255,0.038612255,
1988-09-19,0.102564103,0.038612255,0.038612255,0.038612255,0.038612255,
1988-09-20,0.11965812,0.064553794,0.064553794,0.064553794,0.064553794,
1988-09-21,0.162393162,0.063435611,0.063435611,0.063435611,0.063435611,
1988-09-22,0.145299145,0.061426902,0.061426902,0.061426902,0.061426902,
1988-09-23,0.136752137,0.059481798,0.059481798,0.059481798,0.059481798,
1988-09-24,0.128205128,0.057598287,0.057598287,0.057598287,0.057598287,
1988-09-25,0.128205128,0.055774419,0.055774419,0.055774419,0.055774419,
1988-09-26,0.136752137,0.054008303,0.054008303,0.054008303,0.054008303,
1988-09-27,0.128205128,0.052298112,0.052298112,0.052298112,0.052298112,
1988-09-28,0.128205128,0.05113835,0.05113835,0.05113835,0.05113835,
1988-09-29,0.11965812,0.050642075,0.050642075,0.050642075,0.050642075,
1988-09-30,0.111111111,0.049038477,0.049038477,0.049038477,0.049038477,
1988-10-01,0.111111111,0.047485657,0.047485657,0.047485657,0.047485657,
1988-10-02,0.111111111,0.045982008,0.045982008,0.045982008,0.045982008,
1988-10-03,0.11965812,0.044525973,0.044525973,0.044525973,0.044525973,
1988-10-04,0.11965812,0.043116043,0.043116043,0.043116043,0.043116043,
1988-10-05,0.11965812,0.041750759,0.041750759,0.041750759,0.041750759,
1988-10-06,0.11965812,0.040428708,0.040428708,0.040428708,0.040428708,
1988-10-07,0.128205128,0.039148519,0.039148519,0.039148519,0.039148519,
1988-10-08,0.128205128,0.037908868,0.037908868,0.037908868,0.037908868,
1988-10-09,0.128205128,0.039967075,0.039967075,0.039967075,0.039967075,
1988-10-10,0.11965812,0.039148519,0.039148519,0.039148519,0.039148519,
1988-10-11,0.11965812,0.037908868,0.037908868,0.037908868,0.037908868,
1988-10-12,0.128205128,0.038612255,0.038612255,0.038612255,0.038612255,
1988-10-13,0.136752137,0.038264197,0.038264197,0.038264197,0.038264197,
1988-10-14,0.162393162,0.040202353,0.040202353,0.040202353,0.040202353,
1988-10-15,0.153846154,0.038612255,0.038612255,0.038612255,0.038612255,
1988-10-16,0.136752137,0.038612255,0.038612255,0.038612255,0.038612255,
1988-10-17,0.128205128,0.039233225,0.038729067,0.038410198,0.037963742,
1988-10-18,0.128205128,0.039854195,0.038845879,0.038208141,0.037315229,
1988-10-19,0.128205128,0.040475165,0.038962691,0.038006084,0.036666715,
1988-10-20,0.128205128,0.041096135,0.039079503,0.037804026,0.036018202,
1988-10-21,0.128205128,0.041717105,0.039196315,0.037601969,0.035369689,
1988-10-22,0.128205128,0.042338075,0.039313127,0.037399912,0.034721176,
1988-10-23,0.128205128,0.042959045,0.039429939,0.037197855,0.034072663,
1988-10-24,0.128205128,0.043580015,0.039546751,0.036995798,0.03342415,
1988-10-25,0.128205128,0.044200985,0.039663563,0.036793741,0.032775637,
1988-10-26,0.128205128,0.044821954,0.039780375,0.036591684,0.032127124,
1988-10-27,0.128205128,0.045442924,0.039897187,0.036389627,0.031478611,
1988-10-28,0.128205128,0.046063894,0.040013999,0.03618757,0.030830098,
1988-10-29,0.136752137,0.046684864,0.040130811,0.035985513,0.030181585,
1988-10-30,0.136752137,0.047305834,0.040247623,0.035783456,0.029533072,
1988-10-31,0.136752137,0.047926804,0.040364435,0.035581399,0.028884559,
1988-11-01,0.145299145,0.048862291,0.040743505,0.035608547,0.028418973,
1988-11-02,0.196581197,0.071586947,0.059108507,0.051216163,0.040165907,
1988-11-03,0.282051282,0.132205447,0.10810923,0.092868892,0.071530539,
1988-11-04,0.264957265,0.098539879,0.079815403,0.067972575,0.051391155,
1988-11-05,0.222222222,0.069107455,0.055452764,0.046816466,0.034724583,
1988-11-06,0.290598291,0.113695301,0.090391001,0.075651534,0.05501446,
1988-11-07,0.264957265,0.096870871,0.07631669,0.063316614,0.045114903,
1988-11-08,0.256410256,0.071535805,0.055853608,0.045934956,0.03204762,
1988-11-09,0.256410256,0.077694683,0.060128018,0.049017481,0.033461358,
1988-11-10,0.504273504,0.331849039,0.25458863,0.205723085,0.137305293,
1988-11-11,0.418803419,0.269946528,0.20532543,0.164453978,0.107228903,
1988-11-12,0.376068376,0.281174988,0.212060938,0.16834779,0.107143991,
1988-11-13,1.025641026,1.631254935,1.22004554,0.959964455,0.595818851,
1988-11-14,0.760683761,0.771727749,0.572451314,0.446413261,0.269944439,
1988-11-15,0.512820513,0.493847365,0.363359316,0.280828435,0.165275021,
1988-11-16,0.666666667,0.465370984,0.342407177,0.264635218,0.155744881,
1988-11-17,0.854700855,0.465370984,0.342407177,0.264635218,0.155744881,
1988-11-18,0.547008547,0.379508953,0.279232255,0.215809404,0.127009588,
1988-11-19,0.478632479,0.350888276,0.258173948,0.199534132,0.117431156,
1988-11-20,0.435897436,0.35074398,0.258067779,0.199452078,0.117382865,
1988-11-21,0.427350427,0.379515903,0.279237369,0.215813356,0.127011914,
1988-11-22,1.452991453,6.132271985,4.511957155,3.487142925,2.052276579,
1988-11-23,6.581196581,30.91763399,22.74834519,17.58144598,10.34714968,
1988-11-24,1.965811966,5.044686258,3.711741474,2.868682609,1.688296194,
1988-11-25,1.367521368,3.069859543,2.258718264,1.745688876,1.027384443,
1988-11-26,1.111111111,2.669170065,1.96390196,1.517835075,0.893286407,
1988-11-27,0.94017094,2.039522121,1.500624312,1.159783055,0.682563247,
1988-11-28,0.829059829,2.125239856,1.563693065,1.208526815,0.71125025,
1988-11-29,0.743589744,1.867798059,1.374274467,1.062131426,0.62509266,
1988-11-30,0.692307692,1.753315351,1.290041238,0.99703034,0.586778936,
1988-12-01,0.64957265,1.894096328,1.393624011,1.07708605,0.633893855,
1988-12-02,0.615384615,1.784216396,1.312777378,1.014602353,0.597120534,
1988-12-03,0.58974359,1.612499489,1.186432798,0.916954793,0.539652341,
1988-12-04,0.564102564,1.498020283,1.102202145,0.851855698,0.501339789,
1988-12-05,0.547008547,1.55526514,1.144321337,0.884408233,0.520497823,
1988-12-06,0.52991453,1.669607054,1.228450974,0.949429256,0.558764429,
1988-12-07,0.52991453,1.841478914,1.354909564,1.047164931,0.616284479,
1988-12-08,0.504273504,1.555279299,1.144331755,0.884416285,0.520502562,
1988-12-09,0.487179487,1.497893649,1.102108971,0.851783687,0.501297408,
1988-12-10,0.495726496,1.583903478,1.165392639,0.900693548,0.530082165,
1988-12-11,0.487179487,1.812872397,1.333861675,1.030897711,0.606710787,
1988-12-12,0.47008547,1.927358607,1.418097481,1.096000789,0.645025683,
1988-12-13,0.47008547,2.29943091,1.691858054,1.307581309,0.769546461,
1988-12-14,0.452991453,2.242052416,1.649640535,1.274952781,0.750343702,
1988-12-15,0.47008547,1.784265879,1.312813786,1.014630492,0.597137094,
1988-12-16,0.47008547,1.583924642,1.165408211,0.900705583,0.530089248,
1988-12-17,0.478632479,1.383439109,1.017896467,0.786698619,0.462993111,
1988-12-18,0.452991453,1.269104199,0.933771983,0.721681579,0.424728849,
1988-12-19,0.461538462,1.240483522,0.912713676,0.705406308,0.415150418,
1988-12-20,0.504273504,1.211870001,0.891660633,0.689135105,0.405574382,
1988-12-21,0.555555556,1.211873503,0.89166321,0.689137097,0.405575554,
1988-12-22,0.461538462,1.183112032,0.87050131,0.672781762,0.395950003,
1988-12-23,0.692307692,1.154639153,0.849551749,0.656590537,0.386421036,
1988-12-24,1.196581197,1.154639153,0.849551749,0.656590537,0.386421036,
1988-12-25,1.111111111,1.125877682,0.828389849,0.640235202,0.376795485,
1988-12-26,1.025641026,1.126029133,0.828501283,0.640321326,0.376846171,
1988-12-27,0.854700855,1.126032636,0.82850386,0.640323317,0.376847343,
1988-12-28,0.709401709,1.097411959,0.807445552,0.624048046,0.367268912,
1988-12-29,0.581196581,1.097415487,0.807448148,0.624050052,0.367270093,
1988-12-30,0.555555556,1.097274719,0.807344575,0.623970004,0.367222982,
1988-12-31,0.606837607,1.097422543,0.80745334,0.624054065,0.367272454,
1989-01-01,0.555555556,1.097445151,0.807469974,0.62406692,0.36728002,
1989-01-02,0.521367521,1.097304123,0.80736621,0.623986725,0.367232823,
1989-01-03,0.504273504,1.097451688,0.807474784,0.624070638,0.367282208,
1989-01-04,0.487179487,1.126075634,0.828535496,0.640347768,0.376861733,
1989-01-05,0.504273504,1.126075634,0.828535496,0.640347768,0.376861733,
1989-01-06,0.512820513,1.126078902,0.828537901,0.640349627,0.376862827,
1989-01-07,0.512820513,1.097320582,0.80737832,0.623996084,0.367238331,
1989-01-08,0.495726496,1.097468147,0.807486894,0.624079997,0.367287716,
1989-01-09,0.487179487,1.097468147,0.807486894,0.624079997,0.367287716,
1989-01-10,0.581196581,1.068706443,0.786324823,0.60772453,0.357662088,
1989-01-11,0.538461538,1.068854007,0.786433397,0.607808443,0.357711473,
1989-01-12,0.512820513,1.068854007,0.786433397,0.607808443,0.357711473,
1989-01-13,0.512820513,1.06886066,0.786438292,0.607812227,0.3577137,
1989-01-14,0.504273504,1.068863929,0.786440697,0.607814085,0.357714794,
1989-01-15,0.512820513,1.068722902,0.786336933,0.60773389,0.357667596,
1989-01-16,0.512820513,1.097487875,0.807501409,0.624091216,0.367294319,
1989-01-17,0.504273504,1.10032981,0.807289844,0.623927704,0.367198088,
1989-01-18,0.478632479,1.160564183,0.84906646,0.656215473,0.386200301,
1989-01-19,0.504273504,1.336755923,0.975199336,0.753699414,0.443572199,
1989-01-20,0.512820513,1.455857278,1.059087077,0.818533484,0.481728777,
1989-01-21,0.512820513,1.488578425,1.079838955,0.834571926,0.491167828,
1989-01-22,0.512820513,1.434253119,1.037505189,0.801853554,0.471912194,
1989-01-23,0.52991453,1.292064873,0.932027626,0.720333423,0.423935424,
1989-01-24,0.52991453,1.295497992,0.931888545,0.720225932,0.423872162,
1989-01-25,0.512820513,1.298784219,0.931643491,0.720036538,0.423760699,
1989-01-26,0.512820513,1.272565302,0.910292772,0.703535271,0.414049263,
1989-01-27,0.512820513,1.305357192,0.931153712,0.719658004,0.423537921,
1989-01-28,0.512820513,1.367661485,0.97289135,0.751915648,0.442522405,
1989-01-29,0.538461538,1.45984494,1.035592434,0.800375249,0.471042172,
1989-01-30,0.606837607,1.967668063,1.391980271,1.075815658,0.633146196,
1989-01-31,0.683760684,3.042752329,2.146592588,1.659030638,0.97638376,
1989-02-01,0.760683761,3.109892454,2.187927026,1.690976662,0.995184847,
1989-02-02,0.717948718,2.549915985,1.789041531,1.382691215,0.813750642,
1989-02-03,0.683760684,2.436273503,1.704630743,1.3174529,0.775356155,
1989-02-04,0.683760684,1.992041203,1.390000439,1.074285511,0.632245664,
1989-02-05,0.700854701,1.786246897,1.243005535,0.960677996,0.565384612,
1989-02-06,0.717948718,1.669942103,1.158912214,0.895685041,0.527134525,
1989-02-07,0.735042735,1.613540328,1.116732314,0.863085587,0.507948878,
1989-02-08,0.769230769,1.556692912,1.074471525,0.830423616,0.488726437,
1989-02-09,0.94017094,1.499855163,1.032444098,0.797942003,0.469610142,
1989-02-10,0.854700855,1.473036439,1.011249965,0.781561757,0.45996993,
1989-02-11,0.709401709,1.476468139,1.010879634,0.78127554,0.459801484,
1989-02-12,0.658119658,1.418965312,0.968902338,0.748832673,0.440707992,
1989-02-13,0.632478632,1.391705839,0.947743992,0.732480085,0.431084058,
1989-02-14,0.632478632,1.333527453,0.905698008,0.69998413,0.411959322,
1989-02-15,0.615384615,1.326791074,0.906428282,0.700285946,0.409046151,
1989-02-16,0.598290598,1.319901109,0.907053037,0.700506271,0.406085724,
1989-02-17,0.598290598,1.373916806,0.949780277,0.733229746,0.421824968,
1989-02-18,0.641025641,1.517596685,1.055362508,0.814434894,0.464956673,
1989-02-19,0.94017094,1.629583991,1.140029006,0.879444816,0.498202237,
1989-02-20,0.94017094,1.561615893,1.099052983,0.847519114,0.476391794,
1989-02-21,0.854700855,1.61283774,1.141962556,0.880280568,0.490941735,
1989-02-22,1.196581197,3.966267709,2.825345954,2.177105432,1.204643076,
1989-02-23,1.623931624,7.939420052,5.690082754,4.38293657,2.405968084,
1989-02-24,1.623931624,7.751174986,5.589197262,4.303630857,2.343585099,
1989-02-25,1.794871795,6.809298518,4.940243936,3.80253428,2.054067933,
1989-02-26,2.136752137,7.495394272,5.471630836,4.209988391,2.255760749,
1989-02-27,2.051282051,7.167468221,5.26473681,4.049303577,2.151974263,
1989-02-28,1.88034188,6.070996223,4.48716324,3.449969844,1.818403898,
1989-03-01,1.88034188,5.330777065,3.964751915,3.047189062,1.592817722,
1989-03-02,6.41025641,5.556147067,4.158393033,3.194839655,1.656075938,
1989-03-03,4.700854701,4.428761166,3.335594317,2.561752097,1.316755761,
1989-03-04,3.162393162,3.53711809,2.680974551,2.058245167,1.048996826,
1989-03-05,3.162393162,5.186376289,3.956147497,3.036110821,1.534175956,
1989-03-06,4.615384615,18.95844513,14.55424869,11.1654405,5.593517074,
1989-03-07,6.837606838,32.76771322,25.31776066,19.41567434,9.642368635,
1989-03-08,12.47863248,73.60224864,57.23687741,43.87775848,21.6007052,
1989-03-09,11.96581197,55.78151761,43.66109681,33.45835975,16.32638307,
1989-03-10,10,34.3748741,27.08188137,20.74581654,10.03336902,
1989-03-11,15.21367521,46.27313793,36.69561444,28.1000928,13.46863147,
1989-03-12,10.76923077,24.35851682,19.44454637,14.88447379,7.069955286,
1989-03-13,9.572649573,16.8573278,13.54602598,10.3654902,4.878742944,
1989-03-14,7.435897436,11.18544586,9.048305966,6.921300111,3.227806943,
1989-03-15,6.153846154,9.360180863,7.622611893,5.828635051,2.693114362,
1989-03-16,5.811965812,9.200478157,7.543111361,5.765758095,2.639235164,
1989-03-17,4.957264957,7.371695569,6.108475099,4.678346675,2.220068356,
1989-03-18,5.641025641,7.182422778,6.016067862,4.616624664,2.268046667,
1989-03-19,9.401709402,8.543804422,7.234717536,5.562681918,2.825586363,
1989-03-20,8.290598291,8.649122408,7.404985008,5.704744538,2.992532815,
1989-03-21,7.094017094,7.910074405,6.84808446,5.286023201,2.860393457,
1989-03-22,6.495726496,8.626521777,7.552947156,5.841480302,3.257318203,
1989-03-23,6.068376068,9.01061677,7.97966202,6.183524137,3.549674496,
1989-03-24,13.84615385,15.77869276,14.13541798,10.974984,6.479951543,
1989-03-25,19.48717949,14.60322787,13.23591398,10.29654316,6.247384182,
1989-03-26,13.24786325,9.023760717,8.276015458,6.450593332,4.018742685,
1989-03-27,10.34188034,7.488056432,6.950149863,5.427652084,3.469371049,
1989-03-28,12.13675214,16.5624099,15.55980503,12.17474995,7.978651034,
1989-03-29,10.42735043,15.30286296,14.55374255,11.40951712,7.660664136,
1989-03-30,8.717948718,11.82915693,11.39054846,8.946898374,6.15057624,
1989-03-31,8.205128205,16.82711398,16.40810788,12.9127958,9.0831469,
1989-04-01,7.35042735,15.40629238,15.21514118,11.99693495,8.629803221,
1989-04-02,7.008547009,12.34705369,12.35216211,9.758171958,7.174103062,
1989-04-03,6.752136752,13.09096781,13.26868641,10.50227089,7.887081538,
1989-04-04,6.153846154,13.12495525,13.48053939,10.69032718,8.19660714,
1989-04-05,5.982905983,16.14671857,16.80837749,13.35477595,10.44902329,
1989-04-06,5.811965812,20.47652623,21.60781547,17.20075107,13.72706557,
1989-04-07,5.47008547,22.41998828,23.98757062,19.13141991,15.56584275,
1989-04-08,5.213675214,24.0708604,26.11706681,20.8693242,17.30378225,
1989-04-09,4.871794872,24.11708178,26.5416241,21.24874045,17.9470391,
1989-04-10,4.358974359,23.38713908,26.11201596,20.9443304,18.01274918,
1989-04-11,3.931623932,22.47997416,25.46906304,20.46718425,17.91675059,
1989-04-12,3.58974359,19.73440795,22.69296301,18.2706529,16.27357459,
1989-04-13,3.247863248,18.70714006,21.83853267,17.61581456,15.95899407,
1989-04-14,2.991452991,19.94615491,23.6442895,19.10823807,17.60147923,
1989-04-15,2.820512821,20.52175897,24.70802093,20.00534878,18.7308563,
1989-04-16,2.820512821,19.02178985,22.84864105,18.80268894,17.87822128,
1989-04-17,2.905982906,18.9380737,22.69441718,18.98064517,18.31824848,
1989-04-18,2.735042735,19.37760255,23.16572703,19.69029159,19.27885786,
1989-04-19,2.564102564,19.29242283,23.0082477,19.87407578,19.7319833,
1989-04-20,2.478632479,19.55269616,23.26174678,20.41863849,20.54820228,
1989-04-21,2.905982906,19.80897822,23.50847486,20.96885901,21.37977649,
1989-04-22,2.735042735,12.08462162,14.30572059,12.96617099,13.38900402,
1989-04-23,2.64957265,8.134438761,9.605189799,8.845987501,9.247537343,
1989-04-24,2.564102564,6.551859135,7.716702058,7.221012425,7.639481292,
1989-04-25,2.564102564,5.657044155,6.645573897,6.318491087,6.762622111,
1989-04-26,2.478632479,4.705317336,5.51307963,5.325729643,5.764657669,
1989-04-27,2.478632479,4.481613733,5.237073066,5.140055193,5.62493981,
1989-04-28,2.64957265,5.279788357,6.153267284,6.135789466,6.786489975,
1989-04-29,2.820512821,6.019702518,6.996571701,7.088063178,7.921393262,
1989-04-30,2.820512821,6.635846458,7.691539206,7.916371138,8.936741742,
1989-05-01,2.64957265,8.606849114,9.948399084,10.4023277,11.85898328,
1989-05-02,2.393162393,11.54819007,13.31067711,14.13958407,16.27447201,
1989-05-03,2.222222222,14.03731891,16.13364373,17.41099831,20.22745307,
1989-05-04,2.136752137,17.3614259,19.89666665,21.81336608,25.57322873,
1989-05-05,2.051282051,19.71104165,22.52347605,25.08569957,29.671294,
1989-05-06,1.965811966,19.13414623,21.79966423,24.66534404,29.42731511,
1989-05-07,1.88034188,19.84152886,22.53794836,25.90581813,31.16903215,
1989-05-08,1.794871795,19.58612588,22.18041436,25.89989391,31.41949884,
1989-05-09,1.794871795,16.1642403,18.24909309,21.64789646,26.4733045,
1989-05-10,1.794871795,13.10596877,14.75036145,17.77561776,21.90923944,
1989-05-11,1.709401709,10.17114954,11.41125587,13.9702925,17.35162273,
1989-05-12,1.709401709,10.70237678,11.96893417,14.88609531,18.62824725,
1989-05-13,1.794871795,10.15298253,11.31780802,14.30029517,18.0268574,
1989-05-14,1.623931624,9.375257666,10.41661386,13.37123641,16.97696796,
1989-05-15,1.623931624,9.482673529,10.5009759,13.69439374,17.50963163,
1989-05-16,1.538461538,11.36143455,12.53914684,16.61330259,21.38800012,
1989-05-17,1.452991453,12.97685358,14.40796748,19.32792714,25.02243578,
1989-05-18,1.452991453,12.11493495,13.53323554,18.38143581,23.92824533,
1989-05-19,1.367521368,9.885800484,11.111938,15.28142684,20.00048959,
1989-05-20,1.367521368,10.25658613,11.60192045,16.15480713,21.25607637,
1989-05-21,1.367521368,9.794365146,11.15079037,15.72089446,20.79330707,
1989-05-22,1.282051282,9.824242898,11.25863155,16.07160469,21.36643059,
1989-05-23,1.452991453,8.22528612,9.489672379,13.71606821,18.32699347,
1989-05-24,1.367521368,5.46543415,6.348876211,9.291444283,12.47662364,
1989-05-25,1.282051282,4.710038968,5.509710991,8.164446131,11.01684336,
1989-05-26,1.282051282,5.887927329,6.936828255,10.40817074,14.11193924,
1989-05-27,1.196581197,6.812766607,8.085004346,12.28326218,16.73300615,
1989-05-28,1.196581197,6.574072272,7.859874759,12.09132674,16.54813765,
1989-05-29,1.196581197,4.870678959,5.867639372,9.140120313,12.56636794,
1989-05-30,1.196581197,4.241864015,5.149843783,8.12303741,11.21831331,
1989-05-31,1.196581197,4.841892802,5.925007942,9.463578802,13.12759255,
1989-06-01,1.111111111,5.553105302,6.850490923,11.07992539,15.43679562,
1989-06-02,1.111111111,6.096767578,7.583604057,12.42071263,17.37913813,
1989-06-03,1.196581197,7.628250115,9.569122934,15.87107025,22.30081821,
1989-06-04,1.367521368,6.756707499,8.549434845,14.35961002,20.26106259,
1989-06-05,1.282051282,6.522509738,8.32643386,14.16262736,20.06509238,
1989-06-06,1.196581197,5.677339858,7.313434039,12.59779523,17.92020782,
1989-06-07,1.282051282,6.480942084,8.4263651,14.69979183,20.99349998,
1989-06-08,1.196581197,5.657164937,7.425466193,13.11904224,18.8094266,
1989-06-09,1.111111111,5.345011538,7.084302655,12.67632172,18.24490488,
1989-06-10,1.111111111,4.670732386,6.252616536,11.33147395,16.37138403,
1989-06-11,1.025641026,4.223546396,5.712041783,10.4846914,15.20482887,
1989-06-12,1.025641026,3.901340733,5.331858763,9.912752651,14.42858754,
1989-06-13,0.94017094,3.447320841,4.762282114,8.96797295,13.10101007,
1989-06-14,0.94017094,2.968370977,4.146132657,7.908581259,11.59492064,
1989-06-15,0.94017094,2.83438832,4.004092821,7.736578316,11.38295649,
1989-06-16,0.94017094,2.477610034,3.487396209,6.895756909,10.18446966,
1989-06-17,0.94017094,2.012882802,2.82273302,5.712758292,8.468730619,
1989-06-18,0.854700855,1.671080584,2.334476488,4.836417222,7.195797956,
1989-06-19,0.854700855,1.420532832,1.976697993,4.192750255,6.260437636,
1989-06-20,0.846153846,1.201815061,1.665627888,3.617685383,5.420704616,
1989-06-21,0.820512821,0.947570325,1.307842893,2.909215451,4.374110747,
1989-06-22,0.794871795,0.873646253,1.200698686,2.735892154,4.127360518,
1989-06-23,0.786324786,0.807375156,1.10478179,2.579093739,3.903656291,
1989-06-24,0.752136752,0.718714525,0.979053584,2.342113247,3.556441382,
1989-06-25,0.769230769,0.633201148,0.858587399,2.105164896,3.206788474,
1989-06-26,0.752136752,0.582550013,0.786158642,1.976085709,3.019536502,
1989-06-27,0.743589744,0.58479592,0.785333682,2.024147691,3.102427498,
1989-06-28,0.726495726,0.502580388,0.671528272,1.775202508,2.729025686,
1989-06-29,0.752136752,0.396643623,0.527231211,1.429843916,2.204573874,
1989-06-30,0.769230769,0.379529141,0.50178477,1.396440697,2.159292695,
1989-07-01,0.760683761,0.320730903,0.42170753,1.204628168,1.867980568,
1989-07-02,0.735042735,0.25316854,0.33097973,0.970743882,1.509497041,
1989-07-03,0.717948718,0.202963635,0.263785002,0.794595459,1.238969117,
1989-07-04,0.700854701,0.160949629,0.207910813,0.643433021,1.00596681,
1989-07-05,0.683760684,0.119938373,0.153961152,0.489679701,0.767605308,
1989-07-06,0.675213675,0.080781662,0.10302383,0.336872007,0.529439748,
1989-07-07,0.658119658,0.078448367,0.099376052,0.334190793,0.526565682,
1989-07-08,0.64957265,0.074835809,0.094140361,0.325717741,0.51450208,
1989-07-09,0.632478632,0.071375042,0.089139717,0.317442812,0.502667195,
1989-07-10,0.641025641,0.055395511,0.068665979,0.251796413,0.399683343,
1989-07-11,0.632478632,0.032693558,0.040211328,0.151902424,0.241693664,
1989-07-12,0.632478632,0.025859503,0.031549713,0.122835841,0.195903741,
1989-07-13,0.623931624,0.025013271,0.030261939,0.121494308,0.194211105,
1989-07-14,0.606837607,0.023829947,0.028579457,0.118377875,0.189658804,
1989-07-15,0.598290598,0.022697063,0.026974265,0.115335809,0.185197535,
1989-07-16,0.598290598,0.02161259,0.02544312,0.112366562,0.18082618,
1989-07-17,0.58974359,0.022247822,0.025834593,0.107226592,0.171329727,
1989-07-18,0.58974359,0.02281914,0.026173932,0.102301805,0.162258992,
1989-07-19,0.581196581,0.023330021,0.026464106,0.09758365,0.153596352,
1989-07-20,0.564102564,0.023783782,0.026707947,0.093063906,0.14532488,
1989-07-21,0.547008547,0.024183592,0.026908153,0.088734667,0.137428315,
1989-07-22,0.52991453,0.024532471,0.027067299,0.084588329,0.129891042,
1989-07-23,0.52991453,0.024833302,0.027187836,0.080617584,0.122698064,
1989-07-24,0.521367521,0.025088835,0.027272102,0.076815404,0.115834977,
1989-07-25,0.504273504,0.025301689,0.02732232,0.073175033,0.109287952,
1989-07-26,0.504273504,0.025474365,0.027340611,0.069689974,0.103043707,
1989-07-27,0.47008547,0.025609244,0.027328991,0.066353984,0.097089491,
1989-07-28,0.461538462,0.025708595,0.027289383,0.063161059,0.09141306,
1989-07-29,0.461538462,0.025774581,0.027223612,0.060105429,0.086002662,
1989-07-30,0.452991453,0.02580926,0.027133417,0.057181547,0.080847011,
1989-07-31,0.452991453,0.02661576,0.027859041,0.056071916,0.078291959,
1989-08-01,0.452991453,0.027507321,0.028673883,0.055145837,0.075994756,
1989-08-02,0.452991453,0.028376357,0.029465149,0.054172305,0.073631297,
1989-08-03,0.444444444,0.029245394,0.030256414,0.053198774,0.071267838,
1989-08-04,0.435897436,0.03011443,0.03104768,0.052225243,0.068904378,
1989-08-05,0.427350427,0.030983467,0.031838946,0.051251712,0.066540919,
1989-08-06,0.418803419,0.031852503,0.032630211,0.05027818,0.06417746,
1989-08-07,0.495726496,0.138144688,0.141099702,0.208155712,0.260968034,
1989-08-08,0.572649573,0.174611075,0.177845231,0.251235597,0.309036765,
1989-08-09,0.538461538,0.160250937,0.162782594,0.220231658,0.265477693,
1989-08-10,0.47008547,0.146056521,0.147985653,0.191762039,0.226239674,
1989-08-11,0.444444444,0.118066743,0.119335076,0.14811645,0.170784234,
1989-08-12,0.427350427,0.100909296,0.101756179,0.120973893,0.13610948,
1989-08-13,0.418803419,0.087190315,0.087726553,0.099895008,0.109478704,
1989-08-14,0.401709402,0.070491674,0.070774226,0.077185985,0.082235791,
1989-08-15,0.393162393,0.047142381,0.047234792,0.04933181,0.05098339,
1989-08-16,0.384615385,0.047880876,0.047880876,0.047880876,0.047880876,
1989-08-17,0.393162393,0.046328402,0.046328402,0.046328402,0.046328402,
1989-08-18,0.393162393,0.044826265,0.044826265,0.044826265,0.044826265,
1989-08-19,0.393162393,0.043372833,0.043372833,0.043372833,0.043372833,
1989-08-20,0.393162393,0.041966527,0.041966527,0.041966527,0.041966527,
1989-08-21,0.393162393,0.040605818,0.040605818,0.040605818,0.040605818,
1989-08-22,0.384615385,0.040542867,0.040542867,0.040542867,0.040542867,
1989-08-23,0.393162393,0.058040166,0.058040166,0.058040166,0.058040166,
1989-08-24,0.393162393,0.056459353,0.056459353,0.056459353,0.056459353,
1989-08-25,0.384615385,0.054628734,0.054628734,0.054628734,0.054628734,
1989-08-26,0.367521368,0.05285747,0.05285747,0.05285747,0.05285747,
1989-08-27,0.367521368,0.051143637,0.051143637,0.051143637,0.051143637,
1989-08-28,0.358974359,0.049485373,0.049485373,0.049485373,0.049485373,
1989-08-29,0.341880342,0.047880876,0.047880876,0.047880876,0.047880876,
1989-08-30,0.341880342,0.046328402,0.046328402,0.046328402,0.046328402,
1989-08-31,0.35042735,0.044826265,0.044826265,0.044826265,0.044826265,
1989-09-01,0.341880342,0.043372833,0.043372833,0.043372833,0.043372833,
1989-09-02,0.333333333,0.041966527,0.041966527,0.041966527,0.041966527,
1989-09-03,0.324786325,0.040605818,0.040605818,0.040605818,0.040605818,
1989-09-04,0.316239316,0.040542867,0.040542867,0.040542867,0.040542867,
1989-09-05,0.316239316,0.040542867,0.040542867,0.040542867,0.040542867,
1989-09-06,0.316239316,0.040542867,0.040542867,0.040542867,0.040542867,
1989-09-07,0.316239316,0.040542867,0.040542867,0.040542867,0.040542867,
1989-09-08,0.316239316,0.040542867,0.040542867,0.040542867,0.040542867,
1989-09-09,0.307692308,0.040542867,0.040542867,0.040542867,0.040542867,
1989-09-10,0.307692308,0.040542867,0.040542867,0.040542867,0.040542867,
1989-09-11,0.307692308,0.040542867,0.040542867,0.040542867,0.040542867,
1989-09-12,0.299145299,0.040542867,0.040542867,0.040542867,0.040542867,
1989-09-13,0.290598291,0.040542867,0.040542867,0.040542867,0.040542867,
1989-09-14,0.290598291,0.040542867,0.040542867,0.040542867,0.040542867,
1989-09-15,0.282051282,0.040542867,0.040542867,0.040542867,0.040542867,
1989-09-16,0.427350427,0.040542867,0.040542867,0.040542867,0.040542867,
1989-09-17,1.367521368,0.464943035,0.464943035,0.464943035,0.464943035,
1989-09-18,1.452991453,0.561376337,0.561376337,0.561376337,0.561376337,
1989-09-19,1.025641026,0.522796046,0.522796046,0.522796046,0.522796046,
1989-09-20,0.658119658,0.368347027,0.368347027,0.368347027,0.368347027,
1989-09-21,0.581196581,0.360105761,0.360105761,0.360105761,0.360105761,
1989-09-22,0.521367521,0.358266156,0.358266156,0.358266156,0.358266156,
1989-09-23,0.47008547,0.34538514,0.34538514,0.34538514,0.34538514,
1989-09-24,0.452991453,0.288375168,0.288375168,0.288375168,0.288375168,
1989-09-25,0.452991453,0.214269386,0.214269386,0.214269386,0.214269386,
1989-09-26,0.427350427,0.14455186,0.14455186,0.14455186,0.14455186,
1989-09-27,0.418803419,0.089515715,0.089515715,0.089515715,0.089515715,
1989-09-28,0.435897436,0.044949371,0.044949371,0.044949371,0.044949371,
1989-09-29,0.641025641,0.055129076,0.055129076,0.055129076,0.055129076,
1989-09-30,0.538461538,0.04740658,0.04740658,0.04740658,0.04740658,
1989-10-01,0.487179487,0.04184863,0.04184863,0.04184863,0.04184863,
1989-10-02,0.461538462,0.088114971,0.088114971,0.088114971,0.088114971,
1989-10-03,0.47008547,0.043148392,0.043148392,0.043148392,0.043148392,
1989-10-04,0.444444444,0.041966527,0.041966527,0.041966527,0.041966527,
1989-10-05,0.435897436,0.040605818,0.040605818,0.040605818,0.040605818,
1989-10-06,0.418803419,0.040542867,0.040542867,0.040542867,0.040542867,
1989-10-07,0.418803419,0.040542867,0.040542867,0.040542867,0.040542867,
1989-10-08,0.401709402,0.040542867,0.040542867,0.040542867,0.040542867,
1989-10-09,0.401709402,0.040542867,0.040542867,0.040542867,0.040542867,
1989-10-10,0.393162393,0.040542867,0.040542867,0.040542867,0.040542867,
1989-10-11,0.384615385,0.040542867,0.040542867,0.040542867,0.040542867,
1989-10-12,0.384615385,0.040542867,0.040542867,0.040542867,0.040542867,
1989-10-13,0.384615385,0.041433208,0.041433208,0.041433208,0.041433208,
1989-10-14,0.384615385,0.041329375,0.041329375,0.041329375,0.041329375,
1989-10-15,0.384615385,0.042078288,0.042078288,0.042078288,0.042078288,
1989-10-16,0.393162393,0.041966527,0.041966527,0.041966527,0.041966527,
1989-10-17,0.384615385,0.041237459,0.040709095,0.040419412,0.039952314,
1989-10-18,0.367521368,0.04180419,0.040749101,0.040170633,0.039237885,
1989-10-19,0.358974359,0.042434852,0.040852218,0.039984516,0.038585394,
1989-10-20,0.35042735,0.081065251,0.077093113,0.074915331,0.071403776,
1989-10-21,0.47008547,0.4170752,0.39189842,0.378094889,0.355837443,
1989-10-22,0.769230769,1.731714479,1.608057098,1.540260163,1.430941283,
1989-10-23,2.307692308,7.15117376,6.563775737,6.241726335,5.722439145,
1989-10-24,3.076923077,3.973500901,3.605651133,3.403972214,3.078775899,
1989-10-25,2.051282051,2.157516412,1.935882099,1.814367903,1.618432856,
1989-10-26,1.367521368,1.45066804,1.28731678,1.197757106,1.05334699,
1989-10-27,1.111111111,1.464592083,1.285590618,1.187450495,1.02920487,
1989-10-28,0.94017094,1.323662376,1.14949168,1.054000095,0.900025095,
1989-10-29,0.854700855,1.06247678,0.912982889,0.831020716,0.698861158,
1989-10-30,0.786324786,1.005545195,0.855124696,0.772654498,0.639675777,
1989-10-31,0.735042735,1.089927714,0.91744167,0.82287372,0.67038803,
1989-11-01,0.709401709,1.096827106,0.913983462,0.813736808,0.652094517,
1989-11-02,0.683760684,1.208128562,0.996775828,0.880898657,0.694053004,
1989-11-03,0.658119658,1.173562197,0.958821563,0.841086926,0.651246212,
1989-11-04,0.641025641,1.362897972,1.102818231,0.960225778,0.730303183,
1989-11-05,0.632478632,1.73363043,1.389524092,1.20086285,0.896656833,
1989-11-06,0.615384615,1.39548566,1.108058012,0.950471677,0.696372259,
1989-11-07,0.615384615,1.023277143,0.805035689,0.685381677,0.492446075,
1989-11-08,0.58974359,0.851636892,0.663921729,0.561004195,0.395055255,
1989-11-09,0.58974359,0.808360537,0.62454333,0.523762906,0.36125994,
1989-11-10,0.572649573,0.978394808,0.749238164,0.623599743,0.421014605,
1989-11-11,0.547008547,1.314712692,0.998014578,0.824380289,0.544404417,
1989-11-12,0.547008547,1.356682923,1.021022881,0.836992442,0.540253343,
1989-11-13,0.52991453,1.177394344,0.878576955,0.71474603,0.45057755,
1989-11-14,0.52991453,0.994180683,0.735652096,0.593910085,0.365358782,
1989-11-15,0.52991453,0.834938328,0.612714727,0.490877447,0.294421442,
1989-11-16,0.52991453,0.749985394,0.550372501,0.440931866,0.26446478,
1989-11-17,0.512820513,0.721899577,0.529761885,0.424419636,0.254560974,
1989-11-18,0.504273504,0.721899966,0.529762171,0.424419865,0.254561112,
1989-11-19,0.487179487,0.693578576,0.50897868,0.407769136,0.244574237,
1989-11-20,0.487179487,0.665171142,0.488132047,0.39106782,0.234557021,
1989-11-21,0.487179487,0.580296178,0.425847039,0.34116808,0.204627853,
1989-11-22,0.478632479,0.580282292,0.425836848,0.341159916,0.204622956,
1989-11-23,0.47008547,0.551981379,0.405068385,0.324521227,0.194643303,
1989-11-24,0.820512821,0.976708837,0.716752206,0.57422725,0.344413491,
1989-11-25,2.820512821,1.967740156,1.444014885,1.156874983,0.693877469,
1989-11-26,3.760683761,1.996064196,1.46480032,1.17352727,0.703865278,
1989-11-27,1.709401709,1.57131665,1.153101757,0.923809436,0.554088006,
1989-11-28,1.282051282,1.543009146,1.132328457,0.907166871,0.544106028,
1989-11-29,1.111111111,1.51467931,1.111538768,0.890511176,0.534116175,
1989-11-30,1.025641026,1.401431294,1.028432358,0.823930334,0.494181915,
1989-12-01,0.94017094,1.257878859,0.923087223,0.7395329,0.443561512,
1989-12-02,0.854700855,1.22954555,0.902294986,0.722875164,0.433570435,
1989-12-03,0.829059829,1.201244258,0.881526244,0.706236251,0.423590647,
1989-12-04,0.803418803,1.286176723,0.943853448,0.756169797,0.453540091,
1989-12-05,0.794871795,1.597655437,1.172430326,0.939294551,0.563375763,
1989-12-06,0.786324786,1.71090348,1.255536755,1.005875409,0.603310032,
1989-12-07,0.743589744,1.342815259,0.985417315,0.78946876,0.473512344,
1989-12-08,0.726495726,1.201233917,0.881518655,0.706230171,0.423587,
1989-12-09,0.717948718,1.059638308,0.777609525,0.622983195,0.373656626,
1989-12-10,0.692307692,1.08796817,0.798399233,0.639638905,0.383646488,
1989-12-11,0.675213675,1.116266016,0.819165446,0.656275791,0.39362506,
1989-12-12,0.666666667,1.144595878,0.839955153,0.672931501,0.403614923,
1989-12-13,0.64957265,1.144581611,0.839944684,0.672923113,0.403609892,
1989-12-14,0.641025641,1.08795782,0.798391638,0.63963282,0.383642838,
1989-12-15,0.641025641,1.031326675,0.756833195,0.606338202,0.363673192,
1989-12-16,0.615384615,1.00299683,0.7360435,0.589682503,0.353683336,
1989-12-17,0.606837607,0.974692073,0.715272216,0.573041553,0.343702326,
1989-12-18,0.598290598,0.946358773,0.694479985,0.556383822,0.333711252,
1989-12-19,0.58974359,0.889741929,0.652932037,0.523097613,0.313746648,
1989-12-20,0.581196581,0.833093043,0.611360575,0.489792566,0.293770745,
1989-12-21,0.572649573,0.833107353,0.611371077,0.489800979,0.293775791,
1989-12-22,0.572649573,0.802133027,0.588640744,0.471590534,0.282853421,
1989-12-23,0.555555556,0.802133027,0.588640744,0.471590534,0.282853421,
1989-12-24,0.547008547,0.802136517,0.588643306,0.471592587,0.282854652,
1989-12-25,0.572649573,0.802122242,0.58863283,0.471584194,0.282849618,
1989-12-26,0.555555556,0.802136517,0.588643306,0.471592587,0.282854652,
1989-12-27,0.547008547,0.77382094,0.567864081,0.454945275,0.272869827,
1989-12-28,0.547008547,0.745508853,0.547087418,0.438300016,0.262886233,
1989-12-29,0.547008547,0.718620853,0.527355812,0.422492007,0.253404809,
1989-12-30,0.547008547,0.717193276,0.526308193,0.421652705,0.252901408,
1989-12-31,0.547008547,0.688877699,0.505528968,0.405005393,0.242916583,
1990-01-01,0.547008547,0.717220028,0.526327825,0.421668433,0.252910841,
1990-01-02,0.564102564,0.688918727,0.505559076,0.405029514,0.24293105,
1990-01-03,0.581196581,0.68892196,0.505561449,0.405031416,0.24293219,
1990-01-04,0.606837607,0.68892196,0.505561449,0.405031416,0.24293219,
1990-01-05,0.598290598,0.717237538,0.526340674,0.421678727,0.252917015,
1990-01-06,0.555555556,0.717237538,0.526340674,0.421678727,0.252917015,
1990-01-07,1.025641026,1.708282744,1.253613543,1.004334624,0.602385891,
1990-01-08,1.709401709,17.96141308,13.18088049,10.55988484,6.333671552,
1990-01-09,1.196581197,8.305815491,6.095175301,4.883160068,2.928851258,
1990-01-10,0.94017094,4.568159286,3.352317624,2.685714971,1.610854357,
1990-01-11,0.854700855,3.153804796,2.314401652,1.854186823,1.112115379,
1990-01-12,0.854700855,3.66205761,2.68738008,2.152999126,1.291338828,
1990-01-13,1.709401709,4.766368359,3.497772221,2.802246169,1.680748143,
1990-01-14,1.623931624,3.322273916,2.438031755,1.953233291,1.171522068,
1990-01-15,1.367521368,2.784263672,2.043216007,1.636925982,0.981805359,
1990-01-16,1.282051282,2.586068906,1.897771909,1.520403196,0.911916618,
1990-01-17,1.196581197,2.308876667,1.689536623,1.353575142,0.811855479,
1990-01-18,1.111111111,2.087145635,1.522949317,1.220113438,0.731807012,
1990-01-19,1.025641026,1.885681084,1.372048978,1.099219374,0.65929644,
1990-01-20,0.94017094,1.890526527,1.371689004,1.098930981,0.659123465,
1990-01-21,0.854700855,1.838007567,1.329825055,1.065391606,0.639007017,
1990-01-22,0.854700855,1.842706361,1.329475976,1.065111941,0.638839277,
1990-01-23,0.803418803,1.789747451,1.287644711,1.031598752,0.618738534,
1990-01-24,0.786324786,1.707593065,1.22509959,0.981490622,0.588684377,
1990-01-25,0.777777778,1.682949733,1.204047549,0.964624744,0.578568459,
1990-01-26,0.769230769,1.687208577,1.203731155,0.964371264,0.578416425,
1990-01-27,0.794871795,1.545856665,1.099818243,0.881121257,0.528484233,
1990-01-28,0.769230769,1.462162455,1.037387517,0.831104775,0.498485045,
1990-01-29,0.743589744,1.407297098,0.995697884,0.797705055,0.478452359,
1990-01-30,0.854700855,1.528191198,1.078247809,0.863840067,0.518119216,
1990-01-31,0.846153846,1.532010092,1.077964099,0.863612773,0.517982888,
1990-02-01,0.854700855,1.476681319,1.036176886,0.830134876,0.497903313,
1990-02-02,0.829059829,1.362104737,0.953157626,0.763623854,0.45801093,
1990-02-03,0.803418803,1.335847834,0.932225459,0.746854014,0.447952614,
1990-02-04,0.803418803,1.339153031,0.931979912,0.746657293,0.447834624,
1990-02-05,0.803418803,1.312676153,0.911064088,0.729900545,0.43778416,
1990-02-06,0.811965812,1.315908025,0.910823989,0.729708189,0.437668788,
1990-02-07,0.777777778,1.319139898,0.910583889,0.729515833,0.437553415,
1990-02-08,0.769230769,1.352373821,0.930997724,0.745870412,0.447362663,
1990-02-09,0.760683761,1.205302142,0.827509741,0.662960837,0.397634658,
1990-02-10,0.743589744,1.328835515,0.90986359,0.728938764,0.437207298,
1990-02-11,0.760683761,1.573843589,1.074724231,0.861017147,0.516426068,
1990-02-12,0.777777778,1.759434162,1.198233424,0.959966747,0.575774657,
1990-02-13,0.794871795,1.672586558,1.136036967,0.91013795,0.54588804,
1990-02-14,0.777777778,1.493973005,1.012009444,0.810773089,0.486290383,
1990-02-15,0.752136752,1.486423776,1.012824031,0.811121539,0.482850784,
1990-02-16,0.726495726,1.478874547,1.013638619,0.811469989,0.479411185,
1990-02-17,0.769230769,1.471325318,1.014453206,0.811818439,0.475971586,
1990-02-18,0.854700855,1.463776088,1.015267794,0.812166889,0.472531988,
1990-02-19,0.854700855,1.456226859,1.016082381,0.812515339,0.469092389,
1990-02-20,0.811965812,1.419158593,0.996176127,0.796300438,0.456164397,
1990-02-21,0.854700855,1.382397982,0.976236677,0.780071337,0.44337658,
1990-02-22,0.854700855,1.375156407,0.977018067,0.780405587,0.440077155,
1990-02-23,0.94017094,1.658490386,1.185505824,0.946586353,0.529559042,
1990-02-24,0.94017094,1.852036638,1.331963845,1.063133869,0.590015053,
1990-02-25,0.94017094,2.215928716,1.603477246,1.2793739,0.704317587,
1990-02-26,0.94017094,2.833185953,2.062806096,1.645252107,0.898408682,
1990-02-27,1.111111111,3.92719299,2.877094798,2.293864617,1.242378248,
1990-02-28,1.196581197,4.330279437,3.192191085,2.544147277,1.366616327,
1990-03-01,1.282051282,4.45045834,3.301347909,2.63017482,1.401136946,
1990-03-02,1.538461538,4.089918644,3.053005092,2.431425677,1.284462613,
1990-03-03,4.358974359,5.709298261,4.28878967,3.414354121,1.788570166,
1990-03-04,3.418803419,4.65645428,3.520136581,2.80139189,1.455057796,
1990-03-05,2.64957265,3.529871014,2.685519488,2.136404057,1.100196544,
1990-03-06,2.393162393,3.374755129,2.583987073,2.054879453,1.049119158,
1990-03-07,2.222222222,4.06197172,3.130235517,2.488365369,1.259432228,
1990-03-08,2.307692308,4.120402489,3.19584285,2.539591491,1.274139008,
1990-03-09,2.307692308,3.963759876,3.094372069,2.458060044,1.222383093,
1990-03-10,2.393162393,3.939829177,3.095821661,2.458315329,1.211667397,
1990-03-11,2.222222222,3.57150225,2.824859867,2.242334791,1.095332139,
1990-03-12,1.965811966,2.942882267,2.34304465,1.859200361,0.899992988,
1990-03-13,1.88034188,2.662816733,2.134150674,1.692828584,0.812009151,
1990-03-14,1.709401709,2.596354551,2.094780505,1.660997182,0.78943927,
1990-03-15,1.709401709,2.683757649,2.179833497,1.727811464,0.813606417,
1990-03-16,1.709401709,3.055476169,2.498500179,1.979681214,0.923521793,
1990-03-17,1.88034188,3.969166638,3.280344215,2.604281616,1.259427923,
1990-03-18,2.136752137,6.401433743,5.347715094,4.253907756,2.129662494,
1990-03-19,2.393162393,8.180692229,6.908828895,5.506481139,2.850230969,
1990-03-20,2.735042735,9.078485306,7.751839664,6.190461846,3.308991762,
1990-03-21,2.991452991,9.514289933,8.214849502,6.573021841,3.624282093,
1990-03-22,3.162393162,10.03549267,8.762940548,7.025240096,3.991633621,
1990-03-23,3.247863248,10.46828158,9.2455317,7.426559984,4.343961682,
1990-03-24,3.333333333,11.3380133,10.12972188,8.152606401,4.90461787,
1990-03-25,3.504273504,12.16237077,10.99367736,8.865102405,5.480594569,
1990-03-26,3.333333333,11.44009289,10.46357411,8.453981767,5.366442585,
1990-03-27,3.162393162,10.36864212,9.597568133,7.769294978,5.060035677,
1990-03-28,2.991452991,9.65738171,9.047990561,7.338552019,4.900186208,
1990-03-29,2.820512821,8.316400637,7.887652714,6.409771265,4.385054065,
1990-03-30,2.735042735,8.213471115,7.887268552,6.421797078,4.498155414,
1990-03-31,2.564102564,9.018190486,8.769532164,7.153857167,5.127350201,
1990-04-01,2.564102564,10.29693405,10.14129664,8.288766604,6.075191302,
1990-04-02,2.478632479,11.34634388,11.31991867,9.269813913,6.944053736,
1990-04-03,2.478632479,11.67498041,11.80104733,9.682293667,7.408978616,
1990-04-04,2.564102564,12.03310413,12.32526685,10.13170947,7.915483615,
1990-04-05,2.478632479,11.63569223,12.07937561,9.948515809,7.931478297,
1990-04-06,2.393162393,12.53599466,13.19247236,10.88594489,8.852354992,
1990-04-07,2.307692308,10.96320353,11.6977899,9.670938187,8.01793489,
1990-04-08,2.222222222,8.455747213,9.149628631,7.578649754,6.403235676,
1990-04-09,2.051282051,7.856124856,8.622509078,7.155571742,6.158654713,
1990-04-10,1.965811966,10.21595568,11.37547008,9.458038527,8.289031084,
1990-04-11,1.88034188,12.00182083,13.56115024,11.29660751,10.07734132,
1990-04-12,1.794871795,12.07837212,13.85203639,11.56068765,10.49342515,
1990-04-13,1.709401709,13.64636863,15.88831709,13.28511205,12.26537819,
1990-04-14,1.623931624,13.98736147,16.53693524,13.85346403,13.00493997,
1990-04-15,1.538461538,13.40252133,16.09423167,13.50791734,12.88932321,
1990-04-16,1.623931624,11.73893286,14.06380103,11.99608641,11.62367883,
1990-04-17,1.623931624,8.669372959,10.36192732,8.982131452,8.833350993,
1990-04-18,1.538461538,8.422763964,10.04325406,8.847071567,8.826303791,
1990-04-19,1.452991453,9.845386726,11.71136608,10.48344601,10.60518947,
1990-04-20,1.367521368,8.824606868,10.47159611,9.525042767,9.766253492,
1990-04-21,1.367521368,11.18382466,13.23848134,12.23592555,12.71058127,
1990-04-22,1.367521368,8.014773489,9.463607306,8.887670804,9.350040338,
1990-04-23,2.051282051,15.85287365,18.67145683,17.8168507,18.97539491,
1990-04-24,1.794871795,10.35688067,12.16720432,11.79654486,12.71434455,
1990-04-25,1.538461538,8.754844632,10.25861017,10.10542378,11.01856114,
1990-04-26,1.367521368,9.217243531,10.77223417,10.78115663,11.88845528,
1990-04-27,1.282051282,10.01724048,11.67625565,11.87269188,13.23621113,
1990-04-28,1.282051282,11.35167107,13.19629264,13.63254423,15.36088829,
1990-04-29,1.196581197,7.905880566,9.165678896,9.619737164,10.95225458,
1990-04-30,1.196581197,4.83441036,5.589403772,5.95981424,6.85417348,
1990-05-01,1.111111111,4.364287367,5.031853005,5.450794423,6.330677856,
1990-05-02,1.025641026,4.95676508,5.698890897,6.271676131,7.354153083,
1990-05-03,1.025641026,6.330728215,7.257842585,8.114465396,9.604229107,
1990-05-04,0.94017094,7.386197182,8.443466965,9.590268893,11.4547593,
1990-05-05,0.94017094,6.889131787,7.852253203,9.06068963,10.91872517,
1990-05-06,0.94017094,6.316570468,7.178349111,8.414895906,10.22872536,
1990-05-07,0.94017094,5.339752296,6.050078055,7.205156997,8.83259649,
1990-05-08,0.854700855,4.842701292,5.470248502,6.618350542,8.180508026,
1990-05-09,0.854700855,3.928386986,4.423801899,5.437526899,6.775385891,
1990-05-10,0.854700855,4.437006132,4.980989643,6.219967011,7.811642105,
1990-05-11,0.854700855,3.704237021,4.145246721,5.25888945,6.655678155,
1990-05-12,0.854700855,3.009437739,3.356946459,4.326778576,5.517369133,
1990-05-13,0.846153846,2.749478984,3.057017559,4.003142434,5.142391944,
1990-05-14,0.829059829,2.446444565,2.711140533,3.606991522,4.666982114,
1990-05-15,0.803418803,2.145611691,2.369829682,3.203378206,4.174058973,
1990-05-16,0.794871795,1.939662965,2.135115897,2.932374404,3.847368968,
1990-05-17,0.777777778,1.811904398,2.006402411,2.789896702,3.680888112,
1990-05-18,0.769230769,1.577268213,1.757215349,2.473827316,3.28179912,
1990-05-19,0.777777778,1.368421649,1.534004392,2.186492099,2.916270523,
1990-05-20,1.196581197,2.496226667,2.81598275,4.063789811,5.44889768,
1990-05-21,1.025641026,5.570288835,6.324360996,9.240623442,12.45482081,
1990-05-22,0.854700855,4.202012997,4.802248223,7.104220855,9.624401581,
1990-05-23,1.452991453,5.273616533,6.067378264,9.087918477,12.37388332,
1990-05-24,1.367521368,4.660794512,5.399040969,8.187968622,11.20382326,
1990-05-25,1.111111111,4.010577776,4.678304239,7.183718751,9.877634665,
1990-05-26,0.94017094,4.602208153,5.406737634,8.406263734,11.61411577,
1990-05-27,1.538461538,9.848554768,11.65450356,18.34739123,25.46852216,
1990-05-28,1.88034188,7.92552305,9.44861826,15.06149478,21.00445305,
1990-05-29,1.623931624,5.358111587,6.436359878,10.38881846,14.55431318,
1990-05-30,1.965811966,7.069448728,8.558029039,13.98726921,19.68384279,
1990-05-31,3.760683761,7.56715717,9.233248143,15.28110428,21.59996071,
1990-06-01,2.393162393,6.853614627,8.43046367,14.12865778,20.05815482,
1990-06-02,1.88034188,7.821109825,9.700394041,16.46253233,23.47198595,
1990-06-03,1.623931624,6.000417739,7.505397709,12.8987568,18.46869079,
1990-06-04,1.452991453,4.024325903,5.077402598,8.836741297,12.70539115,
1990-06-05,1.367521368,2.881145121,3.667397263,6.463903587,9.331933173,
1990-06-06,1.282051282,2.365716965,3.038725007,5.424068071,7.862425555,
1990-06-07,1.196581197,2.062516664,2.673971479,4.833906383,7.034912773,
1990-06-08,1.196581197,1.67638695,2.194132321,4.017199548,5.869321836,
1990-06-09,1.111111111,1.45662888,1.925170069,3.569938149,5.236061892,
1990-06-10,1.111111111,1.222657942,1.632162019,3.065478131,4.513338654,
1990-06-11,1.025641026,1.057544334,1.426283142,2.713294443,4.009856434,
1990-06-12,1.025641026,0.917725655,1.250789459,2.410154979,3.575083182,
1990-06-13,1.025641026,0.792213309,1.091434689,2.130305838,3.17153856,
1990-06-14,0.94017094,0.699895246,0.97498545,1.927703203,2.880269426,
1990-06-15,0.94017094,0.596067459,0.839847751,1.682113638,2.52227071,
1990-06-16,0.94017094,0.617818917,0.867358279,1.777603069,2.67554747,
1990-06-17,0.854700855,0.517956458,0.724472717,1.519505557,2.295558007,
1990-06-18,0.854700855,0.46618142,0.649580323,1.394514114,2.114387715,
1990-06-19,0.854700855,0.442737558,0.614510544,1.350511866,2.054965111,
1990-06-20,0.811965812,0.365730363,0.505595523,1.137690295,1.737176632,
1990-06-21,0.777777778,0.290601493,0.400084318,0.921935539,1.41255316,
1990-06-22,0.743589744,0.278677661,0.382047688,0.901726923,1.386228771,
1990-06-23,0.717948718,0.249338652,0.340341481,0.822933952,1.269265919,
1990-06-24,0.709401709,0.211993857,0.288074151,0.713732301,1.104393131,
1990-06-25,0.683760684,0.192479725,0.260354592,0.661104174,1.026201533,
1990-06-26,0.666666667,0.173421567,0.233465964,0.607713589,0.946260195,
1990-06-27,0.641025641,0.154734399,0.207293586,0.553265721,0.86411076,
1990-06-28,0.641025641,0.136399342,0.181813136,0.497682533,0.779628884,
1990-06-29,0.632478632,0.11630382,0.154224508,0.433083501,0.680430135,
1990-06-30,0.615384615,0.098869835,0.130406395,0.375772926,0.592094343,
1990-07-01,0.606837607,0.0925121,0.12134869,0.358916117,0.5671392,
1990-07-02,0.64957265,0.089384445,0.116579488,0.354030066,0.560978843,
1990-07-03,0.598290598,0.0853997,0.110728253,0.345359757,0.548739998,
1990-07-04,0.581196581,0.081577686,0.105130688,0.336883561,0.536713757,
1990-07-05,0.564102564,0.076443735,0.097896169,0.32240501,0.515006502,
1990-07-06,0.564102564,0.070976586,0.090304517,0.305764774,0.489696409,
1990-07-07,0.555555556,0.064185869,0.081115553,0.282480152,0.453562307,
1990-07-08,0.538461538,0.058968444,0.074002946,0.265161753,0.426826068,
1990-07-09,0.521367521,0.057445877,0.071571679,0.263974631,0.425966295,
1990-07-10,0.504273504,0.048252124,0.059666944,0.22662317,0.366583358,
1990-07-11,0.504273504,0.045484315,0.055807068,0.218378386,0.354092158,
1990-07-12,0.487179487,0.04073506,0.04957627,0.199965597,0.32500004,
1990-07-13,0.47008547,0.032310803,0.038993383,0.162201852,0.264234224,
1990-07-14,0.461538462,0.031492526,0.037673795,0.161704606,0.264024861,
1990-07-15,0.444444444,0.049892615,0.059142336,0.262088164,0.428887553,
1990-07-16,0.427350427,0.046860391,0.055021168,0.251887444,0.413105475,
1990-07-17,0.41025641,0.043182476,0.050006509,0.214625848,0.349436168,
1990-07-18,0.41025641,0.044513336,0.050914213,0.205325575,0.331776363,
1990-07-19,0.41025641,0.046062131,0.052102873,0.197826523,0.317162756,
1990-07-20,0.393162393,0.040150015,0.044960742,0.161012162,0.256049167,
1990-07-21,0.393162393,0.030461972,0.033801344,0.114358595,0.180328662,
1990-07-22,0.376068376,0.019715006,0.021694368,0.069443444,0.108546189,
1990-07-23,0.35042735,0.020641577,0.022540814,0.068356989,0.10587684,
1990-07-24,0.35042735,0.020894738,0.022657206,0.065174038,0.099991988,
1990-07-25,0.358974359,0.021111169,0.022743625,0.062124126,0.094373665,
1990-07-26,0.341880342,0.021292943,0.022801853,0.059202016,0.089010893,
1990-07-27,0.333333333,0.022785562,0.024264308,0.059936781,0.089149738,
1990-07-28,0.341880342,0.023616279,0.025018462,0.058843984,0.086544432,
1990-07-29,0.324786325,0.024372609,0.025694648,0.057586827,0.083704019,
1990-07-30,0.307692308,0.025795962,0.02707197,0.057853708,0.083061536,
1990-07-31,0.299145299,0.025987265,0.027156849,0.055371266,0.07847666,
1990-08-01,0.290598291,0.026394536,0.027472329,0.053472445,0.0747645,
1990-08-02,0.290598291,0.02743604,0.028449041,0.052886151,0.072898226,
1990-08-03,0.282051282,0.029730744,0.030719213,0.054564529,0.074091972,
1990-08-04,0.290598291,0.029891869,0.030782299,0.052262572,0.06985323,
1990-08-05,0.282051282,0.029795598,0.03058598,0.049652732,0.065266905,
1990-08-06,0.264957265,0.029675452,0.030371229,0.047155771,0.060900994,
1990-08-07,0.264957265,0.031064689,0.031702507,0.047088883,0.059689118,
1990-08-08,0.264957265,0.031903307,0.032470256,0.046147036,0.057347245,
1990-08-09,0.256410256,0.032741926,0.033238006,0.045205188,0.055005371,
1990-08-10,0.239316239,0.033580544,0.034005756,0.04426334,0.052663497,
1990-08-11,0.256410256,0.034419163,0.034773506,0.043321493,0.050321623,
1990-08-12,0.256410256,0.035257781,0.035541256,0.042379645,0.04797975,
1990-08-13,0.239316239,0.036096399,0.036309005,0.041437798,0.045637876,
1990-08-14,0.239316239,0.036935018,0.037076755,0.04049595,0.043296002,
1990-08-15,0.239316239,0.037773636,0.037844505,0.039554102,0.040954128,
1990-08-16,0.239316239,0.038612255,0.038612255,0.038612255,0.038612255,
1990-08-17,0.239316239,0.038612255,0.038612255,0.038612255,0.038612255,
1990-08-18,0.264957265,0.038612255,0.038612255,0.038612255,0.038612255,
1990-08-19,0.282051282,0.038612255,0.038612255,0.038612255,0.038612255,
1990-08-20,0.282051282,0.041272801,0.041272801,0.041272801,0.041272801,
1990-08-21,0.307692308,0.040151397,0.040151397,0.040151397,0.040151397,
1990-08-22,0.290598291,0.040853753,0.040853753,0.040853753,0.040853753,
1990-08-23,0.282051282,0.038173986,0.038173986,0.038173986,0.038173986,
1990-08-24,0.264957265,0.040848206,0.040848206,0.040848206,0.040848206,
1990-08-25,0.282051282,0.040428708,0.040428708,0.040428708,0.040428708,
1990-08-26,0.307692308,0.039148519,0.039148519,0.039148519,0.039148519,
1990-08-27,0.290598291,0.040537859,0.040537859,0.040537859,0.040537859,
1990-08-28,0.282051282,0.039604258,0.039604258,0.039604258,0.039604258,
1990-08-29,0.282051282,0.038544135,0.038544135,0.038544135,0.038544135,
1990-08-30,0.264957265,0.037908868,0.037908868,0.037908868,0.037908868,
1990-08-31,0.264957265,0.038612255,0.038612255,0.038612255,0.038612255,
1990-09-01,0.264957265,0.038612255,0.038612255,0.038612255,0.038612255,
1990-09-02,0.264957265,0.038612255,0.038612255,0.038612255,0.038612255,
1990-09-03,0.264957265,0.038612255,0.038612255,0.038612255,0.038612255,
1990-09-04,0.256410256,0.038612255,0.038612255,0.038612255,0.038612255,
1990-09-05,0.239316239,0.038612255,0.038612255,0.038612255,0.038612255,
1990-09-06,0.230769231,0.038612255,0.038612255,0.038612255,0.038612255,
1990-09-07,0.222222222,0.038612255,0.038612255,0.038612255,0.038612255,
1990-09-08,0.222222222,0.038612255,0.038612255,0.038612255,0.038612255,
1990-09-09,0.222222222,0.038612255,0.038612255,0.038612255,0.038612255,
1990-09-10,0.222222222,0.038612255,0.038612255,0.038612255,0.038612255,
1990-09-11,0.213675214,0.038612255,0.038612255,0.038612255,0.038612255,
1990-09-12,0.213675214,0.038612255,0.038612255,0.038612255,0.038612255,
1990-09-13,0.222222222,0.038612255,0.038612255,0.038612255,0.038612255,
1990-09-14,0.222222222,0.038612255,0.038612255,0.038612255,0.038612255,
1990-09-15,0.239316239,0.038612255,0.038612255,0.038612255,0.038612255,
1990-09-16,0.239316239,0.038612255,0.038612255,0.038612255,0.038612255,
1990-09-17,0.230769231,0.038612255,0.038612255,0.038612255,0.038612255,
1990-09-18,0.222222222,0.038612255,0.038612255,0.038612255,0.038612255,
1990-09-19,0.222222222,0.038612255,0.038612255,0.038612255,0.038612255,
1990-09-20,0.205128205,0.038612255,0.038612255,0.038612255,0.038612255,
1990-09-21,0.188034188,0.038612255,0.038612255,0.038612255,0.038612255,
1990-09-22,0.205128205,0.038612255,0.038612255,0.038612255,0.038612255,
1990-09-23,0.273504274,0.038612255,0.038612255,0.038612255,0.038612255,
1990-09-24,0.435897436,0.038612255,0.038612255,0.038612255,0.038612255,
1990-09-25,0.418803419,0.057464803,0.057464803,0.057464803,0.057464803,
1990-09-26,0.401709402,0.075619334,0.075619334,0.075619334,0.075619334,
1990-09-27,0.35042735,0.076576529,0.076576529,0.076576529,0.076576529,
1990-09-28,0.324786325,0.06145496,0.06145496,0.06145496,0.06145496,
1990-09-29,0.290598291,0.042100142,0.042100142,0.042100142,0.042100142,
1990-09-30,0.282051282,0.041750759,0.041750759,0.041750759,0.041750759,
1990-10-01,0.256410256,0.040428708,0.040428708,0.040428708,0.040428708,
1990-10-02,0.256410256,0.039148519,0.039148519,0.039148519,0.039148519,
1990-10-03,0.239316239,0.037908868,0.037908868,0.037908868,0.037908868,
1990-10-04,0.239316239,0.038612255,0.038612255,0.038612255,0.038612255,
1990-10-05,0.239316239,0.038612255,0.038612255,0.038612255,0.038612255,
1990-10-06,0.256410256,0.038612255,0.038612255,0.038612255,0.038612255,
1990-10-07,0.256410256,0.038612255,0.038612255,0.038612255,0.038612255,
1990-10-08,0.239316239,0.038612255,0.038612255,0.038612255,0.038612255,
1990-10-09,0.230769231,0.038612255,0.038612255,0.038612255,0.038612255,
1990-10-10,0.230769231,0.038612255,0.038612255,0.038612255,0.038612255,
1990-10-11,0.222222222,0.038612255,0.038612255,0.038612255,0.038612255,
1990-10-12,0.222222222,0.038612255,0.038612255,0.038612255,0.038612255,
1990-10-13,0.222222222,0.038612255,0.038612255,0.038612255,0.038612255,
1990-10-14,0.213675214,0.038612255,0.038612255,0.038612255,0.038612255,
1990-10-15,0.222222222,0.038612255,0.038612255,0.038612255,0.038612255,
1990-10-16,0.222222222,0.038612255,0.038612255,0.038612255,0.038612255,
1990-10-17,0.222222222,0.039575018,0.038813683,0.03826436,0.037783781,
1990-10-18,0.239316239,0.040537781,0.039015111,0.037916466,0.036955308,
1990-10-19,0.35042735,0.17119089,0.161769307,0.154971394,0.149024191,
1990-10-20,0.282051282,0.141298712,0.131165196,0.123853605,0.117457008,
1990-10-21,0.256410256,0.135707669,0.123811705,0.115228463,0.107719352,
1990-10-22,0.247863248,0.12995046,0.116577391,0.106928379,0.098486872,
1990-10-23,0.247863248,0.109978874,0.097055066,0.087730208,0.079572289,
1990-10-24,0.239316239,0.084641736,0.073510724,0.065479414,0.058453165,
1990-10-25,0.230769231,0.06971917,0.059614562,0.05232383,0.04594548,
1990-10-26,0.230769231,0.155680354,0.131110459,0.113382651,0.097873351,
1990-10-27,0.230769231,0.16604376,0.137781784,0.117390045,0.099550187,
1990-10-28,0.222222222,0.119253835,0.097535578,0.081865299,0.068156044,
1990-10-29,0.239316239,0.088180328,0.071110445,0.058794088,0.048019035,
1990-10-30,0.264957265,0.069135734,0.054989391,0.044782442,0.03585282,
1990-10-31,0.52991453,0.086195896,0.067641881,0.054254683,0.042542798,
1990-11-01,0.52991453,0.101028695,0.078245516,0.061806869,0.047425401,
1990-11-02,0.393162393,0.083448058,0.063803499,0.049629447,0.037229176,
1990-11-03,0.35042735,0.076659072,0.05788001,0.044330435,0.032476494,
1990-11-04,0.333333333,0.074989692,0.055927081,0.042172919,0.030139993,
1990-11-05,0.333333333,0.070617554,0.052035934,0.038628819,0.026899509,
1990-11-06,0.324786325,0.062819601,0.045747408,0.033429384,0.022652872,
1990-11-07,0.324786325,0.062605913,0.045068597,0.032414974,0.021344862,
1990-11-08,0.316239316,0.061599611,0.04384571,0.031035817,0.01982899,
1990-11-09,0.307692308,0.060594263,0.04265508,0.029711501,0.018387717,
1990-11-10,0.299145299,0.066126639,0.046047088,0.031559178,0.018884326,
1990-11-11,0.299145299,0.063505515,0.043753908,0.029502619,0.017034776,
1990-11-12,0.299145299,0.063429938,0.043248357,0.02868683,0.015947574,
1990-11-13,0.290598291,0.065569622,0.044252244,0.02887121,0.015415002,
1990-11-14,0.290598291,0.066532385,0.044453672,0.028523315,0.014586529,
1990-11-15,0.316239316,0.067495149,0.0446551,0.028175421,0.013758056,
1990-11-16,0.307692308,0.067495149,0.0446551,0.028175421,0.013758056,
1990-11-17,0.299145299,0.067495149,0.0446551,0.028175421,0.013758056,
1990-11-18,0.299145299,0.067495149,0.0446551,0.028175421,0.013758056,
1990-11-19,0.316239316,0.067495149,0.0446551,0.028175421,0.013758056,
1990-11-20,0.367521368,0.072233167,0.047789795,0.030153277,0.014723842,
1990-11-21,0.341880342,0.068688266,0.045444472,0.02867348,0.014001258,
1990-11-22,0.333333333,0.06637495,0.043913972,0.027707801,0.013529717,
1990-11-23,0.333333333,0.066350644,0.043897891,0.027697655,0.013524762,
1990-11-24,0.324786325,0.06885841,0.04555704,0.028744506,0.01403594,
1990-11-25,0.367521368,0.069725401,0.046130646,0.029106426,0.014212665,
1990-11-26,0.47008547,0.112730256,0.074582855,0.047058529,0.022978676,
1990-11-27,0.418803419,0.092311568,0.061073757,0.038534877,0.018816577,
1990-11-28,0.367521368,0.085732197,0.056720815,0.035788361,0.017475453,
1990-11-29,0.358974359,0.082187295,0.054375492,0.034308564,0.016752869,
1990-11-30,0.35042735,0.078982682,0.052255305,0.032970819,0.016099648,
1990-12-01,0.341880342,0.076067575,0.050326657,0.031753926,0.015505439,
1990-12-02,0.418803419,0.072862961,0.04820647,0.03041618,0.014852218,
1990-12-03,0.341880342,0.076062836,0.050323521,0.031751947,0.015504473,
1990-12-04,0.333333333,0.07623298,0.050436089,0.031822973,0.015539155,
1990-12-05,0.333333333,0.072688078,0.048090766,0.030343176,0.01481657,
1990-12-06,0.324786325,0.07623298,0.050436089,0.031822973,0.015539155,
1990-12-07,0.324786325,0.076062836,0.050323521,0.031751947,0.015504473,
1990-12-08,0.324786325,0.07623298,0.050436089,0.031822973,0.015539155,
1990-12-09,0.316239316,0.07623298,0.050436089,0.031822973,0.015539155,
1990-12-10,0.324786325,0.076062836,0.050323521,0.031751947,0.015504473,
1990-12-11,0.547008547,0.096481524,0.063832619,0.040275599,0.019666572,
1990-12-12,0.47008547,0.09631138,0.063720051,0.040204574,0.01963189,
1990-12-13,0.41025641,0.096481524,0.063832619,0.040275599,0.019666572,
1990-12-14,0.376068376,0.089561865,0.059254541,0.037387032,0.018256084,
1990-12-15,0.376068376,0.093106767,0.061599864,0.038866828,0.018978669,
1990-12-16,0.376068376,0.089561865,0.059254541,0.037387032,0.018256084,
1990-12-17,0.376068376,0.086357252,0.057134354,0.036049286,0.017602863,
1990-12-18,0.367521368,0.08281235,0.054789031,0.03456949,0.016880279,
1990-12-19,0.358974359,0.082982494,0.054901599,0.034640515,0.01691496,
1990-12-20,0.367521368,0.08281235,0.054789031,0.03456949,0.016880279,
1990-12-21,0.376068376,0.086357252,0.057134354,0.036049286,0.017602863,
1990-12-22,0.384615385,0.086187108,0.057021786,0.035978261,0.017568181,
1990-12-23,0.401709402,0.086352513,0.057131219,0.036047308,0.017601897,
1990-12-24,0.401709402,0.089557126,0.059251406,0.037385053,0.018255118,
1990-12-25,0.401709402,0.08972727,0.059363974,0.037456079,0.0182898,
1990-12-26,0.401709402,0.089557126,0.059251406,0.037385053,0.018255118,
1990-12-27,0.401709402,0.093102028,0.061596729,0.03886485,0.018977703,
1990-12-28,0.401709402,0.092931884,0.061484161,0.038793824,0.018943021,
1990-12-29,0.401709402,0.093102028,0.061596729,0.03886485,0.018977703,
1990-12-30,0.401709402,0.092931884,0.061484161,0.038793824,0.018943021,
1990-12-31,0.401709402,0.093102028,0.061596729,0.03886485,0.018977703,
1991-01-01,0.401709402,0.092949728,0.061495967,0.038801273,0.018946658,
1991-01-02,0.401709402,0.093119872,0.061608535,0.038872299,0.01898134,
1991-01-03,0.401709402,0.092949728,0.061495967,0.038801273,0.018946658,
1991-01-04,0.401709402,0.093119872,0.061608535,0.038872299,0.01898134,
1991-01-05,0.41025641,0.092949728,0.061495967,0.038801273,0.018946658,
1991-01-06,0.401709402,0.093119872,0.061608535,0.038872299,0.01898134,
1991-01-07,0.418803419,0.103074,0.068194232,0.043027586,0.021010367,
1991-01-08,0.41025641,0.099869387,0.066074045,0.041689841,0.020357146,
1991-01-09,0.401709402,0.093119872,0.061608535,0.038872299,0.01898134,
1991-01-10,0.41025641,0.082825456,0.054797702,0.03457496,0.01688295,
1991-01-11,0.401709402,0.086370357,0.057143025,0.036054757,0.017605535,
1991-01-12,0.401709402,0.099694852,0.065958572,0.041616983,0.020321569,
1991-01-13,0.401709402,0.123488298,0.081700425,0.051549406,0.02517157,
1991-01-14,0.401709402,0.130067669,0.086053367,0.054295922,0.026512694,
1991-01-15,0.401709402,0.126863056,0.08393318,0.052958177,0.025859473,
1991-01-16,0.384615385,0.123318154,0.081587857,0.05147838,0.025136888,
1991-01-17,0.384615385,0.11703486,0.077210866,0.048716689,0.023788355,
1991-01-18,0.384615385,0.113768054,0.074842953,0.04722264,0.023058811,
1991-01-19,0.376068376,0.107425708,0.070470758,0.044463975,0.021711755,
1991-01-20,0.367521368,0.100706249,0.065876419,0.041565147,0.020296258,
1991-01-21,0.358974359,0.097713847,0.063738994,0.040216526,0.019637726,
1991-01-22,0.358974359,0.094359723,0.061378175,0.038726952,0.018910367,
1991-01-23,0.358974359,0.094768618,0.061471349,0.038785741,0.018939074,
1991-01-24,0.384615385,0.094831184,0.061339879,0.038702789,0.018898568,
1991-01-25,0.367521368,0.091789153,0.059206486,0.037356711,0.018241278,
1991-01-26,0.376068376,0.091842297,0.05907578,0.037274241,0.018201009,
1991-01-27,0.367521368,0.092244359,0.05916951,0.037333381,0.018229886,
1991-01-28,0.384615385,0.09229664,0.059038875,0.037250956,0.018189638,
1991-01-29,0.393162393,0.092699566,0.059132535,0.037310051,0.018218494,
1991-01-30,0.376068376,0.092750984,0.05900197,0.03722767,0.018178268,
1991-01-31,0.376068376,0.093150215,0.059092668,0.037284897,0.018206212,
1991-02-01,0.341880342,0.089457406,0.056593994,0.035708342,0.01743638,
1991-02-02,0.666666667,0.165611921,0.104484646,0.065925255,0.032191296,
1991-02-03,0.820512821,0.324633686,0.20425083,0.128873367,0.062928854,
1991-02-04,0.598290598,0.276076087,0.173225138,0.109297508,0.053369963,
1991-02-05,1.452991453,0.471592055,0.295095769,0.186192561,0.090917811,
1991-02-06,0.820512821,0.366274589,0.228570489,0.144218011,0.070421642,
1991-02-07,0.632478632,0.299462221,0.186369462,0.117591003,0.057419676,
1991-02-08,0.555555556,0.269627883,0.167347533,0.105588996,0.051559097,
1991-02-09,0.512820513,0.257938827,0.159659766,0.10073835,0.049190527,
1991-02-10,0.478632479,0.251197078,0.155067237,0.097840664,0.047775588,
1991-02-11,0.452991453,0.251977549,0.155130229,0.09788041,0.047794995,
1991-02-12,0.435897436,0.245183582,0.150541942,0.0949854,0.046381363,
1991-02-13,0.418803419,0.253180452,0.155035174,0.097820434,0.047765709,
1991-02-14,0.418803419,0.286204101,0.174788259,0.110283769,0.053851555,
1991-02-15,0.418803419,0.346236065,0.21269758,0.134152508,0.065014552,
1991-02-16,0.418803419,0.405288158,0.250448628,0.157903599,0.075946416,
1991-02-17,0.41025641,0.403419558,0.250776573,0.158051156,0.075438745,
1991-02-18,0.401709402,0.355038938,0.22202003,0.139875107,0.066251613,
1991-02-19,0.384615385,0.342807182,0.215656841,0.135815488,0.063832515,
1991-02-20,0.367521368,0.33206621,0.210158175,0.132303199,0.061698799,
1991-02-21,0.367521368,0.335788091,0.213799362,0.134545346,0.062253744,
1991-02-22,0.367521368,0.344305335,0.220554405,0.138744715,0.063691291,
1991-02-23,0.35042735,0.332305621,0.214166738,0.134676365,0.06133351,
1991-02-24,0.341880342,0.330394511,0.214240273,0.134672632,0.060842111,
1991-02-25,0.333333333,0.328826775,0.214536479,0.13480887,0.060413942,
1991-02-26,0.324786325,0.337130109,0.221314089,0.139016287,0.061794963,
1991-02-27,0.333333333,0.382928316,0.252940597,0.158823469,0.070023738,
1991-02-28,0.52991453,0.650242455,0.432193307,0.271277584,0.118621075,
1991-03-01,1.282051282,0.885655177,0.592353963,0.371669665,0.161174421,
1991-03-02,1.452991453,0.680721184,0.458154767,0.28736124,0.123575265,
1991-03-03,6.581196581,5.583061908,3.781414041,2.370885531,1.011000055,
1991-03-04,18.54700855,60.3410612,41.12882033,25.77764239,10.89917083,
1991-03-05,8.376068376,22.6031,15.50478169,9.714118501,4.072258386,
1991-03-06,3.931623932,9.045124198,6.244382366,3.910823739,1.625374232,
1991-03-07,2.64957265,7.56840468,5.258594934,3.292226431,1.356435315,
1991-03-08,2.051282051,5.082809043,3.554453615,2.224509504,0.908528392,
1991-03-09,1.794871795,4.541456372,3.196548561,1.999789887,0.809568394,
1991-03-10,1.709401709,3.718672299,2.634539695,1.647591965,0.661079008,
1991-03-11,1.538461538,3.095299013,2.207312684,1.379910264,0.548729286,
1991-03-12,1.452991453,2.668069428,1.915211247,1.196867149,0.471656007,
1991-03-13,1.538461538,2.464580849,1.780881383,1.112517225,0.43443648,
1991-03-14,1.367521368,2.232273528,1.62377529,1.014005647,0.392344408,
1991-03-15,1.282051282,2.064605186,1.511877226,0.943786747,0.361805676,
1991-03-16,1.196581197,1.927675784,1.421114484,0.886807846,0.336799706,
1991-03-17,1.111111111,1.878556788,1.399885168,0.875296756,0.344752299,
1991-03-18,1.111111111,1.828689939,1.377621535,0.863084248,0.35204119,
1991-03-19,1.111111111,1.779156871,1.355113454,0.850662345,0.358847051,
1991-03-20,1.111111111,1.700912773,1.309983766,0.823955361,0.359030401,
1991-03-21,1.025641026,1.594938801,1.242230992,0.782878364,0.351962755,
1991-03-22,1.025641026,1.519461113,1.19694876,0.755822127,0.350210312,
1991-03-23,1.111111111,1.559552073,1.242704432,0.786252361,0.375093635,
1991-03-24,1.111111111,1.654902194,1.33406779,0.845707254,0.415006083,
1991-03-25,1.196581197,1.607958516,1.311519916,0.833034653,0.420113681,
1991-03-26,1.623931624,1.506677681,1.24357819,0.79141683,0.409839083,
1991-03-27,1.367521368,1.543659889,1.289486007,0.822225275,0.436876483,
1991-03-28,1.196581197,1.523882702,1.288516039,0.823197467,0.448441531,
1991-03-29,1.196581197,1.932474357,1.6541991,1.058863549,0.590972467,
1991-03-30,1.452991453,2.697280203,2.337759649,1.499298544,0.856738466,
1991-03-31,1.709401709,4.039262323,3.545203673,2.278051434,1.331921949,
1991-04-01,2.735042735,5.223721188,4.643566701,2.989552162,1.787361374,
1991-04-02,2.478632479,4.576101431,4.120679561,2.65799066,1.62404941,
1991-04-03,2.564102564,5.491823985,5.010280241,3.23798506,2.020787102,
1991-04-04,2.735042735,6.733763726,6.225124416,4.030761834,2.568054094,
1991-04-05,3.162393162,8.957206288,8.392318362,5.44434207,3.539283753,
1991-04-06,4.444444444,16.6659913,15.82836973,10.28778957,6.820814353,
1991-04-07,4.52991453,11.70438843,11.27010447,7.3389571,4.960128098,
1991-04-08,4.102564103,8.437263662,8.23826377,5.374780313,3.701453266,
1991-04-09,3.931623932,8.436044258,8.354312163,5.460751909,3.830306509,
1991-04-10,3.931623932,8.34061002,8.379009917,5.487181016,3.918536012,
1991-04-11,3.504273504,6.228772412,6.349040467,4.165600669,3.027447287,
1991-04-12,3.247863248,5.498967852,5.688369616,3.73911164,2.764580862,
1991-04-13,3.162393162,6.854110415,7.197002124,4.739597664,3.563756041,
1991-04-14,3.333333333,8.980763957,9.574220286,6.316850921,4.828612104,
1991-04-15,3.333333333,8.866695253,9.599312133,6.345163885,4.929181993,
1991-04-16,2.991452991,6.353356521,6.861826441,4.611936483,3.639863335,
1991-04-17,2.820512821,4.989327343,5.375595273,3.673482771,2.943755497,
1991-04-18,2.735042735,4.699937274,5.051431056,3.509473265,2.853998561,
1991-04-19,2.64957265,6.139479532,6.582355193,4.648943609,3.834715251,
1991-04-20,2.905982906,7.236143192,7.738801895,5.556005904,4.646215923,
1991-04-21,2.991452991,6.301134375,6.721890078,4.905328085,4.156850581,
1991-04-22,2.991452991,8.540690255,9.087843294,6.740590659,5.785834374,
1991-04-23,2.991452991,11.05065801,11.72843669,8.841207725,7.683743223,
1991-04-24,3.076923077,10.60230427,11.22341834,8.598167334,7.562940807,
1991-04-25,3.247863248,7.042466955,7.43551743,5.788648632,5.151386701,
1991-04-26,3.076923077,5.597493728,5.894268288,4.662921897,4.196754366,
1991-04-27,2.905982906,6.162054191,6.471425206,5.201977002,4.733536941,
1991-04-28,2.735042735,7.144600263,7.483048227,6.111759746,5.620898904,
1991-04-29,2.64957265,10.22340486,10.67849902,8.861293822,8.234274399,
1991-04-30,2.564102564,11.16285444,11.62764119,9.802992103,9.201275127,
1991-05-01,2.564102564,10.35217282,10.75318323,9.210135799,8.72960516,
1991-05-02,2.307692308,6.271400673,6.496007482,5.652235338,5.408430879,
1991-05-03,2.136752137,5.221261541,5.392881882,4.766757366,4.603464361,
1991-05-04,2.051282051,8.052531499,8.293316286,7.446348736,7.256190286,
1991-05-05,1.965811966,12.77863423,13.12251869,11.96825468,11.76513501,
1991-05-06,2.051282051,15.36210651,15.72920975,14.57153675,14.44686599,
1991-05-07,1.965811966,15.9045721,16.23632265,15.27770687,15.27333817,
1991-05-08,1.965811966,17.46796138,17.77883945,16.99159039,17.12483316,
1991-05-09,1.965811966,12.61875244,12.80438781,12.42906579,12.62582768,
1991-05-10,1.794871795,7.753271713,7.843214404,7.732368863,7.915508885,
1991-05-11,1.623931624,5.905724529,5.955718677,5.963236812,6.15052588,
1991-05-12,1.538461538,5.634716718,5.664609188,5.760214558,5.984870753,
1991-05-13,1.623931624,8.837453738,8.856183442,9.145940682,9.570954864,
1991-05-14,1.623931624,7.932775715,7.924112893,8.31071818,8.75797641,
1991-05-15,1.452991453,11.55189168,11.50187878,12.25058074,12.99841353,
1991-05-16,1.452991453,14.46795738,14.35810058,15.53028914,16.58877242,
1991-05-17,1.709401709,13.02229415,13.00306377,14.24513646,15.30367037,
1991-05-18,1.794871795,7.523429568,7.559426386,8.387618448,9.061752721,
1991-05-19,1.709401709,6.005024527,6.072257826,6.823700115,7.412928404,
1991-05-20,1.794871795,6.844775465,6.966361795,7.928428777,8.659774115,
1991-05-21,1.709401709,8.509809413,8.718231473,10.04876767,11.03408741,
1991-05-22,1.623931624,13.54646765,13.97166414,16.30903422,18.00163661,
1991-05-23,1.538461538,16.95996209,17.61220434,20.82007858,23.09848393,
1991-05-24,1.452991453,17.32571006,18.11763244,21.68961946,24.18404113,
1991-05-25,1.367521368,16.75245469,17.64277211,21.38911898,23.96653841,
1991-05-26,1.282051282,13.90030506,14.74513502,18.10275192,20.38230397,
1991-05-27,1.282051282,11.6258872,12.4235697,15.44566652,17.47324092,
1991-05-28,1.196581197,11.6495445,12.54257642,15.79088563,17.9471035,
1991-05-29,1.196581197,10.71219782,11.62190835,14.81672321,16.91706664,
1991-05-30,1.367521368,11.50964665,12.58483186,16.24699601,18.63356276,
1991-05-31,1.196581197,8.516511208,9.386448269,12.27083908,14.13555562,
1991-06-01,1.111111111,10.80073763,12.00098409,15.88670947,18.38040778,
1991-06-02,1.111111111,12.09362351,13.54926537,18.1624406,21.10306833,
1991-06-03,1.025641026,12.36473858,13.97058028,18.96321363,22.12595536,
1991-06-04,1.025641026,11.4671109,13.06864401,17.9624326,21.04472441,
1991-06-05,1.025641026,9.555073696,10.98593314,15.28999104,17.98636513,
1991-06-06,0.94017094,7.327473702,8.500914816,11.9803788,14.14932274,
1991-06-07,0.94017094,6.880090231,8.055619397,11.49576314,13.63023726,
1991-06-08,0.94017094,7.034590023,8.314284906,12.01427461,14.29999727,
1991-06-09,0.854700855,7.072489659,8.439772782,12.34916,14.75440086,
1991-06-10,0.854700855,6.769116445,8.15749914,12.08643896,14.49445586,
1991-06-11,0.846153846,5.938314087,7.228573074,10.84500218,13.05349656,
1991-06-12,0.829059829,5.014140212,6.166682835,9.368410807,11.31700985,
1991-06-13,0.811965812,4.131640245,5.135095788,7.899544329,9.576611042,
1991-06-14,0.803418803,3.239128729,4.069437454,6.339126316,7.711863299,
1991-06-15,0.786324786,2.632165293,3.343589083,5.274147257,6.438414105,
1991-06-16,0.769230769,2.254586074,2.853232079,4.609421719,5.649078508,
1991-06-17,0.752136752,1.968032155,2.48103779,4.105378901,5.050666189,
1991-06-18,0.735042735,1.603775732,2.013884856,3.413569892,4.215311136,
1991-06-19,0.726495726,1.420440236,1.776483263,3.084868682,3.823362289,
1991-06-20,0.726495726,1.165760144,1.451945215,2.583316995,3.213203387,
1991-06-21,0.709401709,0.912638467,1.131870313,2.063621605,2.575771703,
1991-06-22,0.700854701,0.834576659,1.030559806,1.925618022,2.411739799,
1991-06-23,0.692307692,0.724307259,0.890408222,1.705340005,2.142997376,
1991-06-24,0.683760684,0.638000014,0.780718832,1.532874193,1.93257315,
1991-06-25,0.683760684,0.554390368,0.675217132,1.359297348,1.719222612,
1991-06-26,0.675213675,0.528899816,0.64106038,1.323434117,1.679107947,
1991-06-27,0.683760684,0.501366683,0.604672621,1.28036421,1.62944548,
1991-06-28,1.025641026,1.570466993,1.884395387,4.093331763,5.224990963,
1991-06-29,1.282051282,2.656842513,3.171201549,7.068168374,9.048798366,
1991-06-30,0.854700855,1.222425263,1.45120508,3.319564858,4.262011073,
1991-07-01,0.777777778,1.090787792,1.287733039,3.023734775,3.893151098,
1991-07-02,0.717948718,1.093139199,1.283121074,3.093515689,3.994013773,
1991-07-03,0.666666667,1.082016543,1.262573954,3.126188018,4.047140223,
1991-07-04,0.632478632,1.060219092,1.2296171,3.127621341,4.059758524,
1991-07-05,0.606837607,0.888370427,1.023850432,2.675994147,3.482584798,
1991-07-06,0.58974359,0.568679312,0.651164581,1.749316439,2.282410215,
1991-07-07,0.581196581,0.432582887,0.492019194,1.359000996,1.77759486,
1991-07-08,0.572649573,0.347081618,0.39204647,1.113713439,1.460338914,
1991-07-09,0.572649573,0.28688099,0.321736152,0.940327852,1.235966683,
1991-07-10,0.564102564,0.238911634,0.265962995,0.800013303,1.054029032,
1991-07-11,0.555555556,0.199807545,0.22073421,0.683602071,0.902750636,
1991-07-12,0.547008547,0.170043144,0.186368582,0.594475477,0.786844896,
1991-07-13,0.538461538,0.147320236,0.160142736,0.526350393,0.698237347,
1991-07-14,0.538461538,0.129496341,0.139573203,0.472895184,0.628707455,
1991-07-15,0.52991453,0.113273544,0.12101345,0.422854215,0.563395144,
1991-07-16,0.52991453,0.0984827,0.10425057,0.375871792,0.501862165,
1991-07-17,0.521367521,0.090487955,0.095411973,0.327294377,0.434852064,
1991-07-18,0.512820513,0.085661122,0.089994187,0.294047378,0.388696601,
1991-07-19,0.512820513,0.080935262,0.084742019,0.264010251,0.347163074,
1991-07-20,0.521367521,0.074894615,0.078170384,0.232433229,0.303987408,
1991-07-21,0.504273504,0.078097281,0.08127342,0.230844513,0.300222442,
1991-07-22,0.504273504,0.078616564,0.081588575,0.221546832,0.286465886,
1991-07-23,0.487179487,0.075652298,0.078309452,0.203440418,0.261481896,
1991-07-24,0.47008547,0.07745338,0.079979121,0.19892162,0.254092602,
1991-07-25,0.452991453,0.077279699,0.079617293,0.189699503,0.240760677,
1991-07-26,0.452991453,0.077035856,0.079194846,0.18086629,0.228026166,
1991-07-27,0.435897436,0.076726581,0.078716094,0.172406458,0.215864343,
1991-07-28,0.435897436,0.076356374,0.078185129,0.16430508,0.20425146,
1991-07-29,0.427350427,0.074817917,0.076469707,0.154255972,0.190336807,
1991-07-30,0.418803419,0.075450058,0.076981926,0.149120835,0.182582167,
1991-07-31,0.401709402,0.075829519,0.077241431,0.143731311,0.174572365,
1991-08-01,0.401709402,0.064290813,0.065385047,0.116914842,0.140816722,
1991-08-02,0.384615385,0.057957528,0.058855783,0.101156507,0.120777522,
1991-08-03,0.393162393,0.046330747,0.046981661,0.077634588,0.09185282,
1991-08-04,0.384615385,0.039941697,0.040447654,0.064274251,0.075326119,
1991-08-05,0.393162393,0.039598871,0.040048248,0.061210361,0.071026318,
1991-08-06,0.393162393,0.039184562,0.039579841,0.058194349,0.066828611,
1991-08-07,0.401709402,0.03875549,0.039099706,0.055309568,0.062828445,
1991-08-08,0.376068376,0.038313047,0.038609096,0.052550677,0.059017421,
1991-08-09,0.358974359,0.037858552,0.038109196,0.049912547,0.055387482,
1991-08-10,0.358974359,0.037393251,0.037601123,0.047390246,0.05193089,
1991-08-11,0.35042735,0.036918324,0.037085934,0.044979037,0.048640219,
1991-08-12,0.341880342,0.037597445,0.037731325,0.044036018,0.046960424,
1991-08-13,0.367521368,0.059030718,0.059185341,0.066466849,0.069844347,
1991-08-14,0.376068376,0.068468027,0.068585335,0.074109627,0.076672046,
1991-08-15,0.384615385,0.067556033,0.067612835,0.070287775,0.071528534,
1991-08-16,0.376068376,0.06205959,0.06205959,0.06205959,0.06205959,
1991-08-17,0.35042735,0.048345641,0.048345641,0.048345641,0.048345641,
1991-08-18,0.341880342,0.04843262,0.04843262,0.04843262,0.04843262,
1991-08-19,0.333333333,0.047880876,0.047880876,0.047880876,0.047880876,
1991-08-20,0.333333333,0.042278863,0.042278863,0.042278863,0.042278863,
1991-08-21,0.341880342,0.043666139,0.043666139,0.043666139,0.043666139,
1991-08-22,0.324786325,0.043372833,0.043372833,0.043372833,0.043372833,
1991-08-23,0.316239316,0.041966527,0.041966527,0.041966527,0.041966527,
1991-08-24,0.307692308,0.040605818,0.040605818,0.040605818,0.040605818,
1991-08-25,0.307692308,0.040542867,0.040542867,0.040542867,0.040542867,
1991-08-26,0.307692308,0.040542867,0.040542867,0.040542867,0.040542867,
1991-08-27,0.324786325,0.040542867,0.040542867,0.040542867,0.040542867,
1991-08-28,0.324786325,0.040542867,0.040542867,0.040542867,0.040542867,
1991-08-29,0.324786325,0.040542867,0.040542867,0.040542867,0.040542867,
1991-08-30,0.316239316,0.040542867,0.040542867,0.040542867,0.040542867,
1991-08-31,0.307692308,0.040542867,0.040542867,0.040542867,0.040542867,
1991-09-01,0.299145299,0.040542867,0.040542867,0.040542867,0.040542867,
1991-09-02,0.290598291,0.040542867,0.040542867,0.040542867,0.040542867,
1991-09-03,0.282051282,0.040542867,0.040542867,0.040542867,0.040542867,
1991-09-04,0.273504274,0.040542867,0.040542867,0.040542867,0.040542867,
1991-09-05,0.264957265,0.040542867,0.040542867,0.040542867,0.040542867,
1991-09-06,0.264957265,0.040542867,0.040542867,0.040542867,0.040542867,
1991-09-07,0.282051282,0.040542867,0.040542867,0.040542867,0.040542867,
1991-09-08,0.282051282,0.040542867,0.040542867,0.040542867,0.040542867,
1991-09-09,0.273504274,0.040542867,0.040542867,0.040542867,0.040542867,
1991-09-10,0.299145299,0.040542867,0.040542867,0.040542867,0.040542867,
1991-09-11,0.307692308,0.040542867,0.040542867,0.040542867,0.040542867,
1991-09-12,0.282051282,0.040542867,0.040542867,0.040542867,0.040542867,
1991-09-13,0.273504274,0.040542867,0.040542867,0.040542867,0.040542867,
1991-09-14,0.264957265,0.040542867,0.040542867,0.040542867,0.040542867,
1991-09-15,0.264957265,0.040542867,0.040542867,0.040542867,0.040542867,
1991-09-16,0.256410256,0.040542867,0.040542867,0.040542867,0.040542867,
1991-09-17,0.247863248,0.040542867,0.040542867,0.040542867,0.040542867,
1991-09-18,0.239316239,0.040542867,0.040542867,0.040542867,0.040542867,
1991-09-19,0.239316239,0.040542867,0.040542867,0.040542867,0.040542867,
1991-09-20,0.239316239,0.040542867,0.040542867,0.040542867,0.040542867,
1991-09-21,0.239316239,0.040542867,0.040542867,0.040542867,0.040542867,
1991-09-22,0.239316239,0.040542867,0.040542867,0.040542867,0.040542867,
1991-09-23,0.230769231,0.040542867,0.040542867,0.040542867,0.040542867,
1991-09-24,0.230769231,0.040542867,0.040542867,0.040542867,0.040542867,
1991-09-25,0.222222222,0.040542867,0.040542867,0.040542867,0.040542867,
1991-09-26,0.230769231,0.040542867,0.040542867,0.040542867,0.040542867,
1991-09-27,0.230769231,0.040542867,0.040542867,0.040542867,0.040542867,
1991-09-28,0.239316239,0.040542867,0.040542867,0.040542867,0.040542867,
1991-09-29,0.239316239,0.040542867,0.040542867,0.040542867,0.040542867,
1991-09-30,0.239316239,0.040542867,0.040542867,0.040542867,0.040542867,
1991-10-01,0.230769231,0.040542867,0.040542867,0.040542867,0.040542867,
1991-10-02,0.230769231,0.040542867,0.040542867,0.040542867,0.040542867,
1991-10-03,0.222222222,0.040542867,0.040542867,0.040542867,0.040542867,
1991-10-04,0.222222222,0.040542867,0.040542867,0.040542867,0.040542867,
1991-10-05,0.222222222,0.040542867,0.040542867,0.040542867,0.040542867,
1991-10-06,0.222222222,0.040542867,0.040542867,0.040542867,0.040542867,
1991-10-07,0.213675214,0.040542867,0.040542867,0.040542867,0.040542867,
1991-10-08,0.222222222,0.040542867,0.040542867,0.040542867,0.040542867,
1991-10-09,0.213675214,0.040542867,0.040542867,0.040542867,0.040542867,
1991-10-10,0.205128205,0.040542867,0.040542867,0.040542867,0.040542867,
1991-10-11,0.205128205,0.040542867,0.040542867,0.040542867,0.040542867,
1991-10-12,0.230769231,0.040542867,0.040542867,0.040542867,0.040542867,
1991-10-13,0.222222222,0.040542867,0.040542867,0.040542867,0.040542867,
1991-10-14,0.213675214,0.040542867,0.040542867,0.040542867,0.040542867,
1991-10-15,0.213675214,0.040542867,0.040542867,0.040542867,0.040542867,
1991-10-16,0.213675214,0.040542867,0.040542867,0.040542867,0.040542867,
1991-10-17,0.222222222,0.041058948,0.040592867,0.04043299,0.040023406,
1991-10-18,0.222222222,0.041575029,0.040642867,0.040323113,0.039503945,
1991-10-19,0.222222222,0.042091109,0.040692867,0.040213236,0.038984483,
1991-10-20,0.213675214,0.04260719,0.040742867,0.04010336,0.038465022,
1991-10-21,0.205128205,0.043123271,0.040792867,0.039993483,0.03794556,
1991-10-22,0.222222222,0.043639351,0.040842867,0.039883606,0.037426099,
1991-10-23,0.290598291,0.044155432,0.040892867,0.039773729,0.036906637,
1991-10-24,0.299145299,0.044671512,0.040942867,0.039663852,0.036387176,
1991-10-25,0.393162393,0.197495142,0.179161832,0.172873068,0.156762042,
1991-10-26,2.905982906,0.79918208,0.717682424,0.689726087,0.618105463,
1991-10-27,1.196581197,0.189976706,0.168903697,0.16167515,0.143156519,
1991-10-28,0.743589744,0.158690878,0.13970003,0.133185714,0.116496854,
1991-10-29,0.675213675,0.171697644,0.149681086,0.142128879,0.122781072,
1991-10-30,0.623931624,0.070797408,0.061126449,0.057809079,0.049310391,
1991-10-31,0.538461538,0.082803376,0.070814002,0.066701359,0.056165284,
1991-11-01,0.512820513,0.087768919,0.0743567,0.069755987,0.057969538,
1991-11-02,0.487179487,0.075607505,0.063460058,0.059293192,0.048618205,
1991-11-03,0.47008547,0.13715711,0.114066209,0.106145476,0.085853553,
1991-11-04,0.452991453,0.114335143,0.094225293,0.087327133,0.069654911,
1991-11-05,0.435897436,0.115444507,0.094287715,0.087030428,0.068438171,
1991-11-06,0.427350427,0.272816932,0.220846907,0.203019942,0.157349496,
1991-11-07,0.418803419,0.263046507,0.211073587,0.193245629,0.147572639,
1991-11-08,0.41025641,0.303372747,0.241324597,0.220040593,0.165513649,
1991-11-09,0.444444444,0.785200551,0.619256793,0.562334105,0.416505325,
1991-11-10,0.418803419,0.65251252,0.510252168,0.461453456,0.336437283,
1991-11-11,0.401709402,0.414765368,0.321620853,0.28967005,0.207816106,
1991-11-12,0.401709402,0.314919968,0.242173556,0.217219792,0.153291383,
1991-11-13,0.393162393,0.326221765,0.248807015,0.222251899,0.154221027,
1991-11-14,0.401709402,0.288143879,0.217981625,0.193914288,0.132256796,
1991-11-15,0.393162393,0.278904464,0.209297324,0.185420406,0.12425074,
1991-11-16,0.393162393,0.238504327,0.178979987,0.158561711,0.106252653,
1991-11-17,1.025641026,0.48063411,0.360680614,0.319533687,0.21412043,
1991-11-18,1.196581197,0.331319353,0.24863085,0.220266711,0.147601348,
1991-11-19,0.769230769,0.332402226,0.249443467,0.220986623,0.148083763,
1991-11-20,0.692307692,0.293145054,0.219983842,0.194887791,0.130594862,
1991-11-21,0.700854701,0.263838015,0.197991061,0.175403976,0.117538702,
1991-11-22,0.615384615,0.234332192,0.175849106,0.155788005,0.104393984,
1991-11-23,0.564102564,0.210395124,0.157886095,0.139874238,0.093730124,
1991-11-24,0.52991453,0.144359257,0.108331024,0.095972476,0.064311429,
1991-11-25,0.512820513,0.101563375,0.076215857,0.06752105,0.045246047,
1991-11-26,0.487179487,0.058568276,0.043951192,0.038937181,0.026091915,
1991-11-27,0.58974359,0.261448384,0.196197818,0.173815309,0.116474132,
1991-11-28,0.555555556,0.154409934,0.115873319,0.102654336,0.068788962,
1991-11-29,0.504273504,0.395955489,0.297135525,0.263237908,0.176396469,
1991-11-30,0.487179487,0.493940766,0.370666282,0.328380178,0.220048489,
1991-12-01,0.47008547,0.533583998,0.400415617,0.354735669,0.237709378,
1991-12-02,0.47008547,0.466320157,0.349939043,0.310017529,0.207743626,
1991-12-03,0.452991453,0.520353019,0.390486739,0.34593949,0.231815033,
1991-12-04,0.452991453,0.533810698,0.400585739,0.354886383,0.237810372,
1991-12-05,0.435897436,0.52058967,0.390664328,0.34609682,0.231920461,
1991-12-06,0.435897436,0.493695804,0.370482456,0.328217323,0.219939359,
1991-12-07,0.581196581,0.57441966,0.431059784,0.381883908,0.25590149,
1991-12-08,0.52991453,0.507174054,0.380596894,0.337177892,0.225943862,
1991-12-09,0.487179487,0.493727242,0.370506048,0.328238224,0.219953365,
1991-12-10,0.47008547,0.534089951,0.400795298,0.355072035,0.237934778,
1991-12-11,0.47008547,0.480516988,0.360592722,0.319455823,0.214068253,
1991-12-12,0.452991453,0.467071685,0.35050301,0.310517158,0.208078428,
1991-12-13,0.444444444,0.467303854,0.350677236,0.310671508,0.208181859,
1991-12-14,0.435897436,0.453858383,0.340587397,0.301732731,0.202191959,
1991-12-15,0.435897436,0.453863427,0.340591182,0.301736085,0.202194206,
1991-12-16,0.435897436,0.453870226,0.340596284,0.301740605,0.202197235,
1991-12-17,0.435897436,0.45387527,0.340600069,0.301743958,0.202199482,
1991-12-18,1.025641026,0.587959467,0.441220415,0.390885401,0.261933416,
1991-12-19,0.854700855,0.494038714,0.370739785,0.328445295,0.220092124,
1991-12-20,0.666666667,0.45391486,0.340629778,0.301770278,0.202217119,
1991-12-21,0.598290598,0.453920229,0.340633807,0.301773847,0.202219511,
1991-12-22,0.555555556,0.453925597,0.340637836,0.301777416,0.202221903,
1991-12-23,0.52991453,0.467386967,0.350739605,0.310726762,0.208218885,
1991-12-24,0.512820513,0.45394182,0.34065001,0.301788202,0.20222913,
1991-12-25,0.504273504,0.453947189,0.340654039,0.301791771,0.202231522,
1991-12-26,0.487179487,0.453957927,0.340662097,0.30179891,0.202236305,
1991-12-27,0.487179487,0.453963296,0.340666126,0.301802479,0.202238697,
1991-12-28,0.547008547,0.49432702,0.370956138,0.328636966,0.220220563,
1991-12-29,0.581196581,0.480890765,0.360873214,0.319704316,0.214234769,
1991-12-30,0.572649573,0.467449024,0.350786174,0.310768019,0.208246531,
1991-12-31,0.538461538,0.454003877,0.340696579,0.301829458,0.202256776,
1992-01-01,0.512820513,0.45383539,0.340570142,0.301717445,0.202181716,
1992-01-02,0.504273504,0.493972741,0.370690277,0.328401435,0.220062733,
1992-01-03,0.487179487,0.507206531,0.380621265,0.337199483,0.22595833,
1992-01-04,0.487179487,0.534125066,0.400821649,0.35509538,0.237950421,
1992-01-05,0.726495726,0.56081568,0.420850996,0.372839752,0.249840975,
1992-01-06,0.564102564,0.574052625,0.430784351,0.381639897,0.255737977,
1992-01-07,0.606837607,0.6141906,0.460904954,0.408324301,0.273619272,
1992-01-08,0.572649573,0.560616459,0.420701495,0.372707306,0.249752223,
1992-01-09,0.572649573,0.560624716,0.420707691,0.372712796,0.249755902,
1992-01-10,0.52991453,0.560630423,0.420711974,0.37271659,0.249758444,
1992-01-11,0.52991453,0.560864761,0.420887828,0.372872382,0.249862841,
1992-01-12,0.52991453,0.533972594,0.40070723,0.354994014,0.237882496,
1992-01-13,0.521367521,0.507299593,0.380691101,0.337261352,0.225999788,
1992-01-14,0.512820513,0.50730785,0.380697297,0.337266841,0.226003467,
1992-01-15,0.504273504,0.507313556,0.38070158,0.337270635,0.226006009,
1992-01-16,0.495726496,0.54745164,0.410822265,0.363955112,0.243887353,
1992-01-17,0.504273504,0.562098467,0.420653239,0.372664555,0.249723575,
1992-01-18,0.512820513,0.577041546,0.430650803,0.381521584,0.255658696,
1992-01-19,0.504273504,0.56494197,0.420466177,0.372498834,0.249612525,
1992-01-20,0.504273504,0.566360711,0.420370355,0.372413944,0.24955564,
1992-01-21,0.495726496,0.567779483,0.420274532,0.372329052,0.249498754,
1992-01-22,0.495726496,0.555773341,0.410268494,0.363464516,0.243558603,
1992-01-23,0.487179487,0.543471141,0.400098268,0.354454523,0.237520981,
1992-01-24,0.478632479,0.544825803,0.400009418,0.354375809,0.237468235,
1992-01-25,0.47008547,0.559936216,0.409992673,0.363220161,0.24339486,
1992-01-26,0.47008547,0.574883289,0.419802308,0.3719107,0.249218415,
1992-01-27,0.47008547,0.576302269,0.419706469,0.371825795,0.24916152,
1992-01-28,0.512820513,0.646552395,0.469604057,0.416030999,0.278783553,
1992-01-29,0.512820513,0.648143237,0.469498775,0.415937728,0.278721051,
1992-01-30,0.487179487,0.621880806,0.449271156,0.398017702,0.266712791,
1992-01-31,0.487179487,0.679008452,0.489234443,0.433421924,0.290437261,
1992-02-01,0.547008547,0.708252582,0.508947524,0.45088611,0.302140061,
1992-02-02,0.538461538,0.682155664,0.48889303,0.43311946,0.290234579,
1992-02-03,0.512820513,0.641860827,0.458795611,0.406455595,0.272367047,
1992-02-04,0.487179487,0.615458171,0.438760426,0.388706051,0.260473027,
1992-02-05,0.495726496,0.631072295,0.448705127,0.397516247,0.266376764,
1992-02-06,0.52991453,0.660688249,0.46852631,0.415076202,0.278143741,
1992-02-07,0.598290598,0.676236671,0.478293042,0.423728733,0.283941826,
1992-02-08,0.829059829,1.157916311,0.816832315,0.723646993,0.484917903,
1992-02-09,0.811965812,1.443604051,1.015702831,0.899830096,0.602978699,
1992-02-10,1.025641026,1.319554605,0.926000445,0.820361077,0.549726285,
1992-02-11,1.282051282,1.2517505,0.876131459,0.776181212,0.520121232,
1992-02-12,1.88034188,1.354577797,0.945639335,0.837759537,0.561385042,
1992-02-13,2.051282051,1.286026964,0.895455725,0.793300939,0.53159321,
1992-02-14,1.88034188,1.23205479,0.85565543,0.758041116,0.507965502,
1992-02-15,1.794871795,1.292596795,0.895383691,0.793237123,0.531550446,
1992-02-16,1.452991453,1.329030302,0.926041325,0.820089792,0.545423339,
1992-02-17,1.367521368,1.122982982,0.787098292,0.696782757,0.459916079,
1992-02-18,1.367521368,1.074750361,0.757765366,0.670564818,0.439246753,
1992-02-19,2.136752137,3.080292231,2.184749219,1.9326152,1.256253175,
1992-02-20,9.914529915,16.93792237,12.0854719,10.68674375,6.893157782,
1992-02-21,5.726495726,10.61714025,7.621074981,6.736529267,4.311484046,
1992-02-22,5.384615385,12.45752831,8.996162542,7.949057558,5.047779245,
1992-02-23,4.017094017,8.840067388,6.422577699,5.672915236,3.574054346,
1992-02-24,3.247863248,6.903172539,5.045946905,4.455314648,2.784703994,
1992-02-25,2.905982906,7.534462049,5.541128979,4.890721551,3.032457179,
1992-02-26,2.820512821,8.40208462,6.217233198,5.485434151,3.373873013,
1992-02-27,2.64957265,8.707532738,6.48308158,5.717875595,3.488373122,
1992-02-28,2.564102564,8.955367186,6.709008389,5.914950482,3.579183505,
1992-02-29,2.478632479,7.853797441,5.920462572,5.217808988,3.131405892,
1992-03-01,2.478632479,6.966236472,5.284303357,4.655434615,2.770786434,
1992-03-02,2.307692308,6.005535942,4.584242719,4.037199793,2.382799875,
1992-03-03,2.307692308,6.155711431,4.728607367,4.162806613,2.436298529,
1992-03-04,2.222222222,6.304070326,4.873357028,4.288661287,2.488713739,
1992-03-05,2.478632479,6.334454399,4.928125179,4.335268294,2.494305474,
1992-03-06,2.905982906,5.551065227,4.346377995,3.82210546,2.180157414,
1992-03-07,2.564102564,4.493270919,3.540836527,3.112591783,1.760068059,
1992-03-08,2.393162393,4.340582361,3.442682735,3.025203547,1.695719819,
1992-03-09,2.222222222,4.201701426,3.354236611,2.946407397,1.637020346,
1992-03-10,2.136752137,4.454823636,3.579583258,3.143209029,1.73087378,
1992-03-11,2.136752137,5.256693618,4.251695648,3.732027619,2.036743679,
1992-03-12,2.136752137,6.273099104,5.107324754,4.481446652,2.42369041,
1992-03-13,2.051282051,7.240267195,5.933926763,5.204861847,2.789349539,
1992-03-14,2.136752137,7.838599841,6.467209956,5.670566436,3.011076969,
1992-03-15,2.136752137,6.384267253,5.302677242,4.647798851,2.44517919,
1992-03-16,2.393162393,5.385022016,4.502899531,3.945365344,2.056289284,
1992-03-17,2.307692308,4.567889118,3.860245065,3.388893341,1.830651578,
1992-03-18,2.136752137,4.326958747,3.695975869,3.251016432,1.817746277,
1992-03-19,2.051282051,4.267181116,3.684581551,3.247313259,1.876985194,
1992-03-20,1.965811966,4.26558452,3.72375641,3.28823022,1.962521126,
1992-03-21,1.965811966,4.297748687,3.793634551,3.356451323,2.066207383,
1992-03-22,2.051282051,4.430544904,3.954948485,3.505973044,2.22381917,
1992-03-23,1.965811966,4.35631352,3.933062294,3.493336508,2.280928997,
1992-03-24,1.88034188,4.393928873,4.012849928,3.571111011,2.398076447,
1992-03-25,1.88034188,5.198205522,4.802895926,4.28246109,2.9550984,
1992-03-26,1.88034188,6.144437088,5.744401643,5.131848778,3.63598828,
1992-03-27,1.794871795,7.076649631,6.695269156,5.992870394,4.356361489,
1992-03-28,1.794871795,8.724923573,8.354989803,7.492893391,5.584275082,
1992-03-29,1.794871795,9.535368627,9.243441399,8.30563998,6.341946477,
1992-03-30,2.051282051,9.941196765,9.757004134,8.783966656,6.867383695,
1992-03-31,2.051282051,10.25132858,10.18851973,9.19007515,7.351968759,
1992-04-01,1.88034188,13.75142825,13.84220381,12.50967421,10.2343482,
1992-04-02,1.794871795,13.23302411,13.49330559,12.21774097,10.21626842,
1992-04-03,1.709401709,13.41696375,13.86093957,12.57465381,10.74121313,
1992-04-04,1.623931624,12.65620512,13.24953266,12.04297412,10.50330727,
1992-04-05,1.538461538,10.69220728,11.34500558,10.3315802,9.195659832,
1992-04-06,1.452991453,7.84711204,8.440563309,7.70125203,6.991964222,
1992-04-07,1.367521368,7.487564854,8.166063289,7.464995298,6.910277836,
1992-04-08,1.282051282,8.849837604,9.788290125,8.964984676,8.457811664,
1992-04-09,1.196581197,9.039074499,10.14112896,9.305805619,8.943897313,
1992-04-10,1.196581197,8.279784602,9.424673645,8.66478877,8.480551898,
1992-04-11,1.196581197,8.48033744,9.795854566,9.023125847,8.989841777,
1992-04-12,1.367521368,11.91918587,13.97518737,12.89716907,13.07555654,
1992-04-13,1.452991453,13.28515831,15.81476259,14.6224634,15.08012249,
1992-04-14,1.196581197,10.46004422,12.64505303,11.71382365,12.28442744,
1992-04-15,1.196581197,9.417391915,11.56428205,10.73287108,11.44202079,
1992-04-16,1.111111111,7.730199037,9.470748188,8.930897504,9.665981299,
1992-04-17,1.111111111,18.20117989,22.24776972,21.31579418,23.41039778,
1992-04-18,1.025641026,13.43326533,16.38133793,15.94630852,17.76342126,
1992-04-19,0.94017094,9.957020581,12.11337871,11.98020528,13.53013945,
1992-04-20,0.94017094,10.54683229,12.80009159,12.86155586,14.72056389,
1992-04-21,0.94017094,10.76377694,13.03159748,13.30312651,15.42436666,
1992-04-22,0.94017094,9.119021009,11.01310154,11.42184798,13.41066393,
1992-04-23,0.94017094,7.330563503,8.831073779,9.30479506,11.05925705,
1992-04-24,0.854700855,7.609204587,9.143577208,9.787522269,11.77196557,
1992-04-25,0.854700855,8.933666813,10.70762295,11.64422647,14.16779474,
1992-04-26,0.837606838,9.321318363,11.14326709,12.31089245,15.14819673,
1992-04-27,0.811965812,9.156559911,10.91753432,12.25350462,15.24339211,
1992-04-28,0.803418803,9.553468195,11.36044015,12.95358129,16.28683015,
1992-04-29,0.794871795,9.930428907,11.7768329,13.6421618,17.33149034,
1992-04-30,0.786324786,7.899513308,9.342679997,10.99481797,14.11016675,
1992-05-01,0.777777778,6.353928167,7.493901312,8.959611598,11.61220243,
1992-05-02,0.752136752,5.868377575,6.901791118,8.383228159,10.97014138,
1992-05-03,0.735042735,5.904847787,6.924904416,8.545470888,11.28783704,
1992-05-04,0.735042735,6.065805016,7.093126461,8.892789354,11.85464756,
1992-05-05,0.735042735,6.002560162,6.998620795,8.914501604,11.99028156,
1992-05-06,0.726495726,5.867358845,6.820675779,8.826802369,11.97640884,
1992-05-07,0.743589744,5.908174844,6.847446601,9.003347524,12.32056519,
1992-05-08,0.717948718,5.762787244,6.658552216,8.895357131,12.27464803,
1992-05-09,0.692307692,4.589308431,5.286245396,7.175445452,9.982335795,
1992-05-10,0.675213675,3.457025664,3.969502222,5.474774234,7.677301683,
1992-05-11,0.666666667,3.273374657,3.74664567,5.250648718,7.420592284,
1992-05-12,0.666666667,2.81414792,3.210605411,4.572038995,6.510966272,
1992-05-13,0.666666667,2.515803863,2.860810434,4.13978825,5.939538597,
1992-05-14,0.658119658,2.318660799,2.627849698,3.864292236,5.58489602,
1992-05-15,0.658119658,1.816292477,2.05153207,3.065797278,4.462650044,
1992-05-16,0.658119658,1.590742059,1.790602697,2.719420027,3.986261724,
1992-05-17,0.64957265,1.344622389,1.522473043,2.340566898,3.449816104,
1992-05-18,0.632478632,1.199034602,1.365781021,2.125466786,3.149750347,
1992-05-19,0.64957265,1.0497374,1.203045193,1.895242634,2.823553757,
1992-05-20,0.683760684,1.02949075,1.187214196,1.893345283,2.835527946,
1992-05-21,0.641025641,0.827174812,0.959984957,1.549857224,2.333098067,
1992-05-22,0.606837607,0.700673217,0.818464846,1.33771285,2.023981696,
1992-05-23,0.58974359,0.583481089,0.686099997,1.13526016,1.72626506,
1992-05-24,0.581196581,0.544277383,0.644343856,1.079395798,1.649407769,
1992-05-25,0.572649573,0.499623371,0.595579282,1.010108531,1.55102283,
1992-05-26,0.572649573,0.462352093,0.555052238,0.953100193,1.470482677,
1992-05-27,0.564102564,0.389761317,0.471292924,0.81937578,1.270120065,
1992-05-28,0.547008547,0.395935325,0.482299549,0.849001146,1.322147887,
1992-05-29,0.538461538,0.327810813,0.402335152,0.717118268,1.121871565,
1992-05-30,0.52991453,0.277677842,0.343441076,0.619839236,0.974054305,
1992-05-31,0.512820513,0.250439035,0.312202377,0.570558467,0.900591439,
1992-06-01,0.504273504,0.2176444,0.273517116,0.506173212,0.802458896,
1992-06-02,0.495726496,0.187435499,0.237505829,0.445095988,0.708673724,
1992-06-03,0.478632479,0.151651595,0.193794074,0.367789396,0.588077398,
1992-06-04,0.452991453,0.158320052,0.204074822,0.392231517,0.629788312,
1992-06-05,0.444444444,0.134920931,0.17546284,0.341545141,0.550670475,
1992-06-06,0.444444444,0.122437831,0.160682916,0.316780628,0.512824954,
1992-06-07,0.444444444,0.110219957,0.146003172,0.291537036,0.473856595,
1992-06-08,0.444444444,0.103379378,0.138257175,0.279626781,0.456300486,
1992-06-09,0.435897436,0.084008209,0.113458013,0.232436079,0.380777685,
1992-06-10,0.418803419,0.089319346,0.121851567,0.252868631,0.415849296,
1992-06-11,0.418803419,0.066997038,0.092348643,0.194137117,0.320479611,
1992-06-12,0.427350427,0.063487928,0.088445883,0.188360228,0.312111705,
1992-06-13,0.452991453,0.083178883,0.117149019,0.252757272,0.420370441,
1992-06-14,0.504273504,0.057940409,0.082523844,0.180392445,0.301115831,
1992-06-15,0.58974359,0.102622361,0.147860252,0.327480392,0.548613849,
1992-06-16,0.564102564,0.139630104,0.200467367,0.454165295,0.763683426,
1992-06-17,0.495726496,0.11253473,0.160977547,0.373114576,0.629692703,
1992-06-18,0.47008547,0.099166114,0.141323176,0.335174186,0.56769359,
1992-06-19,0.444444444,0.08883806,0.12611769,0.306119186,0.520309519,
1992-06-20,0.418803419,0.083405594,0.117937684,0.293025379,0.499776563,
1992-06-21,0.393162393,0.072369653,0.10191686,0.259251498,0.443673794,
1992-06-22,0.376068376,0.062756945,0.088010207,0.229255261,0.393646918,
1992-06-23,0.367521368,0.047740418,0.066663257,0.177859209,0.306395841,
1992-06-24,0.41025641,0.0444284,0.061763953,0.168820537,0.291759749,
1992-06-25,0.418803419,0.044262667,0.061253179,0.171561752,0.297433221,
1992-06-26,0.393162393,0.056751119,0.07816675,0.224399297,0.390243216,
1992-06-27,0.367521368,0.054535959,0.074752251,0.220009869,0.383775726,
1992-06-28,0.376068376,0.036687347,0.050036334,0.151021167,0.264223743,
1992-06-29,0.547008547,0.083854268,0.113776657,0.352258403,0.618118676,
1992-06-30,0.854700855,0.14351919,0.19369768,0.615340544,1.082881391,
1992-07-01,0.572649573,0.122608772,0.1645684,0.536603537,0.947005862,
1992-07-02,0.487179487,0.092974949,0.124085627,0.415416639,0.735184353,
1992-07-03,0.452991453,0.083526244,0.110821793,0.38105609,0.676230059,
1992-07-04,0.427350427,0.084251743,0.111106497,0.392516168,0.698452339,
1992-07-05,0.418803419,0.085417872,0.111937241,0.40645037,0.725172547,
1992-07-06,0.401709402,0.078488889,0.102188305,0.381520007,0.682475653,
1992-07-07,0.393162393,0.063433275,0.082030197,0.315028472,0.564985787,
1992-07-08,0.367521368,0.05078329,0.065212619,0.257723049,0.463384111,
1992-07-09,0.35042735,0.041276044,0.052619574,0.214096534,0.385904986,
1992-07-10,0.341880342,0.033986582,0.043000417,0.180210827,0.325624917,
1992-07-11,0.358974359,0.030951574,0.038853838,0.167804685,0.303941738,
1992-07-12,0.418803419,0.049969118,0.062215844,0.277051606,0.503014313,
1992-07-13,0.41025641,0.033652992,0.041545557,0.190859489,0.347337045,
1992-07-14,0.376068376,0.032116504,0.039298396,0.186357462,0.33992761,
1992-07-15,0.35042735,0.03184804,0.038610796,0.189117234,0.3457467,
1992-07-16,0.324786325,0.031052153,0.037283778,0.188745113,0.34584002,
1992-07-17,0.333333333,0.142443265,0.168104999,0.79182041,1.438734778,
1992-07-18,0.299145299,0.080863502,0.09399544,0.413170768,0.744217752,
1992-07-19,0.282051282,0.08156771,0.093548694,0.384749773,0.686782012,
1992-07-20,0.273504274,0.082677637,0.093691639,0.361389947,0.639045235,
1992-07-21,0.273504274,0.084720004,0.094978128,0.344304619,0.602904754,
1992-07-22,0.264957265,0.088339999,0.098078485,0.334775034,0.580275458,
1992-07-23,0.256410256,0.077283366,0.0850495,0.273807499,0.46958631,
1992-07-24,0.256410256,0.079132431,0.086386985,0.26271089,0.445593123,
1992-07-25,0.256410256,0.080307476,0.087026885,0.250343932,0.419735522,
1992-07-26,0.239316239,0.08132876,0.08753964,0.238496764,0.395068706,
1992-07-27,0.239316239,0.082204841,0.08793266,0.227148867,0.37154319,
1992-07-28,0.222222222,0.082943892,0.088213015,0.216280501,0.349111428,
1992-07-29,0.222222222,0.083553711,0.088387446,0.205872674,0.327727741,
1992-07-30,0.213675214,0.084041743,0.088462379,0.19590712,0.307348244,
1992-07-31,0.205128205,0.084415089,0.088443941,0.186366263,0.287930785,
1992-08-01,0.205128205,0.084680523,0.08833797,0.177233201,0.26943487,
1992-08-02,0.196581197,0.084844504,0.088150028,0.168491673,0.251821608,
1992-08-03,0.196581197,0.084913192,0.087885412,0.160126041,0.235053644,
1992-08-04,0.188034188,0.084892456,0.087549168,0.152121265,0.219095107,
1992-08-05,0.188034188,0.084787892,0.087146096,0.144462879,0.203911548,
1992-08-06,0.188034188,0.084604829,0.086680766,0.137136974,0.189469889,
1992-08-07,0.188034188,0.084348343,0.086157524,0.13013017,0.175738369,
1992-08-08,0.196581197,0.084023268,0.085580506,0.123429606,0.162686495,
1992-08-09,0.196581197,0.083634204,0.084953641,0.117022912,0.150284993,
1992-08-10,0.188034188,0.083185531,0.084280665,0.110898197,0.138505762,
1992-08-11,0.179487179,0.082681413,0.083565127,0.105044025,0.127321827,
1992-08-12,0.170940171,0.082125811,0.082810396,0.099449406,0.1167073,
1992-08-13,0.170940171,0.081522492,0.082019673,0.09410377,0.106637333,
1992-08-14,0.162393162,0.080875035,0.081195993,0.08899696,0.097088082,
1992-08-15,0.162393162,0.08018684,0.080342237,0.08411921,0.088036667,
1992-08-16,0.162393162,0.079461135,0.079461135,0.079461135,0.079461135,
1992-08-17,0.162393162,0.076944972,0.076944972,0.076944972,0.076944972,
1992-08-18,0.153846154,0.074508484,0.074508484,0.074508484,0.074508484,
1992-08-19,0.153846154,0.072149148,0.072149148,0.072149148,0.072149148,
1992-08-20,0.153846154,0.069864521,0.069864521,0.069864521,0.069864521,
1992-08-21,0.162393162,0.067652238,0.067652238,0.067652238,0.067652238,
1992-08-22,0.170940171,0.065510007,0.065510007,0.065510007,0.065510007,
1992-08-23,0.179487179,0.063435611,0.063435611,0.063435611,0.063435611,
1992-08-24,0.179487179,0.061426902,0.061426902,0.061426902,0.061426902,
1992-08-25,0.170940171,0.059481798,0.059481798,0.059481798,0.059481798,
1992-08-26,0.170940171,0.057598287,0.057598287,0.057598287,0.057598287,
1992-08-27,0.162393162,0.055774419,0.055774419,0.055774419,0.055774419,
1992-08-28,0.162393162,0.054008303,0.054008303,0.054008303,0.054008303,
1992-08-29,0.162393162,0.052298112,0.052298112,0.052298112,0.052298112,
1992-08-30,0.188034188,0.050642075,0.050642075,0.050642075,0.050642075,
1992-08-31,0.188034188,0.049038477,0.049038477,0.049038477,0.049038477,
1992-09-01,0.188034188,0.047485657,0.047485657,0.047485657,0.047485657,
1992-09-02,0.188034188,0.045982008,0.045982008,0.045982008,0.045982008,
1992-09-03,0.188034188,0.044525973,0.044525973,0.044525973,0.044525973,
1992-09-04,0.213675214,0.043116043,0.043116043,0.043116043,0.043116043,
1992-09-05,0.196581197,0.041750759,0.041750759,0.041750759,0.041750759,
1992-09-06,0.188034188,0.040428708,0.040428708,0.040428708,0.040428708,
1992-09-07,0.179487179,0.039148519,0.039148519,0.039148519,0.039148519,
1992-09-08,0.179487179,0.037908868,0.037908868,0.037908868,0.037908868,
1992-09-09,0.170940171,0.038612255,0.038612255,0.038612255,0.038612255,
1992-09-10,0.170940171,0.038612255,0.038612255,0.038612255,0.038612255,
1992-09-11,0.170940171,0.038612255,0.038612255,0.038612255,0.038612255,
1992-09-12,0.179487179,0.038612255,0.038612255,0.038612255,0.038612255,
1992-09-13,0.179487179,0.038612255,0.038612255,0.038612255,0.038612255,
1992-09-14,0.170940171,0.038612255,0.038612255,0.038612255,0.038612255,
1992-09-15,0.170940171,0.038612255,0.038612255,0.038612255,0.038612255,
1992-09-16,0.170940171,0.038612255,0.038612255,0.038612255,0.038612255,
1992-09-17,0.170940171,0.038612255,0.038612255,0.038612255,0.038612255,
1992-09-18,0.170940171,0.038612255,0.038612255,0.038612255,0.038612255,
1992-09-19,0.170940171,0.038612255,0.038612255,0.038612255,0.038612255,
1992-09-20,0.162393162,0.038612255,0.038612255,0.038612255,0.038612255,
1992-09-21,0.162393162,0.038612255,0.038612255,0.038612255,0.038612255,
1992-09-22,0.162393162,0.038612255,0.038612255,0.038612255,0.038612255,
1992-09-23,0.162393162,0.038612255,0.038612255,0.038612255,0.038612255,
1992-09-24,0.170940171,0.038612255,0.038612255,0.038612255,0.038612255,
1992-09-25,0.179487179,0.038612255,0.038612255,0.038612255,0.038612255,
1992-09-26,0.170940171,0.038612255,0.038612255,0.038612255,0.038612255,
1992-09-27,0.170940171,0.038612255,0.038612255,0.038612255,0.038612255,
1992-09-28,0.170940171,0.038612255,0.038612255,0.038612255,0.038612255,
1992-09-29,0.162393162,0.038612255,0.038612255,0.038612255,0.038612255,
1992-09-30,0.162393162,0.038612255,0.038612255,0.038612255,0.038612255,
1992-10-01,0.188034188,0.038612255,0.038612255,0.038612255,0.038612255,
1992-10-02,0.264957265,0.133212279,0.133212279,0.133212279,0.133212279,
1992-10-03,0.256410256,0.129351053,0.129351053,0.129351053,0.129351053,
1992-10-04,0.247863248,0.117767377,0.117767377,0.117767377,0.117767377,
1992-10-05,0.230769231,0.110044926,0.110044926,0.110044926,0.110044926,
1992-10-06,0.213675214,0.079155122,0.079155122,0.079155122,0.079155122,
1992-10-07,0.205128205,0.055987769,0.055987769,0.055987769,0.055987769,
1992-10-08,0.205128205,0.044404093,0.044404093,0.044404093,0.044404093,
1992-10-09,0.196581197,0.043116043,0.043116043,0.043116043,0.043116043,
1992-10-10,0.196581197,0.041750759,0.041750759,0.041750759,0.041750759,
1992-10-11,0.196581197,0.040428708,0.040428708,0.040428708,0.040428708,
1992-10-12,0.188034188,0.039148519,0.039148519,0.039148519,0.039148519,
1992-10-13,0.196581197,0.037908868,0.037908868,0.037908868,0.037908868,
1992-10-14,0.196581197,0.038612255,0.038612255,0.038612255,0.038612255,
1992-10-15,0.213675214,0.038612255,0.038612255,0.038612255,0.038612255,
1992-10-16,0.222222222,0.038612255,0.038612255,0.038612255,0.038612255,
1992-10-17,0.222222222,0.039431181,0.038810388,0.038286943,0.037811201,
1992-10-18,0.222222222,0.040250108,0.039008522,0.037961631,0.037010147,
1992-10-19,0.230769231,0.041069035,0.039206655,0.037636318,0.036209093,
1992-10-20,0.230769231,0.041887962,0.039404789,0.037311006,0.035408039,
1992-10-21,0.358974359,0.187083637,0.173486268,0.162021127,0.151600852,
1992-10-22,0.307692308,0.116710985,0.10672334,0.098301877,0.090647896,
1992-10-23,0.264957265,0.069938527,0.063084917,0.057306034,0.052053804,
1992-10-24,0.256410256,0.057716081,0.051369429,0.046018009,0.041154285,
1992-10-25,0.264957265,0.049369981,0.043371255,0.038313201,0.033716108,
1992-10-26,0.264957265,0.047945511,0.041585835,0.036223432,0.031349726,
1992-10-27,0.264957265,0.047620449,0.040791723,0.035033822,0.029800662,
1992-10-28,0.282051282,0.064014406,0.054169593,0.045868565,0.038324042,
1992-10-29,1.709401709,0.436786748,0.36522509,0.304885154,0.250044241,
1992-10-30,2.051282051,2.176700076,1.798924945,1.480389458,1.190883407,
1992-10-31,1.025641026,0.784185273,0.640711676,0.51973645,0.409786188,
1992-11-01,0.760683761,0.970471799,0.784077465,0.626911985,0.484069634,
1992-11-02,0.632478632,1.195788123,0.95556786,0.753016999,0.568925422,
1992-11-03,0.555555556,1.201054162,0.949504463,0.737400757,0.544626925,
1992-11-04,0.504273504,0.54237729,0.424283148,0.324707576,0.234206731,
1992-11-05,0.478632479,0.440681143,0.341183788,0.257288805,0.181039513,
1992-11-06,0.444444444,0.390214904,0.29906413,0.222206884,0.152353952,
1992-11-07,0.435897436,0.495484597,0.375985751,0.275225749,0.183648416,
1992-11-08,0.427350427,0.502459115,0.37757594,0.272275937,0.176572351,
1992-11-09,0.418803419,0.393188958,0.292648543,0.207874063,0.130825427,
1992-11-10,0.418803419,0.309890733,0.228492445,0.159858378,0.097479214,
1992-11-11,0.418803419,0.287205823,0.209821096,0.144571217,0.085267825,
1992-11-12,0.418803419,0.230352772,0.166768598,0.113155181,0.064427772,
1992-11-13,0.401709402,0.233670949,0.167672043,0.112022552,0.061444626,
1992-11-14,0.401709402,0.221007145,0.157204694,0.103407229,0.054512545,
1992-11-15,0.393162393,0.271372381,0.191379026,0.123929583,0.062627082,
1992-11-16,0.384615385,0.271326354,0.191346566,0.123908563,0.062616459,
1992-11-17,0.393162393,0.223755986,0.157798677,0.10218426,0.051638212,
1992-11-18,0.401709402,0.239628927,0.168992697,0.10943307,0.055301355,
1992-11-19,0.418803419,0.27145152,0.191434837,0.123965724,0.062645345,
1992-11-20,0.444444444,0.402550777,0.283889522,0.183835767,0.092900318,
1992-11-21,0.418803419,0.367665493,0.259287491,0.167904453,0.084849522,
1992-11-22,0.52991453,0.52895692,0.373034499,0.241562572,0.122072217,
1992-11-23,0.495726496,0.528820668,0.37293841,0.241500349,0.122040773,
1992-11-24,0.452991453,0.497412919,0.35078883,0.227157146,0.11479252,
1992-11-25,0.444444444,0.434255876,0.306248802,0.198314763,0.100217193,
1992-11-26,0.435897436,0.358295883,0.252679793,0.163625565,0.082687212,
1992-11-27,0.521367521,0.358478163,0.252808342,0.163708808,0.082729278,
1992-11-28,0.487179487,0.434317246,0.306292082,0.198342789,0.100231356,
1992-11-29,0.444444444,0.402590965,0.283917864,0.18385412,0.092909592,
1992-11-30,0.435897436,0.352229199,0.248401406,0.160855049,0.081287148,
1992-12-01,0.435897436,0.321829447,0.226962692,0.146972175,0.074271519,
1992-12-02,0.435897436,0.309364799,0.21817229,0.141279854,0.071394939,
1992-12-03,0.452991453,0.315694901,0.222636447,0.144170668,0.072855794,
1992-12-04,0.435897436,0.296593714,0.209165781,0.135447591,0.068447639,
1992-12-05,0.435897436,0.586974926,0.413950341,0.268058073,0.135461562,
1992-12-06,0.64957265,0.848170832,0.598152645,0.387340291,0.195740126,
1992-12-07,1.282051282,0.815150612,0.574865907,0.372260709,0.188119748,
1992-12-08,1.452991453,0.512715063,0.361580308,0.234145286,0.118323935,
1992-12-09,12.13675214,5.409557071,3.814963626,2.470421445,1.248412867,
1992-12-10,6.153846154,7.967994298,5.619241653,3.638801427,1.838846781,
1992-12-11,4.188034188,4.461249988,3.146192231,2.03735121,1.029563385,
1992-12-12,2.564102564,2.186621959,1.542064004,0.998580422,0.504626711,
1992-12-13,1.965811966,1.602242941,1.129944367,0.73170784,0.36976423,
1992-12-14,1.623931624,1.333712187,0.940569332,0.609075964,0.307792936,
1992-12-15,1.452991453,1.191593571,0.840343502,0.544173631,0.274994926,
1992-12-16,1.282051282,1.144349025,0.80702539,0.522598123,0.264091871,
1992-12-17,1.282051282,1.176062866,0.829390835,0.537081111,0.271410763,
1992-12-18,1.367521368,1.128451086,0.79581374,0.515337896,0.260422958,
1992-12-19,1.282051282,1.128459958,0.795819997,0.515341948,0.260425006,
1992-12-20,1.025641026,1.144236203,0.806945825,0.5225466,0.264065834,
1992-12-21,1.025641026,1.160067731,0.81811064,0.529776498,0.26771942,
1992-12-22,0.94017094,1.096741715,0.773451448,0.50085695,0.253105097,
1992-12-23,0.94017094,1.081249724,0.762526084,0.49378211,0.249529869,
1992-12-24,0.854700855,1.208680049,0.85239334,0.551976636,0.278938129,
1992-12-25,0.94017094,1.28605915,0.906963142,0.587313908,0.29679561,
1992-12-26,0.854700855,1.287835414,0.908215811,0.588125087,0.297205535,
1992-12-27,0.94017094,1.302193537,0.918341541,0.594682115,0.30051909,
1992-12-28,0.94017094,1.477799022,1.042183203,0.674877138,0.341045171,
1992-12-29,1.367521368,1.697527098,1.197141291,0.775221944,0.391753825,
1992-12-30,2.393162393,1.967105099,1.387254872,0.898332074,0.453966801,
1992-12-31,1.965811966,1.965692676,1.386258793,0.897687052,0.453640843,
1993-01-01,1.623931624,2.014855498,1.420929724,0.920138593,0.464986596,
1993-01-02,1.965811966,2.107366584,1.486171004,0.962386298,0.486336224,
1993-01-03,1.709401709,2.109141554,1.48742276,0.963196886,0.48674585,
1993-01-04,1.196581197,2.107413359,1.486203991,0.962407659,0.486347019,
1993-01-05,1.111111111,2.046004663,1.442896944,0.934363706,0.472175173,
1993-01-06,1.282051282,2.013110691,1.41969924,0.919341779,0.464583931,
1993-01-07,2.136752137,12.94525042,9.129335144,5.91180088,2.987493613,
1993-01-08,6.495726496,9.879347641,6.967178902,4.511672944,2.279947241,
1993-01-09,5.299145299,5.063089601,3.570625544,2.312197647,1.168455407,
1993-01-10,3.931623932,3.323905655,2.344106736,1.51795197,0.767088051,
1993-01-11,3.247863248,2.567516714,1.810681123,1.172526377,0.59252927,
1993-01-12,2.136752137,2.423768886,1.709306329,1.106880019,0.559355272,
1993-01-13,4.273504274,4.88983658,3.448442903,2.23307694,1.128472225,
1993-01-14,9.230769231,6.104083467,4.304762125,2.787595824,1.408695064,
1993-01-15,5.641025641,3.799734077,2.679673604,1.735251967,0.876899319,
1993-01-16,6.666666667,3.560995687,2.511308937,1.626225585,0.821803482,
1993-01-17,5.982905983,2.906897311,2.044195317,1.323741048,0.66894471,
1993-01-18,5.47008547,2.467782705,1.730479294,1.120590805,0.566283936,
1993-01-19,4.786324786,2.205402802,1.54211577,0.998613943,0.50464365,
1993-01-20,6.837606838,5.44910554,3.799501328,2.460408665,1.243352968,
1993-01-21,9.829059829,12.74371951,8.860794302,5.737904319,2.899616014,
1993-01-22,14.1025641,22.81422524,15.81830613,10.24331724,5.17639979,
1993-01-23,12.82051282,11.95545277,8.266102697,5.352805262,2.705008483,
1993-01-24,10.25641026,7.34149256,5.061769355,3.27780414,1.656418937,
1993-01-25,7.692307692,5.503017232,3.783596124,2.450109076,1.238148132,
1993-01-26,6.153846154,4.721716418,3.237370351,2.096394599,1.059400613,
1993-01-27,4.957264957,4.296547312,2.937672184,1.902321772,0.961327057,
1993-01-28,4.358974359,3.930881099,2.680202061,1.735594176,0.877072253,
1993-01-29,3.846153846,3.730443772,2.536498792,1.642537551,0.830046638,
1993-01-30,3.504273504,3.459779138,2.34596588,1.519155879,0.767696439,
1993-01-31,3.247863248,3.273020338,2.213215909,1.433192182,0.724255193,
1993-02-01,2.991452991,3.114942922,2.100533111,1.360223203,0.687380752,
1993-02-02,2.820512821,3.124113928,2.100938039,1.360485419,0.687513261,
1993-02-03,2.64957265,3.141681378,2.106968447,1.364390475,0.689486658,
1993-02-04,2.564102564,3.0831297,2.062052695,1.335304789,0.674788378,
1993-02-05,2.735042735,3.752934276,2.503188404,1.620967045,0.81914611,
1993-02-06,2.905982906,3.830500171,2.547975296,1.649969287,0.833802221,
1993-02-07,2.820512821,3.839813655,2.547238104,1.64949191,0.833560982,
1993-02-08,3.760683761,4.869256136,3.221396546,2.086050587,1.054173327,
1993-02-09,4.871794872,5.41765594,3.574519403,2.314719158,1.169729637,
1993-02-10,4.273504274,4.270886663,2.810291937,1.819835298,0.919643006,
1993-02-11,4.358974359,3.858658129,2.532207649,1.639758775,0.828642399,
1993-02-12,3.846153846,3.325091575,2.176199501,1.409221802,0.712141904,
1993-02-13,3.58974359,3.096094265,2.020895233,1.308652824,0.661319965,
1993-02-14,3.418803419,2.933548311,1.909676628,1.236631999,0.624924668,
1993-02-15,3.247863248,2.88532201,1.889348452,1.223009361,0.61340245,
1993-02-16,3.162393162,2.73467806,1.801299741,1.165577045,0.580180874,
1993-02-17,3.333333333,2.940683596,1.948502742,1.2603568,0.622587609,
1993-02-18,4.871794872,4.172382442,2.781127021,1.798253887,0.881495372,
1993-02-19,8.376068376,5.789599278,3.882222143,2.509276203,1.220553317,
1993-02-20,7.35042735,4.574501486,3.08590178,1.993830769,0.9623049,
1993-02-21,6.153846154,3.633334891,2.465821374,1.592597842,0.762646281,
1993-02-22,5.384615385,3.140133268,2.144043797,1.384256859,0.657661639,
1993-02-23,5.384615385,3.126412069,2.14769614,1.3861001,0.653318593,
1993-02-24,4.700854701,2.754398965,1.903734118,1.228194033,0.574271731,
1993-02-25,4.188034188,2.451330447,1.704692488,1.099375042,0.509907526,
1993-02-26,3.846153846,2.310477075,1.616674676,1.042225757,0.479487311,
1993-02-27,3.58974359,2.201392747,1.549913506,0.998817571,0.455769796,
1993-02-28,3.333333333,2.08034961,1.473830462,0.949436639,0.429678166,
1993-03-01,3.162393162,2.105633187,1.501093137,0.966642863,0.433845149,
1993-03-02,3.076923077,2.219259783,1.592059789,1.024844409,0.456132564,
1993-03-03,3.162393162,2.812586348,2.030467923,1.306577127,0.576640646,
1993-03-04,3.162393162,3.07459845,2.233729525,1.43684546,0.628766639,
1993-03-05,3.162393162,3.991866856,2.918657683,1.876736911,0.814261264,
1993-03-06,3.504273504,5.939652862,4.370652528,2.80936052,1.20842599,
1993-03-07,3.846153846,7.560369763,5.59911875,3.597675868,1.534113871,
1993-03-08,4.273504274,8.347743592,6.222295658,3.996633815,1.689363841,
1993-03-09,4.786324786,8.615708589,6.463847124,4.150270013,1.738874551,
1993-03-10,5.042735043,8.221988428,6.20882274,3.985073145,1.654857252,
1993-03-11,5.384615385,8.933172951,6.790228995,4.356657469,1.792993646,
1993-03-12,5.641025641,9.950433096,7.61344229,4.883061717,1.99153001,
1993-03-13,6.153846154,12.15062122,9.358629256,6.000200356,2.4249197,
1993-03-14,8.205128205,17.48786357,13.5593746,8.690319083,3.479937081,
1993-03-15,8.547008547,15.54496214,12.13378637,7.773832159,3.08419194,
1993-03-16,8.461538462,12.81603041,10.07114355,6.450012415,2.535147711,
1993-03-17,25.81196581,40.39102547,32.08265701,20.58790652,8.391165841,
1993-03-18,20.34188034,26.83189838,21.54499596,13.85308372,5.846672845,
1993-03-19,15.04273504,18.49337933,15.01313218,9.672252559,4.221541128,
1993-03-20,12.39316239,16.23638116,13.3277192,8.603329087,3.878459962,
1993-03-21,11.28205128,16.52012062,13.71336605,8.86966595,4.125278462,
1993-03-22,10.68376068,17.72732756,14.88306087,9.64508514,4.623184669,
1993-03-23,13.07692308,25.82646833,21.93245462,14.24130498,7.02811988,
1993-03-24,24.27350427,20.86322223,17.92392788,11.66118299,5.919399535,
1993-03-25,25.81196581,13.96089224,12.13534784,7.910549819,4.126700657,
1993-03-26,19.65811966,10.31892289,9.07652669,5.928124257,3.175502643,
1993-03-27,15.64102564,8.451673216,7.523756022,4.92349657,2.705985985,
1993-03-28,12.90598291,7.509137714,6.766290353,4.436383265,2.499850838,
1993-03-29,11.1965812,8.735944088,7.968972595,5.235020989,3.022248123,
1993-03-30,10.25641026,10.30092815,9.514056019,6.26206606,3.701393811,
1993-03-31,10.08547009,11.51955353,10.77428359,7.105168438,4.297163748,
1993-04-01,11.96581197,13.75181473,13.02699978,8.60721422,5.323134831,
1993-04-02,9.743589744,9.581996205,9.194793885,6.086822511,3.847183019,
1993-04-03,9.145299145,9.272192284,9.014503827,5.978870011,3.859938583,
1993-04-04,10.08547009,12.72169584,12.53289688,8.328285642,5.48906769,
1993-04-05,9.145299145,10.12185467,10.10623143,6.728503332,4.525076494,
1993-04-06,8.290598291,7.721457716,7.814996412,5.212923292,3.575572284,
1993-04-07,7.863247863,7.583681288,7.781972313,5.200723813,3.636520074,
1993-04-08,7.777777778,11.0144202,11.46128624,7.674096804,5.467854917,
1993-04-09,9.572649573,23.01932836,24.29465658,16.29756556,11.82761912,
1993-04-10,8.461538462,16.32010906,17.47327282,11.74363511,8.677343,
1993-04-11,7.777777778,13.52545057,14.69349865,9.893913155,7.440354,
1993-04-12,7.179487179,11.80422405,13.01442535,8.779721373,6.717160495,
1993-04-13,6.752136752,10.78789579,12.07349213,8.160180814,6.349340495,
1993-04-14,6.495726496,11.15844832,12.67961187,8.585829667,6.791803675,
1993-04-15,6.581196581,13.83528084,15.96601356,10.83129856,8.707892884,
1993-04-16,6.41025641,14.91100793,17.16631763,11.84072174,9.670706506,
1993-04-17,6.752136752,13.31181411,15.28828403,10.72125341,8.89054323,
1993-04-18,7.35042735,11.35469561,13.00882047,9.274286235,7.804315016,
1993-04-19,6.41025641,8.653740196,9.89000732,7.167473029,6.11749118,
1993-04-20,6.239316239,10.26379683,11.70093028,8.619636983,7.458342514,
1993-04-21,6.239316239,14.65408429,16.66401685,12.47730426,10.94016942,
1993-04-22,6.239316239,16.17991019,18.3524773,13.96634251,12.40365852,
1993-04-23,5.982905983,14.94042967,16.9031635,13.07309472,11.7552691,
1993-04-24,5.726495726,10.28585226,11.60700213,9.122827061,8.302379413,
1993-04-25,5.47008547,10.77813216,12.13071904,9.688854781,8.920815675,
1993-04-26,5.299145299,14.70321309,16.50466614,13.39515478,12.47344544,
1993-04-27,5.213675214,16.87500246,18.89199388,15.57949696,14.66740819,
1993-04-28,5.128205128,19.2740912,21.51964651,18.03125405,17.15728021,
1993-04-29,5.128205128,22.97121382,25.57761559,21.77446521,20.93438025,
1993-04-30,5.213675214,24.92591411,27.67766882,23.93844907,23.24727746,
1993-05-01,5.128205128,22.96771917,25.43230914,22.34676697,21.91457938,
1993-05-02,4.957264957,24.36248956,26.90085593,24.01273725,23.77313728,
1993-05-03,5.213675214,28.70168199,31.6020365,28.65645509,28.63403788,
1993-05-04,4.957264957,21.8797688,24.02150987,22.12715477,22.30973978,
1993-05-05,4.52991453,17.04521687,18.65934053,17.45928169,17.75832253,
1993-05-06,4.273504274,20.82565851,22.73080381,21.60416508,22.16264656,
1993-05-07,4.102564103,21.98144331,23.92105977,23.09321432,23.88817032,
1993-05-08,3.931623932,24.33338142,26.40100521,25.88780488,26.99712767,
1993-05-09,3.760683761,25.15099136,27.20522207,27.09494013,28.48047968,
1993-05-10,3.58974359,30.59514208,32.99240212,33.37353533,35.35202675,
1993-05-11,3.504273504,32.77453286,35.2327982,36.19760233,38.63351788,
1993-05-12,3.418803419,26.3952311,28.28589085,29.5147955,31.73356717,
1993-05-13,3.247863248,16.02522004,17.11853091,18.14125539,19.64564308,
1993-05-14,3.076923077,18.96036798,20.18884167,21.72889657,23.69649939,
1993-05-15,2.905982906,22.56542051,23.94936429,26.17827306,28.7452099,
1993-05-16,2.820512821,24.82472788,26.26058824,29.15199652,32.22578852,
1993-05-17,2.64957265,25.01704567,26.62645061,29.93592222,33.28219579,
1993-05-18,2.564102564,24.04095459,25.74737904,29.31703712,32.77742616,
1993-05-19,2.564102564,26.79769431,28.88223972,33.30567489,37.44219182,
1993-05-20,2.564102564,27.0209424,29.31132564,34.23073618,38.69026691,
1993-05-21,2.478632479,22.33259778,24.38521296,28.83993525,32.77010045,
1993-05-22,2.478632479,20.59724601,22.64128509,27.11750568,30.97334185,
1993-05-23,2.307692308,21.80327262,24.13081534,29.26820149,33.60061762,
1993-05-24,2.307692308,22.60828811,25.19600863,30.94753334,35.70667516,
1993-05-25,3.247863248,25.70262122,28.84777031,35.88162571,41.60332358,
1993-05-26,2.905982906,21.36400068,24.15165543,30.42062203,35.44198505,
1993-05-27,2.564102564,17.16306248,19.54560391,24.93031687,29.18329519,
1993-05-28,2.307692308,13.95830348,16.01545567,20.68579188,24.32757548,
1993-05-29,2.222222222,13.06696291,15.10768703,19.75977692,23.3449749,
1993-05-30,2.136752137,13.82764857,16.11219254,21.33965526,25.32497134,
1993-05-31,4.017094017,31.72194898,37.25783432,49.9685772,59.56280487,
1993-06-01,2.991452991,17.21139796,20.37961539,27.67708399,33.13464838,
1993-06-02,2.564102564,12.8368532,15.32616416,21.07664947,25.34052543,
1993-06-03,2.307692308,10.73000241,12.91948395,17.9910382,21.72157073,
1993-06-04,2.735042735,13.71923518,16.66186518,23.49509848,28.4841306,
1993-06-05,3.162393162,11.79528459,14.45210398,20.63608885,25.11969071,
1993-06-06,2.991452991,7.846908288,9.701380093,14.02726429,17.14321682,
1993-06-07,3.162393162,8.087962014,10.0918922,14.77597433,18.12925082,
1993-06-08,2.905982906,8.554190175,10.77457836,15.97457163,19.6756905,
1993-06-09,2.564102564,9.47792554,12.05355349,18.09635984,22.37393245,
1993-06-10,2.393162393,11.22525362,14.41698059,21.9179448,27.20039529,
1993-06-11,2.307692308,9.917269326,12.86607499,19.80722428,24.67163132,
1993-06-12,2.136752137,8.885629606,11.64719138,18.15740772,22.69875983,
1993-06-13,2.136752137,9.338310196,12.3705069,19.52894233,24.5006047,
1993-06-14,2.051282051,10.28905141,13.77818611,22.02651566,27.73128564,
1993-06-15,1.965811966,9.886849166,13.38714082,21.67247385,27.38014123,
1993-06-16,1.88034188,8.811445614,11.88651009,19.70618523,24.99351782,
1993-06-17,1.88034188,8.849043359,11.89162051,20.19109139,25.70648881,
1993-06-18,1.709401709,9.224552886,12.34770702,21.47444188,27.44257608,
1993-06-19,1.709401709,8.981731361,11.97442063,21.3332235,27.36167586,
1993-06-20,1.623931624,8.204240878,10.89285806,19.88214455,25.59158009,
1993-06-21,1.623931624,6.627415031,8.762144346,16.38731168,21.16678461,
1993-06-22,1.538461538,5.329789039,7.016023251,13.44696876,17.42816466,
1993-06-23,1.538461538,4.70993989,6.172501088,12.12535571,15.76774899,
1993-06-24,1.452991453,4.543826631,5.927620436,11.9366198,15.57304128,
1993-06-25,1.452991453,4.81652279,6.253900179,12.91193389,16.8993555,
1993-06-26,1.452991453,4.933922029,6.375465512,13.49793916,17.72164182,
1993-06-27,1.367521368,4.608236669,5.925130145,12.86615571,16.94395196,
1993-06-28,1.367521368,3.881724112,4.965579684,11.06116279,14.6106242,
1993-06-29,1.367521368,3.059033279,3.892670567,8.89708222,11.78667115,
1993-06-30,1.282051282,2.902335749,3.673350786,8.616393145,11.44771872,
1993-07-01,1.282051282,2.86126995,3.601264444,8.671222362,11.55310512,
1993-07-02,1.282051282,2.646494255,3.311886789,8.187801589,10.93922339,
1993-07-03,1.282051282,2.330945765,2.899803423,7.3626933,9.863548963,
1993-07-04,1.196581197,2.014535434,2.490938776,6.497153019,8.727183816,
1993-07-05,1.196581197,1.758946525,2.161267702,5.79271422,7.801274208,
1993-07-06,1.196581197,1.629453472,1.989196068,5.480151773,7.399237202,
1993-07-07,1.111111111,1.528876563,1.853938303,5.251536189,7.108382208,
1993-07-08,1.111111111,1.37042984,1.650325912,4.808156244,6.524282133,
1993-07-09,1.111111111,1.107968093,1.324732025,3.971035452,5.401420033,
1993-07-10,1.111111111,0.983149645,1.166811527,3.599981583,4.908347551,
1993-07-11,1.111111111,0.832260682,0.980183595,3.113838743,4.255428782,
1993-07-12,1.025641026,0.742985961,0.868112674,2.840717245,3.891071779,
1993-07-13,1.025641026,0.700037108,0.811218407,2.735498005,3.755380908,
1993-07-14,1.025641026,0.533787417,0.61329997,2.132120222,2.933515847,
1993-07-15,1.025641026,0.455262598,0.518457728,1.859072437,2.563394645,
1993-07-16,1.025641026,0.382064092,0.431106826,1.595245389,2.204310454,
1993-07-17,1.025641026,0.346921291,0.388049717,1.364324536,1.875101264,
1993-07-18,0.94017094,0.320476049,0.355599897,1.189342667,1.625548124,
1993-07-19,0.94017094,0.316826185,0.348950535,1.11149354,1.510448029,
1993-07-20,0.94017094,0.316217647,0.345894106,1.050330985,1.418884959,
1993-07-21,0.94017094,0.270281869,0.293765208,0.85119456,1.142835741,
1993-07-22,0.94017094,0.251191851,0.27139736,0.751020141,1.001953741,
1993-07-23,0.94017094,0.264799106,0.284514559,0.752504761,0.997352317,
1993-07-24,0.94017094,0.312053741,0.333549303,0.843794363,1.110749218,
1993-07-25,0.854700855,0.272687933,0.290054446,0.702287333,0.917963248,
1993-07-26,0.854700855,0.235680719,0.249544622,0.578635253,0.750812013,
1993-07-27,0.854700855,0.239076076,0.252050293,0.560022244,0.721149933,
1993-07-28,0.837606838,0.244447366,0.25666687,0.546724019,0.698478871,
1993-07-29,0.837606838,0.20195812,0.211240282,0.43157307,0.546848869,
1993-07-30,0.820512821,0.174676372,0.182041442,0.356867794,0.448335105,
1993-07-31,0.803418803,0.139410932,0.144789239,0.272455342,0.339248906,
1993-08-01,0.769230769,0.138707046,0.14358784,0.259444349,0.320059258,
1993-08-02,0.752136752,0.137633827,0.142034758,0.246500674,0.301156144,
1993-08-03,0.743589744,0.112874415,0.116139716,0.193648919,0.234200919,
1993-08-04,0.743589744,0.092650623,0.095062716,0.152319102,0.182275041,
1993-08-05,0.726495726,0.094847478,0.097055664,0.149471857,0.176895458,
1993-08-06,0.717948718,0.0938709,0.095810268,0.141845484,0.165930626,
1993-08-07,0.717948718,0.075747085,0.077122701,0.109776008,0.126859875,
1993-08-08,0.709401709,0.077249883,0.078468514,0.107395419,0.122529673,
1993-08-09,0.700854701,0.076329868,0.077360011,0.101812745,0.114606159,
1993-08-10,0.692307692,0.067302343,0.068063935,0.086142019,0.095600283,
1993-08-11,0.700854701,0.067097023,0.06771626,0.082415213,0.09010555,
1993-08-12,0.700854701,0.066203522,0.066682112,0.078042516,0.083986161,
1993-08-13,0.692307692,0.062899209,0.063233264,0.071162803,0.075311454,
1993-08-14,0.692307692,0.062186216,0.062401984,0.067523706,0.070203337,
1993-08-15,0.692307692,0.064628272,0.06473819,0.06734734,0.06871242,
1993-08-16,0.717948718,0.113906151,0.113906151,0.113906151,0.113906151,
1993-08-17,0.675213675,0.110044926,0.110044926,0.110044926,0.110044926,
1993-08-18,0.641025641,0.108516572,0.108516572,0.108516572,0.108516572,
1993-08-19,0.632478632,0.102299335,0.102299335,0.102299335,0.102299335,
1993-08-20,0.641025641,0.101281673,0.101281673,0.101281673,0.101281673,
1993-08-21,0.641025641,0.09784717,0.09784717,0.09784717,0.09784717,
1993-08-22,0.615384615,0.094529131,0.094529131,0.094529131,0.094529131,
1993-08-23,0.598290598,0.091323609,0.091323609,0.091323609,0.091323609,
1993-08-24,0.58974359,0.088226788,0.088226788,0.088226788,0.088226788,
1993-08-25,0.58974359,0.085234981,0.085234981,0.085234981,0.085234981,
1993-08-26,0.581196581,0.082344628,0.082344628,0.082344628,0.082344628,
1993-08-27,0.572649573,0.079552287,0.079552287,0.079552287,0.079552287,
1993-08-28,0.564102564,0.076854636,0.076854636,0.076854636,0.076854636,
1993-08-29,0.555555556,0.074248464,0.074248464,0.074248464,0.074248464,
1993-08-30,0.555555556,0.071730668,0.071730668,0.071730668,0.071730668,
1993-08-31,0.555555556,0.069298251,0.069298251,0.069298251,0.069298251,
1993-09-01,0.555555556,0.066948319,0.066948319,0.066948319,0.066948319,
1993-09-02,0.538461538,0.064678073,0.064678073,0.064678073,0.064678073,
1993-09-03,0.52991453,0.062484813,0.062484813,0.062484813,0.062484813,
1993-09-04,0.52991453,0.060365927,0.060365927,0.060365927,0.060365927,
1993-09-05,0.521367521,0.058318894,0.058318894,0.058318894,0.058318894,
1993-09-06,0.52991453,0.057918382,0.057918382,0.057918382,0.057918382,
1993-09-07,0.521367521,0.057918382,0.057918382,0.057918382,0.057918382,
1993-09-08,0.512820513,0.057918382,0.057918382,0.057918382,0.057918382,
1993-09-09,0.495726496,0.057918382,0.057918382,0.057918382,0.057918382,
1993-09-10,0.487179487,0.057918382,0.057918382,0.057918382,0.057918382,
1993-09-11,0.487179487,0.057918382,0.057918382,0.057918382,0.057918382,
1993-09-12,0.487179487,0.057918382,0.057918382,0.057918382,0.057918382,
1993-09-13,0.478632479,0.057918382,0.057918382,0.057918382,0.057918382,
1993-09-14,0.487179487,0.057918382,0.057918382,0.057918382,0.057918382,
1993-09-15,0.495726496,0.057918382,0.057918382,0.057918382,0.057918382,
1993-09-16,0.504273504,0.057918382,0.057918382,0.057918382,0.057918382,
1993-09-17,0.52991453,0.057918382,0.057918382,0.057918382,0.057918382,
1993-09-18,0.555555556,0.057918382,0.057918382,0.057918382,0.057918382,
1993-09-19,0.52991453,0.057918382,0.057918382,0.057918382,0.057918382,
1993-09-20,0.512820513,0.057918382,0.057918382,0.057918382,0.057918382,
1993-09-21,0.495726496,0.057918382,0.057918382,0.057918382,0.057918382,
1993-09-22,0.495726496,0.057918382,0.057918382,0.057918382,0.057918382,
1993-09-23,0.495726496,0.057918382,0.057918382,0.057918382,0.057918382,
1993-09-24,0.478632479,0.057918382,0.057918382,0.057918382,0.057918382,
1993-09-25,0.478632479,0.058858501,0.058858501,0.058858501,0.058858501,
1993-09-26,0.47008547,0.057918382,0.057918382,0.057918382,0.057918382,
1993-09-27,0.452991453,0.057918382,0.057918382,0.057918382,0.057918382,
1993-09-28,0.444444444,0.057918382,0.057918382,0.057918382,0.057918382,
1993-09-29,0.444444444,0.057918382,0.057918382,0.057918382,0.057918382,
1993-09-30,0.444444444,0.057918382,0.057918382,0.057918382,0.057918382,
1993-10-01,0.444444444,0.057918382,0.057918382,0.057918382,0.057918382,
1993-10-02,0.435897436,0.057918382,0.057918382,0.057918382,0.057918382,
1993-10-03,0.435897436,0.057918382,0.057918382,0.057918382,0.057918382,
1993-10-04,0.444444444,0.057918382,0.057918382,0.057918382,0.057918382,
1993-10-05,0.478632479,0.151632332,0.151632332,0.151632332,0.151632332,
1993-10-06,0.512820513,0.148026496,0.148026496,0.148026496,0.148026496,
1993-10-07,0.504273504,0.143006857,0.143006857,0.143006857,0.143006857,
1993-10-08,0.495726496,0.138157435,0.138157435,0.138157435,0.138157435,
1993-10-09,0.495726496,0.133472459,0.133472459,0.133472459,0.133472459,
1993-10-10,0.487179487,0.128946353,0.128946353,0.128946353,0.128946353,
1993-10-11,0.512820513,0.124573728,0.124573728,0.124573728,0.124573728,
1993-10-12,0.564102564,0.120349382,0.120349382,0.120349382,0.120349382,
1993-10-13,0.538461538,0.116268284,0.116268284,0.116268284,0.116268284,
1993-10-14,0.581196581,0.140401208,0.140401208,0.140401208,0.140401208,
1993-10-15,1.025641026,0.315356982,0.315356982,0.315356982,0.315356982,
1993-10-16,0.94017094,0.350089786,0.350089786,0.350089786,0.350089786,
1993-10-17,0.717948718,0.188622674,0.185899413,0.184464516,0.182256311,
1993-10-18,0.632478632,0.184244148,0.17901356,0.176257542,0.172016226,
1993-10-19,0.58974359,0.192513128,0.184450755,0.180202659,0.17366514,
1993-10-20,0.581196581,0.193539964,0.182908692,0.177307032,0.168686476,
1993-10-21,0.572649573,0.181088606,0.168853602,0.162406929,0.152485959,
1993-10-22,0.564102564,0.150358605,0.138360233,0.132038243,0.122309151,
1993-10-23,0.547008547,0.109865924,0.09979634,0.094490636,0.086325535,
1993-10-24,0.538461538,0.097994325,0.087886593,0.082560789,0.074364756,
1993-10-25,0.52991453,0.095466118,0.084555024,0.078805925,0.069958471,
1993-10-26,0.512820513,0.082632461,0.072294394,0.066847226,0.058464421,
1993-10-27,0.504273504,0.076813691,0.066397053,0.060908485,0.052461969,
1993-10-28,0.504273504,0.0724218,0.061862207,0.056298316,0.047735883,
1993-10-29,0.512820513,0.071517665,0.060381293,0.054513495,0.045483371,
1993-10-30,0.504273504,0.072034827,0.060124175,0.053848405,0.044190441,
1993-10-31,0.504273504,0.073043144,0.060281731,0.053557692,0.043209874,
1993-11-01,0.504273504,0.074051461,0.060439288,0.053266979,0.042229307,
1993-11-02,0.495726496,0.075059779,0.060596844,0.052976267,0.04124874,
1993-11-03,0.495726496,0.076068096,0.060754401,0.052685554,0.040268173,
1993-11-04,0.495726496,0.077076414,0.060911958,0.052394841,0.039287606,
1993-11-05,0.495726496,0.078084731,0.061069514,0.052104129,0.038307038,
1993-11-06,0.495726496,0.079093049,0.061227071,0.051813416,0.037326471,
1993-11-07,0.495726496,0.080101366,0.061384628,0.051522703,0.036345904,
1993-11-08,0.495726496,0.081109684,0.061542184,0.051231991,0.035365337,
1993-11-09,0.495726496,0.082118001,0.061699741,0.050941278,0.03438477,
1993-11-10,0.487179487,0.083126319,0.061857297,0.050650565,0.033404202,
1993-11-11,0.52991453,0.084134636,0.062014854,0.050359853,0.032423635,
1993-11-12,0.632478632,0.286195531,0.208983425,0.16830006,0.105691255,
1993-11-13,0.58974359,0.231041441,0.167157202,0.133496343,0.081694675,
1993-11-14,0.572649573,0.099205773,0.071123823,0.056327331,0.033556584,
1993-11-15,0.564102564,0.098458038,0.069956428,0.054938816,0.031827779,
1993-11-16,0.572649573,0.095119286,0.067584176,0.053075818,0.030748486,
1993-11-17,0.572649573,0.091893751,0.065292369,0.051275995,0.029705792,
1993-11-18,0.572649573,0.088777596,0.063078278,0.049537204,0.028698456,
1993-11-19,0.572649573,0.088167906,0.06264508,0.049197002,0.028501367,
1993-11-20,0.555555556,0.088167906,0.06264508,0.049197002,0.028501367,
1993-11-21,0.555555556,0.088167906,0.06264508,0.049197002,0.028501367,
1993-11-22,0.606837607,0.163724441,0.116329527,0.091356958,0.052925951,
1993-11-23,0.64957265,0.178574105,0.126880513,0.099642954,0.057726289,
1993-11-24,0.598290598,0.16977922,0.12063157,0.094735478,0.054883234,
1993-11-25,0.58974359,0.163760031,0.116354814,0.091376817,0.052937456,
1993-11-26,0.572649573,0.166853974,0.118553123,0.093103213,0.053937612,
1993-11-27,0.572649573,0.166727709,0.11846341,0.093032758,0.053896795,
1993-11-28,0.598290598,0.184516303,0.131102565,0.102958654,0.059647178,
1993-11-29,0.854700855,0.445939762,0.31684922,0.2488309,0.144155546,
1993-11-30,1.111111111,0.504881601,0.358728589,0.281719986,0.163209225,
1993-12-01,0.794871795,0.414693122,0.294647851,0.23139552,0.134054683,
1993-12-02,0.709401709,0.35577354,0.252784296,0.198518853,0.115008199,
1993-12-03,0.658119658,0.314780284,0.223657759,0.175644937,0.101756622,
1993-12-04,0.658119658,0.305823241,0.217293598,0.170646977,0.098861147,
1993-12-05,0.632478632,0.297158244,0.211136943,0.165811977,0.096060079,
1993-12-06,0.615384615,0.285406146,0.20278684,0.159254398,0.092261068,
1993-12-07,0.58974359,0.267635962,0.190160764,0.149338774,0.086516636,
1993-12-08,0.94017094,0.317749569,0.225767496,0.177301775,0.10271648,
1993-12-09,2.307692308,0.943597154,0.670444863,0.526519834,0.305029455,
1993-12-10,1.111111111,0.767417458,0.545265625,0.428212941,0.248077189,
1993-12-11,1.025641026,0.649715702,0.461636147,0.362536281,0.21002864,
1993-12-12,0.94017094,0.502920986,0.357335532,0.280625978,0.162575431,
1993-12-13,0.837606838,0.502924609,0.357338107,0.280627999,0.162576603,
1993-12-14,1.025641026,0.444005779,0.315475086,0.247751753,0.143530362,
1993-12-15,0.811965812,0.444161196,0.315585513,0.247838474,0.143580602,
1993-12-16,0.760683761,0.414627346,0.294601115,0.231358817,0.13403342,
1993-12-17,0.769230769,0.489443414,0.347759445,0.273105598,0.15821864,
1993-12-18,0.760683761,0.459918156,0.326781152,0.256630735,0.148674235,
1993-12-19,0.760683761,0.43068924,0.306013416,0.240321228,0.139225626,
1993-12-20,0.760683761,0.430705562,0.306025014,0.240330336,0.139230902,
1993-12-21,0.760683761,0.418811094,0.297573753,0.233693316,0.135385868,
1993-12-22,0.760683761,0.418970622,0.297687101,0.233782331,0.135437438,
1993-12-23,0.692307692,0.430591218,0.30594377,0.240266533,0.139193939,
1993-12-24,0.666666667,0.430751201,0.306057441,0.240355802,0.139245656,
1993-12-25,0.64957265,0.430612454,0.305958858,0.240278382,0.139200804,
1993-12-26,0.658119658,0.430771122,0.306071595,0.240366918,0.139252095,
1993-12-27,0.658119658,0.460175243,0.326963817,0.256774187,0.148757341,
1993-12-28,0.658119658,0.460037569,0.326865997,0.256697366,0.148712836,
1993-12-29,0.658119658,0.460196237,0.326978734,0.256785902,0.148764128,
1993-12-30,0.658119658,0.460066637,0.326886651,0.256713586,0.148722233,
1993-12-31,0.658119658,0.460223144,0.326997852,0.256800916,0.148772826,
1994-01-01,0.658119658,0.460007772,0.326844826,0.25668074,0.148703204,
1994-01-02,0.666666667,0.459868697,0.32674601,0.256603137,0.148658246,
1994-01-03,0.666666667,0.460032778,0.326862593,0.256694693,0.148711287,
1994-01-04,0.94017094,0.87134674,0.619109482,0.486204668,0.281673615,
1994-01-05,1.452991453,1.297030989,0.921566751,0.72373315,0.419281316,
1994-01-06,1.025641026,0.797272165,0.566477999,0.444871634,0.257728092,
1994-01-07,0.854700855,0.650477303,0.46217728,0.362961249,0.210274837,
1994-01-08,0.803418803,0.635908584,0.451825911,0.354832018,0.205565318,
1994-01-09,0.760683761,0.562172184,0.399434707,0.313687683,0.181729114,
1994-01-10,0.735042735,0.532934529,0.378660762,0.2973733,0.172277681,
1994-01-11,0.717948718,0.503400533,0.35767626,0.280893561,0.162730451,
1994-01-12,0.700854701,0.474162879,0.336902316,0.264579179,0.153279018,
1994-01-13,0.683760684,0.503411491,0.357684046,0.280899675,0.162733993,
1994-01-14,0.666666667,0.53295244,0.378673488,0.297383294,0.172283471,
1994-01-15,0.666666667,0.577165135,0.410087502,0.322053632,0.186575771,
1994-01-16,0.666666667,0.562207338,0.399459685,0.313707299,0.181740479,
1994-01-17,0.666666667,0.622743014,0.441213307,0.346497631,0.200736947,
1994-01-18,0.666666667,0.712822445,0.503601758,0.395493095,0.229121556,
1994-01-19,0.64957265,0.803658578,0.566169431,0.444629307,0.257587705,
1994-01-20,0.641025641,0.86510406,0.607735991,0.477272734,0.276499066,
1994-01-21,0.623931624,0.896934381,0.628321397,0.493439052,0.285864721,
1994-01-22,0.615384615,0.839684241,0.586562825,0.460644832,0.266866,
1994-01-23,0.94017094,0.961605527,0.669846985,0.526050303,0.304757442,
1994-01-24,1.025641026,0.934203785,0.648937928,0.509629812,0.295244536,
1994-01-25,0.854700855,0.87602309,0.606823943,0.476556476,0.276084115,
1994-01-26,0.820512821,0.818096521,0.56511918,0.443804514,0.257109876,
1994-01-27,0.777777778,0.72948802,0.502510019,0.394635721,0.228624852,
1994-01-28,0.743589744,0.700869717,0.481457121,0.378102268,0.219046504,
1994-01-29,0.666666667,0.687723379,0.471118927,0.369983384,0.21434298,
1994-01-30,0.666666667,0.704388184,0.481202574,0.377902365,0.218930694,
1994-01-31,0.658119658,0.706299286,0.48117873,0.37788364,0.218919846,
1994-02-01,0.658119658,0.646488841,0.439221012,0.344933024,0.199830521,
1994-02-02,0.64957265,0.648252281,0.439210971,0.344925139,0.199825953,
1994-02-03,0.666666667,0.649857559,0.439093464,0.344832857,0.199772491,
1994-02-04,0.666666667,0.651307424,0.43887122,0.344658322,0.199671377,
1994-02-05,0.666666667,0.591261652,0.397324783,0.312030698,0.180769171,
1994-02-06,0.692307692,0.639162591,0.428346023,0.33639258,0.194882773,
1994-02-07,0.717948718,0.749717609,0.501073134,0.393507293,0.227971118,
1994-02-08,0.752136752,0.720162929,0.480017133,0.376971404,0.218391359,
1994-02-09,0.769230769,0.659345778,0.438292781,0.344204058,0.199408208,
1994-02-10,0.786324786,0.770999917,0.511131987,0.401406803,0.232547552,
1994-02-11,0.786324786,0.756645501,0.500266408,0.392873748,0.227604086,
1994-02-12,0.786324786,0.758636492,0.500236387,0.392850171,0.227590427,
1994-02-13,0.786324786,0.697287334,0.458551882,0.360114119,0.208625405,
1994-02-14,0.786324786,0.715052842,0.468978006,0.368302057,0.213368934,
1994-02-15,0.794871795,0.6956128,0.458915508,0.360264522,0.207146469,
1994-02-16,0.803418803,0.660667895,0.438439874,0.344061524,0.1963357,
1994-02-17,0.820512821,0.720211285,0.480794392,0.377157688,0.213585162,
1994-02-18,0.837606838,0.685173562,0.460133414,0.360815393,0.202766223,
1994-02-19,0.854700855,0.666288963,0.450132829,0.352841688,0.196756939,
1994-02-20,0.854700855,0.678142053,0.460898133,0.361145557,0.199824567,
1994-02-21,0.854700855,0.705253174,0.482221931,0.377713592,0.207358644,
1994-02-22,0.854700855,0.67100733,0.461592096,0.361420308,0.196852594,
1994-02-23,0.854700855,0.697491768,0.482737521,0.377836562,0.204163171,
1994-02-24,0.854700855,0.739084867,0.514658272,0.402671435,0.215846238,
1994-02-25,0.94017094,0.899001372,0.629868103,0.492629737,0.261944663,
1994-02-26,1.025641026,1.176423908,0.829334601,0.648395719,0.341978641,
1994-02-27,1.623931624,1.67178444,1.185864599,0.926797825,0.484828357,
1994-02-28,1.538461538,1.70683978,1.21828473,0.951784115,0.493809533,
1994-03-01,1.452991453,2.051901495,1.473758239,1.150948387,0.592199874,
1994-03-02,1.538461538,2.636049821,1.905239863,1.48737136,0.758920586,
1994-03-03,1.623931624,2.98266187,2.169397481,1.692969911,0.856570658,
1994-03-04,1.623931624,2.879936565,2.107997036,1.644449939,0.824980688,
1994-03-05,1.965811966,5.977807199,4.403459337,3.433882297,1.708005964,
1994-03-06,2.307692308,5.404588756,4.006756499,3.123383541,1.540215058,
1994-03-07,2.136752137,4.512817122,3.367205256,2.623874808,1.282690762,
1994-03-08,2.051282051,4.627961922,3.475495228,2.707269974,1.311908315,
1994-03-09,2.051282051,5.160154374,3.900392732,3.037139622,1.458812539,
1994-03-10,2.222222222,5.880882019,4.47425422,3.482722105,1.658004104,
1994-03-11,2.478632479,5.529439636,4.234536102,3.294928165,1.554581476,
1994-03-12,2.307692308,4.221203219,3.254030784,2.531068564,1.183424011,
1994-03-13,2.222222222,4.537990136,3.521469565,2.738095117,1.268590756,
1994-03-14,2.307692308,6.586827207,5.145482979,3.999385545,1.835988158,
1994-03-15,2.478632479,8.193871857,6.443816868,5.006717039,2.27719229,
1994-03-16,2.478632479,8.306283527,6.57627187,5.107784245,2.301521937,
1994-03-17,2.222222222,5.684106952,4.548432757,3.539716538,1.653512212,
1994-03-18,2.136752137,5.806064539,4.696333364,3.661997822,1.770981288,
1994-03-19,2.136752137,5.768548218,4.71707977,3.685389425,1.842804215,
1994-03-20,2.051282051,5.204351603,4.30285027,3.368340183,1.739372655,
1994-03-21,1.965811966,6.338612348,5.299332666,4.156511596,2.214123197,
1994-03-22,1.965811966,6.329794483,5.351921125,4.205950686,2.308762438,
1994-03-23,1.794871795,4.223283249,3.611772691,2.84393787,1.607132796,
1994-03-24,1.623931624,3.242975091,2.805577364,2.213429708,1.28651207,
1994-03-25,1.538461538,2.793121683,2.444762272,1.932513274,1.154277743,
1994-03-26,1.452991453,2.556283705,2.264045263,1.793130509,1.099724865,
1994-03-27,1.452991453,3.696557279,3.313335226,2.629248901,1.654445119,
1994-03-28,1.452991453,6.210165474,5.63413352,4.479520994,2.889901264,
1994-03-29,1.452991453,7.103112637,6.523706554,5.196794834,3.434920051,
1994-03-30,1.452991453,8.085621556,7.518795223,6.001015147,4.061155728,
1994-03-31,1.452991453,8.625173726,8.121961287,6.494882493,4.497472524,
1994-04-01,1.367521368,7.859206954,7.495504521,6.005425449,4.252603852,
1994-04-02,1.367521368,8.590963191,8.299764984,6.662540254,4.821906673,
1994-04-03,1.367521368,9.517481789,9.315848387,7.492490894,5.539088035,
1994-04-04,1.367521368,7.14885717,7.090714893,5.71376298,4.31264063,
1994-04-05,1.282051282,5.957167205,5.988594972,4.834862795,3.723917533,
1994-04-06,1.196581197,5.907577555,6.020148397,4.869586213,3.825585786,
1994-04-07,1.196581197,4.360313899,4.505170717,3.651072054,2.92428777,
1994-04-08,1.282051282,4.208738924,4.409879103,3.580624409,2.922565696,
1994-04-09,1.367521368,3.600824978,3.826888656,3.113146031,2.588394535,
1994-04-10,1.282051282,3.097286577,3.33952574,2.721815592,2.304315858,
1994-04-11,1.196581197,3.399903013,3.719826361,3.037494251,2.617488335,
1994-04-12,1.111111111,5.10270027,5.666369175,4.63569891,4.064531905,
1994-04-13,1.111111111,7.184067003,8.098837774,6.638183903,5.919931838,
1994-04-14,1.025641026,9.023530027,10.32947418,8.482418443,7.691499529,
1994-04-15,1.025641026,11.19383536,13.01473052,10.70755303,9.868761231,
1994-04-16,1.025641026,13.1818515,15.29045151,12.78535796,11.96644539,
1994-04-17,0.94017094,14.15072343,16.37565561,13.91588182,13.21966191,
1994-04-18,0.94017094,15.16443403,17.50696029,15.11907235,14.57072641,
1994-04-19,0.94017094,16.90082401,19.46457982,17.08227357,16.69352502,
1994-04-20,0.94017094,15.18786558,17.44915613,15.56130964,15.41362357,
1994-04-21,0.854700855,13.109177,15.02385367,13.61475769,13.6629344,
1994-04-22,0.854700855,11.16256865,12.76103144,11.75054253,11.94250388,
1994-04-23,0.854700855,8.558822708,9.759748938,9.131497203,9.39547932,
1994-04-24,0.94017094,5.043838412,5.736880341,5.453796012,5.678831656,
1994-04-25,1.025641026,4.238000777,4.807867235,4.643920465,4.891914152,
1994-04-26,1.111111111,3.630016328,4.107365742,4.030837051,4.294184654,
1994-04-27,1.196581197,3.863187226,4.359635967,4.346832354,4.681807157,
1994-04-28,1.196581197,3.964970948,4.462520337,4.520492921,4.92097554,
1994-04-29,1.111111111,4.432786588,4.97552081,5.120590569,5.632295274,
1994-04-30,1.111111111,4.751595747,5.318733922,5.561085339,6.178815941,
1994-05-01,1.025641026,5.572453678,6.220245997,6.607290207,7.413695151,
1994-05-02,0.94017094,6.764266981,7.529378437,8.125218979,9.204538321,
1994-05-03,0.94017094,7.904546871,8.773590247,9.618556073,10.9983301,
1994-05-04,0.854700855,9.00750655,9.968994019,11.10293429,12.81159082,
1994-05-05,0.854700855,8.773403719,9.681559931,10.95428014,12.75263614,
1994-05-06,0.94017094,12.7375695,14.01451426,16.10896542,18.91649822,
1994-05-07,1.111111111,9.4584075,10.37545688,12.11568016,14.347873,
1994-05-08,1.025641026,9.190463916,10.05095915,11.92339076,14.23702136,
1994-05-09,0.94017094,15.05326337,16.41210934,19.77925603,23.80812151,
1994-05-10,0.854700855,13.48192572,14.65317708,17.94043899,21.76523019,
1994-05-11,0.837606838,13.64783976,14.7867256,18.39214111,22.48534647,
1994-05-12,0.794871795,11.69903362,12.63479088,15.96582977,19.66621073,
1994-05-13,0.777777778,9.783452464,10.53177433,13.52051246,16.77689765,
1994-05-14,0.743589744,8.173037091,8.769305338,11.43749322,14.29448616,
1994-05-15,0.743589744,5.956522737,6.36982393,8.440610946,10.62338768,
1994-05-16,0.752136752,3.870477211,4.125078513,5.553504051,7.037885527,
1994-05-17,0.777777778,2.955930897,3.169250813,4.319943819,5.505284311,
1994-05-18,0.854700855,2.735481173,2.950798532,4.072385339,5.218364949,
1994-05-19,1.025641026,2.844721884,3.087730929,4.314576676,5.55861038,
1994-05-20,0.854700855,2.794461783,3.052413941,4.318507152,5.593244205,
1994-05-21,0.811965812,2.912512707,3.201931832,4.586656531,5.971578624,
1994-05-22,0.760683761,3.180028685,3.519081305,5.103994895,6.67924991,
1994-05-23,0.735042735,3.296628542,3.672645423,5.393367491,7.093567771,
1994-05-24,0.709401709,3.492645724,3.91771404,5.825289804,7.69968875,
1994-05-25,0.683760684,3.669580803,4.14499684,6.240464695,8.288731826,
1994-05-26,0.675213675,3.336855272,3.79609388,5.786849018,7.723147435,
1994-05-27,0.658119658,2.914810194,3.340150021,5.155711943,6.913344312,
1994-05-28,0.641025641,2.498838711,2.884804896,4.508810621,6.0740182,
1994-05-29,0.623931624,2.13984099,2.489148855,3.939355163,5.331160678,
1994-05-30,0.606837607,1.952525392,2.28890692,3.668068183,4.986379628,
1994-05-31,0.683760684,2.148263494,2.538367028,4.119129068,5.624373609,
1994-06-01,0.615384615,1.717383347,2.045716438,3.361594218,4.610044475,
1994-06-02,0.598290598,1.3181435,1.583181658,2.634432489,3.628347831,
1994-06-03,0.58974359,1.102072583,1.334902265,2.249418757,3.111184699,
1994-06-04,0.581196581,0.867931326,1.060425411,1.809564158,2.5132483,
1994-06-05,0.581196581,0.72957665,0.899308168,1.554119354,2.167327979,
1994-06-06,0.58974359,0.729674755,0.907612313,1.588428226,2.224130506,
1994-06-07,0.581196581,0.660040225,0.828645766,1.468714547,2.064698372,
1994-06-08,0.572649573,0.519258681,0.658123394,1.181374036,1.6672776,
1994-06-09,0.547008547,0.43268735,0.553763329,1.006761781,1.426342357,
1994-06-10,0.52991453,0.415606062,0.537234227,0.989236056,1.406855194,
1994-06-11,0.512820513,0.355293479,0.463991933,0.865350836,1.235294331,
1994-06-12,0.504273504,0.301030095,0.397272536,0.750461009,1.075256349,
1994-06-13,0.495726496,0.25415169,0.339035998,0.648718049,0.932873803,
1994-06-14,0.487179487,0.234778539,0.316671608,0.613766463,0.885790402,
1994-06-15,0.487179487,0.205020804,0.279689142,0.549120028,0.795306142,
1994-06-16,0.487179487,0.178165622,0.242174538,0.486558349,0.707373663,
1994-06-17,0.487179487,0.151748593,0.205501742,0.422568788,0.616629516,
1994-06-18,0.478632479,0.150595334,0.203163823,0.427629562,0.626288782,
1994-06-19,0.461538462,0.124600533,0.167438318,0.360813694,0.530320035,
1994-06-20,0.452991453,0.123272723,0.164989502,0.364050966,0.536950656,
1994-06-21,0.444444444,0.113031601,0.150659309,0.340450609,0.503864147,
1994-06-22,0.435897436,0.097431143,0.129315643,0.299322812,0.444485076,
1994-06-23,0.427350427,0.076186682,0.100678748,0.238747834,0.355702212,
1994-06-24,0.418803419,0.072199055,0.09498211,0.230803667,0.344978587,
1994-06-25,0.41025641,0.065982236,0.086403754,0.215190648,0.322662489,
1994-06-26,0.401709402,0.050180363,0.065399719,0.166975073,0.251146125,
1994-06-27,0.393162393,0.04916412,0.063762516,0.16692674,0.251840364,
1994-06-28,0.384615385,0.045601362,0.058844495,0.157999462,0.239086556,
1994-06-29,0.367521368,0.039072061,0.050157742,0.138161398,0.209682701,
1994-06-30,0.358974359,0.037788058,0.048250239,0.136383611,0.207582755,
1994-07-01,0.35042735,0.036119983,0.04586611,0.13307277,0.203118265,
1994-07-02,0.35042735,0.034519659,0.043584588,0.129834856,0.198728373,
1994-07-03,0.35042735,0.029635389,0.03719786,0.113807277,0.174673124,
1994-07-04,0.35042735,0.022855401,0.028513576,0.089626552,0.137930233,
1994-07-05,0.341880342,0.020193033,0.025033997,0.080871258,0.12478532,
1994-07-06,0.341880342,0.016763968,0.020647946,0.068576166,0.106088749,
1994-07-07,0.333333333,0.016401628,0.020065912,0.068540716,0.106304688,
1994-07-08,0.324786325,0.015657322,0.019022014,0.066851143,0.103944515,
1994-07-09,0.316239316,0.014943709,0.018024107,0.065199846,0.101627223,
1994-07-10,0.307692308,0.01425959,0.017070324,0.063586096,0.099352462,
1994-07-11,0.299145299,0.014309336,0.016996908,0.065225105,0.102156715,
1994-07-12,0.299145299,0.014094501,0.016606758,0.065684294,0.103117516,
1994-07-13,0.290598291,0.013879665,0.016216608,0.066143484,0.104078317,
1994-07-14,0.290598291,0.01366483,0.015826457,0.066602673,0.105039118,
1994-07-15,0.282051282,0.013449994,0.015436307,0.067061863,0.105999919,
1994-07-16,0.282051282,0.013235159,0.015046157,0.067521052,0.10696072,
1994-07-17,0.282051282,0.014053775,0.015806353,0.06658851,0.104755931,
1994-07-18,0.273504274,0.014872391,0.01656655,0.065655968,0.102551142,
1994-07-19,0.264957265,0.015691007,0.017326747,0.064723427,0.100346353,
1994-07-20,0.273504274,0.016509623,0.018086944,0.063790885,0.098141564,
1994-07-21,0.273504274,0.017328239,0.01884714,0.062858343,0.095936774,
1994-07-22,0.273504274,0.018146855,0.019607337,0.061925801,0.093731985,
1994-07-23,0.264957265,0.018965471,0.020367534,0.060993259,0.091527196,
1994-07-24,0.264957265,0.019784087,0.02112773,0.060060717,0.089322407,
1994-07-25,0.256410256,0.020602703,0.021887927,0.059128175,0.087117617,
1994-07-26,0.256410256,0.021421319,0.022648124,0.058195634,0.084912828,
1994-07-27,0.247863248,0.022239935,0.023408321,0.057263092,0.082708039,
1994-07-28,0.247863248,0.023058551,0.024168517,0.05633055,0.08050325,
1994-07-29,0.239316239,0.023877167,0.024928714,0.055398008,0.078298461,
1994-07-30,0.247863248,0.024695783,0.025688911,0.054465466,0.076093671,
1994-07-31,0.247863248,0.025514399,0.026449107,0.053532924,0.073888882,
1994-08-01,0.239316239,0.026333015,0.027209304,0.052600382,0.071684093,
1994-08-02,0.239316239,0.027151631,0.027969501,0.051667841,0.069479304,
1994-08-03,0.230769231,0.027970247,0.028729697,0.050735299,0.067274515,
1994-08-04,0.230769231,0.028788863,0.029489894,0.049802757,0.065069725,
1994-08-05,0.222222222,0.029607479,0.030250091,0.048870215,0.062864936,
1994-08-06,0.222222222,0.030426095,0.031010288,0.047937673,0.060660147,
1994-08-07,0.213675214,0.031244711,0.031770484,0.047005131,0.058455358,
1994-08-08,0.213675214,0.032063327,0.032530681,0.04607259,0.056250568,
1994-08-09,0.213675214,0.032881943,0.033290878,0.045140048,0.054045779,
1994-08-10,0.213675214,0.033700559,0.034051074,0.044207506,0.05184099,
1994-08-11,0.205128205,0.034519175,0.034811271,0.043274964,0.049636201,
1994-08-12,0.205128205,0.035337791,0.035571468,0.042342422,0.047431412,
1994-08-13,0.205128205,0.036156407,0.036331665,0.04140988,0.045226622,
1994-08-14,0.196581197,0.036975023,0.037091861,0.040477338,0.043021833,
1994-08-15,0.188034188,0.037793639,0.037852058,0.039544797,0.040817044,
1994-08-16,0.188034188,0.038612255,0.038612255,0.038612255,0.038612255,
1994-08-17,0.179487179,0.038612255,0.038612255,0.038612255,0.038612255,
1994-08-18,0.179487179,0.038612255,0.038612255,0.038612255,0.038612255,
1994-08-19,0.188034188,0.038612255,0.038612255,0.038612255,0.038612255,
1994-08-20,0.188034188,0.038612255,0.038612255,0.038612255,0.038612255,
1994-08-21,0.188034188,0.038612255,0.038612255,0.038612255,0.038612255,
1994-08-22,0.188034188,0.038612255,0.038612255,0.038612255,0.038612255,
1994-08-23,0.188034188,0.038612255,0.038612255,0.038612255,0.038612255,
1994-08-24,0.188034188,0.038612255,0.038612255,0.038612255,0.038612255,
1994-08-25,0.188034188,0.038612255,0.038612255,0.038612255,0.038612255,
1994-08-26,0.188034188,0.038612255,0.038612255,0.038612255,0.038612255,
1994-08-27,0.188034188,0.038612255,0.038612255,0.038612255,0.038612255,
1994-08-28,0.188034188,0.038612255,0.038612255,0.038612255,0.038612255,
1994-08-29,0.188034188,0.038612255,0.038612255,0.038612255,0.038612255,
1994-08-30,0.188034188,0.038612255,0.038612255,0.038612255,0.038612255,
1994-08-31,0.188034188,0.038612255,0.038612255,0.038612255,0.038612255,
1994-09-01,0.179487179,0.038612255,0.038612255,0.038612255,0.038612255,
1994-09-02,0.188034188,0.038612255,0.038612255,0.038612255,0.038612255,
1994-09-03,0.196581197,0.038612255,0.038612255,0.038612255,0.038612255,
1994-09-04,0.196581197,0.038612255,0.038612255,0.038612255,0.038612255,
1994-09-05,0.188034188,0.038612255,0.038612255,0.038612255,0.038612255,
1994-09-06,0.188034188,0.038612255,0.038612255,0.038612255,0.038612255,
1994-09-07,0.188034188,0.038612255,0.038612255,0.038612255,0.038612255,
1994-09-08,0.188034188,0.038612255,0.038612255,0.038612255,0.038612255,
1994-09-09,0.188034188,0.038612255,0.038612255,0.038612255,0.038612255,
1994-09-10,0.205128205,0.038612255,0.038612255,0.038612255,0.038612255,
1994-09-11,0.213675214,0.038612255,0.038612255,0.038612255,0.038612255,
1994-09-12,0.230769231,0.042143829,0.042143829,0.042143829,0.042143829,
1994-09-13,0.247863248,0.049710992,0.049710992,0.049710992,0.049710992,
1994-09-14,0.239316239,0.054552651,0.054552651,0.054552651,0.054552651,
1994-09-15,0.222222222,0.054008303,0.054008303,0.054008303,0.054008303,
1994-09-16,0.205128205,0.052298112,0.052298112,0.052298112,0.052298112,
1994-09-17,0.196581197,0.048581133,0.048581133,0.048581133,0.048581133,
1994-09-18,0.196581197,0.047485657,0.047485657,0.047485657,0.047485657,
1994-09-19,0.196581197,0.045982008,0.045982008,0.045982008,0.045982008,
1994-09-20,0.196581197,0.044525973,0.044525973,0.044525973,0.044525973,
1994-09-21,0.179487179,0.043116043,0.043116043,0.043116043,0.043116043,
1994-09-22,0.179487179,0.041750759,0.041750759,0.041750759,0.041750759,
1994-09-23,0.179487179,0.040428708,0.040428708,0.040428708,0.040428708,
1994-09-24,0.205128205,0.039148519,0.039148519,0.039148519,0.039148519,
1994-09-25,0.205128205,0.037908868,0.037908868,0.037908868,0.037908868,
1994-09-26,0.205128205,0.038612255,0.038612255,0.038612255,0.038612255,
1994-09-27,0.205128205,0.038612255,0.038612255,0.038612255,0.038612255,
1994-09-28,0.247863248,0.042836807,0.042836807,0.042836807,0.042836807,
1994-09-29,0.401709402,0.113177631,0.113177631,0.113177631,0.113177631,
1994-09-30,0.290598291,0.168322831,0.168322831,0.168322831,0.168322831,
1994-10-01,0.264957265,0.141835773,0.141835773,0.141835773,0.141835773,
1994-10-02,0.256410256,0.130169559,0.130169559,0.130169559,0.130169559,
1994-10-03,0.256410256,0.106756298,0.106756298,0.106756298,0.106756298,
1994-10-04,0.478632479,0.176667478,0.176667478,0.176667478,0.176667478,
1994-10-05,0.811965812,0.197825328,0.197825328,0.197825328,0.197825328,
1994-10-06,0.418803419,0.15246753,0.15246753,0.15246753,0.15246753,
1994-10-07,0.35042735,0.142552854,0.142552854,0.142552854,0.142552854,
1994-10-08,0.324786325,0.134201207,0.134201207,0.134201207,0.134201207,
1994-10-09,0.307692308,0.127237433,0.127237433,0.127237433,0.127237433,
1994-10-10,0.299145299,0.119154123,0.119154123,0.119154123,0.119154123,
1994-10-11,0.299145299,0.104437337,0.104437337,0.104437337,0.104437337,
1994-10-12,0.290598291,0.086693746,0.086693746,0.086693746,0.086693746,
1994-10-13,0.299145299,0.078141719,0.078141719,0.078141719,0.078141719,
1994-10-14,0.299145299,0.070132018,0.070132018,0.070132018,0.070132018,
1994-10-15,0.307692308,0.068841357,0.068841357,0.068841357,0.068841357,
1994-10-16,0.307692308,0.066817651,0.066817651,0.066817651,0.066817651,
1994-10-17,0.307692308,0.06973562,0.068611926,0.067357313,0.066558285,
1994-10-18,0.307692308,0.073281245,0.070972952,0.068395726,0.066754361,
1994-10-19,0.307692308,0.074824366,0.071367131,0.067507104,0.065048758,
1994-10-20,0.307692308,0.074055958,0.069592277,0.064608547,0.061434544,
1994-10-21,0.299145299,0.073261187,0.067858267,0.061825868,0.057983997,
1994-10-22,0.290598291,0.072442495,0.066164292,0.059154635,0.054690375,
1994-10-23,0.290598291,0.071602192,0.064509558,0.056590581,0.0515472,
1994-10-24,0.290598291,0.070742469,0.062893276,0.054129596,0.048548247,
1994-10-25,0.290598291,0.068185331,0.059840225,0.050522856,0.044588877,
1994-10-26,0.290598291,0.068972938,0.059772977,0.049501156,0.042959312,
1994-10-27,0.290598291,0.068066946,0.05826744,0.047326224,0.04035806,
1994-10-28,0.290598291,0.067149172,0.056797316,0.045239397,0.037878472,
1994-10-29,0.290598291,0.06622127,0.055361872,0.043237276,0.035515451,
1994-10-30,0.290598291,0.065284804,0.053960384,0.04131659,0.033264102,
1994-10-31,0.290598291,0.057492935,0.046994377,0.035272662,0.027807421,
1994-11-01,0.35042735,0.178664273,0.144461427,0.106273708,0.081952989,
1994-11-02,0.418803419,0.186549524,0.149245455,0.107595199,0.081069283,
1994-11-03,0.35042735,0.142717123,0.113000872,0.079822469,0.058692046,
1994-11-04,0.341880342,0.162850939,0.127642951,0.088332985,0.063297536,
1994-11-05,1.367521368,1.64844992,1.279327224,0.867199136,0.604725961,
1994-11-06,2.735042735,4.087142258,3.141376115,2.085421561,1.412912815,
1994-11-07,1.025641026,1.065873521,0.811506192,0.527503279,0.346629545,
1994-11-08,0.735042735,0.732740281,0.552727089,0.351741094,0.223738578,
1994-11-09,0.64957265,0.61130451,0.456960167,0.284633622,0.17488353,
1994-11-10,0.64957265,0.572929995,0.424487644,0.258750713,0.153197369,
1994-11-11,0.555555556,0.473189831,0.347553453,0.207279554,0.117942921,
1994-11-12,0.547008547,0.460153208,0.33511104,0.19550058,0.106586473,
1994-11-13,0.512820513,0.460009243,0.332221548,0.189545687,0.098679311,
1994-11-14,0.478632479,0.42582684,0.305029425,0.170158262,0.084262486,
1994-11-15,0.495726496,0.474009322,0.336831961,0.183672471,0.086129356,
1994-11-16,0.504273504,0.448223555,0.318508544,0.17368082,0.081443981,
1994-11-17,0.564102564,0.605580654,0.430326809,0.234654657,0.110036384,
1994-11-18,0.692307692,0.504743464,0.358671702,0.195581553,0.091713871,
1994-11-19,0.547008547,0.440128215,0.312755979,0.170543981,0.079973026,
1994-11-20,0.512820513,0.411016069,0.292068831,0.159263402,0.074683235,
1994-11-21,0.487179487,0.408974178,0.290617859,0.158472195,0.074312215,
1994-11-22,0.444444444,0.441472554,0.313711269,0.171064895,0.080217298,
1994-11-23,0.435897436,0.66767521,0.474451323,0.258715493,0.121319209,
1994-11-24,0.452991453,0.463978034,0.329703708,0.179785477,0.084306632,
1994-11-25,0.615384615,0.72301751,0.51377767,0.280159918,0.131375122,
1994-11-26,1.196581197,0.996883992,0.708387733,0.386279631,0.181137738,
1994-11-27,0.94017094,0.790426027,0.561678296,0.306279845,0.143623515,
1994-11-28,0.58974359,0.609929411,0.433417044,0.236339745,0.110826571,
1994-11-29,0.52991453,0.558966194,0.397202481,0.216592158,0.101566354,
1994-11-30,0.521367521,0.470795092,0.334547922,0.182426998,0.085545318,
1994-12-01,0.504273504,0.426013474,0.302726016,0.165074702,0.077408322,
1994-12-02,0.615384615,1.262539381,0.897162978,0.489217653,0.229408366,
1994-12-03,3.846153846,1.893871438,1.345788784,0.733850645,0.344123881,
1994-12-04,7.777777778,2.332377735,1.657392225,0.903766154,0.423802198,
1994-12-05,4.786324786,2.353943436,1.672716855,0.912122584,0.427720771,
1994-12-06,2.905982906,1.729862351,1.229243603,0.670299249,0.314322786,
1994-12-07,2.051282051,1.250980806,0.888949432,0.484738855,0.227308128,
1994-12-08,1.623931624,1.101802084,0.782942737,0.426934033,0.200201768,
1994-12-09,1.367521368,1.021109859,0.725602683,0.395666841,0.185539673,
1994-12-10,1.282051282,0.965555094,0.686125357,0.374140089,0.175445154,
1994-12-11,1.196581197,0.960119059,0.682262499,0.372033696,0.174457405,
1994-12-12,1.196581197,1.000288141,0.710806729,0.387598695,0.181756285,
1994-12-13,1.111111111,0.959729961,0.681986006,0.371882925,0.174386705,
1994-12-14,1.025641026,0.915697405,0.650696385,0.354820881,0.166385816,
1994-12-15,0.94017094,0.912766294,0.648613531,0.353685113,0.165853222,
1994-12-16,0.94017094,0.896172274,0.636821788,0.347255145,0.162838023,
1994-12-17,0.94017094,0.968647717,0.688322981,0.375338441,0.176007096,
1994-12-18,0.94017094,1.037381232,0.737165152,0.401971787,0.188496246,
1994-12-19,0.94017094,1.045842286,0.743177594,0.405250336,0.190033653,
1994-12-20,0.94017094,1.047349845,0.744248869,0.405834495,0.190307582,
1994-12-21,0.854700855,1.023147437,0.72705059,0.396456376,0.185909909,
1994-12-22,0.854700855,1.028471299,0.730833737,0.398519304,0.186877276,
1994-12-23,0.854700855,1.045835122,0.743172504,0.40524756,0.190032351,
1994-12-24,1.025641026,1.127857003,0.801457414,0.437029976,0.204936049,
1994-12-25,1.025641026,1.074145861,0.76329017,0.416217604,0.195176523,
1994-12-26,1.025641026,1.069236004,0.759801216,0.414315098,0.194284383,
1994-12-27,1.025641026,1.069269904,0.759825306,0.414328234,0.194290543,
1994-12-28,1.111111111,1.085784981,0.771560952,0.420727613,0.197291397,
1994-12-29,1.025641026,1.05350073,0.7486197,0.408217884,0.191425222,
1994-12-30,1.025641026,1.032747879,0.733872683,0.400176423,0.187654347,
1994-12-31,1.025641026,1.024669996,0.728132523,0.397046348,0.186186564,
1995-01-01,0.94017094,0.981695112,0.697594485,0.380394137,0.178377859,
1995-01-02,0.94017094,0.963877302,0.684933114,0.373489966,0.175140293,
1995-01-03,0.94017094,0.941324012,0.668906702,0.364750859,0.171042272,
1995-01-04,1.025641026,0.908059862,0.645269132,0.351861432,0.164998045,
1995-01-05,1.367521368,1.12914233,0.80237077,0.437528024,0.205169598,
1995-01-06,1.282051282,1.170056451,0.831444425,0.453381716,0.212603854,
1995-01-07,4.615384615,4.861189972,3.454371196,1.883648133,0.883297318,
1995-01-08,7.094017094,3.173319824,2.254967335,1.229620318,0.57660468,
1995-01-09,14.35897436,14.96395173,10.63341366,5.798337424,2.719008824,
1995-01-10,46.41025641,37.76080813,26.83290485,14.63182392,6.861287203,
1995-01-11,21.53846154,17.65173122,12.54335507,6.839817153,3.207388918,
1995-01-12,14.52991453,12.30102623,8.741133534,4.766488291,2.235144797,
1995-01-13,33.84615385,41.59992986,29.56099233,16.11943385,7.558870704,
1995-01-14,57.69230769,65.34548027,46.43462735,25.32052699,11.87353051,
1995-01-15,24.78632479,24.62836399,17.50096409,9.543171959,4.475070503,
1995-01-16,15.47008547,12.52649541,8.901352383,4.853854679,2.276113434,
1995-01-17,9.914529915,9.361526356,6.63342101,3.617165148,1.696193794,
1995-01-18,7.521367521,7.200115638,5.087420172,2.774140057,1.300874845,
1995-01-19,6.153846154,6.000422502,4.227756274,2.30537043,1.081055152,
1995-01-20,5.128205128,5.355794868,3.762917918,2.051896831,0.962194019,
1995-01-21,4.444444444,4.816164372,3.374252036,1.839959629,0.86281051,
1995-01-22,5.384615385,4.703548171,3.286093505,1.791887306,0.840268001,
1995-01-23,6.495726496,4.736905722,3.30012087,1.799536344,0.843854857,
1995-01-24,6.837606838,3.837945862,2.666351508,1.453945669,0.681797352,
1995-01-25,8.11965812,2.951302055,2.044646932,1.114933849,0.522824864,
1995-01-26,7.521367521,5.26705006,3.638822397,1.984228279,0.93046227,
1995-01-27,7.094017094,2.931962699,2.019962141,1.101473379,0.516512859,
1995-01-28,6.923076923,2.939234587,2.01935665,1.101143209,0.516358032,
1995-01-29,6.324786325,2.963703738,2.030533501,1.107237879,0.519216,
1995-01-30,6.153846154,2.988085268,2.041585337,1.11326438,0.522042001,
1995-01-31,6.495726496,7.708462967,5.252234375,2.864012265,1.343018533,
1995-02-01,6.495726496,7.761667917,5.273946057,2.875851516,1.348570302,
1995-02-02,6.324786325,10.09419077,6.840045686,3.729836359,1.749028598,
1995-02-03,5.811965812,5.375997231,3.632920855,1.981010203,0.92895322,
1995-02-04,5.384615385,7.748635321,5.221966155,2.847507184,1.335278821,
1995-02-05,5.128205128,5.402162294,3.63070448,1.979801627,0.928386484,
1995-02-06,4.871794872,5.402423561,3.62100269,1.974511298,0.925905695,
1995-02-07,4.786324786,5.41546439,3.619889818,1.973904456,0.925621129,
1995-02-08,4.52991453,5.428347551,3.618671825,1.973240292,0.925309683,
1995-02-09,4.273504274,3.035573804,2.018118759,1.100468194,0.516041498,
1995-02-10,4.017094017,5.454620648,3.616573502,1.972096088,0.924773133,
1995-02-11,3.846153846,5.454696621,3.60688757,1.966814407,0.9222964,
1995-02-12,3.760683761,3.079995043,2.031158009,1.10757842,0.51937569,
1995-02-13,3.760683761,5.569701405,3.663192227,1.997517003,0.936693738,
1995-02-14,3.675213675,5.493752758,3.603573748,1.9650074,0.921449041,
1995-02-15,3.333333333,3.061354937,2.01989889,1.101025682,0.512427623,
1995-02-16,3.162393162,5.438529551,3.60960661,1.966821491,0.908460761,
1995-02-17,2.991452991,3.030428815,2.023279167,1.102042504,0.505153767,
1995-02-18,2.905982906,3.014796651,2.024855855,1.102489139,0.501488699,
1995-02-19,2.905982906,2.999514536,2.026667782,1.103063853,0.497881847,
1995-02-20,2.905982906,2.984044934,2.028353819,1.103570021,0.494243805,
1995-02-21,2.905982906,8.453542452,5.780897054,3.144051956,1.397086533,
1995-02-22,2.991452991,9.531373422,6.557550233,3.565123766,1.571725339,
1995-02-23,3.076923077,10.6143262,7.347165819,3.992928567,1.746376494,
1995-02-24,3.076923077,11.66872368,8.126504675,4.414834317,1.915492754,
1995-02-25,3.162393162,12.7111934,8.907004336,4.837059299,2.081816194,
1995-02-26,3.162393162,11.77073785,8.299003344,4.505209811,1.923293551,
1995-02-27,3.076923077,10.83946941,7.689875975,4.172995887,1.766942503,
1995-02-28,3.076923077,10.56946742,7.545113089,4.092928141,1.718804213,
1995-03-01,3.247863248,10.32463568,7.416536503,4.021697997,1.674916203,
1995-03-02,4.358974359,10.07539787,7.283077251,3.947874946,1.630464871,
1995-03-03,14.78632479,9.985948048,7.264086695,3.93613376,1.611962727,
1995-03-04,9.316239316,9.78292206,7.161634539,3.879194427,1.575201078,
1995-03-05,8.034188034,9.695032096,7.142621618,3.867477556,1.557052753,
1995-03-06,6.923076923,9.543029746,7.075752546,3.829867625,1.528662677,
1995-03-07,6.068376068,9.424117623,7.032638737,3.80513971,1.505641954,
1995-03-08,5.811965812,9.33770962,7.01330403,3.793292553,1.487856278,
1995-03-09,27.60683761,41.48694082,31.36259579,16.95693082,6.592578008,
1995-03-10,44.18803419,72.8303053,55.41722322,29.95172126,11.54150731,
1995-03-11,41.79487179,31.79686136,24.35358164,13.15775646,5.024861699,
1995-03-12,22.56410256,18.02862623,13.89956667,7.506931309,2.841021392,
1995-03-13,20.5982906,17.41335003,13.51435249,7.296234802,2.736203368,
1995-03-14,20,19.71993143,15.40660743,8.31482579,3.089636493,
1995-03-15,19.74358974,20.31914422,15.98123449,8.621825715,3.174129934,
1995-03-16,17.09401709,17.81020582,14.10236371,7.605430536,2.773872321,
1995-03-17,13.58974359,13.50251516,10.80736834,5.840042353,2.209118406,
1995-03-18,14.1025641,19.52205124,15.79651683,8.553016652,3.350711268,
1995-03-19,11.79487179,15.31868166,12.53248576,6.799154999,2.754906352,
1995-03-20,14.1025641,21.1261611,17.47699508,9.50040314,3.976382172,
1995-03-21,12.73504274,15.02766371,12.57243803,6.847785407,2.957241332,
1995-03-22,11.02564103,14.87514271,12.58704221,6.86922156,3.057481836,
1995-03-23,9.743589744,10.83596554,9.275098013,5.071697943,2.324279811,
1995-03-24,8.461538462,9.89265519,8.566573837,4.693436224,2.212537136,
1995-03-25,7.606837607,8.957061381,7.848010122,4.308142476,2.08720397,
1995-03-26,6.923076923,9.092877548,8.06218356,4.43432784,2.206027302,
1995-03-27,6.324786325,9.194893791,8.251147778,4.547073491,2.321009839,
1995-03-28,5.897435897,9.307955598,8.454708409,4.668277039,2.443071371,
1995-03-29,5.641025641,9.42619864,8.668010444,4.79529898,2.571104779,
1995-03-30,5.47008547,9.51560351,8.859740702,4.910813703,2.69580331,
1995-03-31,5.47008547,9.610269283,9.061225802,5.032149092,2.826440654,
1995-04-01,5.641025641,9.722309944,9.284405169,5.165979239,2.967053638,
1995-04-02,5.811965812,9.80750859,9.487345772,5.288996266,3.104415873,
1995-04-03,6.068376068,9.886231908,9.689205349,5.411835599,3.244475765,
1995-04-04,6.666666667,9.974282019,9.905629512,5.543248803,3.392564374,
1995-04-05,7.179487179,11.76058765,11.83712266,6.636701088,4.144389648,
1995-04-06,7.692307692,13.17418091,13.44104421,7.550242646,4.808441004,
1995-04-07,17.00854701,16.31024078,16.87095359,9.494832326,6.164037039,
1995-04-08,18.97435897,12.79245099,13.41784034,7.565681379,5.004590032,
1995-04-09,14.44444444,8.391106378,8.92646734,5.042672971,3.397345294,
1995-04-10,11.62393162,6.883059341,7.427756832,4.203902394,2.883455863,
1995-04-11,10.51282051,7.887354568,8.635946265,4.896848366,3.418137554,
1995-04-12,10,10.46003924,11.62260339,6.602675367,4.688587601,
1995-04-13,11.79487179,15.14894762,17.08582101,9.724341754,7.022225444,
1995-04-14,9.743589744,10.27472677,11.76525726,6.708596399,4.924791309,
1995-04-15,8.803418803,8.074872178,9.389487468,5.363842887,4.001552731,
1995-04-16,8.11965812,6.573795616,7.625396257,4.430603541,3.358939717,
1995-04-17,7.435897436,5.674401093,6.565941646,3.879905983,2.987332006,
1995-04-18,7.008547009,5.210352171,6.014028623,3.613867151,2.824288269,
1995-04-19,6.581196581,4.78032714,5.50386767,3.362926281,2.666210987,
1995-04-20,6.495726496,4.8626246,5.584489275,3.469261067,2.788902622,
1995-04-21,6.068376068,4.370565935,5.006601407,3.162011698,2.576143275,
1995-04-22,5.811965812,4.468500208,5.105636371,3.277942286,2.705329598,
1995-04-23,5.811965812,5.880431635,6.701469732,4.373384952,3.654781992,
1995-04-24,6.068376068,9.476696595,10.77160574,7.144811403,6.043403847,
1995-04-25,6.239316239,14.37903387,16.30067226,10.98869518,9.404055964,
1995-04-26,6.153846154,15.04555069,17.01084193,11.65374371,10.08677374,
1995-04-27,7.948717949,15.41592361,17.38275504,12.10116467,10.58958698,
1995-04-28,11.70940171,17.65411599,19.85252056,14.04313501,12.42039856,
1995-04-29,19.65811966,31.78776755,35.64835151,25.62121589,22.89560841,
1995-04-30,18.71794872,26.56107882,29.70460953,21.69047439,19.57808691,
1995-05-01,41.1965812,72.24824075,80.57363182,59.77190926,54.47795716,
1995-05-02,26.4957265,33.71594188,37.49532613,28.25630537,25.99805696,
1995-05-03,19.05982906,19.82594308,21.98570286,16.83017717,15.62790108,
1995-05-04,16.41025641,17.48888031,19.33844196,15.03685146,14.08785615,
1995-05-05,14.44444444,15.85846848,17.48484714,13.80900241,13.0503029,
1995-05-06,11.96581197,12.43291361,13.66792551,10.96344322,10.44898743,
1995-05-07,10.25641026,12.58958241,13.79932658,11.24154335,10.80251657,
1995-05-08,9.316239316,12.39425978,13.54477052,11.20583037,10.85479329,
1995-05-09,8.547008547,13.79201693,15.02694681,12.6249316,12.32524374,
1995-05-10,7.948717949,15.62291768,16.97009424,14.4780757,14.24230445,
1995-05-11,7.521367521,18.21536777,19.72541884,17.08851763,16.93534505,
1995-05-12,7.179487179,14.62199,15.7851165,13.88550315,13.86091712,
1995-05-13,7.692307692,11.13889512,11.98734709,10.70674639,10.76346217,
1995-05-14,7.521367521,8.805722976,9.446524843,8.566686289,8.671570207,
1995-05-15,7.094017094,7.963013435,8.515238322,7.840260913,7.989779289,
1995-05-16,6.752136752,8.219943819,8.76166247,8.190313025,8.401477998,
1995-05-17,6.495726496,12.90584771,13.84243751,13.1083202,13.52487168,
1995-05-18,6.239316239,19.15502801,20.6757906,19.83360244,20.58092687,
1995-05-19,6.068376068,23.96290487,26.03263992,25.29576095,26.39589031,
1995-05-20,5.897435897,26.29581179,28.754915,28.30200834,29.69482319,
1995-05-21,5.726495726,25.89471678,28.50572209,28.41835445,29.97703014,
1995-05-22,5.47008547,22.7623677,25.22804705,25.47409807,27.01266709,
1995-05-23,5.213675214,20.58540232,22.97323664,23.49485476,25.04232364,
1995-05-24,5.042735043,20.40025908,22.92703416,23.74769348,25.43970865,
1995-05-25,4.871794872,19.37551768,21.93153854,23.00666686,24.76795836,
1995-05-26,4.615384615,23.5849914,26.89124176,28.56900146,30.90548911,
1995-05-27,4.444444444,23.97978711,27.54464456,29.63534602,32.21173346,
1995-05-28,4.273504274,23.28382557,26.94771416,29.36113798,32.06277997,
1995-05-29,4.017094017,24.7680324,28.88654589,31.87239135,34.96462973,
1995-05-30,3.846153846,27.06328453,31.81146703,35.5435856,39.16736933,
1995-05-31,3.675213675,28.96844923,34.3235332,38.83460626,42.98281884,
1995-06-01,3.58974359,25.80141818,30.8205431,35.31082899,39.25198912,
1995-06-02,3.504273504,23.42836832,28.21871249,32.73688113,36.54557059,
1995-06-03,3.333333333,24.74407739,30.05629682,35.30695584,39.57931419,
1995-06-04,3.247863248,27.41841305,33.59297138,39.95678854,44.9755898,
1995-06-05,3.076923077,21.33416235,26.36931089,31.75787087,35.89092053,
1995-06-06,3.076923077,13.84711162,17.2693932,21.05880105,23.89369134,
1995-06-07,2.991452991,11.92428828,15.00808311,18.53018299,21.10648789,
1995-06-08,2.820512821,10.30222613,13.0882493,16.3616967,18.70778228,
1995-06-09,2.735042735,11.99602521,15.38619453,19.47444536,22.35056824,
1995-06-10,2.64957265,16.88421464,21.86787917,28.02353175,32.28110289,
1995-06-11,2.564102564,20.71656528,27.09986749,35.16100957,40.65014324,
1995-06-12,2.478632479,20.49407366,27.08296537,35.57659751,41.27758692,
1995-06-13,2.393162393,18.3837323,24.54812945,32.64803922,38.01287269,
1995-06-14,2.564102564,16.65082431,22.47186464,30.25834713,35.35229958,
1995-06-15,3.760683761,21.57409304,29.4347388,40.12647139,47.04116966,
1995-06-16,3.162393162,11.84637961,16.10052102,22.49350701,26.47607622,
1995-06-17,2.735042735,9.542245233,12.91792559,18.49610568,21.85650317,
1995-06-18,2.64957265,12.6747727,17.08953338,25.079284,29.74923661,
1995-06-19,2.478632479,12.98849635,17.44034939,26.23421134,31.23539909,
1995-06-20,2.307692308,11.92663376,15.94694207,24.58963396,29.38387647,
1995-06-21,2.222222222,12.31956369,16.40111797,25.92670402,31.09162655,
1995-06-22,2.136752137,14.4965456,19.2138741,31.14074192,37.47371511,
1995-06-23,2.051282051,17.38625254,22.93932504,38.12232544,46.0301889,
1995-06-24,1.965811966,19.35026743,25.4118315,43.30796176,52.46406077,
1995-06-25,1.965811966,19.63930957,25.66833655,44.86571939,54.5262987,
1995-06-26,1.88034188,19.38272732,25.20896636,45.19736346,55.1022487,
1995-06-27,1.794871795,18.41538707,23.83052601,43.83216155,53.60220819,
1995-06-28,1.794871795,15.39338724,19.81715516,37.3995141,45.87320953,
1995-06-29,1.709401709,13.77164452,17.6354513,34.15427686,42.01578255,
1995-06-30,1.709401709,12.47702752,15.89067555,31.58694653,38.9691559,
1995-07-01,1.709401709,12.23986715,15.5014566,31.63166454,39.13398897,
1995-07-02,1.623931624,11.48855493,14.46628723,30.30910494,37.60083759,
1995-07-03,1.623931624,11.43455788,14.31315042,30.79675274,38.30858752,
1995-07-04,1.538461538,10.45658259,13.00933041,28.75216854,35.85947349,
1995-07-05,1.538461538,10.56116444,13.05714,29.64881576,37.0730921,
1995-07-06,1.538461538,10.56159035,12.97343135,30.27338744,37.94962137,
1995-07-07,1.452991453,9.72908181,11.87137658,28.4749644,35.78344245,
1995-07-08,1.538461538,8.834864866,10.70639322,26.40440775,33.26182532,
1995-07-09,1.452991453,8.2548792,9.932855521,25.19417163,31.81261202,
1995-07-10,1.452991453,7.82319572,9.34478233,24.38463151,30.86203446,
1995-07-11,1.452991453,6.939175893,8.226423726,22.09095643,28.02283719,
1995-07-12,1.452991453,5.771220973,6.788603219,18.7664945,23.85891413,
1995-07-13,1.367521368,4.941918379,5.766384505,16.41558379,20.91582743,
1995-07-14,1.367521368,5.101163263,5.902722027,17.3106791,22.10374332,
1995-07-15,1.282051282,5.372915105,6.163700236,18.62859781,23.83675975,
1995-07-16,1.282051282,5.085283986,5.781780552,18.01583232,23.10040202,
1995-07-17,1.282051282,5.015716577,5.655749967,16.89801879,21.57039557,
1995-07-18,1.282051282,4.940338588,5.527845476,15.84747953,20.13640193,
1995-07-19,1.282051282,4.251662093,4.722906073,13.00036721,16.44054621,
1995-07-20,1.196581197,4.182536202,4.614578219,12.20345182,15.35744835,
1995-07-21,1.196581197,4.012255905,4.398414903,11.18134737,14.00038831,
1995-07-22,1.196581197,3.65385678,3.981374214,9.734260076,12.12520542,
1995-07-23,1.196581197,3.312831278,3.589220384,8.444030584,10.46172851,
1995-07-24,1.111111111,3.1003463,3.340903799,7.566327203,9.322446944,
1995-07-25,1.111111111,2.99885516,3.215031953,7.012205128,8.59034065,
1995-07-26,1.111111111,2.842492496,3.032625548,6.372337061,7.76034786,
1995-07-27,1.111111111,2.733999911,2.903439128,5.879660758,7.116602256,
1995-07-28,1.025641026,3.003276086,3.175423683,6.199218352,7.455931586,
1995-07-29,1.025641026,3.053839145,3.215401782,6.053270294,7.232711131,
1995-07-30,1.025641026,2.503507583,2.625456612,4.767506986,5.657760242,
1995-07-31,1.025641026,2.273543897,2.375223974,4.161247602,4.903533297,
1995-08-01,1.025641026,2.099692726,2.185624169,3.695021017,4.322338412,
1995-08-02,0.94017094,1.938028958,2.010328274,3.280275057,3.80807509,
1995-08-03,0.94017094,1.740766438,1.799692485,2.83473607,3.264908457,
1995-08-04,0.94017094,1.554005531,1.601480086,2.435376736,2.781950849,
1995-08-05,0.94017094,1.387745362,1.425759865,2.09348949,2.37100326,
1995-08-06,0.94017094,1.257405836,1.288050076,1.826320081,2.050029398,
1995-08-07,0.94017094,1.111253835,1.135118411,1.554302766,1.728519135,
1995-08-08,0.94017094,1.002574741,1.021321194,1.35060506,1.487458067,
1995-08-09,0.854700855,0.821516891,0.834688034,1.066040864,1.162192949,
1995-08-10,0.854700855,0.728655948,0.738472392,0.910899493,0.982561575,
1995-08-11,0.854700855,0.630810639,0.637755907,0.759750436,0.810452338,
1995-08-12,0.854700855,0.575645745,0.580620097,0.667995237,0.704309043,
1995-08-13,0.854700855,0.525727062,0.529071011,0.587807913,0.61221944,
1995-08-14,0.846153846,0.485361255,0.487381854,0.522873921,0.537624707,
1995-08-15,0.829059829,0.438650215,0.43954693,0.455297844,0.461844049,
1995-08-16,0.829059829,0.401285259,0.401285259,0.401285259,0.401285259,
1995-08-17,0.820512821,0.38184807,0.38184807,0.38184807,0.38184807,
1995-08-18,0.820512821,0.321304918,0.321304918,0.321304918,0.321304918,
1995-08-19,0.794871795,0.284580981,0.284580981,0.284580981,0.284580981,
1995-08-20,0.777777778,0.261089505,0.261089505,0.261089505,0.261089505,
1995-08-21,0.777777778,0.233760936,0.233760936,0.233760936,0.233760936,
1995-08-22,0.769230769,0.231340914,0.231340914,0.231340914,0.231340914,
1995-08-23,0.752136752,0.229279239,0.229279239,0.229279239,0.229279239,
1995-08-24,0.752136752,0.189699324,0.189699324,0.189699324,0.189699324,
1995-08-25,0.743589744,0.16794568,0.16794568,0.16794568,0.16794568,
1995-08-26,0.735042735,0.144880548,0.144880548,0.144880548,0.144880548,
1995-08-27,0.726495726,0.133460545,0.133460545,0.133460545,0.133460545,
1995-08-28,0.717948718,0.116058543,0.116058543,0.116058543,0.116058543,
1995-08-29,0.709401709,0.10017657,0.10017657,0.10017657,0.10017657,
1995-08-30,0.700854701,0.089859985,0.089859985,0.089859985,0.089859985,
1995-08-31,0.700854701,0.088121421,0.088121421,0.088121421,0.088121421,
1995-09-01,0.683760684,0.084843799,0.084843799,0.084843799,0.084843799,
1995-09-02,0.675213675,0.083016348,0.083016348,0.083016348,0.083016348,
1995-09-03,0.666666667,0.083016348,0.083016348,0.083016348,0.083016348,
1995-09-04,0.666666667,0.083016348,0.083016348,0.083016348,0.083016348,
1995-09-05,0.666666667,0.083016348,0.083016348,0.083016348,0.083016348,
1995-09-06,0.64957265,0.083016348,0.083016348,0.083016348,0.083016348,
1995-09-07,0.64957265,0.083016348,0.083016348,0.083016348,0.083016348,
1995-09-08,0.641025641,0.083016348,0.083016348,0.083016348,0.083016348,
1995-09-09,0.641025641,0.083016348,0.083016348,0.083016348,0.083016348,
1995-09-10,0.641025641,0.083016348,0.083016348,0.083016348,0.083016348,
1995-09-11,0.641025641,0.083016348,0.083016348,0.083016348,0.083016348,
1995-09-12,0.623931624,0.083016348,0.083016348,0.083016348,0.083016348,
1995-09-13,0.615384615,0.083016348,0.083016348,0.083016348,0.083016348,
1995-09-14,0.606837607,0.083016348,0.083016348,0.083016348,0.083016348,
1995-09-15,0.58974359,0.083016348,0.083016348,0.083016348,0.083016348,
1995-09-16,0.606837607,0.083016348,0.083016348,0.083016348,0.083016348,
1995-09-17,0.641025641,0.083016348,0.083016348,0.083016348,0.083016348,
1995-09-18,0.641025641,0.083016348,0.083016348,0.083016348,0.083016348,
1995-09-19,0.623931624,0.083016348,0.083016348,0.083016348,0.083016348,
1995-09-20,0.623931624,0.083016348,0.083016348,0.083016348,0.083016348,
1995-09-21,0.623931624,0.083016348,0.083016348,0.083016348,0.083016348,
1995-09-22,0.623931624,0.083016348,0.083016348,0.083016348,0.083016348,
1995-09-23,0.623931624,0.083016348,0.083016348,0.083016348,0.083016348,
1995-09-24,0.623931624,0.083016348,0.083016348,0.083016348,0.083016348,
1995-09-25,0.641025641,0.083016348,0.083016348,0.083016348,0.083016348,
1995-09-26,0.666666667,0.083016348,0.083016348,0.083016348,0.083016348,
1995-09-27,0.64957265,0.083016348,0.083016348,0.083016348,0.083016348,
1995-09-28,0.658119658,0.083016348,0.083016348,0.083016348,0.083016348,
1995-09-29,0.683760684,0.083016348,0.083016348,0.083016348,0.083016348,
1995-09-30,0.641025641,0.083016348,0.083016348,0.083016348,0.083016348,
1995-10-01,0.632478632,0.083016348,0.083016348,0.083016348,0.083016348,
1995-10-02,0.615384615,0.083016348,0.083016348,0.083016348,0.083016348,
1995-10-03,0.606837607,0.083016348,0.083016348,0.083016348,0.083016348,
1995-10-04,0.598290598,0.083016348,0.083016348,0.083016348,0.083016348,
1995-10-05,0.598290598,0.083016348,0.083016348,0.083016348,0.083016348,
1995-10-06,0.606837607,0.083016348,0.083016348,0.083016348,0.083016348,
1995-10-07,0.606837607,0.083016348,0.083016348,0.083016348,0.083016348,
1995-10-08,0.606837607,0.083016348,0.083016348,0.083016348,0.083016348,
1995-10-09,0.606837607,0.083016348,0.083016348,0.083016348,0.083016348,
1995-10-10,0.606837607,0.083016348,0.083016348,0.083016348,0.083016348,
1995-10-11,0.598290598,0.083016348,0.083016348,0.083016348,0.083016348,
1995-10-12,0.606837607,0.083016348,0.083016348,0.083016348,0.083016348,
1995-10-13,0.598290598,0.083016348,0.083016348,0.083016348,0.083016348,
1995-10-14,0.555555556,0.083016348,0.083016348,0.083016348,0.083016348,
1995-10-15,0.521367521,0.083016348,0.083016348,0.083016348,0.083016348,
1995-10-16,0.52991453,0.083016348,0.083016348,0.083016348,0.083016348,
1995-10-17,0.538461538,0.084373006,0.083478412,0.08241916,0.081405211,
1995-10-18,0.521367521,0.085729664,0.083940476,0.081821971,0.079794075,
1995-10-19,0.521367521,0.087086322,0.08440254,0.081224783,0.078182938,
1995-10-20,0.512820513,0.08844298,0.084864604,0.080627595,0.076571802,
1995-10-21,0.512820513,0.089799638,0.085326669,0.080030407,0.074960665,
1995-10-22,0.521367521,0.091156296,0.085788733,0.079433219,0.073349529,
1995-10-23,0.521367521,0.092512954,0.086250797,0.078836031,0.071738392,
1995-10-24,0.52991453,0.093869612,0.086712861,0.078238843,0.070127256,
1995-10-25,0.538461538,0.09522627,0.087174925,0.077641655,0.068516119,
1995-10-26,0.538461538,0.096582928,0.08763699,0.077044466,0.066904983,
1995-10-27,0.52991453,0.097939586,0.088099054,0.076447278,0.065293846,
1995-10-28,0.521367521,0.099296244,0.088561118,0.07585009,0.06368271,
1995-10-29,0.521367521,0.100652902,0.089023182,0.075252902,0.062071573,
1995-10-30,0.598290598,0.10200956,0.089485246,0.074655714,0.060460437,
1995-10-31,0.666666667,0.103366218,0.089947311,0.074058526,0.0588493,
1995-11-01,0.700854701,0.104722876,0.090409375,0.073461338,0.057238164,
1995-11-02,0.717948718,0.106079534,0.090871439,0.07286415,0.055627027,
1995-11-03,0.717948718,0.107436192,0.091333503,0.072266961,0.054015891,
1995-11-04,0.692307692,0.10879285,0.091795567,0.071669773,0.052404754,
1995-11-05,0.692307692,0.110149508,0.092257632,0.071072585,0.050793618,
1995-11-06,0.692307692,0.111506166,0.092719696,0.070475397,0.049182481,
1995-11-07,0.683760684,0.112862824,0.09318176,0.069878209,0.047571345,
1995-11-08,0.683760684,0.114219482,0.093643824,0.069281021,0.045960209,
1995-11-09,0.700854701,0.11557614,0.094105888,0.068683833,0.044349072,
1995-11-10,0.752136752,0.116932798,0.094567952,0.068086645,0.042737936,
1995-11-11,0.717948718,0.118289456,0.095030017,0.067489456,0.041126799,
1995-11-12,0.692307692,0.119646114,0.095492081,0.066892268,0.039515663,
1995-11-13,0.692307692,0.121002772,0.095954145,0.06629508,0.037904526,
1995-11-14,0.692307692,0.12235943,0.096416209,0.065697892,0.03629339,
1995-11-15,0.692307692,0.123716088,0.096878273,0.065100704,0.034682253,
1995-11-16,0.692307692,0.123716088,0.096878273,0.065100704,0.034682253,
1995-11-17,0.717948718,0.123716088,0.096878273,0.065100704,0.034682253,
1995-11-18,0.752136752,0.123716088,0.096878273,0.065100704,0.034682253,
1995-11-19,0.777777778,0.123716088,0.096878273,0.065100704,0.034682253,
1995-11-20,0.717948718,0.123716088,0.096878273,0.065100704,0.034682253,
1995-11-21,0.752136752,0.123716088,0.096878273,0.065100704,0.034682253,
1995-11-22,0.752136752,0.123716088,0.096878273,0.065100704,0.034682253,
1995-11-23,0.717948718,0.123716088,0.096878273,0.065100704,0.034682253,
1995-11-24,0.717948718,0.123716088,0.096878273,0.065100704,0.034682253,
1995-11-25,0.854700855,0.123716088,0.096878273,0.065100704,0.034682253,
1995-11-26,1.452991453,0.370855123,0.29040527,0.195147857,0.103964581,
1995-11-27,1.111111111,0.309188748,0.242116223,0.162698364,0.086677186,
1995-11-28,1.111111111,0.28579469,0.223797054,0.150388165,0.080118955,
1995-11-29,0.94017094,0.27232765,0.213251428,0.143301667,0.07634364,
1995-11-30,1.025641026,0.262601103,0.205634868,0.138183456,0.073616924,
1995-12-01,1.025641026,0.283170779,0.22174235,0.149007436,0.079383375,
1995-12-02,1.196581197,0.353259063,0.276626335,0.185888626,0.099031746,
1995-12-03,1.111111111,0.334152852,0.261664847,0.175834737,0.093675559,
1995-12-04,1.452991453,0.681573389,0.533719212,0.35865107,0.191070548,
1995-12-05,1.282051282,1.564448845,1.225071897,0.823229401,0.438573605,
1995-12-06,1.196581197,1.354602967,1.060748027,0.712806297,0.379745946,
1995-12-07,1.196581197,0.82296157,0.644435959,0.433051015,0.230706951,
1995-12-08,1.111111111,0.695816688,0.544872702,0.366146043,0.195063478,
1995-12-09,1.025641026,0.543068999,0.425260673,0.285768607,0.15224258,
1995-12-10,1.025641026,0.481930006,0.377384604,0.253596627,0.135103031,
1995-12-11,3.076923077,6.556000064,5.133802529,3.449836036,1.837892361,
1995-12-12,9.145299145,71.76862863,56.1998114,37.76540556,20.11943457,
1995-12-13,3.247863248,15.1079889,11.83060263,7.949982311,4.235335132,
1995-12-14,2.051282051,6.82115578,5.341437836,3.589363756,1.912225439,
1995-12-15,1.538461538,4.648898822,3.640410051,2.446299348,1.303260456,
1995-12-16,1.282051282,3.654224427,2.861511046,1.922891243,1.024415969,
1995-12-17,1.196581197,2.897185994,2.268697474,1.524529675,0.812189743,
1995-12-18,1.025641026,2.473243461,1.936721082,1.301446665,0.693342773,
1995-12-19,1.025641026,1.572157572,1.231108365,0.827285813,0.44073465,
1995-12-20,0.94017094,1.373130465,1.075256343,0.722555661,0.384939897,
1995-12-21,0.854700855,1.291232378,1.011124463,0.679460028,0.361980796,
1995-12-22,0.854700855,1.498259465,1.173241024,0.788399854,0.420018243,
1995-12-23,0.846153846,1.622692678,1.270680856,0.853877917,0.454901533,
1995-12-24,0.820512821,1.156621334,0.905714684,0.608626284,0.324244279,
1995-12-25,0.794871795,1.104167725,0.864639872,0.581024644,0.309539568,
1995-12-26,0.760683761,1.061582505,0.831292693,0.558615855,0.297601336,
1995-12-27,0.760683761,1.225167817,0.959391333,0.644696163,0.343460426,
1995-12-28,0.769230769,1.186236664,0.928905541,0.624210182,0.332546565,
1995-12-29,0.94017094,1.808244029,1.415980427,0.951516985,0.506918526,
1995-12-30,1.538461538,4.453232072,3.487189422,2.343337451,1.248407738,
1995-12-31,1.452991453,11.90844184,9.325135487,6.266347071,3.338382258,
1996-01-01,1.282051282,9.793931822,7.669327557,5.153669707,2.745605904,
1996-01-02,1.196581197,6.755021483,5.289650097,3.554563195,1.893685519,
1996-01-03,1.111111111,5.337193637,4.179392605,2.808487303,1.496215271,
1996-01-04,1.025641026,4.624555134,3.621347255,2.433489444,1.296436008,
1996-01-05,0.94017094,3.62681195,2.840045176,1.908466509,1.016731225,
1996-01-06,0.94017094,3.155126652,2.47068289,1.660260756,0.88450017,
1996-01-07,0.854700855,2.716217726,2.126986775,1.429302273,0.76145756,
1996-01-08,0.854700855,2.796962116,2.190215229,1.471790818,0.784093236,
1996-01-09,0.854700855,2.779553923,2.176583407,1.462630444,0.779213068,
1996-01-10,0.829059829,2.734427515,2.141246302,1.438884455,0.766562446,
1996-01-11,0.811965812,2.683787406,2.101591586,1.412237098,0.752366126,
1996-01-12,0.803418803,2.122196256,1.661826785,1.116721941,0.594931094,
1996-01-13,0.777777778,2.034466496,1.5931283,1.070557621,0.570337156,
1996-01-14,0.777777778,1.862422089,1.458405603,0.980026048,0.522106665,
1996-01-15,0.854700855,2.11791726,1.658476034,1.114470288,0.593731531,
1996-01-16,5.042735043,9.122483698,7.143537129,4.800346658,2.557373847,
1996-01-17,4.017094017,10.24835156,8.003092649,5.377954696,2.865093225,
1996-01-18,3.675213675,8.748063902,6.812744683,4.578059241,2.438950727,
1996-01-19,4.273504274,5.943727771,4.616130932,3.101968715,1.652566831,
1996-01-20,2.905982906,5.002345938,3.87440185,2.603538224,1.387029112,
1996-01-21,2.564102564,5.439300247,4.201345367,2.82323922,1.504074322,
1996-01-22,2.051282051,4.406625537,3.394443407,2.281013561,1.215204826,
1996-01-23,1.794871795,3.404192344,2.615147811,1.757338952,0.93621836,
1996-01-24,2.307692308,4.295422995,3.290867902,2.21141242,1.178124975,
1996-01-25,3.931623932,3.037309722,2.320697735,1.559473047,0.830805746,
1996-01-26,2.735042735,2.489152112,1.896743185,1.274582136,0.679030756,
1996-01-27,5.811965812,3.890014565,2.95623203,1.986542281,1.058325916,
1996-01-28,5.897435897,2.62919134,1.992701577,1.339064694,0.713383693,
1996-01-29,4.017094017,2.490310997,1.882387417,1.264935281,0.673891416,
1996-01-30,3.247863248,3.212202261,2.421565504,1.627254631,0.866916232,
1996-01-31,3.418803419,3.374226567,2.5369274,1.704776043,0.908215589,
1996-02-01,3.162393162,3.282371959,2.461300204,1.653955735,0.881141185,
1996-02-02,2.820512821,3.246354469,2.42782987,1.631464188,0.869158864,
1996-02-03,2.64957265,3.480719767,2.596207494,1.744611352,0.92943776,
1996-02-04,29.74358974,49.95196497,37.15980636,24.97081614,13.30314593,
1996-02-05,45.38461538,111.7756418,82.93179189,55.72888372,29.68943701,
1996-02-06,18.20512821,34.73075453,25.70061885,17.27041906,9.200776771,
1996-02-07,11.36752137,20.75976857,15.32180099,10.29601371,5.485178062,
1996-02-08,8.888888889,17.20182386,12.66258002,8.509058268,4.533181586,
1996-02-09,7.606837607,14.81264569,10.87534835,7.308066179,3.893355761,
1996-02-10,6.837606838,14.03587776,10.27816016,6.906764935,3.679563429,
1996-02-11,6.324786325,14.20790051,10.37703752,6.973208998,3.714961354,
1996-02-12,5.897435897,15.15533791,11.04025701,7.418882255,3.952392775,
1996-02-13,5.726495726,16.21741593,11.78332039,7.918209373,4.218408171,
1996-02-14,5.384615385,16.02527376,11.613586,7.804150486,4.157643556,
1996-02-15,5.128205128,15.39329836,11.12678743,7.477029363,3.983370516,
1996-02-16,5.641025641,21.99370728,15.99126777,10.74186203,5.679837787,
1996-02-17,8.034188034,35.03888073,25.62666814,17.20784105,9.03015709,
1996-02-18,8.376068376,27.9186204,20.54019544,13.78721552,7.180183311,
1996-02-19,22.13675214,25.9208215,19.18401159,12.87209863,6.65235682,
1996-02-20,25.72649573,20.40507206,15.19218784,10.18986371,5.225629167,
1996-02-21,23.07692308,14.50422685,10.86375318,7.283938195,3.70644005,
1996-02-22,15.47008547,11.73290945,8.841091071,5.925577998,2.991700356,
1996-02-23,11.28205128,10.44025225,7.914761348,5.302752485,2.656202291,
1996-02-24,9.401709402,9.157219055,6.984399934,4.677690601,2.32455113,
1996-02-25,7.863247863,8.291631434,6.362916997,4.259883242,2.100042835,
1996-02-26,6.837606838,7.674022184,5.925190707,3.965363448,1.93914795,
1996-02-27,6.068376068,6.790653764,5.275531995,3.529281816,1.71193008,
1996-02-28,5.384615385,6.26198924,4.895024799,3.27351675,1.57492485,
1996-02-29,4.957264957,5.843952942,4.596739043,3.072906152,1.466268764,
1996-03-01,4.615384615,5.743536551,4.546067557,3.03791271,1.437578623,
1996-03-02,4.358974359,6.251165172,4.979018823,3.326008186,1.560789152,
1996-03-03,4.957264957,7.251020593,5.811942623,3.880978041,1.805921446,
1996-03-04,11.62393162,7.204410885,5.811299742,3.879123856,1.789780391,
1996-03-05,12.05128205,6.094083898,4.94708354,3.30103628,1.510066402,
1996-03-06,8.974358974,5.93131556,4.845866011,3.232312329,1.465917256,
1996-03-07,7.863247863,5.766200817,4.741365025,3.161450257,1.421356885,
1996-03-08,7.094017094,5.924347613,4.902993066,3.268025706,1.456440173,
1996-03-09,6.923076923,7.714376351,6.426029412,4.281621744,1.891364033,
1996-03-10,7.264957265,8.43629063,7.073408635,4.71124749,2.062676434,
1996-03-11,9.829059829,9.391544079,7.926179479,5.277312773,2.289836942,
1996-03-12,10.34188034,7.826389628,6.648942529,4.425307476,1.90282712,
1996-03-13,9.230769231,6.473900068,5.536509129,3.68357071,1.569481153,
1996-03-14,8.376068376,5.950257543,5.122707827,3.407021494,1.438333685,
1996-03-15,7.777777778,6.90324397,5.983095001,3.977806558,1.663765039,
1996-03-16,7.435897436,8.699732107,7.591063993,5.045022001,2.090452065,
1996-03-17,7.35042735,10.55034217,9.304243743,6.195748836,2.661327772,
1996-03-18,7.435897436,13.77048442,12.27532278,8.190239682,3.64194431,
1996-03-19,7.435897436,16.12711795,14.53323104,9.715731225,4.46674251,
1996-03-20,7.264957265,16.96570982,15.45798509,10.35415076,4.915785074,
1996-03-21,6.923076923,16.17652884,14.90378428,10.00242052,4.898517397,
1996-03-22,6.752136752,15.11420906,14.08261183,9.46972543,4.778888907,
1996-03-23,6.239316239,10.33310321,9.738063679,6.5610159,3.408531847,
1996-03-24,5.811965812,8.3190632,7.930839623,5.353781355,2.860656363,
1996-03-25,5.384615385,7.492613333,7.226719572,4.887922765,2.68388201,
1996-03-26,5.042735043,6.86236337,6.697402683,4.538683555,2.558877156,
1996-03-27,4.957264957,7.528788795,7.436110136,5.049034763,2.920614382,
1996-03-28,7.863247863,11.70001634,11.69660699,7.95719865,4.719067128,
1996-03-29,5.897435897,7.901456182,7.99649441,5.450500704,3.311789472,
1996-03-30,5.384615385,7.154031919,7.330447063,5.006133103,3.114401463,
1996-03-31,5.128205128,7.081261681,7.34762643,5.027509275,3.200372968,
1996-04-01,8.803418803,10.7953827,11.34495702,7.77752235,5.062991694,
1996-04-02,8.974358974,9.301660824,9.902095817,6.801377185,4.525180776,
1996-04-03,7.606837607,7.936064878,8.559512325,5.890454521,4.0033838,
1996-04-04,6.923076923,7.480093025,8.175331998,5.636817382,3.911366551,
1996-04-05,6.495726496,8.161087107,9.040251433,6.245059685,4.422154692,
1996-04-06,6.239316239,10.43986327,11.7231173,8.113821543,5.860321693,
1996-04-07,6.153846154,14.14919445,16.10941664,11.1708741,8.225955572,
1996-04-08,5.982905983,16.18933057,18.69231846,12.98656416,9.745616255,
1996-04-09,5.726495726,16.99691098,19.90578616,13.85584232,10.59214879,
1996-04-10,5.384615385,15.37191394,18.26433247,12.73733772,9.915013967,
1996-04-11,5.042735043,12.00819307,14.47818872,10.11600689,8.015331431,
1996-04-12,4.786324786,10.49716663,12.84595504,8.992492222,7.24987768,
1996-04-13,4.615384615,8.973075536,11.14790751,7.818520689,6.411504948,
1996-04-14,4.358974359,10.62641295,13.40601021,9.419917805,7.854517422,
1996-04-15,4.188034188,13.35826096,17.11709077,12.05015504,10.21314779,
1996-04-16,6.581196581,16.84925263,21.53995964,15.41234361,13.26592589,
1996-04-17,6.068376068,10.49666919,13.38716599,9.735399915,8.505486943,
1996-04-18,7.521367521,7.883508876,10.03039606,7.413201745,6.570738371,
1996-04-19,5.897435897,6.355330765,8.066522566,6.058692461,5.44562475,
1996-04-20,5.47008547,5.681975213,7.19424613,5.491182376,5.002681172,
1996-04-21,5.213675214,5.187851745,6.55238123,5.082201966,4.691095335,
1996-04-22,4.957264957,5.585511633,7.037005253,5.5462308,5.184797028,
1996-04-23,4.786324786,7.914623242,9.946171124,7.965432154,7.538571001,
1996-04-24,4.700854701,13.25281206,16.61199214,13.51778281,12.94711906,
1996-04-25,4.444444444,14.82879337,18.53934947,15.32838732,14.85256648,
1996-04-26,4.273504274,16.61843512,20.72242485,17.40802806,17.05878679,
1996-04-27,4.188034188,16.15786326,20.09475322,17.15095917,16.99194267,
1996-04-28,3.931623932,14.24863978,17.67285619,15.324976,15.34542786,
1996-04-29,3.760683761,14.6748361,18.15211437,15.99186366,16.17994362,
1996-04-30,3.675213675,18.45641963,22.76710541,20.37749664,20.82605121,
1996-05-01,3.504273504,19.49251101,23.97839274,21.80356245,22.50329848,
1996-05-02,3.418803419,19.33970547,23.72352941,21.91518582,22.83576989,
1996-05-03,3.247863248,16.8117278,20.56382632,19.29848447,20.29733834,
1996-05-04,3.162393162,15.38270393,18.76165201,17.8870856,18.98447853,
1996-05-05,2.991452991,14.28755013,17.37510242,16.82835941,18.01962966,
1996-05-06,2.905982906,13.14966005,15.94407899,15.68762712,16.94384222,
1996-05-07,2.820512821,11.4794712,13.87732911,13.87092721,15.10844705,
1996-05-08,2.735042735,9.657475821,11.63938949,11.81872991,12.97948196,
1996-05-09,2.64957265,10.70290367,12.85979084,13.26525431,14.68554565,
1996-05-10,2.564102564,10.64300114,12.74808445,13.35883518,14.90561328,
1996-05-11,2.478632479,12.74582659,15.21878007,16.20120251,18.21616527,
1996-05-12,2.393162393,15.91896524,18.94697184,20.49054858,23.21219467,
1996-05-13,2.393162393,16.93819812,20.09495747,22.07754113,25.19377958,
1996-05-14,2.393162393,20.07046156,23.73304975,26.48935112,30.44553057,
1996-05-15,3.333333333,31.69152929,37.35052511,42.35199033,49.01936084,
1996-05-16,10.94017094,25.27995716,29.69393839,34.20663109,39.86391829,
1996-05-17,7.435897436,26.47799486,31.2878687,36.49345194,42.76766806,
1996-05-18,9.829059829,26.11474604,31.04737031,36.66576741,43.20651909,
1996-05-19,6.581196581,25.77353669,30.832682,36.86762815,43.67970255,
1996-05-20,5.384615385,21.94112035,26.41471886,31.98005359,38.09069184,
1996-05-21,5.299145299,20.01640586,24.25360979,29.73107828,35.59720055,
1996-05-22,5.555555556,16.72605501,20.40054218,25.32090728,30.47272672,
1996-05-23,4.786324786,15.107025,18.54989823,23.31229244,28.19721866,
1996-05-24,4.444444444,13.04450068,16.1273381,20.52178246,24.94531225,
1996-05-25,4.102564103,11.48012811,14.29271395,18.41532937,22.49418227,
1996-05-26,3.931623932,12.12155766,15.19921439,19.82906409,24.33744452,
1996-05-27,3.760683761,12.14350068,15.33788088,20.26128732,24.98549123,
1996-05-28,3.58974359,11.2586695,14.3262782,19.16286297,23.74084958,
1996-05-29,3.418803419,11.00030435,14.10406014,19.10300434,23.77498569,
1996-05-30,3.247863248,10.19633556,13.17489882,18.0692832,22.58971512,
1996-05-31,3.076923077,9.658391507,12.57895811,17.4694993,21.93667507,
1996-06-01,2.991452991,10.35586758,13.59685729,19.12154382,24.11591958,
1996-06-02,2.820512821,11.3452601,15.01954638,21.38931,27.09186521,
1996-06-03,2.64957265,10.88890183,14.53776472,20.96527198,26.6670705,
1996-06-04,2.564102564,10.16166693,13.68464354,19.98513429,25.52622806,
1996-06-05,2.478632479,9.358176318,12.71456686,18.80416831,24.11632937,
1996-06-06,2.393162393,9.161031657,12.55991149,18.81164759,24.22338202,
1996-06-07,2.307692308,8.60390378,11.90592091,18.05926713,23.34709798,
1996-06-08,2.222222222,7.627823219,10.65590338,16.3694436,21.2454583,
1996-06-09,2.222222222,6.602701094,9.313956145,14.49086997,18.87996482,
1996-06-10,2.136752137,5.753724347,8.197645493,12.91744485,16.89404163,
1996-06-11,2.051282051,5.035577826,7.248125724,11.5678188,15.18570185,
1996-06-12,2.051282051,4.828654276,7.023474818,11.35344383,14.95940089,
1996-06-13,1.965811966,4.463756127,6.562868858,10.7456126,14.2101352,
1996-06-14,1.88034188,3.728092778,5.542045436,9.191405787,12.19852046,
1996-06-15,1.88034188,3.219070165,4.839849779,8.130760817,10.82911118,
1996-06-16,1.794871795,2.930244358,4.389614524,7.547045588,10.0900061,
1996-06-17,1.794871795,2.592205924,3.868767342,6.808213571,9.136205403,
1996-06-18,1.709401709,2.241352842,3.332358996,6.003220159,8.085402973,
1996-06-19,1.709401709,2.047170118,3.031727151,5.591906275,7.55839397,
1996-06-20,1.623931624,1.936586006,2.856419685,5.395080441,7.317931381,
1996-06-21,1.623931624,1.656537059,2.433257029,4.706981751,6.406534534,
1996-06-22,1.623931624,1.293651783,1.892153682,3.749434781,5.120437963,
1996-06-23,1.538461538,1.21712325,1.77245109,3.598476574,4.930510792,
1996-06-24,1.538461538,1.143611629,1.657926403,3.449283636,4.741395663,
1996-06-25,1.623931624,0.999184867,1.441861292,3.074643932,4.239836552,
1996-06-26,1.88034188,1.111129409,1.595786278,3.488563295,4.825603241,
1996-06-27,1.88034188,1.574576222,2.250324257,5.0444633,6.999147771,
1996-06-28,1.709401709,0.980899722,1.394804873,3.206886269,4.462869026,
1996-06-29,1.538461538,0.807757007,1.142641948,2.695180037,3.761790834,
1996-06-30,1.452991453,0.722775055,1.016958396,2.461505796,3.445565943,
1996-07-01,1.452991453,3.148832045,4.406023477,10.94668468,15.36640795,
1996-07-02,1.367521368,3.101911769,4.315659315,11.00892585,15.49681936,
1996-07-03,1.367521368,3.064989546,4.239224767,11.10647376,15.67689754,
1996-07-04,1.367521368,3.035245861,4.172596,11.23115546,15.89548075,
1996-07-05,1.282051282,2.988305885,4.082286518,11.29257809,16.0245999,
1996-07-06,1.282051282,2.95056478,4.004569928,11.38852148,16.20266298,
1996-07-07,1.282051282,2.91767669,3.933340568,11.5041028,16.40882122,
1996-07-08,1.282051282,2.887418429,3.86548336,11.63163228,16.63228754,
1996-07-09,1.196581197,2.853814816,3.792974239,11.74726655,16.83900532,
1996-07-10,1.196581197,2.808522647,3.704897757,11.81508072,16.97722322,
1996-07-11,1.196581197,2.795461974,3.659094483,12.02072623,17.31384573,
1996-07-12,1.196581197,2.645255651,3.434628893,11.62885237,16.78864003,
1996-07-13,1.196581197,2.492058847,3.208671567,11.20202535,16.20967873,
1996-07-14,1.111111111,2.345781523,2.994081699,10.78388352,15.63997381,
1996-07-15,1.111111111,2.203200795,2.786663449,10.36036098,15.05923368,
1996-07-16,1.111111111,2.062329189,2.583914753,9.922004685,14.45370281,
1996-07-17,1.111111111,2.081474075,2.560595765,9.301269379,13.46402812,
1996-07-18,1.111111111,2.083618642,2.52120017,8.677453008,12.47929786,
1996-07-19,1.025641026,2.080297077,2.479678814,8.098505913,11.56845906,
1996-07-20,1.025641026,2.059678854,2.421722278,7.515243615,10.66078984,
1996-07-21,1.025641026,2.025368113,2.351712754,6.942994592,9.778378663,
1996-07-22,1.025641026,1.978209253,2.270636733,6.384744359,8.925445549,
1996-07-23,0.94017094,1.917790475,2.178010029,5.838990358,8.099859039,
1996-07-24,0.94017094,1.824755742,2.052065426,5.250042936,7.224980397,
1996-07-25,0.94017094,1.711131567,1.906798156,4.659594856,6.359607226,
1996-07-26,0.94017094,1.613859446,1.783186955,4.165424064,5.636594294,
1996-07-27,0.94017094,1.498684138,1.642851679,3.671117895,4.923690471,
1996-07-28,0.94017094,1.365043096,1.485302018,3.177202333,4.222049366,
1996-07-29,0.94017094,1.228497113,1.327470004,2.719901131,3.57980849,
1996-07-30,0.854700855,1.079745881,1.159145109,2.276198017,2.966043279,
1996-07-31,0.854700855,0.899490233,0.959722297,1.807115966,2.330430934,
1996-08-01,0.837606838,0.722141967,0.76605048,1.383791142,1.765281998,
1996-08-02,0.811965812,0.473385082,0.499430464,0.865858079,1.092148483,
1996-08-03,0.820512821,0.206539373,0.216779173,0.360840999,0.449807571,
1996-08-04,0.829059829,0.212003004,0.221426367,0.354001906,0.435875026,
1996-08-05,0.811965812,0.210699363,0.219044525,0.336451052,0.408956423,
1996-08-06,0.811965812,0.20924035,0.216569599,0.319683438,0.383362242,
1996-08-07,0.794871795,0.203642572,0.209892588,0.297822897,0.352124987,
1996-08-08,0.760683761,0.205903718,0.211376199,0.288367515,0.335914139,
1996-08-09,0.743589744,0.204048288,0.208674332,0.273757277,0.313949788,
1996-08-10,0.735042735,0.202081923,0.205912643,0.259806319,0.293088804,
1996-08-11,0.717948718,0.20001428,0.203098295,0.246486728,0.273281613,
1996-08-12,0.717948718,0.197854489,0.200238037,0.233771727,0.254480735,
1996-08-13,0.709401709,0.195611177,0.197338218,0.22163563,0.236640697,
1996-08-14,0.692307692,0.193292492,0.19440481,0.210053794,0.219717954,
1996-08-15,0.675213675,0.190906126,0.191443425,0.199002586,0.203670808,
1996-08-16,0.666666667,0.188459335,0.188459335,0.188459335,0.188459335,
1996-08-17,0.666666667,0.182068601,0.182068601,0.182068601,0.182068601,
1996-08-18,0.658119658,0.17589458,0.17589458,0.17589458,0.17589458,
1996-08-19,0.658119658,0.169929922,0.169929922,0.169929922,0.169929922,
1996-08-20,0.64957265,0.164167528,0.164167528,0.164167528,0.164167528,
1996-08-21,0.64957265,0.158600539,0.158600539,0.158600539,0.158600539,
1996-08-22,0.641025641,0.153222329,0.153222329,0.153222329,0.153222329,
1996-08-23,0.623931624,0.148026496,0.148026496,0.148026496,0.148026496,
1996-08-24,0.615384615,0.143006857,0.143006857,0.143006857,0.143006857,
1996-08-25,0.615384615,0.138157435,0.138157435,0.138157435,0.138157435,
1996-08-26,0.615384615,0.133472459,0.133472459,0.133472459,0.133472459,
1996-08-27,0.606837607,0.128946353,0.128946353,0.128946353,0.128946353,
1996-08-28,0.598290598,0.124573728,0.124573728,0.124573728,0.124573728,
1996-08-29,0.58974359,0.120349382,0.120349382,0.120349382,0.120349382,
1996-08-30,0.572649573,0.116268284,0.116268284,0.116268284,0.116268284,
1996-08-31,0.564102564,0.112325579,0.112325579,0.112325579,0.112325579,
1996-09-01,0.564102564,0.108516572,0.108516572,0.108516572,0.108516572,
1996-09-02,0.564102564,0.10483673,0.10483673,0.10483673,0.10483673,
1996-09-03,0.555555556,0.101281673,0.101281673,0.101281673,0.101281673,
1996-09-04,0.564102564,0.09784717,0.09784717,0.09784717,0.09784717,
1996-09-05,0.572649573,0.094529131,0.094529131,0.094529131,0.094529131,
1996-09-06,0.564102564,0.091323609,0.091323609,0.091323609,0.091323609,
1996-09-07,0.564102564,0.088226788,0.088226788,0.088226788,0.088226788,
1996-09-08,0.555555556,0.085234981,0.085234981,0.085234981,0.085234981,
1996-09-09,0.547008547,0.082344628,0.082344628,0.082344628,0.082344628,
1996-09-10,0.538461538,0.079552287,0.079552287,0.079552287,0.079552287,
1996-09-11,0.538461538,0.076854636,0.076854636,0.076854636,0.076854636,
1996-09-12,0.538461538,0.074248464,0.074248464,0.074248464,0.074248464,
1996-09-13,0.623931624,0.071730668,0.071730668,0.071730668,0.071730668,
1996-09-14,0.675213675,0.264078951,0.264078951,0.264078951,0.264078951,
1996-09-15,0.786324786,0.321819215,0.321819215,0.321819215,0.321819215,
1996-09-16,0.735042735,0.3161962,0.3161962,0.3161962,0.3161962,
1996-09-17,0.64957265,0.305473856,0.305473856,0.305473856,0.305473856,
1996-09-18,0.615384615,0.295115111,0.295115111,0.295115111,0.295115111,
1996-09-19,0.606837607,0.285107635,0.285107635,0.285107635,0.285107635,
1996-09-20,0.58974359,0.275439517,0.275439517,0.275439517,0.275439517,
1996-09-21,0.581196581,0.266099249,0.266099249,0.266099249,0.266099249,
1996-09-22,0.572649573,0.257075714,0.257075714,0.257075714,0.257075714,
1996-09-23,0.564102564,0.24835817,0.24835817,0.24835817,0.24835817,
1996-09-24,0.564102564,0.239936241,0.239936241,0.239936241,0.239936241,
1996-09-25,0.555555556,0.231799904,0.231799904,0.231799904,0.231799904,
1996-09-26,0.538461538,0.223939473,0.223939473,0.223939473,0.223939473,
1996-09-27,0.52991453,0.216345593,0.216345593,0.216345593,0.216345593,
1996-09-28,0.52991453,0.209009224,0.209009224,0.209009224,0.209009224,
1996-09-29,0.52991453,0.201921635,0.201921635,0.201921635,0.201921635,
1996-09-30,0.521367521,0.195074389,0.195074389,0.195074389,0.195074389,
1996-10-01,0.521367521,0.188459335,0.188459335,0.188459335,0.188459335,
1996-10-02,0.52991453,0.182068601,0.182068601,0.182068601,0.182068601,
1996-10-03,0.52991453,0.17589458,0.17589458,0.17589458,0.17589458,
1996-10-04,0.521367521,0.169929922,0.169929922,0.169929922,0.169929922,
1996-10-05,0.512820513,0.164167528,0.164167528,0.164167528,0.164167528,
1996-10-06,0.504273504,0.158600539,0.158600539,0.158600539,0.158600539,
1996-10-07,0.495726496,0.153222329,0.153222329,0.153222329,0.153222329,
1996-10-08,0.487179487,0.148026496,0.148026496,0.148026496,0.148026496,
1996-10-09,0.487179487,0.143006857,0.143006857,0.143006857,0.143006857,
1996-10-10,0.487179487,0.138157435,0.138157435,0.138157435,0.138157435,
1996-10-11,0.495726496,0.133472459,0.133472459,0.133472459,0.133472459,
1996-10-12,0.504273504,0.128946353,0.128946353,0.128946353,0.128946353,
1996-10-13,0.512820513,0.124573728,0.124573728,0.124573728,0.124573728,
1996-10-14,0.512820513,0.120349382,0.120349382,0.120349382,0.120349382,
1996-10-15,0.504273504,0.116268284,0.116268284,0.116268284,0.116268284,
1996-10-16,0.512820513,0.112325579,0.112325579,0.112325579,0.112325579,
1996-10-17,0.512820513,0.109434364,0.108744276,0.108176941,0.107130829,
1996-10-18,0.572649573,0.131539059,0.129893898,0.128541378,0.126047461,
1996-10-19,0.623931624,0.140551454,0.137936384,0.135786483,0.131822272,
1996-10-20,0.598290598,0.101792243,0.099287669,0.09722861,0.0934319,
1996-10-21,0.58974359,0.101984944,0.098873752,0.096315979,0.091599691,
1996-10-22,0.564102564,0.099326084,0.095719256,0.092754011,0.087286383,
1996-10-23,0.564102564,0.096730276,0.092665004,0.089322864,0.083160275,
1996-10-24,0.658119658,0.152360189,0.145100189,0.139131599,0.128126089,
1996-10-25,0.820512821,0.14867379,0.140766544,0.13426584,0.122279162,
1996-10-26,0.700854701,0.144761061,0.136273162,0.129295093,0.116428199,
1996-10-27,0.64957265,0.140942733,0.131922656,0.124507072,0.110833443,
1996-10-28,0.632478632,0.137216905,0.127710502,0.1198951,0.105484245,
1996-10-29,0.786324786,0.301199677,0.278765855,0.260322565,0.226314899,
1996-10-30,0.854700855,0.225637454,0.207675732,0.192909046,0.165680686,
1996-10-31,0.854700855,0.256405966,0.234701143,0.216857179,0.183954612,
1996-11-01,0.760683761,0.126407014,0.1150783,0.105764741,0.088591425,
1996-11-02,0.683760684,0.135646688,0.122825618,0.112285163,0.092849569,
1996-11-03,0.641025641,0.118961144,0.107143137,0.09742732,0.079512281,
1996-11-04,0.641025641,0.120926201,0.108337978,0.09798895,0.078906331,
1996-11-05,0.641025641,0.094490861,0.084211712,0.075761021,0.060178753,
1996-11-06,0.641025641,0.133661793,0.118504085,0.106042633,0.083064905,
1996-11-07,0.632478632,0.104621903,0.092281075,0.082135436,0.063427846,
1996-11-08,0.615384615,0.093115433,0.081713916,0.072340504,0.055056826,
1996-11-09,0.606837607,0.078906194,0.068895335,0.06066521,0.045489644,
1996-11-10,0.598290598,0.269402452,0.23404769,0.204981841,0.151387188,
1996-11-11,0.58974359,0.255280199,0.220680257,0.192234961,0.139784548,
1996-11-12,0.58974359,0.229809853,0.197686808,0.171277818,0.12258216,
1996-11-13,0.58974359,0.194880772,0.166824414,0.143758727,0.101227799,
1996-11-14,0.598290598,0.174342671,0.148523263,0.127296618,0.088156708,
1996-11-15,0.606837607,0.169502724,0.143709665,0.122504682,0.083404714,
1996-11-16,0.641025641,0.617127867,0.523220141,0.446016742,0.303661039,
1996-11-17,3.247863248,6.684864561,5.667635452,4.831351285,3.289323054,
1996-11-18,4.700854701,27.84044484,23.60399238,20.12112104,13.69903851,
1996-11-19,2.393162393,10.50650796,8.907743225,7.593367118,5.169782954,
1996-11-20,2.136752137,11.21016545,9.504325861,8.101921401,5.516021352,
1996-11-21,1.88034188,5.974336369,5.065227619,4.317831338,2.939703889,
1996-11-22,5.299145299,16.97789683,14.39438737,12.27043314,8.354064162,
1996-11-23,3.504273504,7.858237539,6.662457446,5.679382983,3.86668745,
1996-11-24,2.051282051,5.2909205,4.485806455,3.823906277,2.603425487,
1996-11-25,1.623931624,3.616709358,3.066358336,2.613903878,1.779621017,
1996-11-26,1.367521368,2.828800657,2.39834491,2.044458727,1.391926363,
1996-11-27,1.196581197,2.09542681,1.776567822,1.514427543,1.031065873,
1996-11-28,1.196581197,1.93557498,1.641040484,1.39889785,0.952409932,
1996-11-29,1.111111111,1.586594704,1.345164185,1.146679382,0.780692337,
1996-11-30,1.025641026,1.375165795,1.165908201,0.993873394,0.676657621,
1996-12-01,1.709401709,4.745407974,4.023304021,3.429648081,2.335003156,
1996-12-02,1.367521368,3.009695861,2.551713472,2.175197094,1.480936807,
1996-12-03,1.196581197,2.037402891,1.727373345,1.472491924,1.002514896,
1996-12-04,1.282051282,2.314775161,1.962538156,1.672957148,1.138997392,
1996-12-05,8.803418803,47.765918,40.49742635,34.52185563,23.50347323,
1996-12-06,5.384615385,11.59104649,9.827248613,8.377195502,5.703435885,
1996-12-07,3.846153846,6.682851398,5.66592863,4.829896312,3.288332466,
1996-12-08,3.162393162,7.142027936,6.055232736,5.16175691,3.514272716,
1996-12-09,3.076923077,13.43316928,11.38905744,9.70855267,6.609862176,
1996-12-10,10.25641026,17.77699823,15.07189031,12.84796759,8.747266241,
1996-12-11,14.35897436,24.88264999,21.0962822,17.98343436,12.24363987,
1996-12-12,38.20512821,69.22892404,58.69442838,50.03381117,34.06445916,
1996-12-13,16.83760684,27.04773876,22.93191159,19.54820868,13.30898328,
1996-12-14,8.205128205,14.14038057,11.9886531,10.21967539,6.957849241,
1996-12-15,5.213675214,9.025478693,7.652080688,6.522983029,4.441034649,
1996-12-16,3.846153846,7.152293265,6.063936001,5.169175971,3.519323826,
1996-12-17,3.076923077,6.287732267,5.330934379,4.544331914,3.093912003,
1996-12-18,2.564102564,5.230243467,4.434362585,3.780053173,2.573569031,
1996-12-19,2.222222222,4.658311918,3.949461284,3.36670116,2.29214708,
1996-12-20,1.965811966,4.312679031,3.656423006,3.116901949,2.122076585,
1996-12-21,1.965811966,3.420023882,2.899602292,2.471753411,1.682840886,
1996-12-22,1.88034188,4.129728431,3.501311814,2.984678085,2.032054772,
1996-12-23,1.88034188,4.041515757,3.426522374,2.920924152,1.988649258,
1996-12-24,1.88034188,3.721916653,3.155556343,2.689940333,1.831388824,
1996-12-25,1.794871795,3.554670054,3.013759491,2.569066221,1.749094249,
1996-12-26,5.299145299,6.437698325,5.458080253,4.652716864,3.167703597,
1996-12-27,15.21367521,13.832727,11.72781486,9.997324963,6.806466667,
1996-12-28,13.07692308,7.183476005,6.090373694,5.191712668,3.534667459,
1996-12-29,17.09401709,15.14658567,12.84174498,10.94688987,7.452957796,
1996-12-30,38.8034188,55.0264151,46.65310092,39.76923375,27.07603933,
1996-12-31,56.06837607,104.1214508,88.2773945,75.25168247,51.23351199,
1997-01-01,152.991453,245.3047234,207.9769507,177.2890505,120.7034899,
1997-01-02,144.4444444,118.8210598,100.7401787,85.87552889,58.4665325,
1997-01-03,50.34188034,38.94816047,33.02145811,28.1489989,19.16464888,
1997-01-04,26.58119658,22.40476485,18.99545435,16.19259276,11.02438335,
1997-01-05,18.46153846,19.96878553,16.93015554,14.43203774,9.825746805,
1997-01-06,13.93162393,12.5529412,10.64277278,9.072385544,6.176741281,
1997-01-07,11.36752137,9.061177166,7.682346961,6.548783382,4.458600272,
1997-01-08,9.487179487,7.963786334,6.751944986,5.75566625,3.918623294,
1997-01-09,8.034188034,7.198930033,6.103476099,5.202881756,3.542271695,
1997-01-10,7.008547009,6.567100255,5.567791221,4.746239503,3.231376502,
1997-01-11,6.324786325,6.068299753,5.14489269,4.385741482,2.985939071,
1997-01-12,5.811965812,5.935294534,5.032126741,4.289614638,2.920493147,
1997-01-13,5.47008547,6.101587236,5.17311485,4.40979934,3.002318353,
1997-01-14,5.128205128,5.669283459,4.806594303,4.097360489,2.789600987,
1997-01-15,4.615384615,5.27024658,4.468278464,3.808964617,2.593252775,
1997-01-16,4.273504274,5.037476846,4.270929066,3.640734978,2.478717193,
1997-01-17,4.017094017,4.48404942,3.790891196,3.231528775,2.200117829,
1997-01-18,3.760683761,4.393191132,3.70352797,3.157056372,2.149414872,
1997-01-19,3.58974359,4.301912971,3.616302105,3.082701062,2.098791637,
1997-01-20,3.675213675,4.210105701,3.529121201,3.008384078,2.048194494,
1997-01-21,3.760683761,5.458273129,4.562493398,3.889277729,2.647932254,
1997-01-22,8.974358974,5.025722394,4.189110324,3.570988946,2.431232086,
1997-01-23,14.18803419,5.60645993,4.660057041,3.972445434,2.704555222,
1997-01-24,10.08547009,4.278748209,3.546511105,3.023208026,2.058287065,
1997-01-25,40.34188034,4.927318965,4.072679315,3.471737836,2.363659074,
1997-01-26,54.35897436,4.330148551,3.569111568,3.042473692,2.071403685,
1997-01-27,29.65811966,3.440448976,2.827893641,2.410625682,1.641223368,
1997-01-28,19.65811966,3.486471661,2.857771677,2.436095085,1.658563671,
1997-01-29,15.2991453,4.379155487,3.579546384,3.051368806,2.077459735,
1997-01-30,12.73504274,4.598980662,3.748851527,3.195692242,2.175719285,
1997-01-31,11.02564103,5.346343172,4.34605573,3.704776377,2.522318422,
1997-02-01,10.34188034,5.2738773,4.27536347,3.644515067,2.481290786,
1997-02-02,9.401709402,5.201247422,4.204921003,3.584466691,2.440408123,
1997-02-03,8.290598291,5.128190344,4.134514342,3.524448838,2.399546241,
1997-02-04,7.606837607,5.054694868,4.064134447,3.464453801,2.358699892,
1997-02-05,7.008547009,4.980777873,3.993794887,3.404493147,2.317876953,
1997-02-06,6.495726496,4.906415594,3.923476585,3.344550616,2.277066352,
1997-02-07,5.982905983,4.831626165,3.853194085,3.284638603,2.236276529,
1997-02-08,5.811965812,4.756394937,3.7829357,3.224747147,2.195500701,
1997-02-09,5.47008547,4.680739608,3.712715525,3.164888263,2.15474705,
1997-02-10,5.128205128,4.604775848,3.642625005,3.105139903,2.114068646,
1997-02-11,4.957264957,4.528124879,3.572364519,3.045246656,2.073291599,
1997-02-12,4.700854701,4.451176933,3.502242724,2.985471636,2.032595044,
1997-02-13,4.444444444,4.373784718,3.432143179,2.925715582,1.991911403,
1997-02-14,4.273504274,4.296225059,3.362282601,2.866163235,1.95136645,
1997-02-15,4.188034188,4.185827228,3.295139631,2.807876323,1.897369595,
1997-02-16,4.102564103,4.076732468,3.228206045,2.749812141,1.844126787,
1997-02-17,4.786324786,3.968535322,3.16116445,2.691700131,1.791453881,
1997-02-18,4.358974359,3.861247164,3.094023878,2.633547987,1.739356018,
1997-02-19,4.017094017,3.754853681,3.026772874,2.575345956,1.687826749,
1997-02-20,3.931623932,3.649372158,2.959425328,2.517105861,1.636873849,
1997-02-21,3.760683761,3.546060415,2.893007543,2.459700281,1.587060239,
1997-02-22,3.58974359,3.441113409,2.824415197,2.400489851,1.536682956,
1997-02-23,3.504273504,3.338332964,2.756749899,2.342111634,1.48744354,
1997-02-24,3.333333333,3.236459993,2.688984499,2.28369232,1.438778466,
1997-02-25,3.333333333,3.13548885,2.621114341,2.225227953,1.390685218,
1997-02-26,3.333333333,3.035422559,2.553141946,2.166720673,1.34316514,
1997-02-27,3.333333333,2.936255241,2.48506236,2.108166278,1.29621563,
1997-02-28,3.247863248,2.837995647,2.416882968,2.049571031,1.249840557,
1997-03-01,3.162393162,2.746085015,2.353266726,1.994887767,1.206430392,
1997-03-02,3.333333333,2.732151384,2.356070221,1.996529265,1.197358294,
1997-03-03,3.162393162,2.519280353,2.186248018,1.8519412,1.101316944,
1997-03-04,2.991452991,2.321170619,2.027135439,1.716528513,1.012148908,
1997-03-05,2.905982906,2.263936094,1.989784776,1.684282852,0.984663391,
1997-03-06,2.820512821,1.812541867,1.603281748,1.356624374,0.786289345,
1997-03-07,2.820512821,2.705948394,2.408989759,2.037631943,1.170762141,
1997-03-08,2.735042735,3.064709524,2.746074692,2.321904361,1.322443282,
1997-03-09,2.735042735,3.160725038,2.850568184,2.409377139,1.360180162,
1997-03-10,2.735042735,3.581660835,3.251360579,2.747135195,1.537089674,
1997-03-11,2.735042735,3.99748658,3.652734402,3.085138828,1.710761467,
1997-03-12,2.64957265,4.409338122,4.05573434,3.424270078,1.881680278,
1997-03-13,2.564102564,4.456443756,4.126333562,3.482610551,1.896324843,
1997-03-14,2.564102564,4.734679517,4.413277782,3.723437642,2.008853424,
1997-03-15,2.564102564,5.801300631,5.443847761,4.591252818,2.454129366,
1997-03-16,2.735042735,7.364048413,6.957007847,5.865301184,3.105873488,
1997-03-17,2.905982906,5.185580367,4.950973706,4.182203753,2.295227893,
1997-03-18,2.735042735,6.286269937,6.066336577,5.134366478,2.916442922,
1997-03-19,2.64957265,7.672719317,7.484745454,6.347200916,3.726954365,
1997-03-20,2.564102564,9.116901641,8.991341446,7.639652555,4.631761774,
1997-03-21,2.564102564,10.52719189,10.49773914,8.936919828,5.58842743,
1997-03-22,2.564102564,12.16570708,12.2683016,10.4645019,6.742291778,
1997-03-23,2.564102564,13.57989421,13.8505341,11.83700245,7.850603118,
1997-03-24,2.564102564,14.65725881,15.12190626,12.94857354,8.832124639,
1997-03-25,2.478632479,12.23205203,12.76729285,10.95351355,7.677341159,
1997-03-26,2.393162393,13.76062834,14.53272513,12.49223107,8.990094871,
1997-03-27,2.393162393,16.86398928,18.02368358,15.5229373,11.46137463,
1997-03-28,2.393162393,14.36465135,15.53887401,13.40869082,10.15025143,
1997-03-29,2.307692308,12.121657,13.27382638,11.47621121,8.900649967,
1997-03-30,2.222222222,10.80331893,11.97763978,10.37548256,8.239185226,
1997-03-31,2.307692308,8.696296914,9.763383843,8.473662648,6.885471345,
1997-04-01,2.222222222,6.45700973,7.342151478,6.38450146,5.305454435,
1997-04-02,2.222222222,5.004186004,5.764042183,5.021838511,4.265302782,
1997-04-03,2.136752137,4.861876671,5.673844313,4.952723126,4.29726561,
1997-04-04,2.051282051,4.721611596,5.583719634,4.883378489,4.326227816,
1997-04-05,2.051282051,5.424278559,6.501559168,5.696965051,5.150660023,
1997-04-06,2.051282051,4.959108501,6.025678763,5.290057281,4.878749771,
1997-04-07,1.965811966,4.668955329,5.752226387,5.059619361,4.757752329,
1997-04-08,1.965811966,4.89355209,6.114260411,5.38830784,5.16401054,
1997-04-09,1.965811966,5.121386205,6.490870128,5.731088278,5.595577832,
1997-04-10,1.88034188,4.26454266,5.483760689,4.851069587,4.823340055,
1997-04-11,1.88034188,3.411712577,4.452120839,3.945934848,3.993915314,
1997-04-12,1.88034188,4.2015936,5.565419069,4.942013442,5.090186574,
1997-04-13,1.794871795,4.399921238,5.917279012,5.264417354,5.515807419,
1997-04-14,1.794871795,6.129576173,8.371594833,7.46204412,7.950589614,
1997-04-15,1.794871795,7.801747277,10.82383077,9.666095629,10.46970305,
1997-04-16,1.794871795,8.628108509,11.94279729,10.8372471,11.91773193,
1997-04-17,1.709401709,10.80491108,14.92110314,13.75768246,15.3532455,
1997-04-18,1.709401709,13.11831494,18.07318787,16.93168061,19.16614678,
1997-04-19,2.393162393,35.35376564,48.59111187,46.25231978,53.08325444,
1997-04-20,1.965811966,16.6674513,22.85293794,22.10148309,25.70711799,
1997-04-21,1.88034188,19.7217092,26.97466636,26.50515545,31.23183945,
1997-04-22,1.794871795,15.67590723,21.38797429,21.35167289,25.47825482,
1997-04-23,2.051282051,30.17802571,41.07142107,41.65660985,50.31936027,
1997-04-24,1.794871795,14.40623913,19.55679579,20.15202359,24.63390054,
1997-04-25,1.794871795,9.604312674,13.00461565,13.61416309,16.83547352,
1997-04-26,1.709401709,12.11203487,16.35754759,17.39725169,21.75693194,
1997-04-27,1.709401709,12.34300602,16.62559854,17.96413011,22.7129958,
1997-04-28,1.623931624,12.87328979,17.2936352,18.98365907,24.25903302,
1997-04-29,1.709401709,9.409516337,12.60634776,14.05875247,18.15285653,
1997-04-30,1.709401709,8.295373426,11.08326431,12.55709144,16.37857354,
1997-05-01,1.709401709,6.645850824,8.8547504,10.19207028,13.42539512,
1997-05-02,1.623931624,9.213874479,12.24181779,14.31523324,19.03855296,
1997-05-03,1.623931624,8.992210967,11.91328581,14.15314906,19.00013815,
1997-05-04,1.623931624,10.57955522,13.97581579,16.86829248,22.85305248,
1997-05-05,1.623931624,11.88933092,15.66010752,19.20283833,26.24900798,
1997-05-06,1.623931624,10.81240261,14.19938792,17.68977075,24.39228746,
1997-05-07,1.623931624,11.21568429,14.68471215,18.58685655,25.84823845,
1997-05-08,1.623931624,11.97998103,15.63758977,20.10968017,28.19939871,
1997-05-09,1.623931624,12.00832867,15.62613824,20.41689233,28.86370148,
1997-05-10,1.623931624,12.91182039,16.74915757,22.23526197,31.68496505,
1997-05-11,1.623931624,11.2286859,14.51949109,19.58490877,28.12579211,
1997-05-12,1.623931624,11.53528552,14.86784161,20.37743101,29.48703512,
1997-05-13,1.538461538,12.8873956,16.55623428,23.05715905,33.6135717,
1997-05-14,1.538461538,11.22728086,14.37563621,20.34353076,29.87400738,
1997-05-15,1.538461538,11.24767792,14.35324954,20.64038242,30.52646686,
1997-05-16,1.538461538,10.43319624,13.26838091,19.38955512,28.87711612,
1997-05-17,1.538461538,9.646945528,12.34088842,18.25591362,27.33887571,
1997-05-18,1.538461538,11.0272239,14.19152037,21.25200281,31.99845631,
1997-05-19,1.538461538,9.46995368,12.26219853,18.58917206,28.13864988,
1997-05-20,1.538461538,8.126046795,10.58792332,16.24914974,24.72582572,
1997-05-21,1.538461538,6.812518317,8.933158193,13.87908482,21.2286204,
1997-05-22,1.538461538,2.731457638,3.605075129,5.670407881,8.717274631,
1997-05-23,1.623931624,4.127135913,5.483395664,8.731771987,13.49086716,
1997-05-24,1.623931624,6.274632332,8.39325492,13.53147422,21.00970892,
1997-05-25,1.538461538,4.432823968,5.970714079,9.745685296,15.20519295,
1997-05-26,1.538461538,4.005104605,5.432850188,8.978322319,14.07496553,
1997-05-27,1.452991453,3.919283917,5.354948029,8.9601332,14.11262891,
1997-05-28,1.367521368,3.926103751,5.403981386,9.155364257,14.48704571,
1997-05-29,1.367521368,4.165663882,5.777115999,9.910298517,15.75331024,
1997-05-30,1.367521368,4.519786721,6.316745056,10.97222254,17.51989121,
1997-05-31,1.367521368,4.206309088,5.925179484,10.42174845,16.71477643,
1997-06-01,1.367521368,3.853463722,5.472120516,9.746422276,15.70003125,
1997-06-02,1.367521368,2.818788526,4.03601663,7.279577324,11.77685973,
1997-06-03,1.452991453,2.222376736,3.209070593,5.861513463,9.52301551,
1997-06-04,2.051282051,8.761962715,12.76210719,23.60718946,38.51450484,
1997-06-05,1.709401709,4.82814903,7.095004621,13.2917021,21.77461219,
1997-06-06,1.538461538,2.765805035,4.101472326,7.781957256,12.80039892,
1997-06-07,1.452991453,2.104164409,3.149510208,6.052417038,9.995485933,
1997-06-08,1.452991453,1.962391025,2.965492945,5.772123813,9.570336242,
1997-06-09,1.367521368,1.971325445,3.008324707,5.931069968,9.872285054,
1997-06-10,1.367521368,2.174725772,3.352257499,6.694721459,11.18632187,
1997-06-11,1.367521368,1.806286235,2.813209309,5.691172472,9.545622569,
1997-06-12,1.367521368,1.40923252,2.218205579,4.545946949,7.653368082,
1997-06-13,1.282051282,0.849554929,1.351887537,2.806757395,4.742827198,
1997-06-14,1.367521368,1.186728382,1.909687279,4.01686979,6.812449042,
1997-06-15,1.367521368,1.329315024,2.16390623,4.611531227,7.849158073,
1997-06-16,1.282051282,1.156579276,1.876002975,4.090011441,6.987602204,
1997-06-17,1.282051282,0.764372343,1.235292235,2.755578049,4.725092955,
1997-06-18,1.282051282,0.805395404,1.296695215,2.960083612,5.094068738,
1997-06-19,1.196581197,0.689712215,1.106155879,2.584520556,4.463485023,
1997-06-20,1.196581197,0.429440244,0.686000772,1.640831445,2.843559216,
1997-06-21,1.196581197,0.353365211,0.562174258,1.37679057,2.394099399,
1997-06-22,1.196581197,0.287293514,0.45514322,1.141532578,1.991641478,
1997-06-23,1.111111111,0.22012524,0.347228053,0.892047821,1.56146725,
1997-06-24,1.111111111,0.33077505,0.519452358,1.36724446,2.400970798,
1997-06-25,1.025641026,0.287907578,0.450066771,1.213956014,2.138525337,
1997-06-26,1.025641026,0.197803961,0.307758446,0.85087268,1.503565102,
1997-06-27,1.025641026,0.139115033,0.21539604,0.610560613,1.082203103,
1997-06-28,1.025641026,0.116255093,0.179101357,0.520642185,0.925589536,
1997-06-29,1.025641026,0.091092883,0.139613059,0.416326613,0.742317538,
1997-06-30,1.025641026,0.195665639,0.298290216,0.912722213,1.632106887,
1997-07-01,1.025641026,0.178958591,0.271321651,0.852128795,1.528087356,
1997-07-02,0.94017094,0.152388041,0.229726486,0.740779433,1.332121716,
1997-07-03,0.94017094,0.145142798,0.217520776,0.720407213,1.299046548,
1997-07-04,0.94017094,0.142987799,0.212991256,0.72474935,1.310407277,
1997-07-05,0.854700855,0.141635941,0.209653273,0.733217859,1.329241607,
1997-07-06,0.854700855,0.094493193,0.138962289,0.499686904,0.908243713,
1997-07-07,0.854700855,0.085600814,0.125037457,0.462469654,0.842757814,
1997-07-08,0.837606838,0.08402525,0.121879221,0.463869751,0.847447375,
1997-07-09,0.829059829,0.069362959,0.099882803,0.391354928,0.716748989,
1997-07-10,0.829059829,0.055233868,0.07893885,0.318555323,0.584848828,
1997-07-11,0.854700855,0.04878064,0.069171443,0.287637633,0.529358907,
1997-07-12,0.846153846,0.032778209,0.046102299,0.197646127,0.364604705,
1997-07-13,0.820512821,0.026187288,0.036520898,0.161505811,0.298631499,
1997-07-14,0.794871795,0.023681088,0.032735015,0.149412619,0.276906198,
1997-07-15,0.777777778,0.018416561,0.025224109,0.11889937,0.220855225,
1997-07-16,0.752136752,0.017933818,0.024327755,0.118503368,0.220610755,
1997-07-17,0.735042735,0.018853171,0.024831026,0.112878199,0.208340989,
1997-07-18,0.726495726,0.019689551,0.025272189,0.107498265,0.196649685,
1997-07-19,0.709401709,0.020447528,0.025654879,0.102353401,0.18551172,
1997-07-20,0.692307692,0.021131456,0.025982554,0.097433853,0.174903011,
1997-07-21,0.675213675,0.022354187,0.026993533,0.095325962,0.169413568,
1997-07-22,0.658119658,0.023722041,0.02818295,0.093887209,0.165125292,
1997-07-23,0.658119658,0.025089894,0.029372368,0.092448456,0.160837016,
1997-07-24,0.692307692,0.026457748,0.030561785,0.091009703,0.156548739,
1997-07-25,0.64957265,0.027825602,0.031751202,0.08957095,0.152260463,
1997-07-26,0.623931624,0.029193455,0.032940619,0.088132196,0.147972186,
1997-07-27,0.615384615,0.030561309,0.034130037,0.086693443,0.14368391,
1997-07-28,0.58974359,0.031929163,0.035319454,0.08525469,0.139395634,
1997-07-29,0.581196581,0.033297016,0.036508871,0.083815937,0.135107357,
1997-07-30,0.555555556,0.03466487,0.037698288,0.082377184,0.130819081,
1997-07-31,0.555555556,0.036032724,0.038887706,0.080938431,0.126530804,
1997-08-01,0.52991453,0.037400577,0.040077123,0.079499678,0.122242528,
1997-08-02,0.52991453,0.038768431,0.04126654,0.078060925,0.117954252,
1997-08-03,0.52991453,0.040136285,0.042455958,0.076622172,0.113665975,
1997-08-04,0.504273504,0.041504138,0.043645375,0.075183419,0.109377699,
1997-08-05,0.495726496,0.042871992,0.044834792,0.073744666,0.105089422,
1997-08-06,0.487179487,0.044239846,0.046024209,0.072305913,0.100801146,
1997-08-07,0.461538462,0.045607699,0.047213627,0.07086716,0.09651287,
1997-08-08,0.452991453,0.046975553,0.048403044,0.069428407,0.092224593,
1997-08-09,0.444444444,0.048343406,0.049592461,0.067989654,0.087936317,
1997-08-10,0.444444444,0.04971126,0.050781878,0.0665509,0.08364804,
1997-08-11,0.461538462,0.051079114,0.051971296,0.065112147,0.079359764,
1997-08-12,0.461538462,0.052446967,0.053160713,0.063673394,0.075071488,
1997-08-13,0.435897436,0.053814821,0.05435013,0.062234641,0.070783211,
1997-08-14,0.41025641,0.055182675,0.055539548,0.060795888,0.066494935,
1997-08-15,0.418803419,0.056550528,0.056728965,0.059357135,0.062206658,
1997-08-16,0.401709402,0.057918382,0.057918382,0.057918382,0.057918382,
1997-08-17,0.41025641,0.057918382,0.057918382,0.057918382,0.057918382,
1997-08-18,0.418803419,0.057918382,0.057918382,0.057918382,0.057918382,
1997-08-19,0.427350427,0.057918382,0.057918382,0.057918382,0.057918382,
1997-08-20,0.478632479,0.14366172,0.14366172,0.14366172,0.14366172,
1997-08-21,0.461538462,0.143006857,0.143006857,0.143006857,0.143006857,
1997-08-22,0.435897436,0.138157435,0.138157435,0.138157435,0.138157435,
1997-08-23,0.418803419,0.133472459,0.133472459,0.133472459,0.133472459,
1997-08-24,0.452991453,0.128946353,0.128946353,0.128946353,0.128946353,
1997-08-25,0.444444444,0.124573728,0.124573728,0.124573728,0.124573728,
1997-08-26,0.435897436,0.120349382,0.120349382,0.120349382,0.120349382,
1997-08-27,0.435897436,0.116268284,0.116268284,0.116268284,0.116268284,
1997-08-28,0.435897436,0.112325579,0.112325579,0.112325579,0.112325579,
1997-08-29,0.418803419,0.108516572,0.108516572,0.108516572,0.108516572,
1997-08-30,0.41025641,0.10483673,0.10483673,0.10483673,0.10483673,
1997-08-31,0.41025641,0.101281673,0.101281673,0.101281673,0.101281673,
1997-09-01,0.393162393,0.09784717,0.09784717,0.09784717,0.09784717,
1997-09-02,0.393162393,0.094529131,0.094529131,0.094529131,0.094529131,
1997-09-03,0.393162393,0.091323609,0.091323609,0.091323609,0.091323609,
1997-09-04,0.384615385,0.088226788,0.088226788,0.088226788,0.088226788,
1997-09-05,0.376068376,0.085234981,0.085234981,0.085234981,0.085234981,
1997-09-06,0.376068376,0.082344628,0.082344628,0.082344628,0.082344628,
1997-09-07,0.367521368,0.079552287,0.079552287,0.079552287,0.079552287,
1997-09-08,0.358974359,0.076854636,0.076854636,0.076854636,0.076854636,
1997-09-09,0.358974359,0.074248464,0.074248464,0.074248464,0.074248464,
1997-09-10,0.341880342,0.071730668,0.071730668,0.071730668,0.071730668,
1997-09-11,0.367521368,0.069298251,0.069298251,0.069298251,0.069298251,
1997-09-12,0.367521368,0.066948319,0.066948319,0.066948319,0.066948319,
1997-09-13,0.358974359,0.064678073,0.064678073,0.064678073,0.064678073,
1997-09-14,0.358974359,0.062484813,0.062484813,0.062484813,0.062484813,
1997-09-15,0.376068376,0.152267012,0.152267012,0.152267012,0.152267012,
1997-09-16,0.367521368,0.148026496,0.148026496,0.148026496,0.148026496,
1997-09-17,0.341880342,0.143006857,0.143006857,0.143006857,0.143006857,
1997-09-18,0.35042735,0.138157435,0.138157435,0.138157435,0.138157435,
1997-09-19,0.367521368,0.133472459,0.133472459,0.133472459,0.133472459,
1997-09-20,0.35042735,0.128946353,0.128946353,0.128946353,0.128946353,
1997-09-21,0.341880342,0.124573728,0.124573728,0.124573728,0.124573728,
1997-09-22,0.341880342,0.120349382,0.120349382,0.120349382,0.120349382,
1997-09-23,0.333333333,0.116268284,0.116268284,0.116268284,0.116268284,
1997-09-24,0.324786325,0.112325579,0.112325579,0.112325579,0.112325579,
1997-09-25,0.324786325,0.108516572,0.108516572,0.108516572,0.108516572,
1997-09-26,0.35042735,0.10483673,0.10483673,0.10483673,0.10483673,
1997-09-27,0.35042735,0.101281673,0.101281673,0.101281673,0.101281673,
1997-09-28,0.324786325,0.09784717,0.09784717,0.09784717,0.09784717,
1997-09-29,0.324786325,0.094529131,0.094529131,0.094529131,0.094529131,
1997-09-30,0.333333333,0.091323609,0.091323609,0.091323609,0.091323609,
1997-10-01,0.444444444,0.088226788,0.088226788,0.088226788,0.088226788,0.0997151
1997-10-02,0.581196581,0.141981079,0.141981079,0.141981079,0.141981079,0.237416904
1997-10-03,0.547008547,0.138157435,0.138157435,0.138157435,0.138157435,0.125830959
1997-10-04,0.504273504,0.137199085,0.137199085,0.137199085,0.137199085,0.111585945
1997-10-05,0.487179487,0.117843864,0.117843864,0.117843864,0.117843864,0.104463438
1997-10-06,0.487179487,0.11162398,0.11162398,0.11162398,0.11162398,0.102089269
1997-10-07,0.521367521,0.15958266,0.15958266,0.15958266,0.15958266,0.092592593
1997-10-08,0.52991453,0.155498591,0.155498591,0.155498591,0.155498591,0.090218424
1997-10-09,0.854700855,0.410852601,0.410852601,0.410852601,0.410852601,2.445394112
1997-10-10,0.743589744,0.311397453,0.311397453,0.311397453,0.311397453,0.125830959
1997-10-11,0.700854701,0.273227261,0.273227261,0.273227261,0.273227261,0.102089269
1997-10-12,0.64957265,0.206342291,0.206342291,0.206342291,0.206342291,0.083095916
1997-10-13,0.598290598,0.160822769,0.160822769,0.160822769,0.160822769,0.092592593
1997-10-14,0.572649573,0.133733625,0.133733625,0.133733625,0.133733625,0.0997151
1997-10-15,0.538461538,0.151609986,0.151609986,0.151609986,0.151609986,0.094966762
1997-10-16,0.512820513,0.180512258,0.180512258,0.180512258,0.180512258,0.092592593
1997-10-17,0.495726496,0.196143989,0.192767675,0.18920664,0.186961559,0.094966762
1997-10-18,0.495726496,0.166983532,0.161370684,0.155450753,0.151718489,0.094966762
1997-10-19,0.512820513,0.150229666,0.142830019,0.135025532,0.130105136,0.102089269
1997-10-20,0.512820513,0.282694251,0.264547578,0.245408088,0.233341454,0.097340931
1997-10-21,0.512820513,0.251853647,0.232090978,0.21124708,0.19810589,0.104463438
1997-10-22,0.504273504,0.24022221,0.218090719,0.194748401,0.180032062,0.0997151
1997-10-23,0.504273504,0.172797444,0.154617059,0.135442014,0.123352963,0.106837607
1997-10-24,0.512820513,0.133286021,0.117591145,0.101037593,0.090601282,0.092592593
1997-10-25,0.52991453,0.0955383,0.083138776,0.070060866,0.061815801,0.0997151
1997-10-26,0.52991453,0.09098006,0.078120931,0.06455827,0.056007589,0.111585945
1997-10-27,0.538461538,0.09006066,0.076331462,0.061851132,0.052721899,0.113960114
1997-10-28,0.538461538,0.102462985,0.085748901,0.068120378,0.057006344,0.106837607
1997-10-29,0.547008547,0.101359663,0.083783721,0.065246188,0.053559062,0.106837607
1997-10-30,0.547008547,0.1065786,0.087042551,0.066437671,0.053447171,0.106837607
1997-10-31,0.555555556,0.100249841,0.080917274,0.06052701,0.047671815,0.121082621
1997-11-01,0.555555556,0.097056993,0.077446918,0.056763962,0.043724238,0.118708452
1997-11-02,0.538461538,0.099024868,0.078137654,0.056107687,0.04221873,0.106837607
1997-11-03,0.538461538,0.099823668,0.077911745,0.054801007,0.04023067,0.118708452
1997-11-04,0.52991453,0.101311243,0.078233115,0.053892367,0.03854656,0.109211776
1997-11-05,0.52991453,0.104803899,0.080090348,0.054024703,0.037591422,0.106837607
1997-11-06,0.547008547,0.124229607,0.093972325,0.062059647,0.041940061,0.111585945
1997-11-07,0.581196581,0.129186326,0.096752507,0.062544212,0.040977336,0.106837607
1997-11-08,0.581196581,0.131271376,0.097360268,0.061593862,0.039044663,0.109211776
1997-11-09,0.581196581,0.103955387,0.076368928,0.047273196,0.028929575,0.116334283
1997-11-10,0.555555556,0.107272287,0.078073562,0.047277355,0.027861656,0.379867047
1997-11-11,0.564102564,0.132112517,0.095278071,0.056428389,0.031935317,0.688509022
1997-11-12,0.581196581,0.125373758,0.089613018,0.051895786,0.028116675,0.078347578
1997-11-13,0.615384615,0.29018009,0.205602198,0.116396995,0.060156908,0.332383666
1997-11-14,0.658119658,0.285468461,0.200535637,0.110956084,0.054479984,0.59354226
1997-11-15,0.64957265,0.306632282,0.213599244,0.11547631,0.053613972,0.641025641
1997-11-16,0.632478632,0.323661641,0.225461851,0.121889488,0.056591518,0.078347578
1997-11-17,0.615384615,0.331101458,0.230644408,0.124691289,0.057892353,0.092592593
1997-11-18,0.615384615,0.355526847,0.24765907,0.133889779,0.062163078,0.075973409
1997-11-19,0.803418803,0.465987282,0.32460552,0.175488671,0.081476839,0.474833808
1997-11-20,0.752136752,0.491519584,0.342391255,0.185104019,0.085941105,0.064102564
1997-11-21,0.692307692,0.567993254,0.395662613,0.213903652,0.099312356,0.066476733
1997-11-22,0.658119658,1.190487146,0.829290228,0.448331995,0.208154028,0.066476733
1997-11-23,0.658119658,1.234796607,0.860156082,0.465018734,0.215901439,0.064102564
1997-11-24,0.666666667,1.24512696,0.867352179,0.468909098,0.217707678,0.159069326
1997-11-25,0.854700855,3.809759258,2.65386832,1.434737849,0.666127928,0.180436847
1997-11-26,1.623931624,6.37443855,4.440417196,2.400584298,1.114556394,5.887939221
1997-11-27,1.025641026,4.015254085,2.797015478,1.512126258,0.702058241,1.448243115
1997-11-28,0.854700855,1.791892208,1.248227419,0.674818381,0.313308365,0.308641975
1997-11-29,0.794871795,1.600537348,1.114930124,0.602755018,0.279850393,0.154320988
1997-11-30,0.752136752,1.392196765,0.96980062,0.524294911,0.243422506,2.184235518
1997-12-01,0.743589744,1.232352972,0.858453852,0.464098473,0.215474175,0.403608737
1997-12-02,0.726495726,1.664472039,1.159466862,0.62683253,0.291029232,0.180436847
1997-12-03,0.700854701,1.394410777,0.971342895,0.525128698,0.243809621,0.111585945
1997-12-04,0.700854701,1.355316857,0.944110172,0.510406107,0.236974136,0.080721747
1997-12-05,0.752136752,1.446452673,1.007595143,0.544727437,0.252909031,0.902184236
1997-12-06,0.854700855,2.77455987,1.932751138,1.044886511,0.485125619,0.332383666
1997-12-07,2.051282051,3.954263562,2.754529639,1.489157507,0.691394184,7.54985755
1997-12-08,1.367521368,2.879156476,2.00561286,1.084277113,0.503414102,1.424501425
1997-12-09,1.111111111,2.341976346,1.631414588,0.881977542,0.409489352,0.356125356
1997-12-10,0.94017094,1.903062978,1.325668685,0.716684782,0.332746326,0.192307692
1997-12-11,0.94017094,1.77256056,1.234761043,0.667538171,0.309928269,0.125830959
1997-12-12,0.854700855,1.648508645,1.148346804,0.620820789,0.288238068,0.090218424
1997-12-13,0.854700855,1.54176802,1.073991564,0.580622759,0.269574707,0.080721747
1997-12-14,0.854700855,1.554048289,1.082545968,0.585247452,0.271721885,2.611585945
1997-12-15,0.854700855,1.501532204,1.0459634,0.565470136,0.262539564,1.899335233
1997-12-16,0.854700855,1.46619038,1.021344378,0.552160567,0.256360125,0.332383666
1997-12-17,0.811965812,2.17978176,1.518430264,0.820895805,0.38112999,0.201804368
1997-12-18,0.760683761,2.986315479,2.08025954,1.124632702,0.522150616,0.132953466
1997-12-19,0.743589744,2.250581573,1.567749229,0.84755869,0.393509179,0.140075973
1997-12-20,0.726495726,1.832491187,1.276508561,0.69010777,0.320407006,0.113960114
1997-12-21,0.735042735,1.622227933,1.130039729,0.610923593,0.283642944,0.085470085
1997-12-22,0.726495726,1.736876813,1.209903838,0.654099835,0.303689045,0.071225071
1997-12-23,0.846153846,1.43275733,0.998055003,0.539569834,0.250514431,0.075973409
1997-12-24,0.769230769,1.306541318,0.91013326,0.492037463,0.228445842,0.066476733
1997-12-25,0.743589744,1.373568104,0.956823943,0.517279443,0.240165326,0.066476733
1997-12-26,1.196581197,1.174904345,0.818435289,0.442463583,0.20542941,0.061728395
1997-12-27,1.025641026,1.190891268,0.829571738,0.448484185,0.208224688,0.066476733
1997-12-28,0.726495726,1.237718898,0.862191742,0.466119256,0.216412395,0.066476733
1997-12-29,0.726495726,1.438633517,1.00214834,0.541782779,0.251541869,0.066476733
1997-12-30,0.743589744,1.793054409,1.249037004,0.67525606,0.313511573,0.094966762
1997-12-31,0.752136752,1.698878754,1.18343449,0.639789941,0.297045169,0.071225071
1998-01-01,0.760683761,1.741074343,1.212827827,0.655680606,0.304422974,0.080721747
1998-01-02,1.452991453,1.971132677,1.373085859,0.742319518,0.344648162,0.783475783
1998-01-03,1.623931624,1.945814132,1.355449027,0.73278467,0.340221271,0.56980057
1998-01-04,1.538461538,2.103286678,1.46514399,0.792088108,0.367754995,2.374169041
1998-01-05,1.452991453,2.082262828,1.450498831,0.784170623,0.364079021,0.59354226
1998-01-06,1.452991453,1.836315043,1.279172249,0.691547816,0.321075599,0.403608737
1998-01-07,1.452991453,1.657468721,1.15458837,0.624195112,0.289804717,0.332383666
1998-01-08,1.452991453,1.667166495,1.161343813,0.627847249,0.291500351,0.187559354
1998-01-09,1.452991453,1.861433303,1.296669563,0.701007237,0.32546747,0.522317189
1998-01-10,2.051282051,3.044646087,2.120892489,1.146599741,0.532349593,0.902184236
1998-01-11,4.273504274,4.107276225,2.86111786,1.546781373,0.718148107,1.970560304
1998-01-12,12.30769231,11.98818097,8.350935458,4.514693924,2.096106762,10.01899335
1998-01-13,7.777777778,6.430848205,4.479712015,2.421827915,1.124419497,5.674264008
1998-01-14,4.615384615,5.584385235,3.890068127,2.103053846,0.97641733,3.774928775
1998-01-15,16.32478632,31.66865357,22.06030113,11.92626957,5.5371936,10.49382716
1998-01-16,12.30769231,32.75041752,22.81385506,12.33365691,5.726337618,6.125356125
1998-01-17,11.79487179,48.23269107,33.50333316,18.11261689,8.409424735,1.305792972
1998-01-18,8.717948718,30.06626708,20.82540496,11.25865835,5.227231416,4.867046534
1998-01-19,7.777777778,16.03245105,11.07347707,5.986558022,2.779471868,5.389363723
1998-01-20,5.641025641,9.286545212,6.396039215,3.457835296,1.605422664,1.638176638
1998-01-21,4.444444444,5.958726352,4.092473993,2.212478777,1.027221735,0.783475783
1998-01-22,3.760683761,5.248076565,3.594271477,1.943139865,0.902171593,0.498575499
1998-01-23,3.418803419,4.914501524,3.356379674,1.814530479,0.842460125,0.379867047
1998-01-24,2.991452991,4.617751508,3.14489185,1.700195648,0.789376125,0.356125356
1998-01-25,2.735042735,4.348183035,2.953038856,1.596475825,0.741220519,0.308641975
1998-01-26,2.64957265,4.195316477,2.841285576,1.536059618,0.713170152,0.403608737
1998-01-27,2.564102564,4.277509606,2.888900479,1.56180125,0.725121618,0.356125356
1998-01-28,2.393162393,4.363091997,2.938529038,1.588631508,0.737578517,0.308641975
1998-01-29,2.905982906,4.626514837,3.107321514,1.679884323,0.779945872,5.033238367
1998-01-30,2.64957265,4.291667075,2.8744678,1.553998636,0.721498978,1.18708452
1998-01-31,2.478632479,4.015058668,2.681791884,1.449833924,0.673136816,0.735992403
1998-02-01,2.820512821,4.025457348,2.681345067,1.449592365,0.673024664,1.18708452
1998-02-02,7.521367521,13.36386593,8.877208622,4.799208427,2.228202711,15.14719848
1998-02-03,15.38461538,22.53458903,14.92805823,8.070426853,3.746981875,37.51187085
1998-02-04,12.22222222,7.068736372,4.669897374,2.524646179,1.172156522,14.31623932
1998-02-05,9.316239316,5.798363693,3.82019363,2.065278202,0.958878648,4.131054131
1998-02-06,9.829059829,5.460138803,3.587570679,1.93951727,0.900489675,7.075023742
1998-02-07,9.487179487,4.939801516,3.236872667,1.749922441,0.812463552,14.50617284
1998-02-08,8.717948718,4.420070577,2.888465043,1.561565844,0.725012322,12.77302944
1998-02-09,7.008547009,4.247905391,2.768451974,1.496684218,0.694888726,4.938271605
1998-02-10,6.153846154,4.203368509,2.732035318,1.476996596,0.68574805,3.656220323
1998-02-11,6.324786325,3.998324186,2.591767015,1.401164558,0.650540337,3.015194682
1998-02-12,5.811965812,3.85708512,2.49349616,1.348037237,0.625874094,3.941120608
1998-02-13,6.068376068,4.197056701,2.706002829,1.462922877,0.679213827,3.205128205
1998-02-14,8.376068376,4.556662491,2.929993067,1.58401678,0.735435965,14.22127255
1998-02-15,7.606837607,3.952316066,2.556370097,1.381509619,0.636599168,9.235517569
1998-02-16,6.41025641,3.986508476,2.593748334,1.401184201,0.640785529,4.914529915
1998-02-17,5.726495726,3.341324307,2.186893937,1.180952807,0.535961069,4.843304843
1998-02-18,4.786324786,3.192524006,2.101978109,1.134672813,0.511013293,2.35042735
1998-02-19,5.128205128,3.265018855,2.162597684,1.1669602,0.521501691,6.006647673
1998-02-20,4.700854701,3.159852295,2.105542731,1.135749182,0.503613292,4.700854701
1998-02-21,5.042735043,3.273827759,2.194682374,1.183391164,0.52063667,6.481481481
1998-02-22,4.615384615,3.019756702,2.036656704,1.097774054,0.479167473,4.700854701
1998-02-23,4.358974359,3.030247262,2.05620094,1.107896982,0.479752869,3.798670465
1998-02-24,3.931623932,2.95358473,2.016462894,1.086082874,0.466552514,3.798670465
1998-02-25,3.418803419,2.937979903,2.018156172,1.086592281,0.463018891,1.234567901
1998-02-26,3.076923077,2.540658754,1.756019765,0.945106105,0.399467974,0.641025641
1998-02-27,2.905982906,2.527099855,1.757497331,0.945551909,0.396397095,0.451092118
1998-02-28,2.735042735,2.676933726,1.873317237,1.007492384,0.41889438,0.332383666
1998-03-01,2.64957265,2.898803554,2.041297483,1.097429655,0.452512629,0.308641975
1998-03-02,2.564102564,3.019550491,2.139715933,1.149917461,0.470202667,0.284900285
1998-03-03,3.247863248,3.442054648,2.454542412,1.318625446,0.534659152,0.261158594
1998-03-04,2.905982906,3.223292685,2.313152499,1.242212077,0.49941401,0.235042735
1998-03-05,2.905982906,3.098853336,2.238052254,1.20144109,0.478904273,0.925925926
1998-03-06,3.333333333,2.991777082,2.174584008,1.16694243,0.461156458,1.851851852
1998-03-07,2.564102564,2.664708945,1.949340606,1.045688083,0.40966094,0.664767331
1998-03-08,2.564102564,2.601531443,1.915452578,1.027134287,0.398881209,0.546058879
1998-03-09,2.393162393,2.653016982,1.966075859,1.053895842,0.405674691,0.356125356
1998-03-10,2.307692308,2.883327963,2.150730027,1.152458037,0.43968194,0.308641975
1998-03-11,2.564102564,3.416506784,2.565190453,1.374044643,0.519537048,0.261158594
1998-03-12,2.905982906,4.054553461,3.064360488,1.640828882,0.614822137,0.261158594
1998-03-13,3.162393162,3.935866628,2.994407351,1.602790393,0.595115502,0.308641975
1998-03-14,3.247863248,3.885576355,2.975870284,1.59229108,0.585804308,0.211301045
1998-03-15,3.504273504,5.24650493,4.045118112,2.163627486,0.788650923,0.194681861
1998-03-16,4.017094017,8.347798715,6.4796324,3.464532747,1.251080595,0.187559354
1998-03-17,4.786324786,10.89848182,8.551282913,4.581319335,1.715878639,0.185185185
1998-03-18,5.042735043,10.8532327,8.609131324,4.62148276,1.792688842,0.170940171
1998-03-19,5.384615385,11.13003545,8.92649196,4.801349005,1.926335895,0.17331434
1998-03-20,5.982905983,15.24664889,12.36496498,6.663977914,2.761885713,0.142450142
1998-03-21,6.581196581,16.75076626,13.73847905,7.418827523,3.172529361,0.166191833
1998-03-22,8.974358974,34.65244152,28.74588623,15.55342541,6.855236589,0.237416904
1998-03-23,12.90598291,42.52579923,35.68500853,19.34584315,8.779459001,0.807217474
1998-03-24,47.77777778,65.87828896,55.9270448,30.37896885,14.1814823,0.830959164
1998-03-25,26.4957265,30.87327041,26.51944767,14.43320337,6.924515154,1.471984805
1998-03-26,17.86324786,19.1018192,16.60413203,9.054393074,4.460629441,0.56980057
1998-03-27,14.52991453,14.5937291,12.8388467,7.014745355,3.54577922,0.332383666
1998-03-28,11.96581197,10.7048204,9.532733877,5.218478839,2.704447175,0.641025641
1998-03-29,10,7.491044931,6.753366843,3.704121299,1.966726103,0.308641975
1998-03-30,8.547008547,5.388468642,4.918652621,2.70300757,1.469384641,0.261158594
1998-03-31,7.777777778,5.123915673,4.736419519,2.607866672,1.45051938,1.282051282
1998-04-01,7.008547009,4.595043188,4.302009169,2.373222925,1.349773162,0.379867047
1998-04-02,6.324786325,4.348584175,4.124116973,2.279439337,1.324894833,0.356125356
1998-04-03,6.239316239,4.234106796,4.068326544,2.252893273,1.337469959,1.566951567
1998-04-04,5.726495726,3.94895731,3.844843585,2.133188035,1.292803894,1.638176638
1998-04-05,5.47008547,3.737322146,3.687841257,2.049964016,1.26762341,0.688509022
1998-04-06,5.213675214,3.570148059,3.570988928,1.988767421,1.254176328,0.451092118
1998-04-07,4.871794872,3.324633733,3.371427613,1.881172986,1.209297275,0.427350427
1998-04-08,4.615384615,3.130369214,3.21893804,1.799470986,1.178654631,0.379867047
1998-04-09,4.615384615,3.129926592,3.264221938,1.828214685,1.219612583,0.308641975
1998-04-10,4.786324786,3.240036769,3.427738421,1.923394737,1.306288808,0.261158594
1998-04-11,5.042735043,3.121376041,3.350442291,1.88353673,1.301820462,0.237416904
1998-04-12,5.47008547,2.912149726,3.172171461,1.786642986,1.256197049,0.213675214
1998-04-13,5.897435897,2.918151647,3.226479357,1.820611037,1.301736799,1.400759734
1998-04-14,5.042735043,2.693028005,3.02297018,1.708941865,1.242133455,0.830959164
1998-04-15,4.358974359,2.526260967,2.879651082,1.630934201,1.204666658,0.427350427
1998-04-16,4.102564103,2.514488831,2.859236424,1.647107126,1.23636704,0.308641975
1998-04-17,4.102564103,2.678472339,3.038204944,1.780003099,1.356989374,0.261158594
1998-04-18,4.188034188,3.494042886,3.953469537,2.355440429,1.822671769,0.225546059
1998-04-19,4.444444444,5.728016692,6.464951964,3.916594102,3.074612572,0.199430199
1998-04-20,4.786324786,10.77717308,12.13297262,7.47344517,5.948756595,0.180436847
1998-04-21,5.299145299,17.71290715,19.89041657,12.45575408,10.04821884,0.17331434
1998-04-22,6.495726496,22.05491939,24.70252741,15.72546351,12.85102286,0.156695157
1998-04-23,7.435897436,23.68384068,26.45818226,17.1207439,14.16719807,0.237416904
1998-04-24,8.11965812,15.98420661,17.80987427,11.71358652,9.810698499,0.189933523
1998-04-25,7.521367521,12.38416,13.76220489,9.199209006,7.795426118,0.206552707
1998-04-26,6.837606838,13.04185881,14.45447469,9.818980071,8.415387428,0.147198481
1998-04-27,6.153846154,17.74623223,19.6155209,13.540503,11.73296456,0.14957265
1998-04-28,5.982905983,22.53006908,24.83570205,17.42018093,15.25615267,0.130579297
1998-04-29,5.641025641,25.30827293,27.8218417,19.82781301,17.54476694,0.125830959
1998-04-30,6.153846154,27.55737775,30.2106289,21.87428779,19.55035119,0.121082621
1998-05-01,9.401709402,27.25680931,29.79780747,21.91882163,19.78149595,0.427350427
1998-05-02,12.56410256,34.75985197,37.89338277,28.3158453,25.79715543,0.617283951
1998-05-03,11.11111111,27.36644349,29.74873951,22.58101669,20.76206338,0.546058879
1998-05-04,9.487179487,22.06704733,23.91925252,18.44198932,17.10837943,0.379867047
1998-05-05,9.487179487,19.10630256,20.65006619,16.17127515,15.13259847,0.308641975
1998-05-06,9.743589744,19.27886986,20.77570966,16.52417125,15.59392841,0.230294397
1998-05-07,8.205128205,18.08531045,19.43200731,15.69646093,14.93505568,0.201804368
1998-05-08,7.948717949,22.48098497,24.08308713,19.75589219,18.94862028,0.201804368
1998-05-09,7.777777778,24.98775071,26.68803826,22.23220763,21.49065704,0.237416904
1998-05-10,7.008547009,18.00917186,19.17623083,16.22155704,15.80009295,0.218423552
1998-05-11,6.41025641,12.6643751,13.4437508,11.54770956,11.33131041,0.308641975
1998-05-12,6.239316239,10.77192524,11.39945715,9.942355281,9.82677671,1.234567901
1998-05-13,6.153846154,8.589502173,9.061492908,8.024518871,7.987331018,0.451092118
1998-05-14,5.726495726,6.955320667,7.314361268,6.576503332,6.591204558,0.261158594
1998-05-15,5.47008547,6.64948666,6.97045644,6.363049521,6.42023632,0.201804368
1998-05-16,5.47008547,9.598910986,10.02986437,9.2954721,9.440708759,0.161443495
1998-05-17,5.042735043,6.705992242,7.050973744,6.619960647,6.76275542,0.140075973
1998-05-18,4.786324786,7.366691267,7.795002114,7.413721828,7.617027423,0.130579297
1998-05-19,4.871794872,13.32955531,14.19590496,13.67669709,14.13054819,0.121082621
1998-05-20,4.786324786,16.38240172,17.56207393,17.13866253,17.80461268,0.116334283
1998-05-21,4.52991453,14.88708398,16.06597522,15.88095466,16.58673509,0.118708452
1998-05-22,4.273504274,11.06406253,12.02156552,12.03607392,12.63718275,0.109211776
1998-05-23,4.188034188,14.79992227,16.19220074,16.419897,17.32889447,0.113960114
1998-05-24,4.102564103,14.58306253,16.06747826,16.50212698,17.50373245,0.113960114
1998-05-25,5.384615385,27.10462002,30.07799011,31.28643552,33.34984353,0.140075973
1998-05-26,4.786324786,15.76086796,17.61763542,18.55914076,19.87927357,0.137701804
1998-05-27,4.358974359,10.32276869,11.62472699,12.40178976,13.34723003,0.154320988
1998-05-28,4.444444444,8.550405151,9.701772091,10.48172795,11.333504,4.131054131
1998-05-29,4.615384615,8.855960388,10.1260087,11.07872161,12.0339183,0.949667616
1998-05-30,4.52991453,8.389895868,9.668513205,10.71199536,11.68790124,0.284900285
1998-05-31,4.444444444,14.86517765,17.26783231,19.37305358,21.23130577,0.175688509
1998-06-01,4.444444444,22.76862948,26.6646107,30.29254645,33.34199776,0.130579297
1998-06-02,4.358974359,22.93240789,27.07987938,31.15148042,34.43320601,0.097340931
1998-06-03,4.102564103,19.53213366,23.26031819,27.09384509,30.07315689,0.075973409
1998-06-04,4.017094017,17.98605576,21.60444877,25.48081105,28.39872307,0.090218424
1998-06-05,3.931623932,20.96016373,25.39907599,30.3316137,33.94116391,0.07359924
1998-06-06,3.931623932,22.93606647,28.04369859,33.90887185,38.09425736,0.102089269
1998-06-07,4.52991453,26.69936259,32.94503603,40.333121,45.48760567,0.178062678
1998-06-08,3.931623932,21.82332738,27.18097797,33.69182074,38.1427249,0.068850902
1998-06-09,3.675213675,21.30768138,26.79293949,33.62494011,38.20994449,0.066476733
1998-06-10,3.846153846,21.3049751,27.05161497,34.37246844,39.203574,0.080721747
1998-06-11,3.846153846,20.28689064,26.01636576,33.46844668,38.31101463,0.078347578
1998-06-12,3.675213675,20.47085433,26.52041106,34.54108952,39.67994633,0.083095916
1998-06-13,3.504273504,22.75982194,29.79365614,39.28640621,45.28962666,0.111585945
1998-06-14,3.333333333,23.20277194,30.69774723,40.98113742,47.40639429,0.085470085
1998-06-15,3.162393162,21.25046808,28.42179917,38.41357793,44.58716462,0.0997151
1998-06-16,2.991452991,20.11690236,26.80209438,37.12457833,43.26513503,0.080721747
1998-06-17,2.905982906,17.0538059,22.63157701,32.12848309,37.59002097,0.085470085
1998-06-18,2.820512821,19.09455813,25.23765169,36.72258737,43.12981342,0.078347578
1998-06-19,2.64957265,19.81809721,26.08588811,38.90707399,45.86618998,0.085470085
1998-06-20,2.64957265,18.21188478,23.87041227,36.49678295,43.18151665,0.07359924
1998-06-21,2.564102564,17.7126552,23.11561636,36.23334713,43.02213059,0.07359924
1998-06-22,2.478632479,16.64875707,21.63087965,34.76366949,41.42014404,0.078347578
1998-06-23,2.478632479,14.56991289,18.84394828,31.05385786,37.12511757,0.085470085
1998-06-24,2.393162393,14.3971634,18.53380807,31.32189497,37.56917389,0.087844255
1998-06-25,2.307692308,15.87386434,20.33721305,35.25054265,42.41769455,0.0997151
1998-06-26,2.222222222,14.6218042,18.64133541,33.14344043,40.00773448,0.094966762
1998-06-27,2.222222222,12.51028183,15.8691816,28.94546374,35.04778776,0.094966762
1998-06-28,2.136752137,13.03723811,16.45228614,30.7908023,37.39422324,0.106837607
1998-06-29,2.051282051,12.71624053,15.96217512,30.65654556,37.34056228,0.109211776
1998-06-30,1.965811966,11.79782718,14.72871957,29.03384605,35.4656585,0.102089269
1998-07-01,1.965811966,10.49122704,13.02426317,26.35589539,32.28491794,0.128205128
1998-07-02,1.965811966,10.04278132,12.39584894,25.7553385,31.63597011,0.118708452
1998-07-03,1.88034188,9.344130167,11.46528996,24.46406708,30.13067929,0.132953466
1998-07-04,1.88034188,9.02306791,11.00397591,24.11777527,29.78235838,0.132953466
1998-07-05,1.794871795,8.784204054,10.6455736,23.97161913,29.67814696,0.140075973
1998-07-06,1.794871795,8.838660902,10.64247954,24.62714469,30.56664633,0.154320988
1998-07-07,1.794871795,8.331202625,9.964796429,23.70230907,29.49145319,0.168566002
1998-07-08,1.794871795,7.776411495,9.237512064,22.59135912,28.17719916,0.166191833
1998-07-09,1.709401709,7.195192192,8.486715271,21.34580718,26.68681928,0.168566002
1998-07-10,1.709401709,6.640402584,7.775260228,20.11873511,25.21117789,0.175688509
1998-07-11,1.623931624,5.169303622,6.007210327,15.9957857,20.09029646,0.170940171
1998-07-12,1.623931624,3.901276991,4.498416326,12.33050891,15.52139438,0.187559354
1998-07-13,1.623931624,3.830619417,4.381473278,12.36743299,15.60197176,0.19705603
1998-07-14,1.623931624,3.231047678,3.664992743,10.65683513,13.47287019,0.17331434
1998-07-15,1.538461538,2.383594689,2.680492916,8.032152545,10.17602282,0.182811016
1998-07-16,1.538461538,2.172698058,2.421593241,7.48094277,9.497285503,0.189933523
1998-07-17,1.452991453,2.177746731,2.410572567,7.143276777,9.029438958,0.201804368
1998-07-18,1.452991453,1.883324274,2.071266437,5.891609923,7.414161741,0.19705603
1998-07-19,1.452991453,1.716179274,1.876037327,5.125508664,6.420546273,0.192307692
1998-07-20,1.367521368,1.543896624,1.678107909,4.406251492,5.493520213,0.187559354
1998-07-21,1.367521368,1.443585886,1.56066146,3.940483523,4.888932904,0.178062678
1998-07-22,1.367521368,1.374982429,1.47896323,3.592604843,4.434971214,0.142450142
1998-07-23,1.367521368,1.306824114,1.398913018,3.270825324,4.016853396,0.159069326
1998-07-24,1.282051282,1.186617333,1.264466619,2.84692692,3.477597387,0.156695157
1998-07-25,1.282051282,1.175043342,1.246737384,2.704078638,3.284884418,0.156695157
1998-07-26,1.196581197,0.976599215,1.031942693,2.156922277,2.605269322,0.161443495
1998-07-27,1.196581197,1.140362055,1.200292008,2.418501918,2.904004785,0.168566002
1998-07-28,1.196581197,0.845851329,0.887000296,1.723444798,2.056799665,0.161443495
1998-07-29,1.111111111,0.754575274,0.788483968,1.477753782,1.752453953,0.14957265
1998-07-30,1.111111111,0.656654206,0.683844686,1.236551815,1.456826575,0.154320988
1998-07-31,1.111111111,0.697993293,0.724548837,1.264349483,1.47948052,0.142450142
1998-08-01,1.111111111,0.542966756,0.561883511,0.946408744,1.099656638,0.159069326
1998-08-02,1.111111111,0.509596507,0.52579106,0.854981457,0.986176319,0.166191833
1998-08-03,1.025641026,0.47364038,0.487307045,0.765112478,0.875828483,0.159069326
1998-08-04,0.94017094,0.424971746,0.436045161,0.661137015,0.750844659,0.180436847
1998-08-05,0.94017094,0.376763303,0.385571277,0.564612988,0.635967903,0.178062678
1998-08-06,0.94017094,0.298126855,0.304331063,0.430445424,0.480706781,0.192307692
1998-08-07,0.94017094,0.253003652,0.257645736,0.35200645,0.389612775,0.175688509
1998-08-08,0.94017094,0.208580488,0.211914339,0.279682305,0.30669041,0.159069326
1998-08-09,0.94017094,0.208320599,0.211177038,0.269240531,0.292381035,0.163817664
1998-08-10,0.94017094,0.176943234,0.178982898,0.220443609,0.236967276,0.189933523
1998-08-11,0.94017094,0.178512824,0.180195311,0.214395602,0.228025716,0.17331434
1998-08-12,0.94017094,0.175111625,0.176407551,0.202750137,0.213248657,0.175688509
1998-08-13,0.854700855,0.171716478,0.172652272,0.191674365,0.19925539,0.19705603
1998-08-14,0.854700855,0.168331639,0.168932298,0.181142016,0.186008052,0.189933523
1998-08-15,0.854700855,0.164961038,0.165250196,0.171127989,0.173470512,0.194681861
1998-08-16,0.846153846,0.161608297,0.161608297,0.161608297,0.161608297,0.194681861
1998-08-17,0.846153846,0.155597376,0.155597376,0.155597376,0.155597376,0.194681861
1998-08-18,0.854700855,0.149810028,0.149810028,0.149810028,0.149810028,0.192307692
1998-08-19,0.854700855,0.144237936,0.144237936,0.144237936,0.144237936,0.199430199
1998-08-20,0.854700855,0.138873095,0.138873095,0.138873095,0.138873095,0.199430199
1998-08-21,0.846153846,0.133707796,0.133707796,0.133707796,0.133707796,0.208926876
1998-08-22,0.829059829,0.128734617,0.128734617,0.128734617,0.128734617,0.225546059
1998-08-23,0.811965812,0.123946412,0.123946412,0.123946412,0.123946412,0.22317189
1998-08-24,0.803418803,0.119336302,0.119336302,0.119336302,0.119336302,0.237416904
1998-08-25,0.794871795,0.114897661,0.114897661,0.114897661,0.114897661,0.230294397
1998-08-26,0.794871795,0.110624114,0.110624114,0.110624114,0.110624114,0.227920228
1998-08-27,0.777777778,0.106509518,0.106509518,0.106509518,0.106509518,0.204178538
1998-08-28,0.769230769,0.102547962,0.102547962,0.102547962,0.102547962,0.163817664
1998-08-29,0.760683761,0.100880225,0.100880225,0.100880225,0.100880225,0.154320988
1998-08-30,0.743589744,0.098733754,0.098733754,0.098733754,0.098733754,0.159069326
1998-08-31,0.726495726,0.095061413,0.095061413,0.095061413,0.095061413,0.168566002
1998-09-01,0.726495726,0.091525662,0.091525662,0.091525662,0.091525662,0.161443495
1998-09-02,0.709401709,0.088121421,0.088121421,0.088121421,0.088121421,0.140075973
1998-09-03,0.709401709,0.084843799,0.084843799,0.084843799,0.084843799,0.137701804
1998-09-04,0.717948718,0.083016348,0.083016348,0.083016348,0.083016348,0.128205128
1998-09-05,0.786324786,0.083016348,0.083016348,0.083016348,0.083016348,0.132953466
1998-09-06,0.854700855,0.145301788,0.145301788,0.145301788,0.145301788,0.135327635
1998-09-07,0.794871795,0.126061387,0.126061387,0.126061387,0.126061387,0.140075973
1998-09-08,0.786324786,0.114939771,0.114939771,0.114939771,0.114939771,0.154320988
1998-09-09,0.94017094,0.151771265,0.151771265,0.151771265,0.151771265,0.356125356
1998-09-10,0.829059829,0.138572298,0.138572298,0.138572298,0.138572298,0.128205128
1998-09-11,0.777777778,0.133707796,0.133707796,0.133707796,0.133707796,0.113960114
1998-09-12,0.760683761,0.128734617,0.128734617,0.128734617,0.128734617,0.116334283
1998-09-13,0.735042735,0.123946412,0.123946412,0.123946412,0.123946412,0.106837607
1998-09-14,0.726495726,0.119336302,0.119336302,0.119336302,0.119336302,0.116334283
1998-09-15,0.717948718,0.114897661,0.114897661,0.114897661,0.114897661,0.104463438
1998-09-16,0.709401709,0.110624114,0.110624114,0.110624114,0.110624114,0.090218424
1998-09-17,0.709401709,0.106509518,0.106509518,0.106509518,0.106509518,0.080721747
1998-09-18,0.700854701,0.102547962,0.102547962,0.102547962,0.102547962,0.07359924
1998-09-19,0.692307692,0.098733754,0.098733754,0.098733754,0.098733754,0.052231719
1998-09-20,0.700854701,0.100604459,0.100604459,0.100604459,0.100604459,0.07359924
1998-09-21,0.692307692,0.098733754,0.098733754,0.098733754,0.098733754,0.061728395
1998-09-22,0.709401709,0.095061413,0.095061413,0.095061413,0.095061413,0.042735043
1998-09-23,0.735042735,0.091525662,0.091525662,0.091525662,0.091525662,0.056980057
1998-09-24,0.777777778,0.088121421,0.088121421,0.088121421,0.088121421,0.059354226
1998-09-25,0.786324786,0.195452256,0.195452256,0.195452256,0.195452256,0.045109212
1998-09-26,0.820512821,0.217906105,0.217906105,0.217906105,0.217906105,0.056980057
1998-09-27,0.94017094,0.220926593,0.220926593,0.220926593,0.220926593,0.154320988
1998-09-28,0.837606838,0.233646941,0.233646941,0.233646941,0.233646941,0.078347578
1998-09-29,0.829059829,0.208315348,0.208315348,0.208315348,0.208315348,0.118708452
1998-09-30,0.820512821,0.202270756,0.202270756,0.202270756,0.202270756,0.156695157
1998-10-01,0.769230769,0.195330733,0.195330733,0.195330733,0.195330733,0.142450142
1998-10-02,0.752136752,0.188065527,0.188065527,0.188065527,0.188065527,0.154320988
1998-10-03,0.743589744,0.181070546,0.181070546,0.181070546,0.181070546,0.166191833
1998-10-04,0.743589744,0.174335738,0.174335738,0.174335738,0.174335738,0.159069326
1998-10-05,0.709401709,0.167851428,0.167851428,0.167851428,0.167851428,0.14957265
1998-10-06,0.700854701,0.161608297,0.161608297,0.161608297,0.161608297,0.163817664
1998-10-07,0.692307692,0.155597376,0.155597376,0.155597376,0.155597376,0.163817664
1998-10-08,0.700854701,0.149810028,0.149810028,0.149810028,0.149810028,0.170940171
1998-10-09,0.726495726,0.144237936,0.144237936,0.144237936,0.144237936,0.170940171
1998-10-10,0.735042735,0.138873095,0.138873095,0.138873095,0.138873095,0.180436847
1998-10-11,0.717948718,0.133707796,0.133707796,0.133707796,0.133707796,0.175688509
1998-10-12,0.692307692,0.128734617,0.128734617,0.128734617,0.128734617,0.168566002
1998-10-13,0.675213675,0.123946412,0.123946412,0.123946412,0.123946412,0.187559354
1998-10-14,0.683760684,0.119336302,0.119336302,0.119336302,0.119336302,0.17331434
1998-10-15,0.692307692,0.114897661,0.114897661,0.114897661,0.114897661,0.156695157
1998-10-16,0.675213675,0.110624114,0.110624114,0.110624114,0.110624114,0.147198481
1998-10-17,0.666666667,0.107574613,0.107219581,0.105621939,0.104024296,0.154320988
1998-10-18,0.666666667,0.104598921,0.103915268,0.100838829,0.09776239,0.159069326
1998-10-19,0.658119658,0.101695766,0.100708429,0.09626541,0.091822391,0.156695157
1998-10-20,0.64957265,0.098863869,0.097596384,0.091892699,0.086189014,0.151946819
1998-10-21,0.641025641,0.096101945,0.094576517,0.087712093,0.080847668,0.170940171
1998-10-22,0.632478632,0.093408707,0.091646278,0.08371535,0.075784422,0.156695157
1998-10-23,0.632478632,0.090782865,0.088803177,0.079894578,0.070985979,0.163817664
1998-10-24,0.854700855,0.434792584,0.424056964,0.375746677,0.32743639,3.133903134
1998-10-25,0.854700855,0.375277567,0.364948826,0.318469495,0.271990163,0.59354226
1998-10-26,0.752136752,0.347132299,0.336613139,0.289276916,0.241940694,0.151946819
1998-10-27,0.700854701,0.321266695,0.310654282,0.262898422,0.215142561,0.201804368
1998-10-28,0.700854701,0.30068691,0.289948092,0.24162341,0.193298728,0.102089269
1998-10-29,0.709401709,0.701960011,0.67504119,0.553906498,0.432771806,0.097340931
1998-10-30,0.709401709,0.538007872,0.515984158,0.416877445,0.317770732,0.087844255
1998-10-31,0.692307692,0.505460893,0.483484332,0.38458981,0.285695287,0.094966762
1998-11-01,0.94017094,0.554445483,0.528953737,0.414240878,0.29952802,0.128205128
1998-11-02,0.760683761,0.741799922,0.705872291,0.544197949,0.382523607,0.092592593
1998-11-03,0.726495726,0.587607813,0.557729449,0.423276814,0.288824179,0.083095916
1998-11-04,0.700854701,0.592369123,0.560842475,0.418972559,0.277102643,0.085470085
1998-11-05,0.726495726,0.557389406,0.526423328,0.387075977,0.247728625,0.085470085
1998-11-06,0.752136752,0.552815551,0.520834486,0.376919694,0.233004902,0.206552707
1998-11-07,1.367521368,0.728025566,0.684264466,0.487339518,0.29041457,1.044634378
1998-11-08,1.196581197,0.716306066,0.671658263,0.470743146,0.26982803,0.284900285
1998-11-09,0.94017094,0.603977587,0.565011291,0.389662959,0.214314628,0.14957265
1998-11-10,0.854700855,0.599807802,0.559820615,0.379878274,0.199935934,0.106837607
1998-11-11,0.94017094,0.600217625,0.558932815,0.373151169,0.187369523,0.332383666
1998-11-12,0.854700855,0.554333871,0.515050368,0.338274606,0.161498844,0.135327635
1998-11-13,0.811965812,0.569447455,0.527925245,0.341075299,0.154225352,0.121082621
1998-11-14,0.794871795,0.578521013,0.535169309,0.340086642,0.145003975,0.0997151
1998-11-15,0.777777778,0.606694218,0.560025432,0.350015895,0.140006358,0.087844255
1998-11-16,0.735042735,0.583166399,0.536975001,0.334887635,0.13424375,0.075973409
1998-11-17,1.025641026,0.833035557,0.765158586,0.476167238,0.191289646,0.427350427
1998-11-18,0.94017094,0.727649698,0.666713516,0.414007587,0.166678379,0.083095916
1998-11-19,0.794871795,0.672326774,0.614509975,0.380764917,0.153627494,0.102089269
1998-11-20,0.752136752,0.651780062,0.594270056,0.367425035,0.148567514,0.090218424
1998-11-21,0.735042735,0.654033203,0.594866386,0.366994181,0.148716596,0.092592593
1998-11-22,1.111111111,1.045442183,0.948547542,0.583917707,0.237136885,0.474833808
1998-11-23,1.709401709,5.261166554,4.761931771,2.92500379,1.190482943,1.210826211
1998-11-24,2.222222222,3.538319633,3.194793455,1.958099214,0.798698364,0.451092118
1998-11-25,1.282051282,2.014354289,1.814382072,1.109601939,0.453595518,0.19705603
1998-11-26,1.025641026,1.624146109,1.459377663,0.890534219,0.364844416,0.109211776
1998-11-27,1.025641026,1.60392092,1.437731524,0.875392984,0.359432881,0.783475783
1998-11-28,1.025641026,1.570135787,1.404063732,0.853006461,0.351015933,1.448243115
1998-11-29,1.452991453,1.96516321,1.753095238,1.062696172,0.438273809,0.474833808
1998-11-30,2.991452991,15.61908847,13.90024141,8.407404081,3.475060354,2.516619183
1998-12-01,2.222222222,5.044423454,4.478581205,2.702799679,1.119645301,0.783475783
1998-12-02,1.794871795,5.239451183,4.640656762,2.794373964,1.16016419,0.230294397
1998-12-03,3.076923077,25.9021262,22.88738942,13.75089123,5.721847356,1.13960114
1998-12-04,2.222222222,4.071778101,3.589339938,2.15167421,0.897334984,0.379867047
1998-12-05,1.709401709,3.578422509,3.146981497,1.882267159,0.786745374,0.474833808
1998-12-06,1.538461538,3.150535307,2.764148901,1.649572731,0.691037225,0.356125356
1998-12-07,1.367521368,2.701412308,2.364530303,1.407912532,0.591132576,0.201804368
1998-12-08,1.282051282,2.604444106,2.274303304,1.351131801,0.568575826,0.151946819
1998-12-09,1.196581197,2.614436978,2.277682801,1.350078112,0.5694207,0.116334283
1998-12-10,1.196581197,2.144111395,1.863573455,1.102113334,0.465893364,0.109211776
1998-12-11,1.111111111,2.149011453,1.863478463,1.09955248,0.465869616,0.118708452
1998-12-12,1.111111111,2.198352905,1.901830885,1.119626247,0.475457721,0.111585945
1998-12-13,1.111111111,2.387740141,2.060880122,1.210490072,0.515220031,0.111585945
1998-12-14,1.111111111,2.253659283,1.940651049,1.137263249,0.485162762,0.113960114
1998-12-15,1.111111111,2.214542079,1.90256271,1.112385456,0.475640678,0.094966762
1998-12-16,1.196581197,3.239045579,2.776324782,1.61952279,0.694081196,0.104463438
1998-12-17,1.196581197,3.554433736,3.032681995,1.769064497,0.758170499,0.104463438
1998-12-18,1.111111111,3.396321231,2.884546799,1.6826523,0.7211367,0.109211776
1998-12-19,1.111111111,2.851325244,2.410665888,1.406221768,0.602666472,0.0997151
1998-12-20,1.111111111,2.80965524,2.364687215,1.379400876,0.591171804,0.090218424
1998-12-21,1.111111111,2.714554655,2.274356603,1.326708019,0.568589151,0.080721747
1998-12-22,1.111111111,2.842201321,2.370625317,1.382864768,0.592656329,0.085470085
1998-12-23,1.111111111,2.24435708,1.863617932,1.087110461,0.465904483,0.078347578
1998-12-24,1.025641026,1.992506718,1.647138887,0.960831017,0.411784722,0.075973409
1998-12-25,1.025641026,1.91931859,1.579616185,0.921442774,0.394904046,0.078347578
1998-12-26,1.025641026,1.848087119,1.514291648,0.883336795,0.378572912,0.071225071
1998-12-27,1.025641026,1.856399352,1.51443105,0.883418112,0.378607762,0.092592593
1998-12-28,0.94017094,1.82532991,1.482582372,0.864839717,0.370645593,0.087844255
1998-12-29,0.94017094,1.872708502,1.514451223,0.88342988,0.378612806,0.085470085
1998-12-30,1.025641026,1.920998225,1.546777791,0.902287045,0.386694448,0.083095916
1998-12-31,1.025641026,2.012136424,1.61317834,0.941020698,0.403294585,0.080721747
1999-01-01,0.94017094,1.896966422,1.514316543,0.883351317,0.378579136,0.083095916
1999-01-02,0.94017094,1.945922922,1.546759245,0.902276226,0.386689811,0.083095916
1999-01-03,0.94017094,1.91343168,1.514460819,0.883435478,0.378615205,0.083095916
1999-01-04,0.94017094,1.881170409,1.482617357,0.864860125,0.370654339,0.0997151
1999-01-05,0.854700855,1.92974299,1.514481841,0.88344774,0.37862046,0.087844255
1999-01-06,0.854700855,1.897147687,1.482644831,0.864876151,0.370661208,0.090218424
1999-01-07,0.854700855,1.825797081,1.420913209,0.828866039,0.355228302,0.092592593
1999-01-08,0.854700855,1.798326732,1.393703217,0.812993544,0.348425804,0.0997151
1999-01-09,0.854700855,1.771021289,1.366846306,0.797327012,0.341711577,0.0997151
1999-01-10,0.854700855,1.848764788,1.420951449,0.828888345,0.355237862,0.102089269
1999-01-11,0.854700855,1.937075839,1.482700025,0.864908348,0.370675006,0.104463438
1999-01-12,0.854700855,1.8640723,1.420973146,0.828901002,0.355243287,0.102089269
1999-01-13,0.846153846,1.871569527,1.420865028,0.828837933,0.355216257,0.0997151
1999-01-14,0.837606838,2.046059918,1.547020914,0.902428866,0.386755228,0.097340931
1999-01-15,1.111111111,5.649472251,4.254258456,2.481650766,1.063564614,0.641025641
1999-01-16,1.794871795,7.050041435,5.287531076,3.084393128,1.321882769,0.807217474
1999-01-17,1.794871795,17.05316852,12.76237128,7.444716579,3.172256079,0.356125356
1999-01-18,6.495726496,19.53152751,14.58577591,8.508369282,3.604530829,1.75688509
1999-01-19,11.79487179,16.43916557,12.25017049,7.145932784,3.009740163,1.614434948
1999-01-20,25.98290598,14.13659399,10.5118263,6.131898673,2.567543779,2.635327635
1999-01-21,12.05128205,7.972394321,5.915550583,3.45073784,1.436390874,0.688509022
1999-01-22,7.094017094,8.918542404,6.603516503,3.852051293,1.593952259,0.332383666
1999-01-23,13.33333333,6.701877135,4.951705399,2.888494816,1.188124715,1.092117759
1999-01-24,8.717948718,5.383972144,3.969538784,2.315564291,0.946757813,0.427350427
1999-01-25,6.495726496,4.765457695,3.506087268,2.045217573,0.831184482,0.237416904
1999-01-26,5.128205128,3.979258926,2.921481237,1.704197388,0.688395004,0.56980057
1999-01-27,4.017094017,3.646308892,2.671401041,1.558317274,0.625629841,0.308641975
1999-01-28,3.418803419,3.559884965,2.602604974,1.518186235,0.605778744,0.206552707
1999-01-29,2.991452991,3.567550927,2.602741557,1.518265908,0.602070964,0.178062678
1999-01-30,2.735042735,3.507733121,2.553747126,1.489685824,0.587068305,0.166191833
1999-01-31,2.564102564,3.193174542,2.319884636,1.353266038,0.529973645,4.510921178
1999-02-01,2.393162393,3.197137623,2.317924777,1.352122787,0.526195567,0.902184236
1999-02-02,2.307692308,3.163637354,2.288868606,1.335173353,0.516310878,0.403608737
1999-02-03,2.222222222,3.25670876,2.351316698,1.371601407,0.52701926,0.284900285
1999-02-04,2.136752137,3.648705351,2.628880874,1.533513843,0.585454792,0.237416904
1999-02-05,2.051282051,3.327782952,2.392703445,1.395743676,0.529420015,0.211301045
1999-02-06,2.222222222,3.249282754,2.331444121,1.36000907,0.512515733,0.807217474
1999-02-07,21.53846154,7.166202394,5.131354801,2.993290301,1.120640704,10.94491928
1999-02-08,27.35042735,5.85575563,4.184400327,2.440900191,0.907822485,4.510921178
1999-02-09,43.67521368,12.22609891,8.718611515,5.085856717,1.879011102,13.31908832
1999-02-10,17.60683761,5.71512085,4.067202568,2.372534831,0.870708596,3.774928775
1999-02-11,12.05128205,4.735163329,3.362932324,1.961710522,0.715106299,1.068376068
1999-02-12,9.572649573,4.21089729,2.984505615,1.740961609,0.630348169,0.522317189
1999-02-13,7.863247863,3.931418669,2.780759546,1.622109735,0.58332025,0.474833808
1999-02-14,6.752136752,3.768276735,2.659960048,1.551643361,0.554158343,0.403608737
1999-02-15,5.897435897,3.561847986,2.513428793,1.437236907,0.52073801,0.332383666
1999-02-16,6.581196581,3.649936817,2.57476163,1.442998276,0.530514072,0.854700855
1999-02-17,13.76068376,5.661955557,3.99282415,2.192780476,0.81820167,3.181386515
1999-02-18,10.85470085,4.716825159,3.325271376,1.789140577,0.677704764,1.329534663
1999-02-19,9.487179487,4.061318278,2.862262406,1.508489646,0.580188325,0.878442545
1999-02-20,8.547008547,3.757146324,2.647080364,1.366235027,0.533685557,2.516619183
1999-02-21,7.863247863,3.720598218,2.620534338,1.324280722,0.525508223,5.033238367
1999-02-22,6.923076923,3.374452552,2.376019025,1.175371114,0.473939965,1.543209877
1999-02-23,6.239316239,3.294419972,2.318977187,1.122679432,0.460114521,0.735992403
1999-02-24,5.726495726,3.37382653,2.374174225,1.124608843,0.468587018,0.474833808
1999-02-25,6.239316239,3.520140818,2.476415824,1.147449217,0.486207295,0.712250712
1999-02-26,5.47008547,3.40450547,2.394377473,1.084952293,0.46765185,0.474833808
1999-02-27,5.213675214,3.240401371,2.278314989,1.009305345,0.442677783,0.356125356
1999-02-28,5.726495726,5.680280133,3.992660673,1.72878091,0.771777192,0.427350427
1999-03-01,10.08547009,20.35420636,14.30295582,6.05125054,2.750568427,0.735992403
1999-03-02,8.376068376,15.30949017,10.75505403,4.444690695,2.057727174,0.522317189
1999-03-03,12.22222222,11.95434209,8.395741149,3.388129042,1.598174077,0.56980057
1999-03-04,10.42735043,7.075780774,4.968101394,1.957130852,0.940928294,0.403608737
1999-03-05,8.888888889,5.776716156,4.054908342,1.558796423,0.764115894,0.284900285
1999-03-06,7.863247863,5.239282744,3.676689645,1.378758617,0.689379308,0.237416904
1999-03-07,7.094017094,4.884708454,3.426968234,1.253145101,0.639359745,0.218423552
1999-03-08,6.41025641,4.66696811,3.273359577,1.166742028,0.607678139,1.851851852
1999-03-09,6.068376068,4.586627006,3.216184049,1.116950618,0.594122669,1.282051282
1999-03-10,5.213675214,4.41810483,3.097228128,1.047591867,0.569343406,0.379867047
1999-03-11,4.786324786,4.118862612,2.886724224,0.950506757,0.528059309,0.235042735
1999-03-12,4.273504274,4.068713683,2.850867411,0.913384704,0.518968582,0.178062678
1999-03-13,4.102564103,4.424948634,3.09971021,0.965851732,0.561541705,0.151946819
1999-03-14,4.188034188,5.045503097,3.533550991,1.070258233,0.637058472,0.147198481
1999-03-15,4.017094017,5.03145169,3.522858972,1.03663075,0.632091921,0.142450142
1999-03-16,3.931623932,5.197340648,3.638138453,1.03946813,0.649667581,0.151946819
1999-03-17,3.931623932,5.899988922,4.18164198,1.191916954,0.744948096,0.147198481
1999-03-18,3.931623932,6.822792525,4.896630009,1.392406638,0.870254149,0.113960114
1999-03-19,3.931623932,7.382025996,5.365286935,1.522067216,0.95129201,0.121082621
1999-03-20,4.017094017,6.672490409,4.911694329,1.390102169,0.868813855,0.182811016
1999-03-21,3.846153846,5.756410031,4.292060111,1.211875796,0.757422373,0.163817664
1999-03-22,3.760683761,5.222211473,3.944436326,1.111108824,0.694443015,0.12345679
1999-03-23,3.846153846,5.269396069,4.03231563,1.133203456,0.70825216,0.125830959
1999-03-24,3.760683761,5.356996248,4.153613033,1.164564402,0.727852751,0.379867047
1999-03-25,3.846153846,5.619605207,4.415404092,1.235078068,0.771923792,0.308641975
1999-03-26,3.846153846,8.638909336,6.879131508,1.91975763,1.199848519,0.094966762
1999-03-27,3.846153846,12.29492316,9.923430488,2.76290408,1.72681505,0.087844255
1999-03-28,3.675213675,10.35931719,8.475804971,2.35439027,1.471493919,0.083095916
1999-03-29,3.58974359,7.647253141,6.34341113,1.757989228,1.098743267,0.080721747
1999-03-30,3.58974359,6.455619263,5.42972628,1.501306805,0.938316753,0.087844255
1999-03-31,3.58974359,5.700862099,4.862500026,1.341379318,0.838362073,0.189933523
1999-04-01,3.418803419,5.017926667,4.340904815,1.194744445,0.746715278,0.078347578
1999-04-02,3.162393162,4.598993935,4.035663353,1.10819131,0.692619569,0.087844255
1999-04-03,3.247863248,4.423311633,3.93782621,1.078856496,0.67428531,0.071225071
1999-04-04,3.247863248,4.15017447,3.748820149,1.024734437,0.640459023,0.066476733
1999-04-05,3.418803419,3.970494422,3.639619887,0.992623606,0.620389753,1.234567901
1999-04-06,3.247863248,3.938889178,3.664662717,0.997187134,0.623241959,0.451092118
1999-04-07,3.076923077,3.61593672,3.415051346,0.927163261,0.579477038,0.144824311
1999-04-08,3.247863248,3.52291585,3.378034029,0.915043078,0.571901924,0.474833808
1999-04-09,3.076923077,4.229898662,4.118585539,1.113131227,0.695707017,0.22317189
1999-04-10,2.991452991,3.253977285,3.217821981,0.867727276,0.542329547,0.125830959
1999-04-11,3.162393162,3.230372132,3.244923357,0.873073549,0.545670968,0.140075973
1999-04-12,3.333333333,3.72848639,3.805099124,1.021503121,0.63843945,0.111585945
1999-04-13,3.675213675,5.438371332,5.639792493,1.510658703,0.94416169,0.113960114
1999-04-14,4.188034188,9.776355214,10.3041866,2.753902877,1.721189298,0.094966762
1999-04-15,4.786324786,11.23067838,12.0328697,3.208765252,2.005478283,0.092592593
1999-04-16,5.384615385,14.09895189,15.0825997,4.262473828,2.770607988,0.097340931
1999-04-17,6.41025641,19.88276499,21.23628656,6.347549388,4.27059389,0.104463438
1999-04-18,6.752136752,23.08325037,24.61484044,7.76734965,5.387915074,0.109211776
1999-04-19,6.752136752,25.36173722,26.99993556,8.979753848,6.401108317,0.111585945
1999-04-20,6.666666667,26.3486896,28.00343822,9.801203378,7.15997,0.135327635
1999-04-21,6.324786325,24.26183862,25.74121902,9.468034583,7.071438329,0.128205128
1999-04-22,5.982905983,19.33634687,20.47938215,7.905994041,6.024748471,0.151946819
1999-04-23,5.47008547,16.2357202,17.16462956,6.946626551,5.39171305,0.168566002
1999-04-24,5.299145299,18.86374343,19.90646291,8.436548568,6.659185808,0.151946819
1999-04-25,4.957264957,23.89525666,25.16886171,11.15920616,8.945559284,0.094966762
1999-04-26,5.128205128,27.11426813,28.50474342,13.20951524,10.74142161,0.147198481
1999-04-27,4.700854701,20.15668698,21.14885551,10.23500168,8.433432504,0.118708452
1999-04-28,4.273504274,15.80384254,16.54852622,8.35700574,6.971066669,0.102089269
1999-04-29,4.017094017,11.08106734,11.57942222,6.097518539,5.144781267,0.092592593
1999-04-30,3.846153846,12.1200827,12.63858891,6.935020583,5.914211478,0.106837607
1999-05-01,3.760683761,19.4621964,20.25120436,11.57211678,9.967800588,0.104463438
1999-05-02,3.846153846,22.62646667,23.49195993,13.97153407,12.14781612,0.12345679
1999-05-03,4.358974359,13.94000174,14.44060953,8.933923766,7.836437441,0.12345679
1999-05-04,3.931623932,9.093498877,9.398308895,6.045398695,5.346875736,0.0997151
1999-05-05,3.675213675,13.8123862,14.24158464,9.520401784,8.486423722,0.094966762
1999-05-06,3.504273504,25.62393526,26.3560477,18.3028109,16.43592419,0.094966762
1999-05-07,3.418803419,26.25667447,26.93965155,19.42690365,17.56768827,0.087844255
1999-05-08,3.247863248,21.75748805,22.26643514,16.66801716,15.17298509,0.102089269
1999-05-09,3.076923077,19.92411289,20.33674245,15.79781732,14.47150803,0.211301045
1999-05-10,2.991452991,20.14708828,20.50901202,16.52785087,15.23095746,0.17331434
1999-05-11,2.905982906,28.4748725,28.90630997,24.16049788,22.39160429,0.170940171
1999-05-12,2.820512821,35.0326973,35.46254635,30.73420684,28.63869273,0.159069326
1999-05-13,2.735042735,23.57353424,23.79316344,21.37724223,20.02286216,0.144824311
1999-05-14,2.64957265,15.84936383,15.94904537,14.8525485,13.98033508,0.137701804
1999-05-15,2.64957265,16.70308623,16.75628077,16.17114081,15.29343086,0.097340931
1999-05-16,2.564102564,20.47498605,20.47498605,20.47498605,19.45123675,0.078347578
1999-05-17,2.393162393,27.45489648,27.73648516,28.72204555,27.73648516,0.083095916
1999-05-18,2.393162393,27.28906588,27.86357253,29.8743458,29.29983915,0.064102564
1999-05-19,2.307692308,28.1414121,29.05410655,32.24853711,32.09642137,0.061728395
1999-05-20,2.222222222,25.10481473,26.22058428,30.12577768,30.40472007,0.075973409
1999-05-21,2.136752137,21.55708639,22.78891989,27.10033717,27.71625393,0.092592593
1999-05-22,2.051282051,36.4712483,39.04568936,48.05623306,49.77252709,0.092592593
1999-05-23,2.051282051,36.92795667,40.06123784,51.02772194,53.48958571,0.087844255
1999-05-24,1.965811966,40.71294052,44.78423458,59.03376376,62.59614605,0.0997151
1999-05-25,1.965811966,26.55316423,29.63675749,40.42933392,43.34161645,0.094966762
1999-05-26,1.88034188,25.59422688,29.00679046,40.95076301,44.36332659,0.102089269
1999-05-27,1.794871795,23.00607084,26.4966471,38.71366403,42.36290285,0.0997151
1999-05-28,1.709401709,20.45530881,23.96193318,36.23511846,40.03396153,0.106837607
1999-05-29,1.709401709,16.60623728,19.80447557,30.99830959,34.56557538,0.102089269
1999-05-30,1.709401709,14.23857961,17.3053506,28.03904907,31.54393021,0.104463438
1999-05-31,1.709401709,15.49504925,19.21386108,32.22970245,36.56831624,0.097340931
1999-06-01,1.623931624,13.98829767,17.71851038,30.77425487,35.20388246,0.106837607
1999-06-02,1.794871795,9.423052355,12.20899827,21.95980897,25.31933198,0.097340931
1999-06-03,1.709401709,6.135256371,8.143158455,15.17081575,17.6249183,0.102089269
1999-06-04,1.709401709,5.809494944,7.911978829,15.27067242,17.87111302,0.113960114
1999-06-05,1.623931624,9.736809825,13.63153375,27.26306751,32.13147242,0.121082621
1999-06-06,1.623931624,9.483761307,13.6765821,28.35145485,33.64239537,0.109211776
1999-06-07,1.538461538,7.426235028,11.05683882,23.76395209,28.38472055,0.085470085
1999-06-08,1.538461538,6.795034578,10.47234741,23.34294232,28.05949573,0.090218424
1999-06-09,1.452991453,6.085038583,9.736061733,22.51464276,27.23054766,0.087844255
1999-06-10,1.452991453,6.208716159,10.34786027,24.83486464,30.21575198,0.087844255
1999-06-11,1.452991453,6.540073918,11.39841454,28.40260673,34.75582139,0.092592593
1999-06-12,1.452991453,6.1510798,11.26120763,29.14665505,35.86552683,0.085470085
1999-06-13,1.367521368,5.752460773,11.12142416,29.91279602,37.00749764,0.092592593
1999-06-14,1.367521368,5.613130217,11.53243117,32.24998452,40.10836683,0.097340931
1999-06-15,1.282051282,4.88938826,10.75665417,31.29208486,39.11510608,0.083095916
1999-06-16,1.282051282,4.567286987,10.04198199,30.30742756,38.71607512,0.087844255
1999-06-17,1.282051282,4.054014314,8.90780016,27.90926861,36.40339384,0.083095916
1999-06-18,1.282051282,3.715313561,8.158101106,26.55280041,35.33445065,0.087844255
1999-06-19,1.196581197,3.400333136,7.461162636,25.24563882,34.24795964,0.090218424
1999-06-20,1.196581197,3.057931964,6.704798972,23.60270449,32.61794094,0.104463438
1999-06-21,1.196581197,2.857327602,6.259946731,22.94586746,32.2812584,0.111585945
1999-06-22,1.111111111,2.855913171,6.25152647,23.88173061,34.18100804,0.109211776
1999-06-23,1.111111111,2.624486964,5.739731654,22.87357745,33.28617613,0.116334283
1999-06-24,1.111111111,2.338585199,5.10951388,21.26343853,31.44316234,0.104463438
1999-06-25,1.111111111,1.789660958,3.90612957,16.99399797,25.52212149,0.111585945
1999-06-26,1.111111111,1.361451937,2.96821053,13.51639671,20.60575905,0.075973409
1999-06-27,1.111111111,1.155407061,2.515979863,12.00759488,18.57289856,0.092592593
1999-06-28,1.111111111,1.061346365,2.308170736,11.56146235,18.13562721,0.102089269
1999-06-29,1.111111111,1.006120489,2.185009143,11.50432721,18.2930998,0.102089269
1999-06-30,1.025641026,0.940739269,2.039918837,11.30867627,18.22063427,0.128205128
1999-07-01,1.025641026,0.831696486,1.8004858,10.52872914,17.18230103,0.12345679
1999-07-02,1.025641026,0.65666123,1.418992083,8.770578729,14.49183404,0.109211776
1999-07-03,1.025641026,0.506138502,1.091551709,7.146919573,11.95218632,0.090218424
1999-07-04,1.025641026,0.389689947,0.838573304,5.830550856,9.865568284,0.080721747
1999-07-05,0.94017094,0.288479947,0.619270286,4.584907957,7.846654557,0.087844255
1999-07-06,0.94017094,0.242096569,0.518291247,4.098592624,7.092406538,0.090218424
1999-07-07,0.94017094,0.208979909,0.446031745,3.780352974,6.612498602,0.078347578
1999-07-08,0.854700855,0.167982897,0.357296955,3.258334918,5.759413604,0.078347578
1999-07-09,0.854700855,0.142267619,0.301414447,2.970740787,5.304894263,0.111585945
1999-07-10,0.846153846,0.111471249,0.235102997,2.517223466,4.539919939,0.130579297
1999-07-11,0.811965812,0.075561375,0.158530727,1.854957666,3.378037923,0.140075973
1999-07-12,0.786324786,0.063041423,0.131448074,1.692729276,3.11183195,0.163817664
1999-07-13,0.769230769,0.067302856,0.13930126,1.990912394,3.693831171,0.166191833
1999-07-14,0.769230769,0.072785695,0.14930399,2.392596434,4.479119689,0.170940171
1999-07-15,0.803418803,0.058813317,0.119307014,2.171051584,4.100128378,0.154320988
1999-07-16,0.820512821,0.046148216,0.092296431,1.938225054,3.691857245,0.168566002
1999-07-17,0.811965812,0.06676466,0.106823455,1.709175286,3.231409526,0.142450142
1999-07-18,0.811965812,0.085663173,0.121666536,1.561801038,2.929928815,0.154320988
1999-07-19,0.803418803,0.101672734,0.134023149,1.428039761,2.657355542,0.147198481
1999-07-20,0.803418803,0.109954432,0.137699942,1.247520375,2.301849785,0.147198481
1999-07-21,0.794871795,0.1112177,0.134167384,1.052154751,1.924242749,0.130579297
1999-07-22,0.820512821,0.10905323,0.127855512,0.879946756,1.594433439,0.130579297
1999-07-23,0.811965812,0.10676445,0.122388516,0.747351151,1.341065654,0.128205128
1999-07-24,0.803418803,0.104298256,0.11740678,0.641747739,1.139871651,0.137701804
1999-07-25,0.794871795,0.10285803,0.11406039,0.562154779,0.987844449,0.142450142
1999-07-26,0.794871795,0.101245309,0.110865904,0.495689703,0.861272313,0.142450142
1999-07-27,0.769230769,0.099968453,0.108299157,0.441527333,0.7580941,0.142450142
1999-07-28,0.752136752,0.098974345,0.106235011,0.396661661,0.672566979,0.125830959
1999-07-29,0.777777778,0.097352566,0.10365597,0.355792112,0.595321447,0.111585945
1999-07-30,0.752136752,0.096125726,0.101627872,0.32171371,0.530795256,0.118708452
1999-07-31,0.735042735,0.094807478,0.099607857,0.291623003,0.474037392,0.102089269
1999-08-01,0.743589744,0.095512124,0.099788787,0.270855278,0.433368444,0.102089269
1999-08-02,0.726495726,0.093862205,0.097574269,0.246056853,0.387115308,0.121082621
1999-08-03,0.64957265,0.09261516,0.095843034,0.224958002,0.347617221,0.087844255
1999-08-04,0.615384615,0.095529445,0.098453816,0.215428647,0.326554736,0.106837607
1999-08-05,0.623931624,0.101712336,0.104434564,0.213323683,0.316768346,0.116334283
1999-08-06,0.64957265,0.109920915,0.112477215,0.214729229,0.311868642,0.121082621
1999-08-07,0.666666667,0.112958481,0.115222683,0.20579073,0.291830375,0.125830959
1999-08-08,0.658119658,0.109818061,0.111695293,0.186784565,0.258119374,0.128205128
1999-08-09,0.658119658,0.114813781,0.116464082,0.182476112,0.245187541,0.116334283
1999-08-10,0.666666667,0.183182375,0.185354498,0.272239418,0.354780093,0.118708452
1999-08-11,0.64957265,0.143577477,0.144944882,0.199641063,0.251602436,0.199430199
1999-08-12,0.623931624,0.144043766,0.145102912,0.187468725,0.227716248,0.204178538
1999-08-13,0.606837607,0.144019522,0.144786944,0.175483822,0.204645857,0.194681861
1999-08-14,0.598290598,0.143831283,0.144325549,0.164096172,0.182878264,0.187559354
1999-08-15,0.598290598,0.1434902,0.143728953,0.153279049,0.162351641,0.125830959
1999-08-16,0.598290598,0.141363526,0.141363526,0.141363526,0.141363526,0.118708452
1999-08-17,0.581196581,0.133585401,0.133585401,0.133585401,0.133585401,0.12345679
1999-08-18,0.598290598,0.133472459,0.133472459,0.133472459,0.133472459,0.128205128
1999-08-19,0.598290598,0.128946353,0.128946353,0.128946353,0.128946353,0.116334283
1999-08-20,0.58974359,0.124573728,0.124573728,0.124573728,0.124573728,0.113960114
1999-08-21,0.581196581,0.120851041,0.120851041,0.120851041,0.120851041,0.106837607
1999-08-22,0.581196581,0.108141809,0.108141809,0.108141809,0.108141809,0.130579297
1999-08-23,0.58974359,0.108086135,0.108086135,0.108086135,0.108086135,0.132953466
1999-08-24,0.52991453,0.10483673,0.10483673,0.10483673,0.10483673,0.106837607
1999-08-25,0.504273504,0.101281673,0.101281673,0.101281673,0.101281673,0.140075973
1999-08-26,0.504273504,0.09784717,0.09784717,0.09784717,0.09784717,0.161443495
1999-08-27,0.555555556,0.213664888,0.213664888,0.213664888,0.213664888,0.168566002
1999-08-28,0.512820513,0.204397947,0.204397947,0.204397947,0.204397947,0.14957265
1999-08-29,0.495726496,0.165276006,0.165276006,0.165276006,0.165276006,0.154320988
1999-08-30,0.504273504,0.168043315,0.168043315,0.168043315,0.168043315,0.142450142
1999-08-31,0.512820513,0.164167528,0.164167528,0.164167528,0.164167528,0.125830959
1999-09-01,0.512820513,0.158600539,0.158600539,0.158600539,0.158600539,0.113960114
1999-09-02,0.504273504,0.153222329,0.153222329,0.153222329,0.153222329,0.140075973
1999-09-03,0.504273504,0.148026496,0.148026496,0.148026496,0.148026496,0.128205128
1999-09-04,0.487179487,0.143006857,0.143006857,0.143006857,0.143006857,0.116334283
1999-09-05,0.478632479,0.138157435,0.138157435,0.138157435,0.138157435,0.12345679
1999-09-06,0.47008547,0.133472459,0.133472459,0.133472459,0.133472459,0.130579297
1999-09-07,0.461538462,0.128946353,0.128946353,0.128946353,0.128946353,0.118708452
1999-09-08,0.461538462,0.124573728,0.124573728,0.124573728,0.124573728,0.147198481
1999-09-09,0.452991453,0.120349382,0.120349382,0.120349382,0.120349382,0.130579297
1999-09-10,0.461538462,0.116268284,0.116268284,0.116268284,0.116268284,0.130579297
1999-09-11,0.452991453,0.114887206,0.114887206,0.114887206,0.114887206,0.0997151
1999-09-12,0.461538462,0.112325579,0.112325579,0.112325579,0.112325579,0.087844255
1999-09-13,0.47008547,0.108516572,0.108516572,0.108516572,0.108516572,0.094966762
1999-09-14,0.461538462,0.10483673,0.10483673,0.10483673,0.10483673,0.083095916
1999-09-15,0.461538462,0.101281673,0.101281673,0.101281673,0.101281673,0.042735043
1999-09-16,0.452991453,0.09784717,0.09784717,0.09784717,0.09784717,0.037986705
1999-09-17,0.461538462,0.094529131,0.094529131,0.094529131,0.094529131,0.030864198
1999-09-18,0.478632479,0.091323609,0.091323609,0.091323609,0.091323609,0.040360874
1999-09-19,0.504273504,0.088226788,0.088226788,0.088226788,0.088226788,0.035612536
1999-09-20,0.478632479,0.085234981,0.085234981,0.085234981,0.085234981,0.022079772
1999-09-21,0.461538462,0.082344628,0.082344628,0.082344628,0.082344628,0.028490028
1999-09-22,0.461538462,0.079552287,0.079552287,0.079552287,0.079552287,0.040360874
1999-09-23,0.47008547,0.076854636,0.076854636,0.076854636,0.076854636,0.037986705
1999-09-24,0.47008547,0.074248464,0.074248464,0.074248464,0.074248464,0.033238367
1999-09-25,0.461538462,0.071730668,0.071730668,0.071730668,0.071730668,0.042735043
1999-09-26,0.452991453,0.069298251,0.069298251,0.069298251,0.069298251,0.033238367
1999-09-27,0.444444444,0.066948319,0.066948319,0.066948319,0.066948319,0.054605888
1999-09-28,0.435897436,0.064678073,0.064678073,0.064678073,0.064678073,0.080721747
1999-09-29,0.435897436,0.062484813,0.062484813,0.062484813,0.062484813,0.064102564
1999-09-30,0.435897436,0.060365927,0.060365927,0.060365927,0.060365927,0.080721747
1999-10-01,0.444444444,0.058318894,0.058318894,0.058318894,0.058318894,0.080721747
1999-10-02,0.444444444,0.057918382,0.057918382,0.057918382,0.057918382,0.111585945
1999-10-03,0.452991453,0.057918382,0.057918382,0.057918382,0.057918382,0.0997151
1999-10-04,0.452991453,0.057918382,0.057918382,0.057918382,0.057918382,0.111585945
1999-10-05,0.444444444,0.057918382,0.057918382,0.057918382,0.057918382,0.094966762
1999-10-06,0.478632479,0.089540739,0.089540739,0.089540739,0.089540739,0.094966762
1999-10-07,0.495726496,0.088226788,0.088226788,0.088226788,0.088226788,0.106837607
1999-10-08,0.461538462,0.085234981,0.085234981,0.085234981,0.085234981,0.097340931
1999-10-09,0.452991453,0.082344628,0.082344628,0.082344628,0.082344628,0.090218424
1999-10-10,0.452991453,0.079552287,0.079552287,0.079552287,0.079552287,0.092592593
1999-10-11,0.435897436,0.076854636,0.076854636,0.076854636,0.076854636,0.07359924
1999-10-12,0.444444444,0.074248464,0.074248464,0.074248464,0.074248464,0.066476733
1999-10-13,0.435897436,0.071730668,0.071730668,0.071730668,0.071730668,0.085470085
1999-10-14,0.435897436,0.069298251,0.069298251,0.069298251,0.069298251,0.111585945
1999-10-15,0.435897436,0.066948319,0.066948319,0.066948319,0.066948319,0.111585945
1999-10-16,0.427350427,0.064678073,0.064678073,0.064678073,0.064678073,0.094966762
1999-10-17,0.427350427,0.063506583,0.062706959,0.062115075,0.061355313,0.106837607
1999-10-18,0.435897436,0.06234017,0.060795152,0.059651527,0.058183531,0.12345679
1999-10-19,0.444444444,0.061179837,0.058940898,0.057283632,0.055156309,0.090218424
1999-10-20,0.435897436,0.061706777,0.058742026,0.056547513,0.053730561,0.102089269
1999-10-21,0.427350427,0.062653875,0.058947937,0.056204796,0.052683606,0.083095916
1999-10-22,0.435897436,0.063600974,0.059153848,0.055862079,0.051636651,0.083095916
1999-10-23,0.435897436,0.064548072,0.059359759,0.055519362,0.050589695,0.094966762
1999-10-24,0.444444444,0.065495171,0.05956567,0.055176645,0.04954274,0.087844255
1999-10-25,0.452991453,0.06644227,0.059771581,0.054833928,0.048495785,0.083095916
1999-10-26,0.444444444,0.068838217,0.061266988,0.055662753,0.048468964,0.047483381
1999-10-27,0.504273504,0.342093243,0.301278899,0.271068062,0.232288388,0.059354226
1999-10-28,1.794871795,1.262792013,1.100681566,0.980687179,0.826658233,0.261158594
1999-10-29,0.675213675,0.389334196,0.335918697,0.296380468,0.245627829,0.056980057
1999-10-30,0.581196581,0.352237019,0.300886261,0.262876356,0.214085526,0.059354226
1999-10-31,0.538461538,0.19354577,0.163711315,0.141627808,0.113280655,0.061728395
1999-11-01,0.512820513,0.144542879,0.121084711,0.103720941,0.081432206,0.059354226
1999-11-02,0.504273504,0.136659813,0.113396351,0.096176703,0.074072967,0.094966762
1999-11-03,0.495726496,0.139677615,0.114819842,0.096420082,0.072801514,0.083095916
1999-11-04,0.495726496,0.113637451,0.092556722,0.076952736,0.05692292,0.064102564
1999-11-05,0.504273504,0.098808161,0.079751422,0.065645596,0.04753887,0.059354226
1999-11-06,0.495726496,0.099745256,0.079791783,0.065022193,0.046063437,0.045109212
1999-11-07,0.555555556,0.097535814,0.077341027,0.062392816,0.043204775,1.092117759
1999-11-08,1.025641026,0.405094959,0.318449557,0.254314505,0.171988534,0.735992403
1999-11-09,0.717948718,0.284409365,0.221677866,0.175243921,0.115639702,0.17331434
1999-11-10,0.615384615,0.26941308,0.208231767,0.162945272,0.104813959,0.199430199
1999-11-11,0.572649573,0.258226908,0.197939996,0.153315537,0.096034038,0.121082621
1999-11-12,0.547008547,0.216110122,0.164309815,0.125967152,0.076749184,0.087844255
1999-11-13,0.538461538,0.215802549,0.162761851,0.12350105,0.073104528,0.085470085
1999-11-14,0.521367521,0.210823086,0.157750946,0.118466872,0.068040475,0.085470085
1999-11-15,0.572649573,0.213966575,0.158857025,0.118064857,0.065702618,0.185185185
1999-11-16,0.606837607,0.337456487,0.250540691,0.186205494,0.103622608,0.925925926
1999-11-17,0.854700855,0.594512579,0.441389033,0.328046763,0.182556705,0.356125356
1999-11-18,0.683760684,0.945222992,0.701769949,0.521565656,0.29024919,0.128205128
1999-11-19,1.025641026,1.534163259,1.139021883,0.846537667,0.471094808,1.923076923
1999-11-20,1.196581197,1.989607933,1.477161547,1.097847995,0.610947995,0.403608737
1999-11-21,0.854700855,1.235839985,0.917535196,0.681925532,0.379488817,0.220797721
1999-11-22,0.735042735,0.868698346,0.644955105,0.479340035,0.266750802,0.14957265
1999-11-23,0.675213675,0.729326362,0.541479977,0.402435812,0.223953911,0.097340931
1999-11-24,0.641025641,0.641755581,0.476464057,0.354115032,0.197063592,0.092592593
1999-11-25,0.623931624,0.599200927,0.444869843,0.330633752,0.183996354,0.066476733
1999-11-26,0.606837607,0.603997493,0.448430998,0.333280455,0.185469233,0.059354226
1999-11-27,0.598290598,0.67786158,0.503270541,0.374038002,0.208150644,0.056980057
1999-11-28,0.581196581,0.653881083,0.485466496,0.360805776,0.200786964,0.061728395
1999-11-29,0.572649573,0.610614629,0.453343815,0.336931732,0.187501154,0.068850902
1999-11-30,0.803418803,0.769507608,0.571312081,0.424607467,0.236292348,0.163817664
1999-12-01,0.829059829,5.565060346,4.131715106,3.070750895,1.708860526,0.170940171
1999-12-02,0.777777778,5.766671292,4.281398836,3.181998025,1.770769106,0.066476733
1999-12-03,0.743589744,28.44306283,21.11722516,15.69462957,8.733998247,0.071225071
1999-12-04,0.675213675,4.471600888,3.319888697,2.467389673,1.373092432,0.056980057
1999-12-05,0.64957265,3.896229768,2.89271102,2.149904997,1.196413486,0.054605888
1999-12-06,0.632478632,3.435822272,2.550886765,1.895856228,1.055036368,0.056980057
1999-12-07,0.632478632,2.946485729,2.187584472,1.625844668,0.90477602,0.061728395
1999-12-08,0.615384615,2.831548808,2.102250875,1.562423495,0.869482392,0.066476733
1999-12-09,0.623931624,2.831571214,2.102267511,1.562435859,0.869489273,0.066476733
1999-12-10,0.623931624,2.313457558,1.71759998,1.276545343,0.71039235,0.080721747
1999-12-11,0.606837607,2.31362909,1.717727332,1.276639993,0.710445023,0.059354226
1999-12-12,0.58974359,2.371206663,1.76047514,1.308410786,0.728125342,0.068850902
1999-12-13,0.641025641,2.572520862,1.909938553,1.419494174,0.7899428,0.068850902
1999-12-14,0.606837607,2.400027119,1.781872556,1.324313658,0.736975226,0.061728395
1999-12-15,0.58974359,2.371274487,1.760525495,1.308448211,0.728146168,0.066476733
1999-12-16,0.581196581,3.435902225,2.550946125,1.895900346,1.055060919,0.068850902
1999-12-17,0.572649573,3.781400455,2.807457316,2.086543201,1.161152902,0.061728395
1999-12-18,0.58974359,3.579981213,2.657915914,1.975401852,1.099303188,0.061728395
1999-12-19,0.598290598,3.00432164,2.230524079,1.65775801,0.922535667,0.061728395
1999-12-20,0.623931624,2.946936048,2.187918806,1.62609315,0.904914299,0.071225071
1999-12-21,0.598290598,2.831848147,2.102473116,1.562588667,0.86957431,0.068850902
1999-12-22,0.581196581,2.946839299,2.187846975,1.626039764,0.904884591,0.07359924
1999-12-23,0.572649573,2.313907507,1.71793404,1.276793621,0.710530516,0.078347578
1999-12-24,0.572649573,2.054937967,1.52566508,1.133896527,0.631008858,0.080721747
1999-12-25,0.564102564,1.968486061,1.461479857,1.086193133,0.604462111,0.078347578
1999-12-26,0.564102564,1.88232481,1.397510426,1.03865012,0.578004615,0.080721747
1999-12-27,0.555555556,1.882199205,1.397417172,1.038580812,0.577966046,0.083095916
1999-12-28,0.555555556,1.853586787,1.376174211,1.022792734,0.569180044,0.085470085
1999-12-29,0.555555556,1.882384674,1.397554871,1.038683152,0.578022998,0.075973409
1999-12-30,0.555555556,1.911043303,1.418832141,1.054496729,0.58682319,0.075973409
1999-12-31,0.564102564,1.997540502,1.483050992,1.102225116,0.613383845,0.068850902
2000-01-01,0.572649573,1.88218367,1.397405638,1.03857224,0.577961275,0.071225071
2000-01-02,0.581196581,1.910840342,1.418681455,1.054384737,0.586760867,0.07359924
2000-01-03,0.606837607,1.882230455,1.397440373,1.038598056,0.577975642,0.075973409
2000-01-04,0.564102564,1.853473442,1.376090059,1.022730191,0.569145239,0.080721747
2000-01-05,0.606837607,1.882128866,1.397364949,1.038541999,0.577944447,0.083095916
2000-01-06,0.598290598,1.853516937,1.376122351,1.022754191,0.569158595,0.075973409
2000-01-07,0.58974359,1.767210918,1.312045439,0.975131296,0.542656645,0.078347578
2000-01-08,0.598290598,1.738312115,1.290589855,0.959185193,0.533782703,0.075973409
2000-01-09,0.615384615,1.709700186,1.269347257,0.943397385,0.524996851,0.071225071
2000-01-10,0.641025641,1.767271333,1.312090293,0.975164632,0.542675197,0.080721747
2000-01-11,1.025641026,1.853484164,1.376098019,1.022736107,0.569148531,0.617283951
2000-01-12,1.111111111,1.767318008,1.312124947,0.975190387,0.542689529,0.12345679
2000-01-13,0.94017094,1.767334928,1.312137509,0.975199723,0.542694725,0.111585945
2000-01-14,0.94017094,1.911101986,1.418875709,1.05452911,0.586841209,0.125830959
2000-01-15,1.538461538,5.278186275,3.918728749,2.912456329,1.620770236,0.261158594
2000-01-16,1.794871795,6.57317001,4.880174542,3.627016858,2.018420297,0.59354226
2000-01-17,1.965811966,15.90806177,11.7782651,8.753778313,4.871442432,0.427350427
2000-01-18,5.555555556,18.20415654,13.4412886,9.989761621,5.559262173,2.777777778
2000-01-19,3.504273504,15.32136848,11.2817611,8.384769301,4.666090401,0.641025641
2000-01-20,4.786324786,13.17953118,9.678119825,7.192919732,4.002830908,0.232668566
2000-01-21,2.991452991,7.442894083,5.450636802,4.050992725,2.254361163,0.140075973
2000-01-22,2.393162393,8.33782167,6.089407642,4.525736525,2.518554178,0.0997151
2000-01-23,2.820512821,6.249875743,4.552118126,3.383200548,1.882737501,1.923076923
2000-01-24,25.04273504,5.032517755,3.655525282,2.716839676,1.511910355,23.5042735
2000-01-25,22.05128205,4.456217816,3.228165934,2.399219979,1.335156271,8.238366572
2000-01-26,10.5982906,3.729812934,2.694660577,2.002711021,1.11450063,0.973409307
2000-01-27,6.666666667,3.413667969,2.459622602,1.828027372,1.017289882,0.474833808
2000-01-28,5.128205128,3.332975333,2.395036116,1.780025754,0.990577175,0.284900285
2000-01-29,4.273504274,3.341310569,2.394595473,1.779698261,0.990394926,0.220797721
2000-01-30,4.188034188,3.289897328,2.351449011,1.747631182,0.972549726,3.51377018
2000-01-31,3.931623932,2.999133933,2.137910605,1.588926326,0.884231111,1.258309592
2000-02-01,3.58974359,3.214379905,2.285250872,1.69843176,0.945170445,0.403608737
2000-02-02,3.333333333,3.742278706,2.653495353,1.972116426,1.097474861,0.284900285
2000-02-03,3.247863248,3.894987315,2.754458846,2.047153966,1.139232951,1.044634378
2000-02-04,3.846153846,3.946757295,2.783692118,2.06888056,1.151323713,0.688509022
2000-02-05,3.58974359,3.732292693,2.625484762,1.951298547,1.085889795,0.427350427
2000-02-06,3.418803419,3.72262781,2.611794062,1.941123419,1.080227377,0.284900285
2000-02-07,3.162393162,3.679779854,2.574951898,1.913741786,1.064989609,0.216049383
2000-02-08,3.076923077,3.661794661,2.555651869,1.899397723,1.057007195,0.178062678
2000-02-09,3.076923077,3.555024554,2.474646542,1.839193383,1.023503722,0.199430199
2000-02-10,3.931623932,5.318664183,3.692652476,2.744433148,1.527266012,2.706552707
2000-02-11,4.017094017,4.80080943,3.324436539,2.470769696,1.374973401,8.594491928
2000-02-12,4.017094017,4.051011727,2.797932289,2.079464063,1.157213389,15.19468186
2000-02-13,9.829059829,6.557488279,4.517349968,3.357360346,1.868357532,15.07597341
2000-02-14,41.02564103,43.16455253,29.65844356,22.04258758,12.26661136,22.74453941
2000-02-15,21.02564103,17.39448282,11.92092359,8.859804184,4.930445404,6.030389364
2000-02-16,14.44444444,10.28081433,7.087146058,5.265298986,2.908177602,4.985754986
2000-02-17,10.85470085,7.065681702,4.899531876,3.638679962,1.99459789,2.659069326
2000-02-18,8.632478632,5.531975668,3.858768419,2.864677828,1.558397771,1.092117759
2000-02-19,7.264957265,4.909481505,3.444953975,2.556515773,1.380127281,0.56980057
2000-02-20,6.495726496,4.983477602,3.517800248,2.609602684,1.397944553,1.234567901
2000-02-21,6.239316239,4.883463797,3.467920691,2.571643219,1.3669341,2.397910731
2000-02-22,5.982905983,4.478263702,3.199374984,2.371620678,1.250775763,3.300094967
2000-02-23,5.811965812,4.277781428,3.074682484,2.278342767,1.192137525,16.73789174
2000-02-24,5.042735043,3.77146406,2.727281038,2.02016837,1.048680667,2.706552707
2000-02-25,4.786324786,3.407340067,2.479052949,1.835618989,0.945282437,0.902184236
2000-02-26,4.957264957,3.658861146,2.678421698,1.982507953,1.012725872,1.068376068
2000-02-27,10.85470085,8.192298336,6.03411977,4.464669688,2.262238518,12.48812915
2000-02-28,8.461538462,5.342620091,3.959589606,2.92863458,1.471838315,2.469135802
2000-02-29,7.948717949,4.253526846,3.17208994,2.345310158,1.168999745,3.157644824
2000-03-01,6.837606838,3.701024542,2.777356124,2.052703968,1.01468817,1.400759734
2000-03-02,6.41025641,3.542762104,2.675333275,1.976572645,0.968910573,0.688509022
2000-03-03,5.811965812,3.39915342,2.58312912,1.907749376,0.927318502,0.498575499
2000-03-04,5.47008547,3.966198767,3.033210663,2.239330893,1.079280082,0.546058879
2000-03-05,5.811965812,4.702921644,3.619612234,2.671273864,1.276479138,4.439696106
2000-03-06,5.47008547,3.864335084,2.993290718,2.20823919,1.046144042,1.13960114
2000-03-07,5.042735043,3.306918327,2.578049048,1.901207036,0.892883943,1.115859449
2000-03-08,4.871794872,3.134998641,2.459872395,1.813393336,0.844204187,3.846153846
2000-03-09,4.700854701,2.96331915,2.340320076,1.724630529,0.795812186,2.041785375
2000-03-10,4.358974359,2.812738193,2.235949594,1.647116703,0.753297508,0.807217474
2000-03-11,4.358974359,3.009773678,2.408334657,1.773458065,0.803819986,0.498575499
2000-03-12,4.358974359,3.696606519,2.977495537,2.19178075,0.984460325,0.332383666
2000-03-13,4.358974359,4.64794166,3.768671099,2.773168777,1.234262662,0.261158594
2000-03-14,4.444444444,6.014860574,4.909618688,3.611420658,1.592597046,0.237416904
2000-03-15,4.700854701,7.033741001,5.779873554,4.250021,1.856868721,0.194681861
2000-03-16,4.957264957,7.051588659,5.833699081,4.288045248,1.855995508,0.170940171
2000-03-17,4.957264957,6.199588981,5.183732502,3.817781991,1.713058416,0.14957265
2000-03-18,4.957264957,7.156361223,6.048473007,4.463402828,2.073352099,0.151946819
2000-03-19,5.299145299,10.5723883,9.033430607,6.679184474,3.207900742,0.135327635
2000-03-20,5.384615385,9.667702455,8.351845869,6.187314388,3.068828315,0.135327635
2000-03-21,5.042735043,6.524070919,5.6991769,4.230380593,2.164408852,0.137701804
2000-03-22,4.871794872,6.23655113,5.509702498,4.097714085,2.160420764,0.142450142
2000-03-23,4.871794872,7.858768234,7.022399978,5.23291739,2.840225179,0.125830959
2000-03-24,4.871794872,9.132727393,8.255389194,6.163668902,3.44081449,0.130579297
2000-03-25,4.871794872,11.01822454,10.07661339,7.538039365,4.324317186,0.128205128
2000-03-26,4.871794872,12.47150275,11.54114933,8.650347413,5.095364848,0.118708452
2000-03-27,4.957264957,13.94489568,13.05977521,9.807526935,5.927189245,0.111585945
2000-03-28,4.871794872,12.82567156,12.15780317,9.147804467,5.668088561,0.113960114
2000-03-29,4.615384615,10.92578578,10.48451242,7.903994033,5.017603263,0.137701804
2000-03-30,4.444444444,10.34491655,10.0510347,7.591793488,4.934451227,0.166191833
2000-03-31,4.102564103,8.778580607,8.637055032,6.536318439,4.347117767,0.128205128
2000-04-01,4.017094017,9.140424787,9.108283492,6.906159659,4.697001085,0.121082621
2000-04-02,4.017094017,13.29504477,13.42028586,10.19513694,7.086752754,0.128205128
2000-04-03,4.017094017,17.344247,17.73798056,13.50098209,9.586397856,0.132953466
2000-04-04,4.017094017,20.14293706,20.87494079,15.91897132,11.54030432,0.132953466
2000-04-05,3.931623932,19.14357439,20.10750937,15.36297296,11.36516915,0.12345679
2000-04-06,3.675213675,16.91849467,18.01403493,13.78967106,10.405151,0.132953466
2000-04-07,3.504273504,16.17578802,17.4627352,13.39305894,10.30320274,0.132953466
2000-04-08,3.418803419,16.45850315,18.01858031,13.84558717,10.85460712,0.132953466
2000-04-09,3.333333333,14.68065534,16.30224564,12.55047702,10.02289437,0.147198481
2000-04-10,3.247863248,15.10457761,17.01661788,13.12522443,10.67325687,0.144824311
2000-04-11,3.076923077,16.22673725,18.55035152,14.33524207,11.86551083,0.154320988
2000-04-12,3.076923077,16.58126828,19.23939368,14.89574996,12.54513193,0.175688509
2000-04-13,4.52991453,24.81013524,29.22502012,22.66953592,19.41928462,0.712250712
2000-04-14,4.188034188,13.87951121,16.60176812,12.90201939,11.23771478,0.185185185
2000-04-15,3.58974359,9.401149212,11.42145033,8.892806873,7.873108835,0.168566002
2000-04-16,3.418803419,7.491645639,9.080131325,7.186828056,6.462619338,0.168566002
2000-04-17,3.760683761,10.88481829,13.16133064,10.58882716,9.666060895,5.033238367
2000-04-18,3.675213675,8.00423871,9.654978358,7.89548451,7.312903029,0.688509022
2000-04-19,3.418803419,5.757715552,6.928239566,5.758473056,5.409017765,0.237416904
2000-04-20,3.247863248,6.564097835,7.879120298,6.65576086,6.337388284,0.201804368
2000-04-21,3.162393162,10.81745109,12.95227358,11.11939384,10.72770471,0.166191833
2000-04-22,3.076923077,11.73842244,14.01965676,12.23117559,11.95165083,0.161443495
2000-04-23,2.991452991,10.26357729,12.22702997,10.83999515,10.72389146,0.125830959
2000-04-24,2.905982906,10.8289019,12.86734681,11.59196212,11.60597601,0.111585945
2000-04-25,2.820512821,12.21556675,14.47731963,13.25254982,13.42365956,0.116334283
2000-04-26,2.735042735,14.8228279,17.52116331,16.29678738,16.69447426,0.111585945
2000-04-27,2.64957265,17.99303017,21.21195356,20.04623804,20.76165935,0.106837607
2000-04-28,2.64957265,16.58996543,19.50532833,18.72858333,19.60459901,0.109211776
2000-04-29,2.564102564,13.01960191,15.26594253,14.89230546,15.75107276,0.104463438
2000-04-30,2.478632479,14.79868494,17.30428474,17.15010237,18.32259249,0.113960114
2000-05-01,2.478632479,14.06778251,16.40389661,16.51672091,17.81960546,0.106837607
2000-05-02,2.393162393,16.54629758,19.23973356,19.6801986,21.43604839,0.106837607
2000-05-03,2.393162393,10.30661671,11.95024856,12.418002,13.65210292,0.12345679
2000-05-04,2.307692308,6.801933265,7.863959338,8.301413073,9.209337265,0.121082621
2000-05-05,2.307692308,10.34673501,11.92739292,12.79041822,14.31494564,0.12345679
2000-05-06,2.393162393,19.13246078,21.99030728,23.9547863,27.04144221,0.356125356
2000-05-07,2.905982906,19.94690373,22.85803578,25.29390456,28.7934499,0.498575499
2000-05-08,3.760683761,16.71734784,19.09933068,21.46871775,24.63969938,0.403608737
2000-05-09,2.905982906,15.29428199,17.42012742,19.89052039,23.01131475,0.121082621
2000-05-10,2.735042735,15.57644788,17.68666464,20.51371547,23.91791276,0.154320988
2000-05-11,2.564102564,21.96324857,24.86067321,29.2895287,34.41087121,0.12345679
2000-05-12,2.478632479,27.32057348,30.82677643,36.89156708,43.66548059,0.12345679
2000-05-13,2.307692308,18.46491363,20.76779821,25.2457427,30.09909109,0.128205128
2000-05-14,2.307692308,12.59804156,14.12321716,17.43934162,20.94007421,0.187559354
2000-05-15,2.564102564,13.37441322,14.94427935,18.74437901,22.66383302,1.614434948
2000-05-16,2.820512821,16.49528929,18.37010699,23.40502507,28.49175512,0.237416904
2000-05-17,2.735042735,22.40304373,25.10020584,32.38250476,39.64322739,0.135327635
2000-05-18,2.564102564,22.66932064,25.55496853,33.38428251,41.09643969,0.142450142
2000-05-19,2.393162393,23.70046314,26.88498116,35.56380434,44.01800181,0.111585945
2000-05-20,2.222222222,21.46919476,24.50956662,32.82952132,40.85114231,0.0997151
2000-05-21,2.136752137,18.59339374,21.36475573,28.97719751,36.2470217,0.104463438
2000-05-22,2.136752137,31.96590175,36.97426905,50.77934445,63.84680951,0.106837607
2000-05-23,2.051282051,32.93281668,38.35045284,53.33188939,67.39632176,0.0997151
2000-05-24,1.965811966,36.85965359,43.21944273,60.85902323,77.29178045,0.083095916
2000-05-25,1.965811966,11.75490848,13.88009829,19.79103394,25.2579979,0.071225071
2000-05-26,1.88034188,10.08849502,11.99792046,17.32260722,22.21415347,0.071225071
2000-05-27,1.88034188,11.35196954,13.59940716,19.88200732,25.61696695,0.071225071
2000-05-28,1.709401709,10.82961779,13.07061213,19.3495654,25.04698535,0.068850902
2000-05-29,1.709401709,9.446361263,11.48810418,17.22111142,22.39385493,0.068850902
2000-05-30,1.623931624,7.189261486,8.811265571,13.37493078,17.47069463,0.068850902
2000-05-31,1.623931624,6.121459316,7.562243494,11.62378842,15.25055298,0.071225071
2000-06-01,1.538461538,5.679144823,7.072846028,11.00877024,14.50658116,0.07359924
2000-06-02,1.538461538,5.446605219,6.839575458,10.78016791,14.26625621,0.07359924
2000-06-03,1.538461538,5.138533738,6.507490002,10.3864303,13.80319516,0.066476733
2000-06-04,1.452991453,5.175994498,6.611819525,10.68649523,14.26095926,0.07359924
2000-06-05,1.452991453,5.020882468,6.470604823,10.59073764,14.19095965,0.075973409
2000-06-06,1.367521368,4.012694601,5.218267947,8.649294798,11.63619573,0.087844255
2000-06-07,1.367521368,3.698278827,4.854073945,8.147795375,11.00496048,0.0997151
2000-06-08,1.623931624,4.156715897,5.507670525,9.362416068,12.69487067,0.109211776
2000-06-09,1.452991453,3.237594788,4.331605918,7.456971656,10.15007665,0.104463438
2000-06-10,1.367521368,2.511150489,3.393202155,5.915951727,8.08300853,0.104463438
2000-06-11,1.282051282,2.184502659,2.98198726,5.265386166,7.220975886,0.080721747
2000-06-12,1.282051282,2.119556385,2.923642234,5.228377227,7.196578142,0.07359924
2000-06-13,1.196581197,2.361260434,3.292027302,5.962570294,8.236882151,0.066476733
2000-06-14,1.196581197,2.4078479,3.393968193,6.226082528,8.631607481,0.092592593
2000-06-15,1.196581197,1.977646132,2.819098839,5.237988379,7.287298677,0.094966762
2000-06-16,1.196581197,1.682350694,2.389338855,4.544849303,6.347408545,0.078347578
2000-06-17,1.111111111,1.274171815,1.802804106,3.510984098,4.922024441,0.071225071
2000-06-18,1.111111111,1.134014585,1.598294508,3.187352043,4.48484164,0.071225071
2000-06-19,1.111111111,0.988213211,1.387276765,2.833263135,4.001027815,0.066476733
2000-06-20,1.111111111,0.825615878,1.154302781,2.414655797,3.421952658,0.075973409
2000-06-21,1.025641026,0.6551843,0.912194798,1.954787059,2.779840768,0.085470085
2000-06-22,1.025641026,0.579933301,0.803962545,1.765193906,2.518739207,0.075973409
2000-06-23,1.025641026,0.518739559,0.715962121,1.610881392,2.306185659,0.068850902
2000-06-24,0.94017094,0.452383646,0.621552211,1.433323349,2.058663379,0.064102564
2000-06-25,0.94017094,0.403632956,0.55199135,1.304884578,1.880161548,0.066476733
2000-06-26,0.94017094,0.321413386,0.437448642,1.060289963,1.532505112,0.064102564
2000-06-27,0.94017094,0.313108168,0.424047969,1.054045196,1.528142548,0.071225071
2000-06-28,0.854700855,0.303528839,0.408992543,1.042797157,1.516372022,0.080721747
2000-06-29,0.846153846,0.261873719,0.351023934,0.918247458,1.339188316,0.080721747
2000-06-30,0.837606838,0.189630733,0.252821774,0.678702464,0.992688002,0.085470085
2000-07-01,0.820512821,0.185057616,0.245359018,0.676110339,0.991695863,0.083095916
2000-07-02,0.829059829,0.176547402,0.232739825,0.658492797,0.968537312,0.097340931
2000-07-03,0.820512821,0.168401558,0.220694333,0.641292621,0.945809026,0.092592593
2000-07-04,0.786324786,0.160605157,0.209198146,0.624501764,0.923508455,0.104463438
2000-07-05,0.777777778,0.13172994,0.170509891,0.523080624,0.775558483,0.109211776
2000-07-06,0.777777778,0.122256868,0.157222315,0.495810414,0.737020517,0.104463438
2000-07-07,0.777777778,0.117582725,0.150198192,0.487073894,0.725866352,0.106837607
2000-07-08,0.760683761,0.115539429,0.146565274,0.488926677,0.730438795,0.102089269
2000-07-09,0.735042735,0.098603756,0.124184693,0.42630947,0.638446181,0.109211776
2000-07-10,0.700854701,0.085623525,0.10703597,0.378269316,0.567859738,0.113960114
2000-07-11,0.683760684,0.05394667,0.066918381,0.243562479,0.366499107,0.111585945
2000-07-12,0.692307692,0.052920164,0.065121073,0.244212991,0.368329294,0.132953466
2000-07-13,0.726495726,0.050384647,0.061487442,0.237692069,0.359310574,0.140075973
2000-07-14,0.709401709,0.047960237,0.058025363,0.231332578,0.350479963,0.140075973
2000-07-15,0.675213675,0.045642315,0.05472738,0.225131067,0.341835075,0.140075973
2000-07-16,0.675213675,0.043426446,0.051586345,0.219084134,0.333373468,0.144824311
2000-07-17,0.692307692,0.044482725,0.052111623,0.208709561,0.315561563,0.142450142
2000-07-18,0.683760684,0.045417431,0.052541955,0.198786672,0.298574324,0.130579297
2000-07-19,0.675213675,0.046237592,0.052883179,0.189296763,0.282376305,0.144824311
2000-07-20,0.658119658,0.046949903,0.053140841,0.180221879,0.266933514,0.130579297
2000-07-21,0.632478632,0.046255528,0.051856953,0.16683709,0.245291876,0.111585945
2000-07-22,0.623931624,0.048076152,0.053426321,0.16324894,0.23818458,0.116334283
2000-07-23,0.623931624,0.048501922,0.053463915,0.155318464,0.224817224,0.118708452
2000-07-24,0.615384615,0.048843532,0.053437523,0.147738116,0.21208256,0.142450142
2000-07-25,0.615384615,0.049052351,0.053292937,0.140339207,0.199733783,0.125830959
2000-07-26,0.606837607,0.048024864,0.051838864,0.130128619,0.183548333,0.132953466
2000-07-27,0.606837607,0.049414312,0.053016319,0.126954504,0.177404997,0.121082621
2000-07-28,0.598290598,0.046827691,0.049957051,0.11419325,0.158023753,0.151946819
2000-07-29,0.606837607,0.047785749,0.050708819,0.110710512,0.151651669,0.154320988
2000-07-30,0.598290598,0.045806762,0.048366598,0.100912217,0.136765847,0.163817664
2000-07-31,0.572649573,0.045999744,0.048342564,0.096433495,0.129247542,0.154320988
2000-08-01,0.547008547,0.045846652,0.047968565,0.091524953,0.12124493,0.163817664
2000-08-02,0.538461538,0.045651046,0.04756434,0.086838422,0.113636438,0.192307692
2000-08-03,0.538461538,0.045415987,0.047132371,0.082364489,0.106404539,0.168566002
2000-08-04,0.555555556,0.045144375,0.046675003,0.078094125,0.099532441,0.168566002
2000-08-05,0.555555556,0.044838959,0.046194456,0.074018669,0.093004058,0.166191833
2000-08-06,0.52991453,0.045748055,0.046971862,0.072092887,0.0892338,0.156695157
2000-08-07,0.521367521,0.046965088,0.048066514,0.070675436,0.086102259,0.159069326
2000-08-08,0.512820513,0.04818212,0.049161166,0.069257986,0.082970717,0.132953466
2000-08-09,0.521367521,0.049399153,0.050255818,0.067840535,0.079839175,0.106837607
2000-08-10,0.521367521,0.050616186,0.05135047,0.066423085,0.076707633,0.102089269
2000-08-11,0.512820513,0.051833219,0.052445122,0.065005634,0.073576091,0.109211776
2000-08-12,0.504273504,0.053050251,0.053539774,0.063588184,0.070444549,0.121082621
2000-08-13,0.504273504,0.054267284,0.054634426,0.062170733,0.067313008,0.116334283
2000-08-14,0.495726496,0.055484317,0.055729078,0.060753283,0.064181466,0.121082621
2000-08-15,0.487179487,0.056701349,0.05682373,0.059335833,0.061049924,0.137701804
2000-08-16,0.487179487,0.057918382,0.057918382,0.057918382,0.057918382,0.140075973
2000-08-17,0.478632479,0.057918382,0.057918382,0.057918382,0.057918382,0.147198481
2000-08-18,0.478632479,0.057918382,0.057918382,0.057918382,0.057918382,0.154320988
2000-08-19,0.478632479,0.057918382,0.057918382,0.057918382,0.057918382,0.140075973
2000-08-20,0.487179487,0.057918382,0.057918382,0.057918382,0.057918382,0.137701804
2000-08-21,0.478632479,0.057918382,0.057918382,0.057918382,0.057918382,0.14957265
2000-08-22,0.478632479,0.057918382,0.057918382,0.057918382,0.057918382,0.14957265
2000-08-23,0.47008547,0.057918382,0.057918382,0.057918382,0.057918382,0.144824311
2000-08-24,0.47008547,0.057918382,0.057918382,0.057918382,0.057918382,0.135327635
2000-08-25,0.461538462,0.057918382,0.057918382,0.057918382,0.057918382,0.140075973
2000-08-26,0.452991453,0.057918382,0.057918382,0.057918382,0.057918382,0.140075973
2000-08-27,0.461538462,0.057918382,0.057918382,0.057918382,0.057918382,0.144824311
2000-08-28,0.452991453,0.057918382,0.057918382,0.057918382,0.057918382,0.144824311
2000-08-29,0.461538462,0.057918382,0.057918382,0.057918382,0.057918382,0.128205128
2000-08-30,0.495726496,0.057918382,0.057918382,0.057918382,0.057918382,0.125830959
2000-08-31,0.495726496,0.057918382,0.057918382,0.057918382,0.057918382,0.132953466
2000-09-01,0.641025641,0.068105347,0.068105347,0.068105347,0.068105347,0.230294397
2000-09-02,1.111111111,0.100897989,0.100897989,0.100897989,0.100897989,0.14957265
2000-09-03,0.683760684,0.09784717,0.09784717,0.09784717,0.09784717,0.106837607
2000-09-04,0.632478632,0.094529131,0.094529131,0.094529131,0.094529131,0.094966762
2000-09-05,0.606837607,0.091323609,0.091323609,0.091323609,0.091323609,0.094966762
2000-09-06,0.581196581,0.088226788,0.088226788,0.088226788,0.088226788,0.090218424
2000-09-07,0.555555556,0.085234981,0.085234981,0.085234981,0.085234981,0.097340931
2000-09-08,0.547008547,0.082344628,0.082344628,0.082344628,0.082344628,0.080721747
2000-09-09,0.52991453,0.079552287,0.079552287,0.079552287,0.079552287,0.071225071
2000-09-10,0.52991453,0.076854636,0.076854636,0.076854636,0.076854636,0.054605888
2000-09-11,0.538461538,0.074248464,0.074248464,0.074248464,0.074248464,0.035612536
2000-09-12,0.521367521,0.071730668,0.071730668,0.071730668,0.071730668,0.028490028
2000-09-13,0.512820513,0.069298251,0.069298251,0.069298251,0.069298251,0.019230769
2000-09-14,0.487179487,0.066948319,0.066948319,0.066948319,0.066948319,0.020180437
2000-09-15,0.504273504,0.064678073,0.064678073,0.064678073,0.064678073,0.023266857
2000-09-16,0.521367521,0.062484813,0.062484813,0.062484813,0.062484813,0.020417854
2000-09-17,0.487179487,0.060365927,0.060365927,0.060365927,0.060365927,0.020655271
2000-09-18,0.47008547,0.058318894,0.058318894,0.058318894,0.058318894,0.01994302
2000-09-19,0.452991453,0.057918382,0.057918382,0.057918382,0.057918382,0.028490028
2000-09-20,0.452991453,0.057918382,0.057918382,0.057918382,0.057918382,0.030864198
2000-09-21,0.452991453,0.057918382,0.057918382,0.057918382,0.057918382,0.026115859
2000-09-22,0.495726496,0.057918382,0.057918382,0.057918382,0.057918382,0.028490028
2000-09-23,0.52991453,0.057918382,0.057918382,0.057918382,0.057918382,0.030864198
2000-09-24,0.504273504,0.057918382,0.057918382,0.057918382,0.057918382,0.07359924
2000-09-25,0.461538462,0.057918382,0.057918382,0.057918382,0.057918382,0.097340931
2000-09-26,0.461538462,0.057918382,0.057918382,0.057918382,0.057918382,0.128205128
2000-09-27,0.461538462,0.057918382,0.057918382,0.057918382,0.057918382,0.12345679
2000-09-28,0.452991453,0.057918382,0.057918382,0.057918382,0.057918382,0.102089269
2000-09-29,0.427350427,0.057918382,0.057918382,0.057918382,0.057918382,0.102089269
2000-09-30,0.418803419,0.057918382,0.057918382,0.057918382,0.057918382,0.106837607
2000-10-01,0.418803419,0.057918382,0.057918382,0.057918382,0.057918382,0.111585945
2000-10-02,0.418803419,0.057918382,0.057918382,0.057918382,0.057918382,0.113960114
2000-10-03,0.41025641,0.057918382,0.057918382,0.057918382,0.057918382,0.0997151
2000-10-04,0.41025641,0.057918382,0.057918382,0.057918382,0.057918382,0.111585945
2000-10-05,0.401709402,0.057918382,0.057918382,0.057918382,0.057918382,0.106837607
2000-10-06,0.401709402,0.057918382,0.057918382,0.057918382,0.057918382,0.104463438
2000-10-07,0.418803419,0.057918382,0.057918382,0.057918382,0.057918382,0.121082621
2000-10-08,0.418803419,0.057918382,0.057918382,0.057918382,0.057918382,0.113960114
2000-10-09,0.478632479,0.057918382,0.057918382,0.057918382,0.057918382,0.128205128
2000-10-10,0.760683761,0.149892369,0.149892369,0.149892369,0.149892369,0.356125356
2000-10-11,0.641025641,0.17925083,0.17925083,0.17925083,0.17925083,0.379867047
2000-10-12,0.58974359,0.201481047,0.201481047,0.201481047,0.201481047,0.201804368
2000-10-13,0.547008547,0.167708152,0.167708152,0.167708152,0.167708152,0.087844255
2000-10-14,0.564102564,0.157050425,0.157050425,0.157050425,0.157050425,0.085470085
2000-10-15,0.555555556,0.133453752,0.133453752,0.133453752,0.133453752,0.083095916
2000-10-16,0.555555556,0.118224858,0.118224858,0.118224858,0.118224858,0.083095916
2000-10-17,0.555555556,0.11147553,0.10995636,0.109050768,0.107753148,0.085470085
2000-10-18,0.564102564,0.114701904,0.111626283,0.109792876,0.107165791,0.087844255
2000-10-19,0.564102564,0.089312124,0.085777175,0.083669958,0.080650532,0.078347578
2000-10-20,0.564102564,0.121715426,0.115392955,0.11162407,0.106223642,0.075973409
2000-10-21,0.58974359,0.109538138,0.102535634,0.098361375,0.092380088,0.068850902
2000-10-22,0.581196581,0.091522114,0.084608013,0.080486451,0.074580674,0.061728395
2000-10-23,0.581196581,0.070549296,0.06442452,0.060773483,0.055541919,0.066476733
2000-10-24,0.581196581,0.070855867,0.063929525,0.059800667,0.053884435,0.064102564
2000-10-25,0.675213675,0.180611188,0.161038133,0.14937045,0.132651849,0.213675214
2000-10-26,0.846153846,0.19995268,0.176221245,0.162074711,0.14180417,0.284900285
2000-10-27,0.735042735,0.269386048,0.23471402,0.214045695,0.184430091,0.140075973
2000-10-28,0.94017094,0.529704082,0.456366331,0.412649003,0.350006525,2.041785375
2000-10-29,1.538461538,0.592983842,0.505266545,0.452977434,0.378052463,1.305792972
2000-10-30,1.025641026,0.329428294,0.277660923,0.246801903,0.202584071,0.59354226
2000-10-31,0.794871795,0.251636015,0.209835723,0.184918173,0.149213862,0.180436847
2000-11-01,0.666666667,0.192104512,0.158515387,0.138492592,0.109801966,0.156695157
2000-11-02,0.658119658,0.114806293,0.093756036,0.081207779,0.063227404,0.137701804
2000-11-03,0.64957265,0.117130171,0.094683108,0.081302202,0.062128726,0.121082621
2000-11-04,0.623931624,0.454017413,0.363341548,0.309288807,0.231836734,0.113960114
2000-11-05,0.615384615,0.729446579,0.578018455,0.487750718,0.358406243,0.111585945
2000-11-06,0.623931624,0.523873439,0.411097998,0.34387149,0.24754275,0.104463438
2000-11-07,0.623931624,0.466202886,0.362349904,0.300442158,0.211734663,0.106837607
2000-11-08,0.658119658,0.414182215,0.318889843,0.262085159,0.180689831,0.106837607
2000-11-09,0.658119658,0.414071038,0.315849676,0.257298993,0.173401826,0.106837607
2000-11-10,0.700854701,0.402635838,0.304321861,0.245715968,0.161739693,0.109211776
2000-11-11,0.658119658,0.383865484,0.287522802,0.230092017,0.147799552,0.102089269
2000-11-12,0.64957265,0.361188532,0.268136332,0.212667035,0.133185181,0.104463438
2000-11-13,0.632478632,0.348647252,0.256561259,0.201667927,0.123011373,0.201804368
2000-11-14,0.623931624,0.362134689,0.26418699,0.205799439,0.122136024,0.14957265
2000-11-15,0.615384615,0.353771388,0.255889558,0.197541273,0.113934123,0.111585945
2000-11-16,0.606837607,0.340179202,0.246058073,0.189951576,0.109556681,0.104463438
2000-11-17,0.606837607,0.333527017,0.241246421,0.186237084,0.107414307,0.109211776
2000-11-18,0.615384615,0.332131757,0.240237203,0.185457989,0.106964955,0.111585945
2000-11-19,0.615384615,0.334188965,0.241725221,0.186606707,0.107627491,0.109211776
2000-11-20,0.615384615,0.335099501,0.242383829,0.187115139,0.107920734,0.106837607
2000-11-21,0.615384615,0.330788713,0.239265753,0.184708051,0.10653242,0.427350427
2000-11-22,0.606837607,0.327609591,0.236966234,0.182932871,0.105508565,0.137701804
2000-11-23,0.606837607,0.326206618,0.235951437,0.18214947,0.10505673,0.090218424
2000-11-24,0.615384615,0.327399709,0.236814423,0.182815676,0.105440972,0.087844255
2000-11-25,0.615384615,0.334089172,0.241653038,0.186550984,0.107595352,0.104463438
2000-11-26,0.615384615,0.334947891,0.242274166,0.187030481,0.107871907,0.111585945
2000-11-27,0.623931624,0.342668369,0.247858535,0.191341495,0.110358332,0.109211776
2000-11-28,0.623931624,0.353003256,0.255333954,0.197112359,0.113686742,0.104463438
2000-11-29,0.94017094,0.465425855,0.336651353,0.259887654,0.149893091,0.546058879
2000-11-30,0.854700855,0.533480933,0.385876883,0.297888712,0.171810623,0.130579297
2000-12-01,0.743589744,0.509321797,0.368402121,0.284398569,0.164030033,0.085470085
2000-12-02,0.683760684,0.521373762,0.377119536,0.291128227,0.167911438,0.085470085
2000-12-03,0.632478632,0.498043831,0.360244554,0.278101101,0.160397899,0.083095916
2000-12-04,0.615384615,0.49806197,0.360257675,0.27811123,0.160403741,0.087844255
2000-12-05,0.606837607,0.533326388,0.385765098,0.297802416,0.171760851,0.075973409
2000-12-06,0.58974359,0.444442251,0.321473515,0.248170687,0.1431352,0.087844255
2000-12-07,0.58974359,0.444606625,0.321592409,0.248262471,0.143188137,0.090218424
2000-12-08,0.58974359,0.444475201,0.321497348,0.248189085,0.143145812,0.085470085
2000-12-09,0.58974359,0.434341505,0.314167453,0.242530563,0.139882196,0.085470085
2000-12-10,0.64957265,0.697583419,0.504575325,0.389521374,0.224660779,0.0997151
2000-12-11,0.623931624,0.652787251,0.472173407,0.364507785,0.210233913,0.332383666
2000-12-12,0.692307692,0.602336268,0.435681253,0.336336622,0.193985882,0.854700855
2000-12-13,0.658119658,0.533471869,0.385870327,0.29788365,0.171807704,0.111585945
2000-12-14,0.94017094,0.597148274,0.431928679,0.333439714,0.192315059,0.206552707
2000-12-15,1.025641026,0.54568702,0.394705777,0.304704429,0.175741664,0.132953466
2000-12-16,0.837606838,0.57079374,0.412865944,0.31872369,0.183827428,0.12345679
2000-12-17,0.752136752,0.583864492,0.422320267,0.326022226,0.18803694,0.104463438
2000-12-18,0.700854701,0.638845957,0.462089405,0.35672315,0.205744039,0.140075973
2000-12-19,0.683760684,0.610873084,0.441856095,0.341103467,0.196735213,0.102089269
2000-12-20,0.666666667,0.624524198,0.451730205,0.348726069,0.201131634,0.0997151
2000-12-21,0.666666667,0.558267194,0.403805256,0.311729032,0.179793182,0.113960114
2000-12-22,0.717948718,0.624559028,0.451755398,0.348745518,0.201142851,0.0997151
2000-12-23,0.709401709,0.571056925,0.413056311,0.31887065,0.183912189,0.092592593
2000-12-24,0.683760684,0.597324853,0.432056402,0.333538314,0.192371927,0.0997151
2000-12-25,0.666666667,0.713361252,0.515987732,0.398331508,0.229742121,0.102089269
2000-12-26,0.641025641,0.667695271,0.482956661,0.372832226,0.215035127,0.094966762
2000-12-27,0.64957265,0.521668103,0.377332439,0.291292583,0.168006233,0.097340931
2000-12-28,0.641025641,0.533725879,0.386054057,0.298025486,0.171889509,0.090218424
2000-12-29,0.641025641,0.545773952,0.394768657,0.304752971,0.175769661,0.092592593
2000-12-30,0.641025641,0.521718994,0.377369249,0.291321,0.168022622,0.094966762
2000-12-31,0.641025641,0.713609268,0.516167126,0.398469996,0.229821996,0.092592593
2001-01-01,0.606837607,0.518324943,0.374914267,0.289425806,0.166929548,0.092592593
2001-01-02,0.581196581,0.518629879,0.375134834,0.289596079,0.167027755,0.087844255
2001-01-03,0.581196581,0.493265922,0.356788602,0.27543318,0.158859146,0.083095916
2001-01-04,0.581196581,0.5114117,0.369913788,0.285565543,0.164703099,0.0997151
2001-01-05,0.606837607,0.566385906,0.409677674,0.316262414,0.18240786,0.094966762
2001-01-06,0.606837607,0.532902976,0.385458836,0.297565988,0.171624489,0.0997151
2001-01-07,0.606837607,0.542199697,0.39218333,0.302757154,0.174618551,0.0997151
2001-01-08,0.658119658,0.564404958,0.408244817,0.315156279,0.181769884,4.819563153
2001-01-09,0.658119658,0.551802597,0.39912929,0.308119287,0.177711221,0.427350427
2001-01-10,0.752136752,0.564579946,0.408371389,0.31525399,0.18182624,3.798670465
2001-01-11,0.811965812,0.741097383,0.536049802,0.413818997,0.238674703,1.780626781
2001-01-12,0.683760684,0.740092829,0.535323188,0.413258067,0.23835118,0.308641975
2001-01-13,0.666666667,0.676446865,0.489286855,0.377719001,0.217853629,0.19705603
2001-01-14,0.658119658,0.635708335,0.459819903,0.354971143,0.20473355,0.159069326
2001-01-15,0.666666667,0.619191832,0.447873202,0.345748546,0.199414314,0.135327635
2001-01-16,0.658119658,0.574395341,0.415471051,0.320734777,0.184987345,0.111585945
2001-01-17,0.641025641,0.626940625,0.452187581,0.349079154,0.201335279,0.106837607
2001-01-18,0.641025641,0.557450292,0.400925461,0.309505892,0.178510961,0.104463438
2001-01-19,0.623931624,0.561103514,0.402409891,0.31065184,0.179171899,0.102089269
2001-01-20,0.623931624,0.584996677,0.418359955,0.322964949,0.186273622,0.0997151
2001-01-21,0.623931624,0.577856315,0.412088496,0.318123517,0.183481272,0.102089269
2001-01-22,0.606837607,0.575089918,0.408962184,0.315710071,0.18208929,0.102089269
2001-01-23,0.606837607,0.599325125,0.425000548,0.328091345,0.189230327,0.735992403
2001-01-24,0.606837607,0.65994688,0.466679169,0.360266351,0.207787619,0.22317189
2001-01-25,0.615384615,0.704541492,0.496822493,0.383536353,0.221208851,3.395061728
2001-01-26,0.606837607,0.735525519,0.517226126,0.399287522,0.230293513,1.566951567
2001-01-27,0.606837607,0.701757492,0.492108174,0.379896999,0.219109814,0.261158594
2001-01-28,0.606837607,0.734209844,0.513437166,0.396362525,0.228606489,0.182811016
2001-01-29,0.606837607,0.67295865,0.469301355,0.362290622,0.20895514,0.427350427
2001-01-30,0.598290598,0.659795554,0.458851208,0.354223332,0.204302241,0.135327635
2001-01-31,0.598290598,0.700952743,0.486130674,0.375282497,0.216448348,0.132953466
2001-02-01,0.598290598,0.622565316,0.430579854,0.332398451,0.191714498,0.116334283
2001-02-02,0.598290598,0.660038932,0.455245365,0.351439698,0.202696749,0.111585945
2001-02-03,0.615384615,0.695407398,0.478327295,0.369258455,0.212973915,0.106837607
2001-02-04,0.641025641,0.949982368,0.651649324,0.503059359,0.290145073,0.111585945
2001-02-05,0.675213675,1.353823252,0.926137725,0.714958542,0.41236028,0.106837607
2001-02-06,0.683760684,1.472386912,1.004507997,0.775458718,0.447254428,0.113960114
2001-02-07,0.658119658,1.263645328,0.859759768,0.663716177,0.382805677,0.094966762
2001-02-08,0.666666667,1.304594338,0.885218539,0.683369804,0.394141125,0.0997151
2001-02-09,0.675213675,1.065107607,0.720765829,0.556415825,0.320919007,0.664767331
2001-02-10,0.683760684,1.384575136,0.934427287,0.721357907,0.416051185,0.878442545
2001-02-11,0.683760684,1.787830593,1.203334053,0.928948186,0.535781184,3.941120608
2001-02-12,0.683760684,2.253738934,1.512853493,1.167890583,0.673593865,1.7331434
2001-02-13,0.683760684,1.863195962,1.247348399,0.962926321,0.555378451,0.546058879
2001-02-14,0.683760684,1.407717922,0.939903773,0.725585637,0.418489575,0.261158594
2001-02-15,0.683760684,1.124143444,0.75497917,0.58260967,0.333510501,0.187559354
2001-02-16,0.692307692,0.925701062,0.625375193,0.482415204,0.274073104,0.154320988
2001-02-17,0.675213675,0.867949916,0.589837648,0.454831595,0.256440782,0.213675214
2001-02-18,0.735042735,0.853230993,0.583289002,0.449614083,0.251561691,0.284900285
2001-02-19,0.820512821,0.883154539,0.607357977,0.467992636,0.259829532,2.089268756
2001-02-20,1.025641026,0.923458866,0.63889297,0.492108349,0.271101257,0.807217474
2001-02-21,1.025641026,0.930498947,0.647650548,0.498668443,0.272571253,0.735992403
2001-02-22,1.111111111,0.987094153,0.691209395,0.532009621,0.288509899,0.830959164
2001-02-23,1.025641026,1.054344287,0.742799732,0.571505583,0.307475211,5.341880342
2001-02-24,1.025641026,0.918452234,0.651022903,0.500707471,0.267237287,3.846153846
2001-02-25,1.025641026,0.902490869,0.64364324,0.494848504,0.261989064,1.7331434
2001-02-26,1.025641026,0.866142985,0.621537203,0.477676198,0.250851439,0.59354226
2001-02-27,0.94017094,1.081533969,0.78091797,0.599945075,0.312493038,0.379867047
2001-02-28,0.94017094,1.26294275,0.917591429,0.704685289,0.364035111,0.284900285
2001-03-01,0.94017094,1.17146594,0.85646307,0.657498033,0.33684854,0.230294397
2001-03-02,0.94017094,0.866033014,0.637147111,0.488951376,0.248410828,1.329534663
2001-03-03,0.94017094,0.968257096,0.716861748,0.549922737,0.277040471,0.451092118
2001-03-04,1.367521368,1.023809107,0.762810139,0.584956026,0.292195179,2.231718898
2001-03-05,1.709401709,1.265900229,0.949211853,0.727629981,0.360362696,6.576448243
2001-03-06,1.794871795,1.258367971,0.949622829,0.727678303,0.35728825,1.519468186
2001-03-07,1.623931624,1.374517951,1.043968735,0.799681032,0.389238985,0.617283951
2001-03-08,1.623931624,1.708937526,1.306383776,1.000325361,0.482648212,0.379867047
2001-03-09,1.709401709,1.87870354,1.445521162,1.10646156,0.529157288,0.284900285
2001-03-10,1.538461538,1.680454134,1.301453728,0.995823015,0.472017668,0.237416904
2001-03-11,1.538461538,1.661330905,1.295115525,0.990612178,0.465345454,0.19705603
2001-03-12,1.452991453,1.733911786,1.360643221,1.04035442,0.484302112,0.168566002
2001-03-13,1.452991453,2.131452227,1.683730356,1.286920359,0.593631444,0.151946819
2001-03-14,1.538461538,2.65497401,2.111309211,1.613144315,0.7372843,0.137701804
2001-03-15,1.538461538,2.758967306,2.208756745,1.686986831,0.763898668,0.12345679
2001-03-16,1.538461538,2.47281069,1.99304586,1.521681264,0.682613999,0.113960114
2001-03-17,1.538461538,2.883371766,2.348819782,1.796839573,0.835611267,0.104463438
2001-03-18,1.709401709,4.488790321,3.696172079,2.833110962,1.36396899,0.104463438
2001-03-19,1.88034188,6.275689799,5.224087541,4.012104505,1.997117679,0.092592593
2001-03-20,2.136752137,8.76271321,7.375087263,5.675157793,2.917308019,0.080721747
2001-03-21,2.307692308,10.0601824,8.561871173,6.601263332,3.50042562,0.068850902
2001-03-22,2.478632479,10.40724317,8.957539545,6.919796176,3.781150191,0.068850902
2001-03-23,2.564102564,9.888576412,8.608633618,6.663211619,3.748231764,0.083095916
2001-03-24,2.64957265,12.21748352,10.75940338,8.344128888,4.827662452,0.22317189
2001-03-25,3.931623932,20.89434527,18.61663202,14.46558443,8.600606157,0.664767331
2001-03-26,2.991452991,14.22495767,12.82480073,9.984496764,6.095394983,0.128205128
2001-03-27,2.478632479,11.80301334,10.76918158,8.400353703,5.261635909,0.116334283
2001-03-28,2.393162393,16.04006595,14.81325549,11.57719486,7.434590172,0.097340931
2001-03-29,2.393162393,17.80691205,16.64767315,13.03595855,8.576826448,0.085470085
2001-03-30,2.222222222,15.45513099,14.6293773,11.47758505,7.731770068,0.085470085
2001-03-31,2.136752137,15.97574131,15.31340522,12.03733523,8.297217883,0.094966762
2001-04-01,2.051282051,16.58256677,16.09871769,12.67892476,8.937177974,0.090218424
2001-04-02,1.965811966,12.83983007,12.62701244,9.963753401,7.178126766,0.102089269
2001-04-03,1.709401709,7.458493992,7.431376058,5.875184244,4.323600063,0.109211776
2001-04-04,1.623931624,5.616055712,5.670263405,4.491423915,3.374584006,0.0997151
2001-04-05,1.538461538,4.598289725,4.705447702,3.73429826,2.863146536,0.094966762
2001-04-06,1.538461538,4.40331961,4.567713549,3.631891215,2.840280604,0.854700855
2001-04-07,1.538461538,3.919356406,4.122217939,3.283896992,2.618279029,1.020892688
2001-04-08,1.367521368,3.484110911,3.716135801,2.966015728,2.409961565,0.216049383
2001-04-09,1.367521368,3.266678553,3.534091268,2.826061613,2.339098348,0.130579297
2001-04-10,1.367521368,2.859876347,3.138927517,2.514813852,2.119483319,0.102089269
2001-04-11,1.452991453,2.952105677,3.287927325,2.639162685,2.264026505,0.094966762
2001-04-12,1.367521368,2.605774661,2.945641308,2.368873769,2.067705648,0.090218424
2001-04-13,1.452991453,2.714064478,3.114692793,2.509539834,2.228017651,0.080721747
2001-04-14,1.452991453,2.827891668,3.295431661,2.660153648,2.40138046,0.078347578
2001-04-15,1.452991453,3.338801329,3.951848231,3.196015873,2.932582629,0.078347578
2001-04-16,1.538461538,4.843265866,5.719032739,4.701741765,4.381915816,0.075973409
2001-04-17,1.623931624,7.433572037,8.756802211,7.317869577,6.923413466,0.078347578
2001-04-18,1.88034188,8.506394431,9.996458303,8.491114654,8.150977039,0.07359924
2001-04-19,2.991452991,8.267914391,9.69254959,8.367843313,8.146265194,0.071225071
2001-04-20,2.735042735,5.289765779,6.185979813,5.42774632,5.356314693,2.89648623
2001-04-21,2.564102564,4.247469304,4.954737921,4.418215109,4.417804466,0.712250712
2001-04-22,2.564102564,4.485293735,5.219007313,4.729440766,4.789646065,0.199430199
2001-04-23,2.64957265,6.797757886,7.889641721,7.265348614,7.44927,0.104463438
2001-04-24,2.820512821,11.28064612,13.05894018,12.21988009,12.68018517,0.104463438
2001-04-25,2.905982906,16.05937699,18.54268432,17.63091909,18.5088899,0.097340931
2001-04-26,2.735042735,17.50433792,20.15797629,19.47498165,20.67672445,0.080721747
2001-04-27,2.564102564,15.64387698,17.9676021,17.63735279,18.93200087,0.080721747
2001-04-28,2.307692308,13.13326169,15.04352984,15.00349644,16.2771907,0.07359924
2001-04-29,2.136752137,11.1061074,12.68694791,12.85542782,14.09187143,0.071225071
2001-04-30,1.965811966,15.0701891,17.16795634,17.67350671,19.56937119,0.080721747
2001-05-01,1.88034188,16.99942645,19.31190057,20.19728012,22.58401109,0.080721747
2001-05-02,1.794871795,13.10592036,14.84687722,15.77453644,17.80761646,0.080721747
2001-05-03,1.623931624,9.113821602,10.29510323,11.11211067,12.66130067,0.090218424
2001-05-04,1.538461538,9.946510532,11.20337851,12.28431204,14.12411122,0.116334283
2001-05-05,1.538461538,12.29520822,13.80853031,15.38075809,17.84089492,0.128205128
2001-05-06,1.452991453,13.45911412,15.07114719,17.05290526,19.9512387,0.140075973
2001-05-07,1.452991453,15.14064854,16.9035244,19.42876956,22.92224028,0.140075973
2001-05-08,1.367521368,16.80600905,18.70616375,21.84055928,25.97927276,0.128205128
2001-05-09,1.367521368,15.56370452,17.27048686,20.48285375,24.55950941,0.140075973
2001-05-10,1.282051282,14.53609784,16.0803213,19.37243326,23.40976528,0.140075973
2001-05-11,1.282051282,14.27193443,15.73868776,19.2601242,23.45180659,0.151946819
2001-05-12,1.196581197,13.01309297,14.30501126,17.78190394,21.81339866,0.14957265
2001-05-13,1.196581197,11.39698427,12.48827615,15.76853168,19.4845518,0.14957265
2001-05-14,1.111111111,9.519532982,10.3971812,13.33531031,16.59530328,0.168566002
2001-05-15,1.111111111,13.86885835,15.09768369,19.66968782,24.64868234,0.180436847
2001-05-16,1.111111111,14.23533821,15.44503542,20.43983562,25.7882236,0.19705603
2001-05-17,1.025641026,10.18249437,11.11459915,14.89422892,18.89776857,0.192307692
2001-05-18,1.025641026,8.29522625,9.110337176,12.36209886,15.77205564,0.192307692
2001-05-19,0.94017094,6.93184803,7.660750292,10.52593896,13.50258422,0.194681861
2001-05-20,0.94017094,6.076526427,6.758411592,9.40296069,12.12657651,0.182811016
2001-05-21,0.94017094,5.445720559,6.096267113,8.588424497,11.13431195,0.213675214
2001-05-22,0.854700855,4.466268685,5.0329991,7.179685332,9.356026787,0.201804368
2001-05-23,0.837606838,3.963056169,4.496154406,6.494545378,8.506128061,0.218423552
2001-05-24,0.811965812,3.20411892,3.660209212,5.353561421,7.046688265,0.211301045
2001-05-25,0.794871795,2.496289523,2.871690377,4.253090462,5.625601895,0.213675214
2001-05-26,0.752136752,2.10140805,2.434777928,3.65138562,4.852976033,0.216049383
2001-05-27,0.743589744,1.729674843,2.018750273,3.06558891,4.093693569,0.225546059
2001-05-28,0.726495726,1.444270046,1.698245888,2.611361065,3.503362744,0.213675214
2001-05-29,0.709401709,1.21380239,1.438140023,2.239262717,3.017912674,0.227920228
2001-05-30,0.658119658,1.038321205,1.239809913,1.954786907,2.646378668,0.208926876
2001-05-31,0.632478632,0.897158067,1.079776884,1.723939935,2.34419622,0.192307692
2001-06-01,0.623931624,0.799581429,0.97015992,1.568480046,2.142097321,0.182811016
2001-06-02,0.632478632,0.698242859,0.854238459,1.398513184,1.918160727,0.187559354
2001-06-03,0.623931624,0.62078415,0.765921547,1.269779039,1.748941999,0.19705603
2001-06-04,0.606837607,0.562772558,0.700373115,1.17580374,1.626230927,0.199430199
2001-06-05,0.606837607,0.499287731,0.62688097,1.065755258,1.480052003,0.201804368
2001-06-06,0.615384615,0.44948978,0.569481288,0.980448639,1.367064804,0.213675214
2001-06-07,0.58974359,0.413587635,0.528863571,0.922079664,1.290775619,0.194681861
2001-06-08,0.564102564,0.350097979,0.451935632,0.797971966,1.121403516,0.170940171
2001-06-09,0.564102564,0.308913421,0.402654534,0.720007818,1.015729294,0.170940171
2001-06-10,0.572649573,0.277456853,0.365259753,0.661466376,0.936677578,0.163817664
2001-06-11,0.547008547,0.2489437,0.331072963,0.607210433,0.863055705,0.166191833
2001-06-12,0.52991453,0.240236625,0.322840374,0.599682801,0.855489455,0.14957265
2001-06-13,0.521367521,0.205537604,0.27917736,0.525220109,0.751977111,0.168566002
2001-06-14,0.504273504,0.200839666,0.275802107,0.525527866,0.755103521,0.151946819
2001-06-15,0.495726496,0.166383675,0.231069062,0.445950951,0.643017911,0.166191833
2001-06-16,0.495726496,0.157384257,0.217766901,0.430253764,0.622781322,0.168566002
2001-06-17,0.487179487,0.148067131,0.204102618,0.412876309,0.599886105,0.163817664
2001-06-18,0.47008547,0.131892961,0.181104463,0.375140061,0.547071965,0.159069326
2001-06-19,0.461538462,0.120921821,0.16538134,0.350833753,0.513475783,0.156695157
2001-06-20,0.452991453,0.116728607,0.158996797,0.345473652,0.507420059,0.14957265
2001-06-21,0.444444444,0.111790216,0.151634238,0.337520536,0.497455919,0.154320988
2001-06-22,0.435897436,0.107047534,0.14457853,0.329724692,0.487614028,0.159069326
2001-06-23,0.444444444,0.109507639,0.147249716,0.344127238,0.510603381,0.132953466
2001-06-24,0.452991453,0.108147756,0.144763008,0.346749006,0.516167105,0.125830959
2001-06-25,0.452991453,0.109679086,0.146129818,0.358814294,0.535829647,0.159069326
2001-06-26,0.478632479,0.108082516,0.143313773,0.360808343,0.540490156,0.189933523
2001-06-27,0.521367521,0.100163102,0.132159299,0.341218868,0.512709787,0.085470085
2001-06-28,0.512820513,0.096669514,0.126903715,0.336085557,0.506511966,0.085470085
2001-06-29,0.47008547,0.092480603,0.120771604,0.328154909,0.49601494,0.090218424
2001-06-30,0.444444444,0.088460048,0.114900598,0.320389523,0.485674822,0.094966762
2001-07-01,0.435897436,0.084601388,0.10928031,0.312786886,0.475492199,0.094966762
2001-07-02,0.418803419,0.080898401,0.103900749,0.305344476,0.465467466,0.102089269
2001-07-03,0.393162393,0.077345097,0.098752304,0.29805977,0.455600833,0.106837607
2001-07-04,0.384615385,0.072143973,0.091551986,0.283879919,0.435086708,0.116334283
2001-07-05,0.384615385,0.067208225,0.084753351,0.270064189,0.414998814,0.097340931
2001-07-06,0.367521368,0.064915002,0.08133086,0.266408383,0.410436292,0.097340931
2001-07-07,0.393162393,0.062223052,0.077435814,0.260833326,0.40286434,0.097340931
2001-07-08,0.401709402,0.06357375,0.078568429,0.272239903,0.421527405,0.085470085
2001-07-09,0.358974359,0.060785105,0.074583223,0.265943344,0.412783543,0.071225071
2001-07-10,0.341880342,0.058042798,0.070689409,0.259487702,0.403729682,0.066476733
2001-07-11,0.358974359,0.057689185,0.069717942,0.263572797,0.411052276,0.07359924
2001-07-12,0.358974359,0.053054037,0.063604549,0.247757298,0.387282515,0.078347578
2001-07-13,0.35042735,0.04756794,0.056555119,0.227086466,0.355779151,0.083095916
2001-07-14,0.341880342,0.04039316,0.047611706,0.197162238,0.309587967,0.092592593
2001-07-15,0.341880342,0.035001761,0.040888037,0.174710134,0.274937024,0.090218424
2001-07-16,0.324786325,0.028608857,0.033109327,0.146055388,0.230341199,0.085470085
2001-07-17,0.324786325,0.025988664,0.029722708,0.12343415,0.193366158,0.094966762
2001-07-18,0.324786325,0.027378857,0.030979168,0.121334388,0.188761821,0.097340931
2001-07-19,0.299145299,0.027154873,0.030428404,0.112582599,0.173890032,0.102089269
2001-07-20,0.290598291,0.02915684,0.032383171,0.113352808,0.173776265,0.104463438
2001-07-21,0.307692308,0.031003692,0.034155728,0.113260827,0.172292876,0.106837607
2001-07-22,0.299145299,0.031327122,0.034255183,0.107739283,0.162576672,0.118708452
2001-07-23,0.282051282,0.033774799,0.03667799,0.109537939,0.163909555,0.113960114
2001-07-24,0.247863248,0.035414417,0.038214039,0.10847476,0.160906706,0.113960114
2001-07-25,0.230769231,0.035600883,0.038188511,0.103128925,0.151590601,0.121082621
2001-07-26,0.222222222,0.034971128,0.037306884,0.095926206,0.139670778,0.118708452
2001-07-27,0.213675214,0.032581759,0.034579728,0.084721775,0.122140195,0.118708452
2001-07-28,0.205128205,0.0330828,0.034943123,0.081630737,0.116471292,0.130579297
2001-07-29,0.222222222,0.03438793,0.036158379,0.080590478,0.113747857,0.128205128
2001-07-30,0.230769231,0.03479735,0.036434401,0.077518657,0.108177715,0.130579297
2001-07-31,0.282051282,0.034789753,0.036281718,0.073724833,0.101666695,0.113960114
2001-08-01,0.239316239,0.038023769,0.039505891,0.076701978,0.104459496,0.147198481
2001-08-02,0.222222222,0.038187518,0.039535678,0.073369771,0.098618407,0.125830959
2001-08-03,0.222222222,0.040995899,0.042301199,0.075059665,0.099505616,0.118708452
2001-08-04,0.230769231,0.040079124,0.041224162,0.069960597,0.091405114,0.111585945
2001-08-05,0.247863248,0.040261115,0.041286841,0.067028983,0.086239013,0.106837607
2001-08-06,0.222222222,0.038192039,0.039053191,0.06066508,0.076792917,0.113960114
2001-08-07,0.170940171,0.038543457,0.039305461,0.058429118,0.072700115,0.121082621
2001-08-08,0.145299145,0.038285081,0.038940971,0.055401504,0.067685149,0.109211776
2001-08-09,0.145299145,0.041041865,0.041642012,0.056703587,0.067943262,0.085470085
2001-08-10,0.153846154,0.04152419,0.042032193,0.054781298,0.064295296,0.061728395
2001-08-11,0.162393162,0.041171429,0.04158136,0.051869193,0.059546471,0.097340931
2001-08-12,0.179487179,0.040799372,0.041116932,0.049086585,0.055033925,0.104463438
2001-08-13,0.153846154,0.040409595,0.040640224,0.046428192,0.050747454,0.094966762
2001-08-14,0.153846154,0.040003595,0.040152478,0.043888938,0.046677265,0.094966762
2001-08-15,0.153846154,0.039582787,0.039654872,0.041463944,0.042813961,0.106837607
2001-08-16,0.136752137,0.039148519,0.039148519,0.039148519,0.039148519,0.132953466
2001-08-17,0.128205128,0.037908868,0.037908868,0.037908868,0.037908868,0.144824311
2001-08-18,0.128205128,0.038612255,0.038612255,0.038612255,0.038612255,0.151946819
2001-08-19,0.145299145,0.038612255,0.038612255,0.038612255,0.038612255,0.154320988
2001-08-20,0.128205128,0.038612255,0.038612255,0.038612255,0.038612255,0.17331434
2001-08-21,0.128205128,0.038612255,0.038612255,0.038612255,0.038612255,0.132953466
2001-08-22,0.145299145,0.038612255,0.038612255,0.038612255,0.038612255,0.106837607
2001-08-23,0.170940171,0.038612255,0.038612255,0.038612255,0.038612255,0.109211776
2001-08-24,0.162393162,0.038612255,0.038612255,0.038612255,0.038612255,0.130579297
2001-08-25,0.170940171,0.038612255,0.038612255,0.038612255,0.038612255,0.135327635
2001-08-26,0.162393162,0.038612255,0.038612255,0.038612255,0.038612255,0.14957265
2001-08-27,0.128205128,0.038612255,0.038612255,0.038612255,0.038612255,0.161443495
2001-08-28,0.11965812,0.038612255,0.038612255,0.038612255,0.038612255,0.137701804
2001-08-29,0.11965812,0.038612255,0.038612255,0.038612255,0.038612255,0.180436847
2001-08-30,0.128205128,0.038612255,0.038612255,0.038612255,0.038612255,0.199430199
2001-08-31,0.145299145,0.038612255,0.038612255,0.038612255,0.038612255,0.19705603
2001-09-01,0.170940171,0.038612255,0.038612255,0.038612255,0.038612255,0.216049383
2001-09-02,0.153846154,0.038612255,0.038612255,0.038612255,0.038612255,0.220797721
2001-09-03,0.153846154,0.038612255,0.038612255,0.038612255,0.038612255,0.232668566
2001-09-04,0.145299145,0.038612255,0.038612255,0.038612255,0.038612255,0.216049383
2001-09-05,0.145299145,0.038612255,0.038612255,0.038612255,0.038612255,0.261158594
2001-09-06,0.128205128,0.038612255,0.038612255,0.038612255,0.038612255,0.235042735
2001-09-07,0.136752137,0.038612255,0.038612255,0.038612255,0.038612255,0.225546059
2001-09-08,0.145299145,0.038612255,0.038612255,0.038612255,0.038612255,0.237416904
2001-09-09,0.145299145,0.038612255,0.038612255,0.038612255,0.038612255,0.208926876
2001-09-10,0.128205128,0.038612255,0.038612255,0.038612255,0.038612255,0.144824311
2001-09-11,0.153846154,0.038612255,0.038612255,0.038612255,0.038612255,0.097340931
2001-09-12,0.179487179,0.038612255,0.038612255,0.038612255,0.038612255,0.080721747
2001-09-13,0.170940171,0.038612255,0.038612255,0.038612255,0.038612255,0.080721747
2001-09-14,0.162393162,0.038612255,0.038612255,0.038612255,0.038612255,0.090218424
2001-09-15,0.162393162,0.038612255,0.038612255,0.038612255,0.038612255,0.106837607
2001-09-16,0.162393162,0.038612255,0.038612255,0.038612255,0.038612255,0.0997151
2001-09-17,0.153846154,0.038612255,0.038612255,0.038612255,0.038612255,0.118708452
2001-09-18,0.162393162,0.038612255,0.038612255,0.038612255,0.038612255,0.106837607
2001-09-19,0.153846154,0.038612255,0.038612255,0.038612255,0.038612255,0.17331434
2001-09-20,0.145299145,0.038612255,0.038612255,0.038612255,0.038612255,0.187559354
2001-09-21,0.153846154,0.038612255,0.038612255,0.038612255,0.038612255,0.19705603
2001-09-22,0.153846154,0.038612255,0.038612255,0.038612255,0.038612255,0.379867047
2001-09-23,0.153846154,0.038612255,0.038612255,0.038612255,0.038612255,0.403608737
2001-09-24,0.153846154,0.038612255,0.038612255,0.038612255,0.038612255,0.498575499
2001-09-25,0.367521368,0.170377984,0.170377984,0.170377984,0.170377984,1.020892688
2001-09-26,0.324786325,0.169776272,0.169776272,0.169776272,0.169776272,0.075973409
2001-09-27,0.256410256,0.168289236,0.168289236,0.168289236,0.168289236,0.087844255
2001-09-28,0.256410256,0.152106018,0.152106018,0.152106018,0.152106018,0.075973409
2001-09-29,0.239316239,0.127377873,0.127377873,0.127377873,0.127377873,0.07359924
2001-09-30,0.196581197,0.102614529,0.102614529,0.102614529,0.102614529,0.085470085
2001-10-01,0.179487179,0.083398948,0.083398948,0.083398948,0.083398948,0.113960114
2001-10-02,0.188034188,0.0546384,0.0546384,0.0546384,0.0546384,0.116334283
2001-10-03,0.179487179,0.054008303,0.054008303,0.054008303,0.054008303,0.151946819
2001-10-04,0.179487179,0.052298112,0.052298112,0.052298112,0.052298112,0.180436847
2001-10-05,0.179487179,0.050642075,0.050642075,0.050642075,0.050642075,0.168566002
2001-10-06,0.196581197,0.049038477,0.049038477,0.049038477,0.049038477,0.142450142
2001-10-07,0.213675214,0.047485657,0.047485657,0.047485657,0.047485657,0.147198481
2001-10-08,0.222222222,0.061538763,0.061538763,0.061538763,0.061538763,0.151946819
2001-10-09,0.213675214,0.062073916,0.062073916,0.062073916,0.062073916,0.132953466
2001-10-10,0.205128205,0.063941577,0.063941577,0.063941577,0.063941577,0.144824311
2001-10-11,0.196581197,0.063435611,0.063435611,0.063435611,0.063435611,0.161443495
2001-10-12,0.196581197,0.061426902,0.061426902,0.061426902,0.061426902,0.154320988
2001-10-13,0.188034188,0.059481798,0.059481798,0.059481798,0.059481798,0.142450142
2001-10-14,0.188034188,0.057598287,0.057598287,0.057598287,0.057598287,0.140075973
2001-10-15,0.179487179,0.055774419,0.055774419,0.055774419,0.055774419,0.140075973
2001-10-16,0.179487179,0.054008303,0.054008303,0.054008303,0.054008303,0.135327635
2001-10-17,0.179487179,0.053224473,0.052491558,0.051977888,0.051335165,0.130579297
2001-10-18,0.188034188,0.053720874,0.052266684,0.0512475,0.049972262,0.140075973
2001-10-19,0.188034188,0.053333156,0.051204035,0.049711822,0.047844711,0.156695157
2001-10-20,0.188034188,0.052512966,0.049764031,0.047837415,0.045426764,0.154320988
2001-10-21,0.196581197,0.053165355,0.049743106,0.04734459,0.044343483,0.140075973
2001-10-22,0.196581197,0.05253236,0.048539526,0.045741112,0.042239637,0.125830959
2001-10-23,0.196581197,0.051683388,0.047172589,0.044011154,0.040055454,0.12345679
2001-10-24,0.205128205,0.050835508,0.045843551,0.042344891,0.037967244,0.111585945
2001-10-25,0.196581197,0.049989503,0.044551381,0.040740023,0.035971118,0.118708452
2001-10-26,0.196581197,0.049146103,0.043295079,0.039194335,0.034063338,0.137701804
2001-10-27,0.196581197,0.048305992,0.042073668,0.037705686,0.032240312,0.116334283
2001-10-28,0.213675214,0.047469807,0.040886198,0.036272014,0.030498584,0.102089269
2001-10-29,0.230769231,0.047503498,0.040468953,0.035538727,0.029369854,0.0997151
2001-10-30,0.444444444,0.109896411,0.092619332,0.080510529,0.065359568,1.115859449
2001-10-31,0.393162393,0.171108187,0.142689759,0.122772437,0.097851182,0.092592593
2001-11-01,0.299145299,0.170652331,0.140837351,0.119941243,0.093795297,0.097340931
2001-11-02,0.282051282,0.16752926,0.136853951,0.115354874,0.088454471,0.097340931
2001-11-03,0.273504274,0.164432863,0.132981606,0.110938698,0.083357835,0.097340931
2001-11-04,0.264957265,0.161364582,0.129217276,0.106686536,0.07849528,0.094966762
2001-11-05,0.264957265,0.158325742,0.125558005,0.102592429,0.073857091,0.092592593
2001-11-06,0.264957265,0.158715269,0.124669794,0.100808704,0.070952867,0.094966762
2001-11-07,0.264957265,0.157322804,0.122419654,0.097957455,0.067349489,0.094966762
2001-11-08,0.256410256,0.154282878,0.118948679,0.094184374,0.063198403,0.113960114
2001-11-09,0.264957265,0.151277726,0.115574773,0.090552023,0.059242678,0.104463438
2001-11-10,0.264957265,0.148308194,0.112295269,0.087055274,0.055474102,0.111585945
2001-11-11,0.495726496,0.151073505,0.113384413,0.08696966,0.05391859,0.332383666
2001-11-12,0.632478632,0.253054085,0.188280818,0.142883868,0.086081603,1.638176638
2001-11-13,0.58974359,0.597781859,0.44098171,0.331086857,0.193582545,0.878442545
2001-11-14,0.401709402,0.371028306,0.271410111,0.201591767,0.114232594,0.230294397
2001-11-15,0.367521368,0.261056194,0.18938638,0.139155921,0.0763058,0.156695157
2001-11-16,0.358974359,0.202157907,0.146657904,0.107760208,0.059090039,0.0997151
2001-11-17,0.35042735,0.398441635,0.289054314,0.212389187,0.116463077,0.087844255
2001-11-18,0.35042735,0.340064009,0.246703558,0.181271012,0.099399504,0.083095916
2001-11-19,0.333333333,0.234027863,0.16977835,0.124748478,0.068405515,0.087844255
2001-11-20,0.333333333,0.159716958,0.115868603,0.085137073,0.0466847,0.087844255
2001-11-21,0.692307692,1.090272462,0.790951375,0.581169389,0.318682775,0.237416904
2001-11-22,1.367521368,8.618401582,6.252323908,4.59403622,2.519128224,0.308641975
2001-11-23,0.598290598,1.649737228,1.196821872,0.879391904,0.482212342,0.104463438
2001-11-24,1.965811966,8.440097178,6.122970817,4.498991115,2.467010479,3.49002849
2001-11-25,0.94017094,3.220871141,2.336620015,1.716884337,0.941449214,0.451092118
2001-11-26,0.58974359,1.449669282,1.051680155,0.77274575,0.423733191,0.206552707
2001-11-27,0.487179487,1.037825759,0.752903278,0.553212691,0.30335279,0.130579297
2001-11-28,0.452991453,0.926035019,0.67180333,0.493622672,0.270676752,0.237416904
2001-11-29,0.555555556,0.968474306,0.702591426,0.516244921,0.283081606,0.59354226
2001-11-30,0.487179487,0.950107213,0.689266795,0.506454347,0.277712969,0.140075973
2001-12-01,0.598290598,1.165612027,0.845607376,0.62132912,0.340704263,1.923076923
2001-12-02,5.641025641,2.753151689,1.997307269,1.467566631,0.804736477,6.362773029
2001-12-03,2.051282051,2.371349612,1.720324324,1.264047156,0.693137083,0.854700855
2001-12-04,1.111111111,1.944910239,1.410958711,1.036733784,0.568490367,0.284900285
2001-12-05,1.025641026,1.601390449,1.161748115,0.853620669,0.46808075,0.522317189
2001-12-06,1.025641026,1.649467168,1.196625953,0.879247949,0.482133405,0.237416904
2001-12-07,1.025641026,2.038729384,1.479020947,1.086744049,0.59591337,0.216049383
2001-12-08,0.854700855,1.83224445,1.329223949,0.976677321,0.535558556,0.137701804
2001-12-09,0.811965812,1.720670136,1.24828101,0.917202669,0.50294578,0.151946819
2001-12-10,0.726495726,1.60036676,1.161005467,0.853074992,0.46778153,0.111585945
2001-12-11,0.666666667,1.49943422,1.087782732,0.799272934,0.438279306,0.12345679
2001-12-12,0.658119658,1.430723444,1.037935667,0.762646676,0.41819539,0.116334283
2001-12-13,0.64957265,1.405627012,1.019729156,0.749269032,0.410859792,0.17331434
2001-12-14,0.777777778,1.647644594,1.195303745,0.878276426,0.481600673,2.279202279
2001-12-15,0.94017094,1.631566797,1.183639912,0.869706162,0.47690119,0.356125356
2001-12-16,0.675213675,1.415621903,1.026980071,0.754596805,0.413781263,0.218423552
2001-12-17,1.196581197,1.539676991,1.116977338,0.82072433,0.450042125,0.59354226
2001-12-18,1.111111111,1.548577348,1.12343421,0.825468662,0.452643668,0.237416904
2001-12-19,0.854700855,1.472477352,1.068226546,0.784903584,0.430399909,0.220797721
2001-12-20,0.854700855,1.615458426,1.171953899,0.8611196,0.47219277,3.4662868
2001-12-21,0.811965812,1.554437964,1.127685865,0.828592662,0.454356705,1.18708452
2001-12-22,0.760683761,1.493719137,1.083636656,0.796226511,0.436608808,0.973409307
2001-12-23,0.743589744,1.465955953,1.063495518,0.781427354,0.428493727,0.902184236
2001-12-24,0.675213675,1.418535508,1.029093781,0.756149901,0.414632899,0.356125356
2001-12-25,0.658119658,1.396247476,1.012924658,0.744269273,0.408118186,0.261158594
2001-12-26,0.666666667,1.440332724,1.044906836,0.7677689,0.421004148,0.192307692
2001-12-27,0.683760684,1.674964286,1.215123147,0.89283918,0.489586122,0.175688509
2001-12-28,0.94017094,1.941822662,1.40871879,1.035087952,0.567587879,4.67711301
2001-12-29,1.965811966,3.284856971,2.383039312,1.750991963,0.960152046,4.867046534
2001-12-30,1.88034188,5.270932988,3.823862235,2.809669152,1.540675023,2.943969611
2001-12-31,4.786324786,12.72643869,9.232549229,6.783824094,3.719892905,2.730294397
2002-01-01,2.820512821,7.344285021,5.328000602,3.914868793,2.146708471,0.949667616
2002-01-02,4.444444444,8.642672961,6.269931874,4.606974071,2.526222662,8.73694207
2002-01-03,6.239316239,8.825858163,6.4028258,4.704620885,2.579767047,5.745489079
2002-01-04,3.418803419,5.030448465,3.649399823,2.681478953,1.47038225,1.566951567
2002-01-05,2.478632479,4.109221449,2.981084516,2.190419186,1.201110859,2.255460589
2002-01-06,2.478632479,12.17894443,8.835362884,6.491982455,3.559862275,1.614434948
2002-01-07,2.393162393,12.12915551,8.799242905,6.465442484,3.545309149,0.783475783
2002-01-08,2.136752137,8.491616899,6.160346422,4.526453685,2.482069511,0.474833808
2002-01-09,1.965811966,6.306037036,4.574791015,3.361431035,1.843232266,0.403608737
2002-01-10,1.709401709,5.220723733,3.787437322,2.782905124,1.525999036,0.332383666
2002-01-11,1.538461538,4.736922801,3.436458071,2.525015191,1.384585739,0.284900285
2002-01-12,1.452991453,4.6980729,3.40827394,2.504306264,1.373230051,0.237416904
2002-01-13,1.367521368,4.530614822,3.286789447,2.415042789,1.324282648,0.22317189
2002-01-14,1.282051282,4.338899253,3.147707064,2.312848866,1.268244867,0.211301045
2002-01-15,1.282051282,3.867064941,2.805409141,2.061337736,1.130329371,0.19705603
2002-01-16,1.196581197,3.642539606,2.642524515,1.941654578,1.064701411,0.185185185
2002-01-17,1.111111111,3.230402266,2.336865447,1.717064673,0.941548101,0.178062678
2002-01-18,1.111111111,3.128266106,2.256555718,1.658055285,0.909190452,0.163817664
2002-01-19,1.025641026,2.988465591,2.149605677,1.579471327,0.866099135,0.151946819
2002-01-20,1.025641026,2.884342479,2.068847207,1.520132217,0.833560683,0.144824311
2002-01-21,1.025641026,2.711357239,1.93928774,1.424935472,0.781359788,0.142450142
2002-01-22,0.94017094,2.662064456,1.898675938,1.395095033,0.764996858,0.142450142
2002-01-23,1.111111111,2.590942817,1.842763985,1.354012463,0.742469334,0.137701804
2002-01-24,0.94017094,2.416655149,1.71399283,1.259394948,0.690586057,0.135327635
2002-01-25,0.94017094,2.379735903,1.683093802,1.236691189,0.678136508,0.128205128
2002-01-26,1.025641026,2.615929272,1.844988182,1.355646742,0.743365486,0.973409307
2002-01-27,1.025641026,2.772078556,1.949682696,1.432573401,0.785548026,0.332383666
2002-01-28,1.025641026,2.787371053,1.955000026,1.436480429,0.787690436,0.379867047
2002-01-29,1.025641026,2.614545083,1.828708343,1.343684762,0.736806165,0.22317189
2002-01-30,1.025641026,2.705907867,1.887384496,1.386798392,0.760447415,0.194681861
2002-01-31,1.025641026,2.281097273,1.586693247,1.165858704,0.639295692,0.168566002
2002-02-01,0.94017094,2.114870773,1.46702496,1.077929727,0.591080059,0.154320988
2002-02-02,0.854700855,2.085758534,1.44286232,1.060175682,0.581344672,0.156695157
2002-02-03,0.820512821,2.1793703,1.50349424,1.104726354,0.605773922,0.151946819
2002-02-04,0.94017094,2.369286741,1.630049943,1.197716016,0.656764569,0.142450142
2002-02-05,0.811965812,2.326993961,1.596591251,1.173131486,0.643283704,0.140075973
2002-02-06,0.794871795,2.47326401,1.692336848,1.243482726,0.68186063,0.140075973
2002-02-07,1.025641026,2.441741967,1.666236229,1.224304707,0.671344411,0.712250712
2002-02-08,1.965811966,3.004506135,2.044715971,1.502401247,0.82383795,0.261158594
2002-02-09,1.196581197,2.672169164,1.813633518,1.332608195,0.730732357,0.220797721
2002-02-10,1.111111111,2.503644173,1.694675193,1.245200878,0.682802774,0.19705603
2002-02-11,1.111111111,2.662126397,1.79710477,1.320463323,0.724072747,0.175688509
2002-02-12,1.111111111,2.815651979,1.89564549,1.392868343,0.763775858,0.147198481
2002-02-13,1.196581197,3.033988026,2.037173344,1.496859131,0.820798945,0.161443495
2002-02-14,1.196581197,3.136939055,2.100674276,1.543517875,0.84638415,0.147198481
2002-02-15,1.282051282,3.454756833,2.327102991,1.709251562,0.930245765,0.147198481
2002-02-16,1.367521368,3.440701856,2.331319587,1.711708514,0.924560074,0.403608737
2002-02-17,1.709401709,3.695598012,2.51887973,1.848728897,0.990990724,0.997150997
2002-02-18,1.452991453,3.18347812,2.182749601,1.60142903,0.851867774,0.498575499
2002-02-19,1.965811966,3.512638416,2.422849086,1.77692176,0.937945685,0.522317189
2002-02-20,4.102564103,11.00559514,7.636756964,5.598726538,2.93237795,0.356125356
2002-02-21,3.760683761,10.86844935,7.587126405,5.560273191,2.889509901,0.332383666
2002-02-22,3.58974359,9.252099256,6.49794781,4.760293545,2.454340753,0.261158594
2002-02-23,3.760683761,10.01669002,7.077801954,5.18316229,2.651211226,0.230294397
2002-02-24,3.418803419,6.659867924,4.734675198,3.465976849,1.758727411,0.211301045
2002-02-25,3.162393162,5.825785059,4.167174972,3.049414399,1.534925289,0.19705603
2002-02-26,2.991452991,6.03988366,4.347013536,3.179838967,1.58762531,0.194681861
2002-02-27,2.905982906,6.741566018,4.882147844,3.569970802,1.767882557,0.19705603
2002-02-28,2.820512821,6.675526995,4.864476653,3.555737092,1.746375388,0.204178538
2002-03-01,2.64957265,6.32110073,4.635072899,3.386803871,1.649643692,0.194681861
2002-03-02,2.478632479,5.225041338,3.855492689,2.816135195,1.360248459,0.199430199
2002-03-03,2.307692308,4.710281884,3.49765121,2.553820863,1.223184202,0.201804368
2002-03-04,2.222222222,4.906854645,3.66678583,2.676331889,1.271012108,0.19705603
2002-03-05,2.136752137,5.033867916,3.785736418,2.762138601,1.300572604,0.230294397
2002-03-06,7.521367521,14.55168055,11.01391006,8.032994446,3.749873934,3.537511871
2002-03-07,8.803418803,9.992657709,7.612073453,5.54983325,2.568262218,2.255460589
2002-03-08,6.153846154,6.152874678,4.717452586,3.438157022,1.57715734,0.759734093
2002-03-09,4.957264957,4.873021906,3.760533368,2.739737695,1.245711084,0.403608737
2002-03-10,4.700854701,4.423067448,3.435662646,2.50213998,1.127580587,2.136752137
2002-03-11,4.102564103,3.999646765,3.127223247,2.276678472,1.016795009,0.783475783
2002-03-12,3.846153846,4.75296803,3.740821966,2.722398869,1.204888041,0.403608737
2002-03-13,3.675213675,4.686120292,3.71274613,2.700984212,1.184532996,0.308641975
2002-03-14,3.333333333,4.142794419,3.304226681,2.402917582,1.044144322,0.261158594
2002-03-15,3.076923077,3.724332449,2.990437006,2.173932843,0.935901356,0.201804368
2002-03-16,2.905982906,3.513645051,2.840332558,2.064064456,0.880307992,0.166191833
2002-03-17,2.735042735,3.282644898,2.68199425,1.952833029,0.863415792,0.156695157
2002-03-18,2.478632479,3.104698242,2.564053846,1.870622723,0.856223237,0.161443495
2002-03-19,2.393162393,2.913875209,2.432791044,1.778337805,0.841599701,0.154320988
2002-03-20,2.307692308,3.465843687,2.925650337,2.142796159,1.047237285,0.192307692
2002-03-21,2.307692308,4.288919885,3.660965621,2.686591776,1.354426273,0.189933523
2002-03-22,2.564102564,5.932879202,5.121573627,3.765786122,1.956348261,1.400759734
2002-03-23,3.418803419,6.111427107,5.33614927,3.931198861,2.10245997,2.374169041
2002-03-24,3.247863248,4.830204417,4.266353344,3.14917864,1.732260021,0.56980057
2002-03-25,3.076923077,4.268468842,3.814427332,2.821057105,1.594648049,0.332383666
2002-03-26,2.991452991,4.166167337,3.767222191,2.791543836,1.62024249,0.261158594
2002-03-27,2.991452991,4.8673042,4.454132933,3.306935385,1.969286127,0.225546059
2002-03-28,3.162393162,6.397815728,5.92599081,4.408201778,2.691380167,0.194681861
2002-03-29,3.675213675,9.75069262,9.142927495,6.814317547,4.262514911,0.17331434
2002-03-30,4.017094017,12.24618698,11.62623024,8.681829648,5.560317139,0.151946819
2002-03-31,4.273504274,13.54848183,13.0252561,9.745239422,6.386376893,0.135327635
2002-04-01,4.52991453,15.5531046,15.14403153,11.35220714,7.607784133,0.130579297
2002-04-02,4.871794872,17.66507558,17.42375336,13.08614532,8.963131834,0.137701804
2002-04-03,5.213675214,21.94238278,21.92738108,16.50010385,11.54437947,0.12345679
2002-04-04,5.555555556,24.43160363,24.74051201,18.6525047,13.32395776,0.12345679
2002-04-05,5.213675214,21.58997198,22.1585624,16.73775837,12.20089697,0.125830959
2002-04-06,4.52991453,17.442797,18.14761931,13.73413441,10.21150142,0.132953466
2002-04-07,4.273504274,17.94456539,18.92927664,14.35291976,10.87994126,0.132953466
2002-04-08,4.017094017,18.70023176,20.00467391,15.19711016,11.73971545,0.137701804
2002-04-09,3.846153846,18.81114823,20.41134146,15.53542272,12.2250269,0.170940171
2002-04-10,3.675213675,18.0700422,19.89198307,15.16876766,12.15442311,0.170940171
2002-04-11,3.504273504,19.34102037,21.60501512,16.50616526,13.462367,0.144824311
2002-04-12,3.333333333,20.35754261,23.08092661,17.66700611,14.66120434,0.17331434
2002-04-13,3.162393162,21.09734211,24.28329887,18.62233875,15.71877322,0.178062678
2002-04-14,3.162393162,25.60702419,29.92909164,22.99511626,19.73557357,0.220797721
2002-04-15,3.076923077,21.123685,25.0763455,19.30281183,16.83921334,0.185185185
2002-04-16,2.735042735,10.96471187,12.98573031,10.1613224,9.003583163,0.175688509
2002-04-17,2.64957265,8.067285311,9.531478782,7.581359165,6.819343506,0.235042735
2002-04-18,2.393162393,6.194103424,7.300691171,5.902421036,5.386851984,0.170940171
2002-04-19,2.307692308,5.264024714,6.189347444,5.085902526,4.707311404,0.156695157
2002-04-20,2.222222222,4.991439054,5.854404299,4.889240674,4.587201856,0.166191833
2002-04-21,2.222222222,5.063610979,5.92428106,5.028164586,4.78001226,0.166191833
2002-04-22,2.222222222,6.671753672,7.786134505,6.715702497,6.466138051,0.163817664
2002-04-23,2.222222222,9.424671854,10.97091146,9.61589136,9.373606066,0.17331434
2002-04-24,2.051282051,12.36423525,14.35575703,12.78594326,12.61395613,0.159069326
2002-04-25,1.965811966,15.63832451,18.11002355,16.38962529,16.35815566,0.159069326
2002-04-26,1.965811966,15.27560257,17.64348914,16.2241616,16.37671679,0.19705603
2002-04-27,2.136752137,10.98624475,12.65551672,11.82417434,12.06684767,0.170940171
2002-04-28,1.965811966,7.779891216,8.937901431,8.48449407,8.751304889,0.113960114
2002-04-29,2.051282051,7.43403496,8.517355403,8.214512763,8.560987026,0.121082621
2002-04-30,1.965811966,6.379649714,7.289229342,7.142222992,7.518781073,0.092592593
2002-05-01,1.794871795,5.305774359,6.045391168,6.017830361,6.397466537,0.092592593
2002-05-02,1.88034188,5.83093824,6.625076795,6.699772672,7.190666501,0.106837607
2002-05-03,1.88034188,10.12430395,11.47044429,11.78402769,12.76542888,0.092592593
2002-05-04,1.794871795,14.33458178,16.19377764,16.90042648,18.47429378,0.118708452
2002-05-05,1.623931624,16.95167901,19.09453877,20.24357068,22.32471402,0.109211776
2002-05-06,1.623931624,17.92300673,20.12915698,21.67830471,24.11330247,0.102089269
2002-05-07,1.538461538,17.27317675,19.34148816,21.15950874,23.73434418,0.109211776
2002-05-08,1.452991453,15.43874168,17.2352236,19.15329983,21.66041304,0.106837607
2002-05-09,1.367521368,14.66747455,16.32419709,18.42745566,21.0065383,0.135327635
2002-05-10,1.367521368,12.98040095,14.40190278,16.51417901,18.97272737,0.151946819
2002-05-11,1.367521368,10.10857274,11.18047877,13.02262776,15.07563936,0.168566002
2002-05-12,1.282051282,13.44919231,14.82821101,17.54391341,20.46121619,0.180436847
2002-05-13,1.282051282,15.98921688,17.57213863,21.11840157,24.80961938,0.192307692
2002-05-14,1.196581197,16.85757514,18.46630298,22.54317757,26.67209268,0.208926876
2002-05-15,1.196581197,17.36418799,18.95871822,23.50952089,28.00914883,0.199430199
2002-05-16,1.111111111,16.91569973,18.40754916,23.18633578,27.81224468,0.187559354
2002-05-17,1.111111111,17.75720831,19.44013149,24.7953978,29.91048628,0.194681861
2002-05-18,1.111111111,18.00024074,19.82756632,25.60795126,31.06210011,0.161443495
2002-05-19,1.111111111,14.36854681,15.92648743,20.82846218,25.40230614,0.427350427
2002-05-20,1.538461538,10.76794354,12.01176698,15.90649685,19.50329665,2.184235518
2002-05-21,1.623931624,7.596221982,8.528863538,11.4363738,14.09607224,2.231718898
2002-05-22,1.538461538,6.38737197,7.219200397,9.80201397,12.14398593,0.237416904
2002-05-23,1.452991453,6.947186089,7.905053336,10.86825963,13.53327971,0.12345679
2002-05-24,1.367521368,8.555190669,9.80193592,13.64571828,17.07648821,0.106837607
2002-05-25,1.282051282,10.9077204,12.58524106,17.74092287,22.31004648,0.102089269
2002-05-26,1.196581197,11.66749543,13.55849505,19.35340983,24.45500924,0.104463438
2002-05-27,1.111111111,11.99819474,14.04490864,20.30008696,25.77265765,0.104463438
2002-05-28,1.111111111,12.81293769,15.1107411,22.11565361,28.20836107,0.102089269
2002-05-29,1.025641026,13.37237817,15.89083495,23.55039823,30.17586771,0.097340931
2002-05-30,1.025641026,13.37766703,16.02096405,24.04255536,30.94518493,0.109211776
2002-05-31,0.94017094,12.6689057,15.29287172,23.23939467,30.04391571,0.113960114
2002-06-01,0.94017094,11.30143966,13.75305827,21.16326228,27.47911277,0.104463438
2002-06-02,0.94017094,8.882607879,10.89928454,16.9837308,22.14682223,0.111585945
2002-06-03,0.94017094,8.076383512,9.99414125,15.77019311,20.651146,0.121082621
2002-06-04,0.94017094,8.227126593,10.2690346,16.4090202,21.57694332,0.109211776
2002-06-05,0.94017094,8.27545961,10.42104324,16.86286089,22.26438179,0.106837607
2002-06-06,0.854700855,7.772325614,9.876328049,16.18410018,21.45421875,0.113960114
2002-06-07,0.846153846,6.614398543,8.483036752,14.07744376,18.73553086,0.111585945
2002-06-08,0.837606838,5.420488162,7.017949887,11.79421321,15.75807439,0.106837607
2002-06-09,0.829059829,3.867365304,5.055869962,8.604946532,11.54114331,0.097340931
2002-06-10,0.820512821,3.012053239,3.976984428,6.855000721,9.228895924,0.104463438
2002-06-11,0.811965812,2.958657374,3.946409368,6.889144666,9.309466626,0.109211776
2002-06-12,0.786324786,2.997973065,4.040743024,7.144019744,9.68937145,0.118708452
2002-06-13,0.777777778,2.931912404,3.994153778,7.152100232,9.735466362,0.132953466
2002-06-14,0.777777778,2.675576871,3.685109557,6.683381247,9.129917928,0.135327635
2002-06-15,0.760683761,2.102947341,2.929168593,5.380681972,7.376208616,0.140075973
2002-06-16,0.743589744,1.811695684,2.514205175,4.728040464,6.506568068,0.137701804
2002-06-17,0.726495726,1.571378734,2.172479406,4.182873389,5.778078671,0.144824311
2002-06-18,0.726495726,1.483155327,2.042579907,4.027086971,5.5834408,0.151946819
2002-06-19,0.717948718,1.30881648,1.795334863,3.62499982,5.044132396,0.159069326
2002-06-20,0.700854701,1.175657684,1.606115763,3.321628523,4.638351471,0.187559354
2002-06-21,0.692307692,1.075675175,1.463388062,3.100345533,4.344345844,0.194681861
2002-06-22,0.692307692,0.916782657,1.241876503,2.695713541,3.790167047,0.180436847
2002-06-23,0.683760684,0.674338563,0.909437644,2.022950109,2.853709116,0.194681861
2002-06-24,0.658119658,0.643037176,0.863298632,1.968186912,2.785488251,0.201804368
2002-06-25,0.641025641,0.512104104,0.684318313,1.599324961,2.270667854,0.216049383
2002-06-26,0.632478632,0.519655804,0.691087675,1.656034774,2.358525422,0.208926876
2002-06-27,0.632478632,0.450418006,0.596060835,1.464783903,2.092531582,0.237416904
2002-06-28,0.615384615,0.431311525,0.567885455,1.431475506,2.051085071,0.237416904
2002-06-29,0.615384615,0.388293862,0.508580368,1.315289414,1.890153476,0.284900285
2002-06-30,0.615384615,0.345943627,0.450676941,1.196104202,1.723836974,0.261158594
2002-07-01,0.615384615,0.250710174,0.324803929,0.884862016,1.278881501,0.237416904
2002-07-02,0.598290598,0.245345552,0.316039826,0.884017508,1.281209122,0.208926876
2002-07-03,0.581196581,0.213862806,0.273863775,0.786752948,1.143350586,0.194681861
2002-07-04,0.58974359,0.145972697,0.185790811,0.548325944,0.798987215,0.187559354
2002-07-05,0.581196581,0.140183679,0.177303288,0.537742761,0.785623237,0.187559354
2002-07-06,0.564102564,0.133853648,0.168199765,0.524403484,0.768109841,0.201804368
2002-07-07,0.564102564,0.134210692,0.167518414,0.537070663,0.788655016,0.187559354
2002-07-08,0.547008547,0.130284123,0.161490365,0.532596113,0.784028623,0.194681861
2002-07-09,0.52991453,0.124332941,0.153008327,0.519290891,0.766308858,0.194681861
2002-07-10,0.512820513,0.120790891,0.147545198,0.515507719,0.762551122,0.194681861
2002-07-11,0.504273504,0.107899767,0.130784279,0.47060792,0.697775305,0.201804368
2002-07-12,0.504273504,0.095801526,0.115193254,0.427083693,0.634708502,0.187559354
2002-07-13,0.487179487,0.080299109,0.095753176,0.365948675,0.545091379,0.194681861
2002-07-14,0.478632479,0.070595829,0.08345836,0.328948189,0.491074887,0.180436847
2002-07-15,0.47008547,0.061272281,0.071788569,0.291960967,0.436817285,0.180436847
2002-07-16,0.47008547,0.051254232,0.059492807,0.249792477,0.374535759,0.151946819
2002-07-17,0.461538462,0.043664987,0.050086052,0.198403785,0.295627499,0.132953466
2002-07-18,0.47008547,0.045740028,0.051905097,0.194309656,0.287657227,0.132953466
2002-07-19,0.478632479,0.043780075,0.0491968,0.174315651,0.256332272,0.132953466
2002-07-20,0.452991453,0.041669271,0.046407282,0.155848777,0.22758874,0.132953466
2002-07-21,0.444444444,0.040607644,0.044854526,0.14295162,0.207255218,0.125830959
2002-07-22,0.444444444,0.041803688,0.045827064,0.138761495,0.199680917,0.125830959
2002-07-23,0.435897436,0.04290529,0.046706361,0.134505856,0.192059278,0.118708452
2002-07-24,0.427350427,0.043920552,0.047502042,0.130229506,0.184458162,0.170940171
2002-07-25,0.418803419,0.041061748,0.044142747,0.115309553,0.161960085,0.180436847
2002-07-26,0.418803419,0.04153878,0.044404912,0.110608589,0.154005743,0.187559354
2002-07-27,0.418803419,0.038158747,0.04057767,0.096451457,0.133077267,0.187559354
2002-07-28,0.418803419,0.039075283,0.041348137,0.093847903,0.128262009,0.180436847
2002-07-29,0.41025641,0.039098806,0.04118222,0.089306197,0.120851931,0.166191833
2002-07-30,0.401709402,0.041959322,0.044003479,0.091220669,0.122171996,0.104463438
2002-07-31,0.401709402,0.041150054,0.042978441,0.08521164,0.112895913,0.097340931
2002-08-01,0.393162393,0.041577013,0.043256898,0.082059916,0.107495671,0.104463438
2002-08-02,0.384615385,0.041437093,0.042954148,0.077996038,0.100966337,0.094966762
2002-08-03,0.384615385,0.041262536,0.042625556,0.074109423,0.094747403,0.092592593
2002-08-04,0.41025641,0.044116302,0.045424431,0.075640394,0.095447252,0.092592593
2002-08-05,0.401709402,0.040288779,0.041354502,0.065971209,0.0821077,0.078347578
2002-08-06,0.393162393,0.034150439,0.034950223,0.053424133,0.06553396,0.085470085
2002-08-07,0.367521368,0.034146308,0.034847712,0.05104918,0.061669399,0.087844255
2002-08-08,0.367521368,0.033879899,0.034483155,0.048417516,0.057551625,0.07359924
2002-08-09,0.35042735,0.034666812,0.035193842,0.047367506,0.055347461,0.087844255
2002-08-10,0.333333333,0.035506248,0.035957988,0.046392558,0.053232519,0.090218424
2002-08-11,0.341880342,0.036345685,0.036722135,0.045417609,0.051117577,0.085470085
2002-08-12,0.324786325,0.037185121,0.037486281,0.044442661,0.049002635,0.085470085
2002-08-13,0.316239316,0.038024558,0.038250428,0.043467713,0.046887693,0.071225071
2002-08-14,0.316239316,0.038863994,0.039014574,0.042492764,0.044772751,0.066476733
2002-08-15,0.307692308,0.039703431,0.039778721,0.041517816,0.042657809,0.087844255
2002-08-16,0.316239316,0.040542867,0.040542867,0.040542867,0.040542867,0.083095916
2002-08-17,0.316239316,0.040542867,0.040542867,0.040542867,0.040542867,0.087844255
2002-08-18,0.307692308,0.040542867,0.040542867,0.040542867,0.040542867,0.090218424
2002-08-19,0.307692308,0.040542867,0.040542867,0.040542867,0.040542867,0.085470085
2002-08-20,0.316239316,0.040542867,0.040542867,0.040542867,0.040542867,0.078347578
2002-08-21,0.324786325,0.040542867,0.040542867,0.040542867,0.040542867,0.0997151
2002-08-22,0.333333333,0.040542867,0.040542867,0.040542867,0.040542867,0.092592593
2002-08-23,0.333333333,0.040542867,0.040542867,0.040542867,0.040542867,0.090218424
2002-08-24,0.333333333,0.040542867,0.040542867,0.040542867,0.040542867,0.094966762
2002-08-25,0.324786325,0.040542867,0.040542867,0.040542867,0.040542867,0.111585945
2002-08-26,0.324786325,0.040542867,0.040542867,0.040542867,0.040542867,0.116334283
2002-08-27,0.307692308,0.040542867,0.040542867,0.040542867,0.040542867,0.125830959
2002-08-28,0.299145299,0.040542867,0.040542867,0.040542867,0.040542867,0.130579297
2002-08-29,0.299145299,0.040542867,0.040542867,0.040542867,0.040542867,0.111585945
2002-08-30,0.307692308,0.040542867,0.040542867,0.040542867,0.040542867,0.102089269
2002-08-31,0.307692308,0.040542867,0.040542867,0.040542867,0.040542867,0.0997151
2002-09-01,0.299145299,0.040542867,0.040542867,0.040542867,0.040542867,0.118708452
2002-09-02,0.273504274,0.040542867,0.040542867,0.040542867,0.040542867,0.12345679
2002-09-03,0.264957265,0.040542867,0.040542867,0.040542867,0.040542867,0.121082621
2002-09-04,0.264957265,0.040542867,0.040542867,0.040542867,0.040542867,0.116334283
2002-09-05,0.273504274,0.040542867,0.040542867,0.040542867,0.040542867,0.097340931
2002-09-06,0.307692308,0.040542867,0.040542867,0.040542867,0.040542867,0.087844255
2002-09-07,0.324786325,0.040542867,0.040542867,0.040542867,0.040542867,0.07359924
2002-09-08,0.316239316,0.040542867,0.040542867,0.040542867,0.040542867,0.066476733
2002-09-09,0.299145299,0.040542867,0.040542867,0.040542867,0.040542867,0.037986705
2002-09-10,0.282051282,0.040542867,0.040542867,0.040542867,0.040542867,0.037986705
2002-09-11,0.273504274,0.040542867,0.040542867,0.040542867,0.040542867,0.045109212
2002-09-12,0.273504274,0.040542867,0.040542867,0.040542867,0.040542867,0.042735043
2002-09-13,0.273504274,0.040542867,0.040542867,0.040542867,0.040542867,0.033238367
2002-09-14,0.273504274,0.040542867,0.040542867,0.040542867,0.040542867,0.030864198
2002-09-15,0.264957265,0.040542867,0.040542867,0.040542867,0.040542867,0.028490028
2002-09-16,0.282051282,0.040542867,0.040542867,0.040542867,0.040542867,0.028490028
2002-09-17,0.290598291,0.040542867,0.040542867,0.040542867,0.040542867,0.033238367
2002-09-18,0.282051282,0.040542867,0.040542867,0.040542867,0.040542867,0.035612536
2002-09-19,0.264957265,0.040542867,0.040542867,0.040542867,0.040542867,0.030864198
2002-09-20,0.256410256,0.040542867,0.040542867,0.040542867,0.040542867,0.037986705
2002-09-21,0.264957265,0.040542867,0.040542867,0.040542867,0.040542867,0.085470085
2002-09-22,0.264957265,0.040542867,0.040542867,0.040542867,0.040542867,0.109211776
2002-09-23,0.239316239,0.040542867,0.040542867,0.040542867,0.040542867,0.104463438
2002-09-24,0.239316239,0.040542867,0.040542867,0.040542867,0.040542867,0.106837607
2002-09-25,0.239316239,0.040542867,0.040542867,0.040542867,0.040542867,0.116334283
2002-09-26,0.230769231,0.040542867,0.040542867,0.040542867,0.040542867,0.118708452
2002-09-27,0.230769231,0.040542867,0.040542867,0.040542867,0.040542867,0.118708452
2002-09-28,0.264957265,0.040542867,0.040542867,0.040542867,0.040542867,0.118708452
2002-09-29,0.307692308,0.040542867,0.040542867,0.040542867,0.040542867,0.118708452
2002-09-30,0.316239316,0.040542867,0.040542867,0.040542867,0.040542867,0.118708452
2002-10-01,0.35042735,0.040542867,0.040542867,0.040542867,0.040542867,0.113960114
2002-10-02,0.316239316,0.040542867,0.040542867,0.040542867,0.040542867,0.109211776
2002-10-03,0.324786325,0.040542867,0.040542867,0.040542867,0.040542867,0.116334283
2002-10-04,0.324786325,0.040542867,0.040542867,0.040542867,0.040542867,0.113960114
2002-10-05,0.333333333,0.040542867,0.040542867,0.040542867,0.040542867,0.12345679
2002-10-06,0.324786325,0.040542867,0.040542867,0.040542867,0.040542867,0.113960114
2002-10-07,0.299145299,0.040542867,0.040542867,0.040542867,0.040542867,0.130579297
2002-10-08,0.299145299,0.040542867,0.040542867,0.040542867,0.040542867,0.128205128
2002-10-09,0.299145299,0.040542867,0.040542867,0.040542867,0.040542867,0.116334283
2002-10-10,0.299145299,0.040542867,0.040542867,0.040542867,0.040542867,0.113960114
2002-10-11,0.307692308,0.040542867,0.040542867,0.040542867,0.040542867,0.104463438
2002-10-12,0.316239316,0.040542867,0.040542867,0.040542867,0.040542867,0.113960114
2002-10-13,0.307692308,0.040542867,0.040542867,0.040542867,0.040542867,0.109211776
2002-10-14,0.307692308,0.040542867,0.040542867,0.040542867,0.040542867,0.109211776
2002-10-15,0.299145299,0.040542867,0.040542867,0.040542867,0.040542867,0.111585945
2002-10-16,0.299145299,0.040542867,0.040542867,0.040542867,0.040542867,0.104463438
2002-10-17,0.299145299,0.041206362,0.040740884,0.040259054,0.039768352,0.104463438
2002-10-18,0.307692308,0.041869856,0.0409389,0.039975241,0.038993837,0.104463438
2002-10-19,0.333333333,0.04253335,0.041136917,0.039691428,0.038219321,0.111585945
2002-10-20,0.341880342,0.043196844,0.041334933,0.039407615,0.037444806,0.106837607
2002-10-21,0.333333333,0.043860339,0.041532949,0.039123801,0.036670291,0.106837607
2002-10-22,0.333333333,0.044523833,0.041730966,0.038839988,0.035895775,0.106837607
2002-10-23,0.341880342,0.045187327,0.041928982,0.038556175,0.03512126,0.113960114
2002-10-24,0.35042735,0.045850821,0.042126998,0.038272362,0.034346745,0.102089269
2002-10-25,0.358974359,0.046514315,0.042325015,0.037988549,0.033572229,0.0997151
2002-10-26,0.358974359,0.04717781,0.042523031,0.037704735,0.032797714,0.104463438
2002-10-27,0.358974359,0.047841304,0.042721047,0.037420922,0.032023199,0.097340931
2002-10-28,0.358974359,0.048504798,0.042919064,0.037137109,0.031248683,0.102089269
2002-10-29,0.358974359,0.049168292,0.04311708,0.036853296,0.030474168,0.106837607
2002-10-30,0.358974359,0.049831787,0.043315097,0.036569483,0.029699652,0.111585945
2002-10-31,0.376068376,0.050495281,0.043513113,0.036285669,0.028925137,0.113960114
2002-11-01,0.376068376,0.051158775,0.043711129,0.036001856,0.028150622,0.106837607
2002-11-02,0.384615385,0.051822269,0.043909146,0.035718043,0.027376106,0.118708452
2002-11-03,0.384615385,0.052485764,0.044107162,0.03543423,0.026601591,0.118708452
2002-11-04,0.376068376,0.053149258,0.044305178,0.035150416,0.025827076,0.121082621
2002-11-05,0.376068376,0.053812752,0.044503195,0.034866603,0.02505256,0.113960114
2002-11-06,0.367521368,0.054476246,0.044701211,0.03458279,0.024278045,0.113960114
2002-11-07,0.572649573,0.724265117,0.589755119,0.450519939,0.308720834,2.516619183
2002-11-08,2.905982906,10.07407502,8.141338393,6.140706942,4.103235168,4.344729345
2002-11-09,1.452991453,5.346085239,4.288407107,3.193573955,2.078580164,0.56980057
2002-11-10,1.965811966,2.733886674,2.177016919,1.600584968,1.013538398,0.451092118
2002-11-11,1.111111111,2.236719127,1.768333883,1.283494803,0.789727727,0.159069326
2002-11-12,0.786324786,1.811199597,1.421804019,1.01872942,0.608232465,0.12345679
2002-11-13,0.666666667,2.456506488,1.914960465,1.35439055,0.783498107,0.111585945
2002-11-14,0.58974359,2.19828661,1.701928726,1.188134359,0.664878803,0.128205128
2002-11-15,0.555555556,1.807363268,1.389834887,0.957639213,0.517484938,0.111585945
2002-11-16,0.52991453,1.53912434,1.183563228,0.815511662,0.440682666,0.111585945
2002-11-17,0.495726496,1.4222855,1.093715936,0.753604099,0.407229325,0.102089269
2002-11-18,0.478632479,1.293660014,0.994804892,0.685451331,0.370401227,0.102089269
2002-11-19,0.47008547,1.217848649,0.936507104,0.645282353,0.348694888,0.109211776
2002-11-20,0.452991453,2.023997391,1.556423236,1.072423736,0.579511702,0.12345679
2002-11-21,0.452991453,2.743936068,2.110045138,1.453886346,0.785644818,0.113960114
2002-11-22,0.461538462,2.415538441,1.857512353,1.279883449,0.691617884,0.0997151
2002-11-23,0.478632479,2.05577412,1.580859057,1.089260773,0.588610027,0.104463438
2002-11-24,0.478632479,1.75933217,1.352899703,0.932189729,0.503732655,0.109211776
2002-11-25,0.47008547,1.479285706,1.137548228,0.783805904,0.423549645,0.125830959
2002-11-26,0.452991453,1.190899179,0.915783371,0.63100306,0.340978706,0.125830959
2002-11-27,0.452991453,1.041827389,0.80114943,0.55201673,0.298296414,0.121082621
2002-11-28,0.452991453,0.92038883,0.707765023,0.487671986,0.263526079,0.104463438
2002-11-29,0.452991453,0.853938982,0.6566661,0.452463248,0.244500134,0.102089269
2002-11-30,0.461538462,0.833964996,0.641306409,0.441879946,0.238781175,0.104463438
2002-12-01,0.461538462,0.816242833,0.627678334,0.432489781,0.233706958,0.104463438
2002-12-02,0.461538462,0.785456458,0.60400408,0.416177488,0.224892192,0.121082621
2002-12-03,0.461538462,0.754674013,0.580332847,0.399867277,0.21607855,0.111585945
2002-12-04,0.461538462,0.726770029,0.558875108,0.385082231,0.208089071,0.109211776
2002-12-05,0.461538462,0.71211396,0.547604814,0.377316649,0.20389274,0.109211776
2002-12-06,0.461538462,0.717309082,0.551599783,0.380069307,0.205380209,0.104463438
2002-12-07,0.452991453,0.714739257,0.549623627,0.378707674,0.204644416,0.109211776
2002-12-08,0.461538462,0.683093999,0.525288905,0.361940298,0.195583733,0.106837607
2002-12-09,0.47008547,0.677356229,0.520876647,0.358900116,0.193940893,0.284900285
2002-12-10,0.521367521,0.833383407,0.640859175,0.441571788,0.238614654,0.237416904
2002-12-11,0.495726496,0.819447812,0.630142915,0.434187953,0.234624609,0.118708452
2002-12-12,0.478632479,0.789963933,0.60747026,0.418565793,0.226182773,0.12345679
2002-12-13,2.136752137,10.60121496,8.152173202,5.617099414,3.035343896,2.849002849
2002-12-14,5.128205128,39.47565843,30.35618144,20.91634767,11.30268552,5.080721747
2002-12-15,2.735042735,11.5891413,8.911873542,6.14055644,3.31820734,1.566951567
2002-12-16,6.068376068,6.359278917,4.890188848,3.369491328,1.820791156,9.496676163
2002-12-17,3.162393162,5.286505381,4.065242301,2.801077649,1.51363423,1.044634378
2002-12-18,1.794871795,4.578710819,3.520959039,2.426049652,1.310978222,0.308641975
2002-12-19,1.367521368,4.037286744,3.104612153,2.139173773,1.155957475,2.32668566
2002-12-20,1.196581197,3.706563664,2.850291131,1.963938724,1.061264717,3.656220323
2002-12-21,1.196581197,3.410965365,2.622980531,1.807314692,0.976628899,2.30294397
2002-12-22,0.94017094,3.130905752,2.407618944,1.6589239,0.896442125,0.498575499
2002-12-23,0.94017094,2.936489818,2.258116045,1.55591178,0.84077688,0.284900285
2002-12-24,0.820512821,2.951036313,2.269302079,1.563619303,0.844941839,0.213675214
2002-12-25,0.777777778,2.649114463,2.037128765,1.40364471,0.75849546,0.175688509
2002-12-26,0.837606838,2.698345222,2.07498647,1.42972984,0.772591229,0.178062678
2002-12-27,1.538461538,11.74623902,9.032679301,6.223795343,3.363187619,0.17331434
2002-12-28,1.965811966,19.9446825,15.33715775,10.56777594,5.710569072,1.18708452
2002-12-29,1.709401709,10.72816155,8.249793201,5.684362612,3.071691292,1.400759734
2002-12-30,1.367521368,6.540584635,5.02961019,3.465556944,1.872702678,0.427350427
2002-12-31,1.367521368,5.306901329,4.080926475,2.81188453,1.519474005,2.018043685
2003-01-01,1.196581197,4.563987475,3.509637011,2.418248424,1.306762628,0.474833808
2003-01-02,1.196581197,4.335455882,3.333899689,2.297159975,1.241329375,0.284900285
2003-01-03,1.196581197,4.143618836,3.186379916,2.19551429,1.18640252,0.232668566
2003-01-04,1.111111111,3.976821582,3.058115363,2.107136046,1.138645067,0.194681861
2003-01-05,1.111111111,4.011386606,3.08469534,2.125450473,1.148541737,0.170940171
2003-01-06,1.111111111,4.143516393,3.186301139,2.19546001,1.186373188,0.168566002
2003-01-07,1.111111111,3.94377464,3.032702766,2.089625982,1.129183053,0.156695157
2003-01-08,1.111111111,4.071877755,3.131212115,2.157501969,1.165861586,0.151946819
2003-01-09,1.196581197,4.074774477,3.13343965,2.15903681,1.166690977,0.617283951
2003-01-10,1.965811966,4.860320449,3.737512565,2.575261727,1.391608798,0.451092118
2003-01-11,2.64957265,5.489272884,4.22116743,2.908514884,1.571690698,0.356125356
2003-01-12,2.222222222,4.35316683,3.347519139,2.306544197,1.246400381,0.284900285
2003-01-13,1.965811966,4.390307554,3.376079791,2.32622337,1.257034527,0.237416904
2003-01-14,1.88034188,4.341524999,3.338566748,2.300375723,1.243067088,0.175688509
2003-01-15,1.623931624,3.78039825,2.907068805,2.003060298,1.082405064,0.199430199
2003-01-16,1.623931624,3.643967622,2.802155726,1.930771942,1.043342194,0.156695157
2003-01-17,1.709401709,4.075122896,3.124789931,2.153076886,1.163470379,0.154320988
2003-01-18,1.709401709,5.073289538,3.879136266,2.672844836,1.444340336,0.147198481
2003-01-19,1.623931624,5.476938621,4.175912879,2.877333099,1.55484082,0.130579297
2003-01-20,1.623931624,5.26222326,4.000864806,2.756719564,1.489664199,0.128205128
2003-01-21,1.794871795,6.033697481,4.574483401,3.151960513,1.703242795,0.356125356
2003-01-22,2.136752137,8.433657788,6.376043472,4.39329111,2.374027655,0.308641975
2003-01-23,4.273504274,28.90528805,21.79175484,15.01519292,8.113845032,0.854700855
2003-01-24,4.358974359,22.9210053,17.23181388,11.8732526,6.416016906,0.356125356
2003-01-25,4.102564103,16.96467379,12.71827133,8.763282218,4.735464557,0.261158594
2003-01-26,3.760683761,14.89451274,11.1351714,7.672477411,4.146020171,0.211301045
2003-01-27,3.504273504,15.39269181,11.47561562,7.907054003,4.272779656,0.192307692
2003-01-28,3.333333333,19.35585989,14.3902211,9.915307307,5.357990894,0.187559354
2003-01-29,3.162393162,12.39174612,9.187214015,6.330274539,3.420726386,0.168566002
2003-01-30,3.076923077,9.80405943,7.24863661,4.994534764,2.698925102,0.194681861
2003-01-31,2.991452991,10.08089456,7.432779602,5.121414979,2.767488084,0.201804368
2003-02-01,2.820512821,11.73295897,8.627088128,5.944330483,3.212171606,0.163817664
2003-02-02,2.735042735,9.872132116,7.238937661,4.987851888,2.695313838,0.151946819
2003-02-03,2.393162393,7.727613659,5.650919974,3.893658597,2.104038398,0.137701804
2003-02-04,2.222222222,6.743574432,4.917863353,3.388559919,1.831095358,0.128205128
2003-02-05,2.051282051,5.951700695,4.328551477,2.982505813,1.611673596,0.104463438
2003-02-06,1.88034188,5.471436867,3.968448421,2.734383673,1.477594427,0.035612536
2003-02-07,1.709401709,5.023107414,3.633392252,2.503519611,1.352841104,0.106837607
2003-02-08,1.623931624,4.749616245,3.426268791,2.360805143,1.275721676,0.106837607
2003-02-09,1.538461538,4.366755243,3.141575135,2.16464241,1.169720107,0.0997151
2003-02-10,1.538461538,4.175117608,2.995612232,2.064069457,1.115372929,0.109211776
2003-02-11,1.452991453,4.189051598,2.99752939,2.065390438,1.116086755,0.106837607
2003-02-12,1.452991453,3.981147248,2.841118864,1.957618749,1.057849556,0.261158594
2003-02-13,2.735042735,7.096197977,5.050598679,3.480018662,1.880517439,0.617283951
2003-02-14,2.735042735,7.967691089,5.655723107,3.896968104,2.105826776,0.284900285
2003-02-15,2.136752137,6.787968161,4.846641888,3.338236326,1.790394472,0.17331434
2003-02-16,2.735042735,6.728670185,4.83266874,3.327367663,1.771112097,2.421652422
2003-02-17,2.393162393,5.438364276,3.929108449,2.704242167,1.428505357,0.356125356
2003-02-18,2.136752137,4.709738504,3.422960267,2.355002668,1.234513459,0.261158594
2003-02-19,2.051282051,4.49273348,3.28478227,2.259093969,1.175123776,0.356125356
2003-02-20,1.965811966,4.0934731,3.010858826,2.069933745,1.068383244,0.213675214
2003-02-21,1.88034188,3.916398629,2.898008392,1.99160962,1.01993432,0.187559354
2003-02-22,1.794871795,3.966083192,2.952573859,2.028355397,1.030588067,0.204178538
2003-02-23,1.794871795,3.885040222,2.9098641,1.998273244,1.00726636,0.166191833
2003-02-24,1.794871795,3.846668203,2.898760385,1.989910528,0.995053332,0.137701804
2003-02-25,1.709401709,3.629324184,2.751794868,1.888324088,0.936671403,0.130579297
2003-02-26,1.709401709,3.442300273,2.626117692,1.801416292,0.886332974,0.132953466
2003-02-27,1.709401709,3.37244646,2.588798293,1.775160874,0.866296176,0.132953466
2003-02-28,1.623931624,3.097288724,2.39240815,1.639889398,0.793711096,0.135327635
2003-03-01,1.538461538,2.986884396,2.32158873,1.590759522,0.76356246,0.137701804
2003-03-02,1.452991453,2.834919635,2.217348315,1.51877452,0.722932882,0.132953466
2003-03-03,1.452991453,2.891308488,2.275763077,1.558212719,0.735475332,0.135327635
2003-03-04,1.452991453,2.759333653,2.185695126,1.495993734,0.700131192,0.14957265
2003-03-05,1.367521368,2.708651324,2.159258686,1.477357277,0.685511277,0.140075973
2003-03-06,1.367521368,2.900808454,2.327289666,1.591740066,0.732236347,0.113960114
2003-03-07,1.367521368,3.087554297,2.493099307,1.704520812,0.777323272,0.118708452
2003-03-08,1.367521368,3.18154304,2.585653303,1.767153282,0.798846744,0.111585945
2003-03-09,1.282051282,3.397535822,2.779189385,1.898731026,0.850769132,0.111585945
2003-03-10,1.282051282,3.461890546,2.850383523,1.94666022,0.864502146,0.118708452
2003-03-11,1.367521368,3.623055089,3.002722517,2.049952424,0.90222617,0.121082621
2003-03-12,1.367521368,5.184151667,4.324967619,2.951571733,1.287325032,0.113960114
2003-03-13,1.538461538,9.595706638,8.058640804,5.497615423,2.375961543,0.111585945
2003-03-14,1.794871795,15.12448411,12.78674594,8.719967048,3.734018225,0.498575499
2003-03-15,6.581196581,17.0868535,14.5429104,9.913991904,4.206030776,2.777777778
2003-03-16,3.931623932,9.389351632,8.045442287,5.482640288,2.304310909,0.546058879
2003-03-17,2.991452991,6.611715855,5.725997225,3.909706613,1.703487607,0.403608737
2003-03-18,2.564102564,5.460371923,4.780056009,3.270226367,1.475090119,0.175688509
2003-03-19,2.307692308,5.099710106,4.513176978,3.093695623,1.442808951,0.156695157
2003-03-20,2.64957265,5.333778484,4.77256045,3.277899574,1.578700746,0.199430199
2003-03-21,2.393162393,5.53553445,5.008530116,3.446688905,1.712362499,0.137701804
2003-03-22,2.307692308,7.904898978,7.233312925,4.987412047,2.553322673,0.132953466
2003-03-23,3.846153846,23.54631769,21.79271543,15.05546444,7.934815145,0.427350427
2003-03-24,3.675213675,16.48851754,15.43746324,10.68568034,5.792391357,0.137701804
2003-03-25,3.162393162,12.89078293,12.21067129,8.46852625,4.717378682,0.132953466
2003-03-26,3.58974359,32.64043696,31.28552916,21.73964698,12.43449025,0.118708452
2003-03-27,3.418803419,20.32627884,19.71676129,13.72726063,8.055767532,0.113960114
2003-03-28,2.991452991,13.23660349,12.99597361,9.065569227,5.454420227,0.12345679
2003-03-29,2.735042735,11.07522055,11.00791857,7.693572777,4.742545904,0.104463438
2003-03-30,2.564102564,13.71043371,13.79724072,9.66162881,6.097875941,0.106837607
2003-03-31,2.478632479,16.85215723,17.17331577,12.04886571,7.781227786,0.109211776
2003-04-01,2.64957265,16.49621384,17.02596378,11.9684049,7.904130116,0.147198481
2003-04-02,2.735042735,10.7730313,11.2633389,7.93273491,5.35440134,0.106837607
2003-04-03,2.478632479,7.694093522,8.15010968,5.751076344,3.965271992,0.102089269
2003-04-04,2.478632479,6.336235133,6.801285557,4.808451617,3.384864382,0.498575499
2003-04-05,2.307692308,5.477628931,5.959161092,4.221109371,3.032222069,0.094966762
2003-04-06,2.222222222,4.658386075,5.137383988,3.64593924,2.671392295,0.111585945
2003-04-07,2.222222222,4.524715318,5.059357272,3.597388595,2.687284088,0.125830959
2003-04-08,2.393162393,6.556687709,7.434846413,5.296479586,4.032030374,0.128205128
2003-04-09,2.735042735,9.083262565,10.44722927,7.456558317,5.782359654,0.121082621
2003-04-10,3.076923077,10.22742026,11.9340549,8.533869865,6.738605013,0.121082621
2003-04-11,3.418803419,12.541016,14.84946917,10.63869381,8.550735648,0.125830959
2003-04-12,4.358974359,11.76986445,14.14498085,10.15308096,8.303180329,2.397910731
2003-04-13,7.692307692,8.065461946,9.840387511,7.076597664,5.886387712,3.917378917
2003-04-14,7.008547009,6.346450648,7.862639185,5.664951371,4.791265781,0.688509022
2003-04-15,6.239316239,5.049156798,6.35354975,4.586258537,3.942754072,0.261158594
2003-04-16,5.47008547,4.383061198,5.502368916,4.037563102,3.525529928,0.192307692
2003-04-17,5.299145299,4.062796736,5.088162568,3.795190071,3.36410049,0.332383666
2003-04-18,5.213675214,3.963256839,4.951545312,3.75398672,3.376272739,0.151946819
2003-04-19,5.042735043,4.177244468,5.206188048,4.011703123,3.659094425,0.147198481
2003-04-20,5.128205128,5.061472509,6.292697221,4.928120369,4.556461191,0.125830959
2003-04-21,5.641025641,5.374970331,6.665832673,5.305349567,4.970195407,0.170940171
2003-04-22,5.213675214,4.268586216,5.280426126,4.270948004,4.052450712,0.156695157
2003-04-23,4.871794872,3.952199318,4.876613381,4.008214272,3.850419193,0.144824311
2003-04-24,7.094017094,4.874335051,5.9989775,5.01036855,4.871112385,0.641025641
2003-04-25,7.692307692,4.132797049,5.073128793,4.305381731,4.234644032,0.237416904
2003-04-26,7.692307692,3.613793062,4.424379982,3.815188266,3.795076044,0.218423552
2003-04-27,7.35042735,3.608464132,4.406116945,3.860403745,3.882358785,0.199430199
2003-04-28,7.863247863,3.652634715,4.448066729,3.959564752,4.024706797,2.35042735
2003-04-29,7.606837607,3.285616037,3.990248977,3.608799886,3.706335795,0.451092118
2003-04-30,7.094017094,3.185177819,3.857638067,3.544533094,3.677164029,0.237416904
2003-05-01,6.666666667,3.903634681,4.714632149,4.400977145,4.610596631,0.187559354
2003-05-02,6.923076923,5.021973343,6.048252217,5.735678628,6.066438834,0.59354226
2003-05-03,9.914529915,7.613355012,9.143114569,8.808327263,9.403186108,2.041785375
2003-05-04,13.07692308,8.342711021,9.990181087,9.777067622,10.53219118,0.403608737
2003-05-05,10.34188034,6.210315995,7.415034328,7.371856588,8.011532474,0.230294397
2003-05-06,9.401709402,7.293515964,8.682697518,8.768800055,9.611949456,0.180436847
2003-05-07,8.547008547,6.481885451,7.69346595,7.892661849,8.724390285,0.140075973
2003-05-08,8.376068376,5.798256203,6.86128466,7.150195052,7.968580222,0.137701804
2003-05-09,7.35042735,4.358932003,5.142325884,5.443508521,6.115161848,0.178062678
2003-05-10,6.837606838,3.932171086,4.624525599,4.972674899,5.629927194,0.118708452
2003-05-11,6.581196581,5.325046663,6.243052592,6.819004628,7.779255424,0.132953466
2003-05-12,6.666666667,8.968021242,10.48074603,11.62828536,13.36474213,0.135327635
2003-05-13,6.837606838,13.54719976,15.78156168,17.7857493,20.5907022,0.154320988
2003-05-14,6.752136752,17.07596563,19.82773654,22.69833916,26.46524836,0.178062678
2003-05-15,6.41025641,18.36348944,21.25263175,24.71344504,29.01545306,0.182811016
2003-05-16,5.982905983,16.34132132,18.84934164,22.26476441,26.31854998,0.19705603
2003-05-17,5.47008547,15.06385002,17.48088867,20.90841709,24.85498367,0.194681861
2003-05-18,4.957264957,14.56877147,17.0104986,20.60194545,24.62658245,0.19705603
2003-05-19,4.615384615,14.30121669,16.80285804,20.60658985,24.76634967,0.216049383
2003-05-20,4.273504274,16.03078945,18.95536073,23.53886213,28.44191809,0.237416904
2003-05-21,4.017094017,19.05548493,22.67861553,28.51671405,34.63771138,0.206552707
2003-05-22,3.675213675,20.60827966,24.68946298,31.43573575,38.38040039,0.189933523
2003-05-23,3.418803419,22.49737602,27.13505802,34.98418176,42.92938903,0.211301045
2003-05-24,3.247863248,23.3186587,28.31970641,36.97081758,45.59331291,0.192307692
2003-05-25,3.076923077,20.40221495,24.95214441,32.98437888,40.87638786,0.189933523
2003-05-26,2.905982906,19.13139103,23.56586636,31.54388519,39.27945511,0.189933523
2003-05-27,2.735042735,23.51747391,29.18076667,39.55136203,49.4837591,0.211301045
2003-05-28,2.564102564,23.9649151,29.95821684,41.11646232,51.68133802,0.237416904
2003-05-29,2.478632479,22.40451924,28.22128024,39.22058036,49.52397106,0.261158594
2003-05-30,2.393162393,21.43856394,27.2149142,38.29876013,48.57771758,0.211301045
2003-05-31,2.307692308,17.34631894,22.19526243,31.62873456,40.29521462,0.218423552
2003-06-01,2.222222222,15.73027427,20.29106409,29.28019198,37.46570813,0.225546059
2003-06-02,2.051282051,15.40721161,20.03939299,29.28231682,37.62908785,0.22317189
2003-06-03,1.965811966,14.99550462,19.66946963,29.10515685,37.55925966,0.230294397
2003-06-04,1.88034188,14.76713669,19.53802887,29.27652629,37.93732894,0.211301045
2003-06-05,1.794871795,13.15112898,17.55436509,26.63734601,34.6585404,0.206552707
2003-06-06,1.709401709,11.75060991,15.82734045,24.32129869,31.77245998,0.208926876
2003-06-07,1.709401709,11.57038781,15.72939142,24.47767355,32.10349195,0.201804368
2003-06-08,1.623931624,10.98329611,15.07327316,23.75483662,31.27707653,0.192307692
2003-06-09,1.538461538,9.728172392,13.48077846,21.51557805,28.43764378,0.175688509
2003-06-10,1.538461538,8.476100967,11.86288671,19.17475234,25.43969736,0.168566002
2003-06-11,1.538461538,7.327470194,10.360114,16.95951668,22.58462582,0.182811016
2003-06-12,1.452991453,6.526347151,9.324095034,15.45873213,20.66173392,0.159069326
2003-06-13,1.367521368,5.853413419,8.452516058,14.19320846,19.03898024,0.12345679
2003-06-14,1.367521368,5.106173805,7.454724172,12.67836286,17.06765079,0.118708452
2003-06-15,1.282051282,4.518850946,6.671861196,11.49279667,15.52606944,0.111585945
2003-06-16,1.282051282,5.729561324,8.428297434,14.86298667,20.15657851,0.118708452
2003-06-17,1.282051282,4.3788659,6.417109607,11.58628679,15.77222411,0.168566002
2003-06-18,1.196581197,4.030571062,5.883855748,10.87826756,14.86314028,0.109211776
2003-06-19,1.196581197,3.010211137,4.376900589,8.287336512,11.36405679,0.104463438
2003-06-20,1.196581197,2.478169607,3.588640873,6.959691384,9.577287143,0.106837607
2003-06-21,1.196581197,2.186790823,3.153469387,6.265056274,8.651256775,0.109211776
2003-06-22,1.111111111,1.83815474,2.639350726,5.372521978,7.443937969,0.121082621
2003-06-23,1.111111111,1.561929594,2.23284923,4.657548762,6.474733156,0.140075973
2003-06-24,1.111111111,1.37178798,1.952158065,4.173553954,5.820776946,0.159069326
2003-06-25,1.025641026,1.229227114,1.741145449,3.815920967,5.338954269,0.178062678
2003-06-26,1.025641026,1.101407724,1.552631875,3.48891644,4.896678734,0.182811016
2003-06-27,1.025641026,1.033206484,1.449322322,3.339901965,4.701886219,0.175688509
2003-06-28,1.025641026,0.947838875,1.322839683,3.126915579,4.415255518,0.170940171
2003-06-29,0.94017094,0.799147196,1.109503971,2.690768655,3.810588373,0.168566002
2003-06-30,0.94017094,0.676941789,0.934790613,2.326503912,3.304234764,0.166191833
2003-07-01,0.94017094,0.564823087,0.775648168,1.981549,2.822276126,0.161443495
2003-07-02,0.854700855,0.477464445,0.651940072,1.710064513,2.442370714,0.163817664
2003-07-03,0.854700855,0.425767983,0.577930141,1.556914985,2.229697115,0.151946819
2003-07-04,0.854700855,0.342852041,0.462553905,1.280155373,1.838246093,0.168566002
2003-07-05,0.854700855,0.337002014,0.451808968,1.284986004,1.850027048,0.170940171
2003-07-06,0.854700855,0.291632503,0.388449095,1.135690685,1.639297431,0.170940171
2003-07-07,0.854700855,0.249315335,0.32985832,0.991704047,1.435085111,0.163817664
2003-07-08,0.846153846,0.221100618,0.290501308,0.898432049,1.303344113,0.17331434
2003-07-09,0.837606838,0.157400486,0.205323163,0.653460515,0.95028183,0.154320988
2003-07-10,0.820512821,0.153328181,0.198525315,0.650446757,0.948168402,0.125830959
2003-07-11,0.811965812,0.143261994,0.18406408,0.621095665,0.907517054,0.116334283
2003-07-12,0.777777778,0.139074394,0.177257578,0.616277794,0.902563527,0.121082621
2003-07-13,0.777777778,0.132411046,0.167366946,0.599822081,0.880463825,0.128205128
2003-07-14,0.786324786,0.126039688,0.157943273,0.583773741,0.858825071,0.135327635
2003-07-15,0.769230769,0.116707965,0.14494217,0.552777074,0.815013829,0.130579297
2003-07-16,0.717948718,0.104008774,0.127969867,0.50385826,0.744495796,0.118708452
2003-07-17,0.700854701,0.094860856,0.114807664,0.42772218,0.628044881,0.128205128
2003-07-18,0.675213675,0.086105401,0.102666478,0.362467501,0.528787821,0.144824311
2003-07-19,0.64957265,0.079183446,0.093137657,0.312043606,0.452183575,0.135327635
2003-07-20,0.641025641,0.071191392,0.082701759,0.263270031,0.378866854,0.137701804
2003-07-21,0.623931624,0.063340189,0.072745229,0.220286297,0.31473965,0.147198481
2003-07-22,0.606837607,0.055785673,0.063397918,0.182814621,0.259263221,0.14957265
2003-07-23,0.606837607,0.046115193,0.051900134,0.142651094,0.200748359,0.159069326
2003-07-24,0.615384615,0.036884186,0.041138073,0.107870705,0.150591832,0.144824311
2003-07-25,0.581196581,0.038875289,0.04299633,0.107644946,0.149031922,0.140075973
2003-07-26,0.572649573,0.040712538,0.044677273,0.106873848,0.146691067,0.147198481
2003-07-27,0.564102564,0.041589498,0.045306997,0.103625068,0.140959333,0.14957265
2003-07-28,0.547008547,0.041635135,0.045047,0.098570456,0.132835289,0.140075973
2003-07-29,0.538461538,0.044964686,0.048337519,0.101248664,0.135121504,0.140075973
2003-07-30,0.52991453,0.038359282,0.040987968,0.082225348,0.108624838,0.128205128
2003-07-31,0.538461538,0.062751716,0.066670918,0.128153207,0.167513153,0.140075973
2003-08-01,0.598290598,0.074914,0.079165816,0.145865946,0.188566267,0.154320988
2003-08-02,0.675213675,0.139817471,0.14700346,0.259733288,0.33190106,0.261158594
2003-08-03,0.692307692,0.139769226,0.146246822,0.247863767,0.312917256,0.156695157
2003-08-04,0.615384615,0.104820939,0.109179199,0.177549166,0.221318489,0.142450142
2003-08-05,0.58974359,0.084417552,0.087547067,0.136641162,0.16807039,0.144824311
2003-08-06,0.58974359,0.083941417,0.086695138,0.129893994,0.157549187,0.142450142
2003-08-07,0.581196581,0.075717837,0.077895466,0.112056904,0.133926492,0.140075973
2003-08-08,0.555555556,0.074893869,0.076760122,0.106036867,0.124779356,0.163817664
2003-08-09,0.538461538,0.077594451,0.07924463,0.105131733,0.121704228,0.147198481
2003-08-10,0.521367521,0.075984944,0.077336745,0.098543067,0.112119003,0.14957265
2003-08-11,0.521367521,0.067633455,0.068612603,0.083972949,0.093806388,0.144824311
2003-08-12,0.504273504,0.062998227,0.063711125,0.074894684,0.082054213,0.159069326
2003-08-13,0.504273504,0.061133539,0.061640753,0.069597643,0.074691512,0.159069326
2003-08-14,0.487179487,0.0654418,0.065795834,0.071349721,0.074905228,0.161443495
2003-08-15,0.478632479,0.065541737,0.06571522,0.068436717,0.070178975,0.130579297
2003-08-16,0.47008547,0.064678073,0.064678073,0.064678073,0.064678073,0.159069326
2003-08-17,0.47008547,0.062484813,0.062484813,0.062484813,0.062484813,0.168566002
2003-08-18,0.461538462,0.060365927,0.060365927,0.060365927,0.060365927,0.135327635
2003-08-19,0.452991453,0.058318894,0.058318894,0.058318894,0.058318894,0.068850902
2003-08-20,0.444444444,0.057918382,0.057918382,0.057918382,0.057918382,0.071225071
2003-08-21,0.47008547,0.062411369,0.062411369,0.062411369,0.062411369,0.403608737
2003-08-22,0.564102564,0.162897263,0.162897263,0.162897263,0.162897263,0.830959164
2003-08-23,0.564102564,0.158600539,0.158600539,0.158600539,0.158600539,0.735992403
2003-08-24,0.495726496,0.153222329,0.153222329,0.153222329,0.153222329,0.59354226
2003-08-25,0.461538462,0.148026496,0.148026496,0.148026496,0.148026496,0.403608737
2003-08-26,0.478632479,0.169700859,0.169700859,0.169700859,0.169700859,0.284900285
2003-08-27,0.47008547,0.169121676,0.169121676,0.169121676,0.169121676,0.213675214
2003-08-28,0.444444444,0.159275551,0.159275551,0.159275551,0.159275551,0.156695157
2003-08-29,0.435897436,0.157151877,0.157151877,0.157151877,0.157151877,0.135327635
2003-08-30,0.427350427,0.153222329,0.153222329,0.153222329,0.153222329,0.128205128
2003-08-31,0.427350427,0.148026496,0.148026496,0.148026496,0.148026496,0.121082621
2003-09-01,0.435897436,0.143006857,0.143006857,0.143006857,0.143006857,0.118708452
2003-09-02,0.41025641,0.138157435,0.138157435,0.138157435,0.138157435,0.118708452
2003-09-03,0.41025641,0.133472459,0.133472459,0.133472459,0.133472459,0.116334283
2003-09-04,0.427350427,0.128946353,0.128946353,0.128946353,0.128946353,0.102089269
2003-09-05,0.41025641,0.124573728,0.124573728,0.124573728,0.124573728,0.113960114
2003-09-06,0.393162393,0.120349382,0.120349382,0.120349382,0.120349382,0.092592593
2003-09-07,0.393162393,0.116268284,0.116268284,0.116268284,0.116268284,0.056980057
2003-09-08,0.41025641,0.112325579,0.112325579,0.112325579,0.112325579,0.04985755
2003-09-09,0.435897436,0.108516572,0.108516572,0.108516572,0.108516572,0.040360874
2003-09-10,0.461538462,0.10483673,0.10483673,0.10483673,0.10483673,0.052231719
2003-09-11,0.418803419,0.101281673,0.101281673,0.101281673,0.101281673,0.04985755
2003-09-12,0.401709402,0.09784717,0.09784717,0.09784717,0.09784717,0.052231719
2003-09-13,0.384615385,0.094529131,0.094529131,0.094529131,0.094529131,0.045109212
2003-09-14,0.384615385,0.091323609,0.091323609,0.091323609,0.091323609,0.04985755
2003-09-15,0.384615385,0.088226788,0.088226788,0.088226788,0.088226788,0.059354226
2003-09-16,0.384615385,0.085234981,0.085234981,0.085234981,0.085234981,0.061728395
2003-09-17,0.393162393,0.082344628,0.082344628,0.082344628,0.082344628,0.064102564
2003-09-18,0.393162393,0.079552287,0.079552287,0.079552287,0.079552287,0.102089269
2003-09-19,0.384615385,0.076854636,0.076854636,0.076854636,0.076854636,0.116334283
2003-09-20,0.376068376,0.074248464,0.074248464,0.074248464,0.074248464,0.116334283
2003-09-21,0.367521368,0.071730668,0.071730668,0.071730668,0.071730668,0.116334283
2003-09-22,0.358974359,0.069298251,0.069298251,0.069298251,0.069298251,0.121082621
2003-09-23,0.358974359,0.066948319,0.066948319,0.066948319,0.066948319,0.128205128
2003-09-24,0.358974359,0.064678073,0.064678073,0.064678073,0.064678073,0.118708452
2003-09-25,0.35042735,0.062484813,0.062484813,0.062484813,0.062484813,0.109211776
2003-09-26,0.35042735,0.060365927,0.060365927,0.060365927,0.060365927,0.104463438
2003-09-27,0.358974359,0.058318894,0.058318894,0.058318894,0.058318894,0.111585945
2003-09-28,0.35042735,0.057918382,0.057918382,0.057918382,0.057918382,0.111585945
2003-09-29,0.358974359,0.057918382,0.057918382,0.057918382,0.057918382,0.106837607
2003-09-30,0.367521368,0.057918382,0.057918382,0.057918382,0.057918382,0.106837607
2003-10-01,0.358974359,0.057918382,0.057918382,0.057918382,0.057918382,0.113960114
2003-10-02,0.376068376,0.057918382,0.057918382,0.057918382,0.057918382,0.116334283
2003-10-03,0.367521368,0.057918382,0.057918382,0.057918382,0.057918382,0.104463438
2003-10-04,0.376068376,0.057918382,0.057918382,0.057918382,0.057918382,0.104463438
2003-10-05,0.376068376,0.057918382,0.057918382,0.057918382,0.057918382,0.106837607
2003-10-06,0.367521368,0.057918382,0.057918382,0.057918382,0.057918382,0.111585945
2003-10-07,0.358974359,0.057918382,0.057918382,0.057918382,0.057918382,0.106837607
2003-10-08,0.358974359,0.057918382,0.057918382,0.057918382,0.057918382,0.109211776
2003-10-09,0.358974359,0.057918382,0.057918382,0.057918382,0.057918382,0.106837607
2003-10-10,0.376068376,0.057918382,0.057918382,0.057918382,0.057918382,0.104463438
2003-10-11,0.384615385,0.057918382,0.057918382,0.057918382,0.057918382,0.104463438
2003-10-12,0.376068376,0.057918382,0.057918382,0.057918382,0.057918382,0.102089269
2003-10-13,0.376068376,0.057918382,0.057918382,0.057918382,0.057918382,0.106837607
2003-10-14,0.367521368,0.057918382,0.057918382,0.057918382,0.057918382,0.111585945
2003-10-15,0.376068376,0.057918382,0.057918382,0.057918382,0.057918382,0.137701804
2003-10-16,0.376068376,0.057918382,0.057918382,0.057918382,0.057918382,0.132953466
2003-10-17,0.367521368,0.058753956,0.05806966,0.057657425,0.057007522,0.121082621
2003-10-18,0.367521368,0.059589531,0.058220937,0.057396467,0.056096661,0.121082621
2003-10-19,0.367521368,0.060425105,0.058372215,0.05713551,0.055185801,0.130579297
2003-10-20,0.367521368,0.061260679,0.058523492,0.056874552,0.05427494,0.144824311
2003-10-21,0.358974359,0.062096253,0.05867477,0.056613595,0.05336408,0.142450142
2003-10-22,0.358974359,0.062931827,0.058826047,0.056352637,0.05245322,0.137701804
2003-10-23,0.358974359,0.063767402,0.058977324,0.05609168,0.051542359,0.208926876
2003-10-24,0.358974359,0.064602976,0.059128602,0.055830723,0.050631499,0.140075973
2003-10-25,0.358974359,0.06543855,0.059279879,0.055569765,0.049720638,0.161443495
2003-10-26,0.35042735,0.066274124,0.059431157,0.055308808,0.048809778,0.156695157
2003-10-27,0.35042735,0.067109698,0.059582434,0.05504785,0.047898918,0.168566002
2003-10-28,0.35042735,0.067945273,0.059733712,0.054786893,0.046988057,0.163817664
2003-10-29,0.358974359,0.068780847,0.059884989,0.054525935,0.046077197,0.151946819
2003-10-30,0.384615385,0.069616421,0.060036267,0.054264978,0.045166336,0.147198481
2003-10-31,0.444444444,0.322200459,0.275257703,0.246978387,0.202395044,0.56980057
2003-11-01,0.478632479,0.304397922,0.257646769,0.229482879,0.185081509,0.125830959
2003-11-02,0.478632479,0.36030063,0.30218623,0.267176877,0.211983393,0.0997151
2003-11-03,0.547008547,0.326854923,0.271673257,0.238430646,0.186022493,1.16334283
2003-11-04,0.487179487,0.303832145,0.250300694,0.218052208,0.167211327,0.261158594
2003-11-05,0.512820513,0.292902849,0.239189109,0.206830808,0.1558168,0.142450142
2003-11-06,0.504273504,0.285688747,0.23128751,0.198515045,0.146848094,0.121082621
2003-11-07,0.58974359,0.287615291,0.23086752,0.196681455,0.142785912,0.284900285
2003-11-08,0.58974359,0.308040552,0.245188457,0.207325015,0.147631959,1.092117759
2003-11-09,0.94017094,0.3818742,0.301440798,0.252986003,0.176595303,1.068376068
2003-11-10,0.64957265,0.367091652,0.287404167,0.239398728,0.163716454,0.261158594
2003-11-11,0.52991453,0.346875261,0.269385944,0.222704729,0.149110142,0.14957265
2003-11-12,0.512820513,0.331802982,0.255629018,0.209740199,0.137394852,0.137701804
2003-11-13,0.512820513,0.32553279,0.248826769,0.202617428,0.129766766,0.140075973
2003-11-14,0.564102564,0.33713318,0.255693472,0.206632456,0.129286029,0.284900285
2003-11-15,0.837606838,0.381332268,0.286998649,0.230170068,0.140577798,0.427350427
2003-11-16,0.641025641,0.375749645,0.282797051,0.226800428,0.138519769,0.147198481
2003-11-17,0.598290598,0.370823111,0.279089238,0.223826799,0.136703607,0.170940171
2003-11-18,0.564102564,0.377096024,0.283810364,0.227613095,0.139016111,0.140075973
2003-11-19,0.52991453,0.368150647,0.277077886,0.222213714,0.135718406,0.113960114
2003-11-20,0.52991453,0.358530287,0.269837402,0.216406918,0.132171869,0.111585945
2003-11-21,0.521367521,0.358720879,0.269980845,0.216521958,0.13224213,0.113960114
2003-11-22,0.512820513,0.357523458,0.269079641,0.215799201,0.131800702,0.106837607
2003-11-23,0.512820513,0.34458023,0.259338296,0.20798674,0.127029192,0.106837607
2003-11-24,0.512820513,0.331493124,0.249488667,0.200087434,0.122204643,0.106837607
2003-11-25,0.504273504,0.32283418,0.242971764,0.194860943,0.119012531,0.109211776
2003-11-26,0.504273504,0.316240673,0.238009352,0.190881138,0.11658184,0.116334283
2003-11-27,0.512820513,0.312848766,0.235456532,0.188833802,0.115331417,0.106837607
2003-11-28,0.512820513,0.311656215,0.234558994,0.188113985,0.114891784,0.106837607
2003-11-29,0.512820513,0.314469744,0.236676514,0.189812215,0.115928989,0.109211776
2003-11-30,0.504273504,0.320188981,0.240980931,0.193264315,0.11803738,0.144824311
2003-12-01,0.521367521,0.329206459,0.247767675,0.198707216,0.121361666,1.353276353
2003-12-02,0.615384615,0.426877774,0.321277151,0.257661086,0.157368108,0.59354226
2003-12-03,0.538461538,0.399104692,0.300374548,0.240897406,0.147129587,0.237416904
2003-12-04,0.521367521,0.366353945,0.27572565,0.221129235,0.135056053,0.166191833
2003-12-05,0.598290598,0.491133892,0.369637651,0.296445727,0.181056068,0.185185185
2003-12-06,1.538461538,9.628014803,7.246245545,5.811417004,3.549359015,0.641025641
2003-12-07,2.393162393,9.763996654,7.348588333,5.893494904,3.599488603,0.522317189
2003-12-08,0.854700855,2.251063892,1.694197821,1.358729837,0.829852683,0.220797721
2003-12-09,0.743589744,1.415838235,1.065589503,0.854592205,0.521947495,0.144824311
2003-12-10,0.94017094,1.309508151,0.985563255,0.790411948,0.482749004,0.735992403
2003-12-11,0.854700855,1.239824019,0.933117518,0.748350988,0.457060012,1.210826211
2003-12-12,0.735042735,1.045254876,0.786680707,0.630910119,0.385332272,0.308641975
2003-12-13,1.538461538,1.49326203,1.123860272,0.901324783,0.550489707,0.546058879
2003-12-14,1.88034188,2.249012704,1.692654054,1.357491751,0.829096515,1.709401709
2003-12-15,1.111111111,1.666625233,1.254337049,1.005965863,0.614399896,0.427350427
2003-12-16,0.854700855,1.270115511,0.955915529,0.766634766,0.468226943,0.211301045
2003-12-17,0.803418803,1.141243892,0.85892405,0.688848563,0.420718536,0.147198481
2003-12-18,0.752136752,1.143899256,0.860922533,0.690451326,0.421697434,0.218423552
2003-12-19,0.743589744,1.189432281,0.89519164,0.71793481,0.438483143,0.854700855
2003-12-20,1.111111111,2.575321571,1.93824094,1.554449996,0.949389986,0.854700855
2003-12-21,1.196581197,2.843811569,2.140312135,1.716509088,1.048368582,1.13960114
2003-12-22,0.94017094,2.08272041,1.567498992,1.257118633,0.76779301,0.332383666
2003-12-23,0.94017094,1.809174148,1.361622346,1.092007607,0.666950426,0.807217474
2003-12-24,5.897435897,5.182430964,3.90040606,3.128086946,1.910498523,2.469135802
2003-12-25,4.273504274,3.321775006,2.500037425,2.005005201,1.224569374,0.735992403
2003-12-26,2.051282051,2.195962357,1.652727252,1.325470852,0.809539552,0.237416904
2003-12-27,1.452991453,1.768753501,1.331200921,1.067609926,0.652049391,0.154320988
2003-12-28,1.282051282,1.620647178,1.219733002,0.978213761,0.597450128,0.135327635
2003-12-29,1.709401709,1.794667904,1.350704644,1.083251718,0.661602712,5.769230769
2003-12-30,1.452991453,1.811155315,1.363113415,1.093203429,0.667680781,1.994301994
2003-12-31,1.111111111,1.587808467,1.1950179,0.958392495,0.585344166,0.356125356
2004-01-01,1.367521368,1.633205665,1.229184782,0.985793995,0.602079803,8.11965812
2004-01-02,1.367521368,1.867116456,1.405230941,1.126981267,0.688310806,2.065527066
2004-01-03,1.111111111,1.868379619,1.406181624,1.127743705,0.68877647,0.379867047
2004-01-04,2.393162393,1.663152059,1.251723065,1.003869474,0.613119514,0.208926876
2004-01-05,1.025641026,1.426255055,1.073429419,0.86087974,0.525787646,0.144824311
2004-01-06,0.94017094,1.310503326,0.986312244,0.79101263,0.483115875,0.137701804
2004-01-07,1.111111111,1.274568652,0.959267056,0.769322658,0.469868589,1.020892688
2004-01-08,1.282051282,1.440154789,1.08389065,0.869269543,0.53091177,0.284900285
2004-01-09,1.196581197,1.922176061,1.446669952,1.160214943,0.708608479,0.237416904
2004-01-10,1.111111111,1.934648599,1.456057046,1.167743299,0.71320647,0.180436847
2004-01-11,1.111111111,1.789855085,1.347082415,1.080346727,0.659828471,0.140075973
2004-01-12,1.025641026,1.729154686,1.301398024,1.043708298,0.637451323,0.132953466
2004-01-13,1.025641026,1.680494493,1.264775344,1.014337272,0.619512787,0.187559354
2004-01-14,1.025641026,1.714400824,1.290293958,1.034802948,0.632012325,0.175688509
2004-01-15,1.025641026,1.788145708,1.345795902,1.079314956,0.65919831,0.147198481
2004-01-16,1.025641026,1.836297146,1.382035683,1.1083789,0.676949295,0.140075973
2004-01-17,1.025641026,1.806685881,1.356009971,1.087506537,0.664201369,0.213675214
2004-01-18,1.025641026,1.89671252,1.419673166,1.138563788,0.695384902,0.178062678
2004-01-19,1.025641026,1.954150787,1.45866058,1.169831307,0.714481734,0.161443495
2004-01-20,1.025641026,1.94967993,1.451347722,1.163966467,0.710899746,0.163817664
2004-01-21,0.94017094,1.832281175,1.360238017,1.090897389,0.666272353,0.154320988
2004-01-22,0.94017094,1.741375414,1.289236146,1.033954593,0.631494187,0.151946819
2004-01-23,0.94017094,1.748945119,1.291326759,1.035631244,0.632518212,0.161443495
2004-01-24,0.94017094,1.773445692,1.305871313,1.047295832,0.639642431,0.474833808
2004-01-25,0.94017094,1.685907641,1.238059132,0.992911136,0.606426641,0.332383666
2004-01-26,0.94017094,1.616755791,1.184076453,0.949617563,0.579984822,0.284900285
2004-01-27,1.196581197,1.631687226,1.191797636,0.955809875,0.583766815,0.878442545
2004-01-28,1.196581197,1.575274686,1.147505434,0.920287968,0.56207159,0.451092118
2004-01-29,1.111111111,1.547298907,1.124108098,0.901523537,0.550611098,0.332383666
2004-01-30,1.111111111,1.71529339,1.242825661,0.996733844,0.608761384,0.356125356
2004-01-31,1.111111111,1.677557242,1.212242796,0.97220669,0.593781272,0.261158594
2004-02-01,1.111111111,1.583977705,1.141574627,0.91553152,0.55916656,0.216049383
2004-02-02,1.367521368,1.647945065,1.184522882,0.949975594,0.580203492,1.258309592
2004-02-03,1.367521368,1.63980138,1.175546851,0.942776906,0.575806849,1.16334283
2004-02-04,1.196581197,1.545070036,1.104707525,0.88596447,0.541108301,0.546058879
2004-02-05,1.196581197,1.494621327,1.065818441,0.854775811,0.522059633,0.308641975
2004-02-06,1.196581197,1.432683593,1.018961344,0.817196884,0.499108071,0.356125356
2004-02-07,1.111111111,1.452622585,1.030428877,0.826393732,0.504725102,0.427350427
2004-02-08,1.111111111,1.47290989,1.0420814,0.83573894,0.510432746,0.284900285
2004-02-09,1.111111111,1.462067479,1.031705008,0.827417176,0.505350177,0.237416904
2004-02-10,1.025641026,1.473917859,1.037352754,0.831946613,0.508116559,0.284900285
2004-02-11,1.025641026,1.479624387,1.038656925,0.832992544,0.508755368,0.284900285
2004-02-12,1.025641026,1.577059197,1.10417644,0.885538545,0.540848164,0.284900285
2004-02-13,1.025641026,1.621781439,1.132543832,0.908288912,0.554743092,0.284900285
2004-02-14,1.025641026,1.569959254,1.093517275,0.876990001,0.535627088,0.261158594
2004-02-15,1.025641026,1.568003793,1.089334604,0.87363554,0.53357833,0.261158594
2004-02-16,6.837606838,11.69262812,8.170999512,6.550604787,3.970825627,1.519468186
2004-02-17,8.11965812,23.13363073,16.26172696,13.03197675,7.840057258,1.377018044
2004-02-18,10.76923077,12.43565765,8.793515251,7.044396102,4.205715586,14.57739791
2004-02-19,8.205128205,7.445386669,5.296184605,4.241135752,2.512712777,2.682811016
2004-02-20,6.068376068,5.540005676,3.96441833,3.173485684,1.865686963,1.068376068
2004-02-21,4.957264957,4.675739645,3.366079984,2.693516897,1.571231484,0.522317189
2004-02-22,4.444444444,4.053860552,2.936022098,2.348513136,1.359277181,0.451092118
2004-02-23,4.188034188,3.611494405,2.631513176,2.104155439,1.208268322,0.356125356
2004-02-24,4.188034188,3.286426623,2.409253185,1.925721607,1.097046969,0.474833808
2004-02-25,6.923076923,3.46174991,2.553324604,2.040121712,1.152946575,9.116809117
2004-02-26,7.948717949,3.531643435,2.620903917,2.093342679,1.173517795,8.309591643
2004-02-27,6.068376068,3.135573289,2.341355287,1.869372815,1.039479648,2.849002849
2004-02-28,5.042735043,2.826786522,2.123889065,1.69511825,0.934899346,0.949667616
2004-02-29,4.615384615,2.631149332,1.989231115,1.587059378,0.868113451,0.451092118
2004-03-01,4.273504274,2.561879617,1.949000768,1.554389653,0.843208368,0.902184236
2004-03-02,3.931623932,2.423123818,1.855048215,1.478915073,0.795578008,0.830959164
2004-03-03,3.58974359,2.272649632,1.750859466,1.395338769,0.744313853,0.427350427
2004-03-04,3.333333333,2.214667691,1.717036894,1.367881671,0.723492137,0.332383666
2004-03-05,3.162393162,2.195543001,1.713083207,1.364231533,0.715407832,0.284900285
2004-03-06,3.076923077,2.448869767,1.923007612,1.530846138,0.795881627,0.237416904
2004-03-07,3.247863248,3.84058098,3.035320451,2.415439655,1.244901484,0.199430199
2004-03-08,3.58974359,7.055425479,5.612247287,4.464468235,2.280869402,0.182811016
2004-03-09,4.102564103,9.965574393,7.978765732,6.344686054,3.212937187,0.208926876
2004-03-10,4.871794872,12.13077499,9.775876284,7.770908494,3.900266802,0.211301045
2004-03-11,5.128205128,12.33982758,10.00977142,7.95393655,3.956430514,0.201804368
2004-03-12,5.128205128,12.61822444,10.30328116,8.184187422,4.034259359,0.192307692
2004-03-13,5.213675214,13.11379912,10.77910124,8.559035106,4.180683146,0.175688509
2004-03-14,5.47008547,14.64366129,12.11699923,9.61788915,4.654823347,0.175688509
2004-03-15,5.897435897,17.75523667,14.79033768,11.73560259,5.627247603,0.180436847
2004-03-16,6.068376068,17.83057714,14.9533418,11.86064674,5.634193935,0.161443495
2004-03-17,6.068376068,17.68268518,14.98771945,11.91125101,5.865396616,0.17331434
2004-03-18,6.239316239,19.28125112,16.51918411,13.15409042,6.705384087,0.178062678
2004-03-19,6.153846154,19.97844081,17.30349063,13.80559279,7.275933165,0.151946819
2004-03-20,5.982905983,19.96916758,17.48657388,13.97892832,7.607882404,0.154320988
2004-03-21,6.239316239,22.25748303,19.70827255,15.78571413,8.861958035,0.187559354
2004-03-22,6.41025641,22.48148083,20.13175045,16.15632014,9.346161986,0.166191833
2004-03-23,6.239316239,21.58923091,19.55399905,15.72318262,9.363416239,0.161443495
2004-03-24,5.726495726,18.96114256,17.37255717,13.99623735,8.572570872,0.166191833
2004-03-25,5.641025641,15.22377313,14.11181295,11.39126011,7.169740639,0.451092118
2004-03-26,5.555555556,10.08462129,9.458956992,7.650192246,4.944051928,0.261158594
2004-03-27,4.786324786,7.774125556,7.379411842,5.97984221,3.965024701,0.284900285
2004-03-28,4.444444444,8.335585908,8.008622523,6.502246335,4.420276458,0.178062678
2004-03-29,4.444444444,11.02222186,10.72034858,8.720690341,6.073898293,0.166191833
2004-03-30,4.358974359,13.58661849,13.37942525,10.9047203,7.776386087,0.156695157
2004-03-31,4.188034188,12.67370799,12.63822517,10.32041189,7.530729072,0.135327635
2004-04-01,4.017094017,12.21890498,12.34078553,10.09686092,7.534357283,0.121082621
2004-04-02,3.760683761,10.20893625,10.44462443,8.561853412,6.529843013,0.113960114
2004-04-03,3.675213675,12.8986802,13.37011316,10.98095724,8.554937502,0.125830959
2004-04-04,3.675213675,16.444796,17.27322619,14.21371184,11.30584292,0.132953466
2004-04-05,3.58974359,17.08041882,18.18354098,14.99133161,12.16862218,0.130579297
2004-04-06,3.418803419,15.9098793,17.16974421,14.18247612,11.74235422,0.130579297
2004-04-07,3.247863248,14.64927782,16.02929702,13.26563309,11.19793155,0.128205128
2004-04-08,3.247863248,16.37934276,18.17534984,15.07024597,12.96432066,0.135327635
2004-04-09,3.076923077,16.08568772,18.10519548,15.04054695,13.18053799,0.144824311
2004-04-10,2.905982906,15.29752203,17.46842684,14.53904407,12.9739758,0.151946819
2004-04-11,2.820512821,14.57602802,16.89023155,14.08439212,12.79314832,0.170940171
2004-04-12,2.64957265,15.15881631,17.82882956,14.89513999,13.76660134,0.170940171
2004-04-13,2.64957265,14.36023284,17.14670114,14.35226334,13.49248916,0.185185185
2004-04-14,2.564102564,11.71760359,14.20767448,11.91460606,11.38920179,0.189933523
2004-04-15,2.478632479,10.26953518,12.64756453,10.62623175,10.32505889,0.201804368
2004-04-16,2.393162393,7.428363659,9.127263638,7.793365,7.689433087,0.199430199
2004-04-17,2.307692308,5.793314596,7.101567784,6.162180887,6.170784475,0.225546059
2004-04-18,2.222222222,4.797327725,5.866706421,5.173149739,5.255203542,0.180436847
2004-04-19,2.222222222,4.553624819,5.555306257,4.977770152,5.127437248,0.19705603
2004-04-20,2.735042735,5.683985341,6.917469216,6.298350106,6.575603326,0.163817664
2004-04-21,2.478632479,6.091936691,7.395724163,6.842274839,7.237257485,0.170940171
2004-04-22,2.307692308,5.648612041,6.840461378,6.430339258,6.888141005,0.14957265
2004-04-23,2.051282051,6.495952257,7.846786761,7.494770983,8.127538596,0.137701804
2004-04-24,1.88034188,8.860728227,10.67605097,10.36061231,11.37009205,0.144824311
2004-04-25,1.794871795,11.96228776,14.37587335,14.17452215,15.73682824,0.166191833
2004-04-26,1.709401709,14.76391758,17.69647226,17.72769683,19.90445089,0.180436847
2004-04-27,1.538461538,17.48695914,20.90501806,21.27651498,24.15196809,0.204178538
2004-04-28,1.452991453,17.43527322,20.78748649,21.49463296,24.66079314,0.189933523
2004-04-29,1.452991453,13.50119138,16.0534295,16.86431219,19.55000558,0.142450142
2004-04-30,1.367521368,12.68062362,15.03640848,16.04771456,18.79204713,0.144824311
2004-05-01,1.282051282,14.32961011,16.94457291,18.3723346,21.72671874,0.135327635
2004-05-02,1.282051282,15.93803282,18.79353205,20.7016045,24.71687223,0.135327635
2004-05-03,1.196581197,17.55613426,20.64260086,23.10042585,27.83968618,0.132953466
2004-05-04,1.196581197,18.15899512,21.28988169,24.20403326,29.43649896,0.130579297
2004-05-05,1.196581197,17.50318149,20.46105943,23.63204676,28.99725632,0.140075973
2004-05-06,1.111111111,15.02960512,17.51748781,20.55438242,25.44039878,0.132953466
2004-05-07,0.94017094,13.24131906,15.38692202,18.3419399,22.89490753,0.128205128
2004-05-08,0.94017094,13.13554941,15.21765626,18.42911845,23.19454559,0.0997151
2004-05-09,0.94017094,12.20380626,14.0947145,17.3412175,22.00215607,0.109211776
2004-05-10,0.94017094,10.55468996,12.15206202,15.18951418,19.42466496,0.104463438
2004-05-11,1.025641026,7.861763847,9.022973996,11.45827324,14.76642314,0.142450142
2004-05-12,0.94017094,6.313208333,7.222480275,9.318311438,12.09943306,0.125830959
2004-05-13,0.854700855,7.485853547,8.536208766,11.18932714,14.63629622,0.102089269
2004-05-14,0.854700855,8.83821306,10.04514363,13.37798662,17.62574978,0.116334283
2004-05-15,0.846153846,9.261060246,10.49060384,14.19512481,18.83467912,0.111585945
2004-05-16,0.811965812,9.155341406,10.33575247,14.21000725,18.9849847,0.118708452
2004-05-17,0.803418803,9.122397248,10.36001143,14.42037526,19.37354175,0.121082621
2004-05-18,0.794871795,7.792858177,8.90391373,12.54770027,16.95007073,0.128205128
2004-05-19,0.794871795,6.644544485,7.638938064,10.89898852,14.80225908,0.0997151
2004-05-20,0.786324786,6.435288726,7.445118859,10.75470292,14.68369044,0.092592593
2004-05-21,0.786324786,5.872869154,6.838227743,10.00110295,13.72591439,0.087844255
2004-05-22,0.786324786,5.535833484,6.488157254,9.607439412,13.25318331,0.087844255
2004-05-23,0.760683761,6.050799371,7.139263752,10.70351637,14.83958374,0.090218424
2004-05-24,0.752136752,5.4949435,6.527776107,9.909010781,13.80615292,0.113960114
2004-05-25,0.743589744,5.362304693,6.414691322,9.859127263,13.8036304,0.116334283
2004-05-26,0.726495726,5.090162823,6.132549906,9.543497111,13.42582737,0.132953466
2004-05-27,0.717948718,5.763726806,6.99460017,11.02147221,15.57825485,0.142450142
2004-05-28,0.786324786,10.15457575,12.41476455,19.80762531,28.12710982,0.261158594
2004-05-29,0.760683761,6.288164724,7.74617272,12.51427496,17.85173731,0.118708452
2004-05-30,0.735042735,5.005162963,6.213549785,10.16460985,14.56521669,0.121082621
2004-05-31,0.717948718,4.486895907,5.614357417,9.300186733,13.38564848,0.121082621
2004-06-01,0.709401709,4.126539737,5.205343616,8.731531151,12.62206572,0.116334283
2004-06-02,0.692307692,3.683966286,4.68562859,7.959163407,11.55503282,0.125830959
2004-06-03,0.675213675,3.188438575,4.08979467,7.035083227,10.2567281,0.128205128
2004-06-04,0.666666667,2.667440981,3.451237966,6.012026605,8.801751114,0.121082621
2004-06-05,0.64957265,2.328419976,3.039391186,5.361933033,7.882273981,0.118708452
2004-06-06,0.64957265,1.951699585,2.570841702,4.593142647,6.779473812,0.113960114
2004-06-07,0.64957265,1.896461709,2.52138355,4.562310227,6.760850361,0.106837607
2004-06-08,0.658119658,1.52455822,2.046305152,3.750071664,5.579067817,0.102089269
2004-06-09,0.675213675,1.237463827,1.677233047,3.113137551,4.64945018,0.104463438
2004-06-10,0.666666667,1.095101346,1.499190425,2.818450292,4.225431501,0.116334283
2004-06-11,0.64957265,1.010374243,1.397454754,2.661052652,4.004499539,0.104463438
2004-06-12,0.641025641,0.837289971,1.170308558,2.257315084,3.40955935,0.102089269
2004-06-13,0.632478632,0.817778711,1.155447324,2.257524732,3.422374721,0.102089269
2004-06-14,0.615384615,0.769422431,1.099246404,2.175619667,3.310130699,0.102089269
2004-06-15,0.606837607,0.655535456,0.947269845,1.899252533,2.89995069,0.109211776
2004-06-16,0.58974359,0.578744969,0.833292183,1.709564239,2.620199999,0.111585945
2004-06-17,0.581196581,0.493447262,0.707852305,1.486183758,2.286279342,0.116334283
2004-06-18,0.581196581,0.480025543,0.685986766,1.474189358,2.276069296,0.111585945
2004-06-19,0.58974359,0.437024349,0.622103227,1.368601497,2.120573281,0.118708452
2004-06-20,0.572649573,0.333652768,0.473054445,1.06555432,1.656782542,0.128205128
2004-06-21,0.572649573,0.336789493,0.47553967,1.096926904,1.711400759,0.132953466
2004-06-22,0.564102564,0.257640983,0.362247355,0.855860541,1.339776916,0.140075973
2004-06-23,0.564102564,0.265576377,0.371783309,0.899868096,1.413305227,0.147198481
2004-06-24,0.555555556,0.190645783,0.265695187,0.658949765,1.038269292,0.140075973
2004-06-25,0.547008547,0.210483611,0.291994245,0.742190411,1.173133313,0.151946819
2004-06-26,0.547008547,0.190514442,0.263041573,0.685385846,1.086715746,0.156695157
2004-06-27,0.538461538,0.157587144,0.216519016,0.578466795,0.9199903,0.163817664
2004-06-28,0.538461538,0.108474553,0.148291869,0.406329405,0.648161035,0.151946819
2004-06-29,0.547008547,0.104558537,0.142198693,0.399711877,0.639481674,0.159069326
2004-06-30,0.547008547,0.099870269,0.135097765,0.389679502,0.625233381,0.14957265
2004-07-01,0.547008547,0.0953761,0.12830782,0.379877484,0.611236769,0.156695157
2004-07-02,0.538461538,0.091068373,0.121816158,0.370301433,0.597490496,0.170940171
2004-07-03,0.521367521,0.086939723,0.115610573,0.360947,0.583993042,0.159069326
2004-07-04,0.504273504,0.082983065,0.10967934,0.351809882,0.570742724,0.161443495
2004-07-05,0.495726496,0.079191586,0.10401119,0.34288582,0.557737705,0.163817664
2004-07-06,0.478632479,0.075445285,0.098447261,0.333668855,0.544157741,0.170940171
2004-07-07,0.47008547,0.065013564,0.084264711,0.293740946,0.480267627,0.163817664
2004-07-08,0.47008547,0.05616892,0.072294006,0.259298627,0.425020843,0.147198481
2004-07-09,0.47008547,0.049948712,0.063823891,0.235636004,0.387190605,0.154320988
2004-07-10,0.47008547,0.045505614,0.05771101,0.219415925,0.36141558,0.151946819
2004-07-11,0.461538462,0.041903799,0.052729892,0.206546627,0.341032083,0.156695157
2004-07-12,0.452991453,0.0443464,0.055352764,0.223492843,0.369881335,0.147198481
2004-07-13,0.444444444,0.037647957,0.046597158,0.194030307,0.32186496,0.130579297
2004-07-14,0.444444444,0.026853741,0.032946618,0.141560399,0.23536143,0.142450142
2004-07-15,0.435897436,0.021946838,0.026681332,0.118360651,0.197230777,0.132953466
2004-07-16,0.427350427,0.015352858,0.018487812,0.084725955,0.141495437,0.12345679
2004-07-17,0.418803419,0.018551254,0.021979792,0.09442105,0.156506922,0.128205128
2004-07-18,0.418803419,0.019699665,0.023005105,0.092845452,0.152702208,0.125830959
2004-07-19,0.401709402,0.020466187,0.023591791,0.089632393,0.146232573,0.128205128
2004-07-20,0.401709402,0.019232077,0.02191078,0.078508836,0.127016272,0.118708452
2004-07-21,0.401709402,0.021971184,0.024766526,0.083829046,0.134448652,0.12345679
2004-07-22,0.393162393,0.024633561,0.02749971,0.088058305,0.139960125,0.128205128
2004-07-23,0.384615385,0.023004859,0.025454632,0.077215651,0.121577497,0.130579297
2004-07-24,0.384615385,0.02364933,0.025955282,0.074677526,0.116434985,0.132953466
2004-07-25,0.376068376,0.023901918,0.026036095,0.071128911,0.109775765,0.142450142
2004-07-26,0.367521368,0.024113264,0.02608438,0.067731906,0.10342597,0.142450142
2004-07-27,0.358974359,0.024285776,0.026102162,0.06448041,0.097372536,0.142450142
2004-07-28,0.367521368,0.024421751,0.026091369,0.061368559,0.091602919,0.137701804
2004-07-29,0.358974359,0.024523378,0.026053835,0.058390716,0.08610508,0.135327635
2004-07-30,0.358974359,0.025377443,0.026820634,0.057313675,0.083447774,0.142450142
2004-07-31,0.358974359,0.026269527,0.027627824,0.056327157,0.080923956,0.140075973
2004-08-01,0.358974359,0.02716161,0.028435014,0.055340639,0.078400138,0.130579297
2004-08-02,0.358974359,0.028053694,0.029242204,0.054354121,0.07587632,0.130579297
2004-08-03,0.358974359,0.028945778,0.030049395,0.053367602,0.073352502,0.128205128
2004-08-04,0.358974359,0.029837862,0.030856585,0.052381084,0.070828684,0.137701804
2004-08-05,0.35042735,0.030729946,0.031663775,0.051394566,0.068304866,0.154320988
2004-08-06,0.341880342,0.031622029,0.032470965,0.050408048,0.065781048,0.135327635
2004-08-07,0.341880342,0.032514113,0.033278155,0.04942153,0.06325723,0.142450142
2004-08-08,0.324786325,0.033406197,0.034085346,0.048435012,0.060733412,0.151946819
2004-08-09,0.316239316,0.034298281,0.034892536,0.047448494,0.058209594,0.147198481
2004-08-10,0.307692308,0.035190365,0.035699726,0.046461976,0.055685776,0.144824311
2004-08-11,0.299145299,0.036082448,0.036506916,0.045475458,0.053161958,0.147198481
2004-08-12,0.290598291,0.036974532,0.037314107,0.04448894,0.05063814,0.182811016
2004-08-13,0.290598291,0.037866616,0.038121297,0.043502422,0.048114322,0.159069326
2004-08-14,0.282051282,0.0387587,0.038928487,0.042515904,0.045590503,0.159069326
2004-08-15,0.290598291,0.039650784,0.039735677,0.041529386,0.043066685,0.154320988
2004-08-16,0.299145299,0.040542867,0.040542867,0.040542867,0.040542867,0.147198481
2004-08-17,0.282051282,0.040542867,0.040542867,0.040542867,0.040542867,0.137701804
2004-08-18,0.282051282,0.040542867,0.040542867,0.040542867,0.040542867,0.156695157
2004-08-19,0.273504274,0.040542867,0.040542867,0.040542867,0.040542867,0.159069326
2004-08-20,0.273504274,0.040542867,0.040542867,0.040542867,0.040542867,0.151946819
2004-08-21,0.273504274,0.040542867,0.040542867,0.040542867,0.040542867,0.144824311
2004-08-22,0.282051282,0.040542867,0.040542867,0.040542867,0.040542867,0.135327635
2004-08-23,0.299145299,0.040542867,0.040542867,0.040542867,0.040542867,0.130579297
2004-08-24,0.299145299,0.040542867,0.040542867,0.040542867,0.040542867,0.125830959
2004-08-25,0.299145299,0.040542867,0.040542867,0.040542867,0.040542867,0.12345679
2004-08-26,0.299145299,0.040542867,0.040542867,0.040542867,0.040542867,0.130579297
2004-08-27,0.282051282,0.040542867,0.040542867,0.040542867,0.040542867,0.125830959
2004-08-28,0.273504274,0.040542867,0.040542867,0.040542867,0.040542867,0.137701804
2004-08-29,0.264957265,0.040542867,0.040542867,0.040542867,0.040542867,0.125830959
2004-08-30,0.256410256,0.040542867,0.040542867,0.040542867,0.040542867,0.121082621
2004-08-31,0.256410256,0.040542867,0.040542867,0.040542867,0.040542867,0.116334283
2004-09-01,0.256410256,0.040542867,0.040542867,0.040542867,0.040542867,0.151946819
2004-09-02,0.256410256,0.040542867,0.040542867,0.040542867,0.040542867,0.144824311
2004-09-03,0.264957265,0.040542867,0.040542867,0.040542867,0.040542867,0.12345679
2004-09-04,0.264957265,0.040542867,0.040542867,0.040542867,0.040542867,0.109211776
2004-09-05,0.264957265,0.040542867,0.040542867,0.040542867,0.040542867,0.132953466
2004-09-06,0.256410256,0.040542867,0.040542867,0.040542867,0.040542867,0.137701804
2004-09-07,0.256410256,0.040542867,0.040542867,0.040542867,0.040542867,0.135327635
2004-09-08,0.247863248,0.040542867,0.040542867,0.040542867,0.040542867,0.151946819
2004-09-09,0.247863248,0.040542867,0.040542867,0.040542867,0.040542867,0.156695157
2004-09-10,0.247863248,0.040542867,0.040542867,0.040542867,0.040542867,0.144824311
2004-09-11,0.247863248,0.040542867,0.040542867,0.040542867,0.040542867,0.159069326
2004-09-12,0.247863248,0.040542867,0.040542867,0.040542867,0.040542867,0.156695157
2004-09-13,0.256410256,0.040542867,0.040542867,0.040542867,0.040542867,0.147198481
2004-09-14,0.264957265,0.040542867,0.040542867,0.040542867,0.040542867,0.144824311
2004-09-15,0.264957265,0.040542867,0.040542867,0.040542867,0.040542867,0.12345679
2004-09-16,0.256410256,0.040542867,0.040542867,0.040542867,0.040542867,0.106837607
2004-09-17,0.264957265,0.040542867,0.040542867,0.040542867,0.040542867,0.102089269
2004-09-18,0.273504274,0.040542867,0.040542867,0.040542867,0.040542867,0.071225071
2004-09-19,0.393162393,0.143615755,0.143615755,0.143615755,0.143615755,1.780626781
2004-09-20,0.435897436,0.176606479,0.176606479,0.176606479,0.176606479,0.735992403
2004-09-21,0.384615385,0.123358701,0.123358701,0.123358701,0.123358701,0.211301045
2004-09-22,0.35042735,0.10155592,0.10155592,0.10155592,0.10155592,0.154320988
2004-09-23,0.333333333,0.095741103,0.095741103,0.095741103,0.095741103,0.185185185
2004-09-24,0.324786325,0.095669192,0.095669192,0.095669192,0.095669192,0.163817664
2004-09-25,0.316239316,0.092567246,0.092567246,0.092567246,0.092567246,0.187559354
2004-09-26,0.307692308,0.091412488,0.091412488,0.091412488,0.091412488,0.163817664
2004-09-27,0.299145299,0.071508901,0.071508901,0.071508901,0.071508901,0.161443495
2004-09-28,0.299145299,0.060531916,0.060531916,0.060531916,0.060531916,0.140075973
2004-09-29,0.307692308,0.051430876,0.051430876,0.051430876,0.051430876,0.135327635
2004-09-30,0.316239316,0.044931593,0.044931593,0.044931593,0.044931593,0.144824311
2004-10-01,0.324786325,0.044826265,0.044826265,0.044826265,0.044826265,0.147198481
2004-10-02,0.324786325,0.043372833,0.043372833,0.043372833,0.043372833,0.156695157
2004-10-03,0.341880342,0.041966527,0.041966527,0.041966527,0.041966527,0.137701804
2004-10-04,0.307692308,0.040605818,0.040605818,0.040605818,0.040605818,0.12345679
2004-10-05,0.299145299,0.040542867,0.040542867,0.040542867,0.040542867,0.130579297
2004-10-06,0.299145299,0.040542867,0.040542867,0.040542867,0.040542867,0.135327635
2004-10-07,0.299145299,0.040542867,0.040542867,0.040542867,0.040542867,0.161443495
2004-10-08,0.299145299,0.040542867,0.040542867,0.040542867,0.040542867,0.147198481
2004-10-09,0.316239316,0.040542867,0.040542867,0.040542867,0.040542867,0.135327635
2004-10-10,0.341880342,0.040542867,0.040542867,0.040542867,0.040542867,0.128205128
2004-10-11,0.316239316,0.040542867,0.040542867,0.040542867,0.040542867,0.130579297
2004-10-12,0.307692308,0.040542867,0.040542867,0.040542867,0.040542867,0.111585945
2004-10-13,0.299145299,0.040542867,0.040542867,0.040542867,0.040542867,0.125830959
2004-10-14,0.307692308,0.040542867,0.040542867,0.040542867,0.040542867,0.159069326
2004-10-15,0.324786325,0.040542867,0.040542867,0.040542867,0.040542867,0.132953466
2004-10-16,0.324786325,0.040542867,0.040542867,0.040542867,0.040542867,0.137701804
2004-10-17,0.615384615,0.364704532,0.35869159,0.353431894,0.349022143,0.170940171
2004-10-18,0.717948718,0.402838884,0.389840993,0.378471356,0.368939006,0.216049383
2004-10-19,1.367521368,0.393477859,0.374834707,0.358526993,0.344854541,3.584995252
2004-10-20,2.051282051,0.495599684,0.464935788,0.438113176,0.415624991,5.769230769
2004-10-21,0.760683761,0.259228459,0.239584368,0.222401103,0.207994586,0.664767331
2004-10-22,0.572649573,0.220371112,0.200728234,0.18354603,0.169140402,0.261158594
2004-10-23,0.547008547,0.32416318,0.291107128,0.262192026,0.23794949,1.234567901
2004-10-24,0.598290598,0.513697155,0.454969859,0.403599365,0.360530138,0.617283951
2004-10-25,0.555555556,0.500611878,0.437429278,0.382161597,0.335824953,0.308641975
2004-10-26,0.786324786,0.591584611,0.510145458,0.438908233,0.37918266,5.009496676
2004-10-27,0.692307692,0.410760075,0.349679112,0.296249794,0.251454442,0.712250712
2004-10-28,0.632478632,0.307239918,0.258280834,0.215454882,0.179549432,0.261158594
2004-10-29,0.598290598,0.324124346,0.269143081,0.221049349,0.180727373,0.163817664
2004-10-30,0.58974359,0.36864472,0.302451682,0.244550682,0.196006253,0.147198481
2004-10-31,0.572649573,0.387615776,0.314297494,0.250163835,0.196393919,0.142450142
2004-11-01,0.572649573,0.345915015,0.277275403,0.217234313,0.166895624,0.137701804
2004-11-02,0.581196581,0.312807829,0.247929994,0.191179443,0.143599554,0.130579297
2004-11-03,0.726495726,0.602851547,0.472579336,0.358626397,0.263087799,0.807217474
2004-11-04,0.769230769,0.541859118,0.420207176,0.313794641,0.224577948,1.234567901
2004-11-05,0.675213675,0.425745038,0.326690038,0.240043712,0.167399087,0.356125356
2004-11-06,0.632478632,0.475036755,0.360758034,0.260795073,0.176985727,0.182811016
2004-11-07,0.632478632,0.552526218,0.415369334,0.295394169,0.194806513,0.135327635
2004-11-08,0.64957265,0.222106879,0.165319323,0.115645577,0.073998909,0.128205128
2004-11-09,0.692307692,0.672870283,0.495972479,0.341234763,0.211502044,0.128205128
2004-11-10,0.700854701,0.969375072,0.707725098,0.478852162,0.28696418,0.641025641
2004-11-11,0.837606838,1.322501359,0.956521543,0.636388223,0.367987172,3.537511871
2004-11-12,0.820512821,0.983105112,0.704533089,0.46085794,0.256559723,1.020892688
2004-11-13,0.717948718,0.93257932,0.66231508,0.425906992,0.227701508,0.403608737
2004-11-14,0.666666667,0.755182052,0.531594316,0.33601554,0.172041515,0.187559354
2004-11-15,0.658119658,0.652712771,0.455481599,0.282957686,0.13831295,0.14957265
2004-11-16,0.632478632,0.635573801,0.443521537,0.275527767,0.134681121,0.135327635
2004-11-17,0.632478632,0.762727451,0.532252983,0.33065018,0.161625586,0.137701804
2004-11-18,0.623931624,0.982145217,0.685368961,0.425770033,0.208121257,0.137701804
2004-11-19,0.623931624,1.210031297,0.844394372,0.524560988,0.256411405,0.137701804
2004-11-20,0.615384615,1.080876516,0.75426648,0.468571065,0.22904289,0.128205128
2004-11-21,0.632478632,0.822484561,0.573953199,0.3565555,0.174288402,0.161443495
2004-11-22,0.623931624,0.887189449,0.619106117,0.384605733,0.187999677,0.14957265
2004-11-23,0.623931624,0.790331156,0.551515636,0.342616669,0.167474942,0.135327635
2004-11-24,0.598290598,0.725784082,0.506472845,0.31463485,0.153797109,0.132953466
2004-11-25,0.615384615,0.725851755,0.50652007,0.314664187,0.15381145,0.142450142
2004-11-26,0.632478632,0.75823732,0.529119641,0.328703662,0.160674106,0.156695157
2004-11-27,0.726495726,0.855243086,0.596813033,0.370756657,0.18123009,3.228869896
2004-11-28,0.709401709,0.822997123,0.57431088,0.356777701,0.174397017,0.59354226
2004-11-29,0.666666667,0.952306475,0.664546636,0.412834632,0.201798285,0.194681861
2004-11-30,0.666666667,0.790822937,0.551858815,0.342829861,0.167579153,0.137701804
2004-12-01,0.692307692,0.756080152,0.527614308,0.327768507,0.160216991,0.125830959
2004-12-02,0.683760684,0.723809808,0.505095141,0.313778982,0.153378752,0.12345679
2004-12-03,0.709401709,0.691539607,0.482576074,0.299789519,0.146540542,0.12345679
2004-12-04,0.709401709,0.691576729,0.482601978,0.299805611,0.146548408,0.121082621
2004-12-05,0.675213675,0.691617976,0.482630762,0.299823492,0.146557149,0.118708452
2004-12-06,0.658119658,0.691659224,0.482659545,0.299841373,0.146565889,0.118708452
2004-12-07,0.94017094,0.756315373,0.527778452,0.327870478,0.160266836,1.946818613
2004-12-08,2.820512821,1.176395556,0.820922392,0.509979549,0.249283831,4.439696106
2004-12-09,2.478632479,6.960124669,4.856973627,3.017285491,1.474883623,0.902184236
2004-12-10,1.623931624,6.120069496,4.270759153,2.65311295,1.296871924,0.451092118
2004-12-11,1.282051282,3.9875685,2.782639099,1.728651877,0.844984789,0.403608737
2004-12-12,1.196581197,3.5675593,2.489544693,1.546573578,0.755982836,0.332383666
2004-12-13,1.111111111,3.406034994,2.376828423,1.476551133,0.721755065,0.189933523
2004-12-14,1.025641026,3.050648121,2.12882932,1.322487276,0.646446891,0.151946819
2004-12-15,1.025641026,2.662950211,1.858282654,1.154416252,0.564291854,0.163817664
2004-12-16,0.94017094,2.436808418,1.700474458,1.056381463,0.516371329,0.178062678
2004-12-17,0.854700855,2.210662858,1.542663632,0.958345042,0.468450006,0.178062678
2004-12-18,0.837606838,2.081455198,1.452498839,0.902332195,0.441070287,0.175688509
2004-12-19,0.786324786,2.113798941,1.475069226,0.91635354,0.44792408,0.170940171
2004-12-20,0.769230769,2.113835933,1.47509504,0.916369576,0.447931919,0.166191833
2004-12-21,0.760683761,1.952312699,1.362379518,0.846347596,0.413704375,0.168566002
2004-12-22,0.717948718,1.758482713,1.227119422,0.762320307,0.372630876,0.166191833
2004-12-23,0.700854701,1.596960974,1.114404943,0.692298975,0.338403649,0.175688509
2004-12-24,0.666666667,1.564682639,1.0918802,0.678305986,0.331563716,0.163817664
2004-12-25,0.666666667,1.500094173,1.046808525,0.650306223,0.317877112,0.168566002
2004-12-26,0.64957265,1.500120186,1.046826677,0.6503175,0.317882624,0.168566002
2004-12-27,0.641025641,1.564781531,1.091949209,0.678348856,0.331584672,0.132953466
2004-12-28,0.846153846,1.661741033,1.159610317,0.720381796,0.352130853,2.445394112
2004-12-29,0.854700855,1.629468889,1.137089894,0.70639149,0.345292232,1.282051282
2004-12-30,2.051282051,1.758739554,1.227298653,0.76243165,0.372685302,10.20892688
2004-12-31,6.324786325,2.695798311,1.881204996,1.168656241,0.571252523,9.30674264
2005-01-01,6.41025641,3.471247399,2.4223355,1.50482138,0.735573885,3.774928775
2005-01-02,4.273504274,2.986613492,2.084144129,1.294727607,0.632877648,4.605887939
2005-01-03,1.538461538,2.275794174,1.588114123,0.986580136,0.482251643,5.81671415
2005-01-04,0.94017094,1.855768053,1.295007909,0.804494501,0.393246104,1.970560304
2005-01-05,0.846153846,1.62962378,1.137197981,0.706458637,0.345325054,1.092117759
2005-01-06,0.794871795,1.500401926,1.047023284,0.650439637,0.317942326,0.688509022
2005-01-07,1.367521368,1.565052914,1.092138588,0.678466504,0.331642179,2.89648623
2005-01-08,2.136752137,2.178987808,1.520559878,0.944613583,0.461737912,2.659069326
2005-01-09,2.051282051,2.308255258,1.610766394,1.000652349,0.489130302,2.421652422
2005-01-10,2.905982906,1.9205441,1.340210483,0.832575582,0.406972457,2.184235518
2005-01-11,3.418803419,1.72669992,1.204940482,0.74854214,0.365895951,9.662867996
2005-01-12,2.393162393,1.662100392,1.159861088,0.720537582,0.352207003,4.320987654
2005-01-13,1.88034188,1.597500864,1.114781693,0.692533023,0.338518054,1.329534663
2005-01-14,1.623931624,1.500579294,1.047147056,0.650516528,0.317979911,0.925925926
2005-01-15,1.452991453,1.50060127,1.047162392,0.650526054,0.317984568,0.641025641
2005-01-16,1.367521368,1.565251628,1.092277256,0.678552648,0.331684287,0.522317189
2005-01-17,1.367521368,1.666467584,1.159603501,0.720377562,0.352128783,0.356125356
2005-01-18,1.282051282,1.703210756,1.181810255,0.734173007,0.358872155,0.308641975
2005-01-19,1.452991453,1.902925654,1.316651017,0.817939794,0.399818317,0.284900285
2005-01-20,1.709401709,2.397416869,1.654111096,1.027579269,0.502292488,0.284900285
2005-01-21,1.794871795,2.763475587,1.901304876,1.181142838,0.577356115,0.284900285
2005-01-22,1.794871795,2.836104791,1.945790826,1.208778733,0.590864856,0.237416904
2005-01-23,1.709401709,3.073515282,2.102760093,1.306292355,0.638530629,0.218423552
2005-01-24,1.709401709,3.246121954,2.214636033,1.375792764,0.672503223,0.211301045
2005-01-25,1.88034188,3.783183596,2.573835721,1.598937481,0.78157891,0.225546059
2005-01-26,4.700854701,7.371588356,5.001186372,3.106874411,1.518675711,0.641025641
2005-01-27,5.384615385,5.861858137,3.965870177,2.463707539,1.204288395,0.332383666
2005-01-28,4.444444444,4.377807891,2.953614218,1.83486632,0.896903622,3.228869896
2005-01-29,3.58974359,3.554046532,2.391204402,1.485481887,0.726120519,1.828110161
2005-01-30,2.991452991,3.094302451,2.076134585,1.289751858,0.630445445,0.830959164
2005-01-31,2.64957265,2.934223305,1.963304531,1.219658728,0.596183122,0.56980057
2005-02-01,2.478632479,2.94113805,1.962520866,1.219171893,0.595945152,0.474833808
2005-02-02,2.307692308,2.948391683,1.961963872,1.218825874,0.595776013,0.379867047
2005-02-03,2.222222222,3.05703769,2.028692169,1.260279326,0.616038934,0.284900285
2005-02-04,2.136752137,3.369489357,2.229931605,1.385294793,0.677147923,0.284900285
2005-02-05,1.965811966,3.479624153,2.296542228,1.426675143,0.697375111,0.22317189
2005-02-06,2.222222222,3.556214451,2.340707916,1.454112082,0.7107866,0.199430199
2005-02-07,2.136752137,3.291826936,2.160807029,1.342352707,0.656157341,0.204178538
2005-02-08,2.393162393,2.957704459,1.936225725,1.20283663,0.587960288,0.218423552
2005-02-09,2.307692308,2.793383618,1.823713081,1.132940683,0.553794351,0.211301045
2005-02-10,2.307692308,2.800153635,1.823202892,1.13262374,0.553639425,0.201804368
2005-02-11,2.222222222,2.944754508,1.912193871,1.187907381,0.580662701,0.199430199
2005-02-12,2.222222222,3.055475548,1.978763035,1.229261976,0.600877299,0.206552707
2005-02-13,2.307692308,3.582210148,2.313665859,1.437312813,0.702574926,0.194681861
2005-02-14,2.991452991,5.32626832,3.430912651,2.131377223,1.04184154,0.178062678
2005-02-15,3.247863248,4.643259303,3.008568695,1.868304737,0.906397382,1.75688509
2005-02-16,5.299145299,4.379235124,2.854279532,1.771828219,0.853100549,2.231718898
2005-02-17,5.811965812,4.220214377,2.766973391,1.716989447,0.820411423,0.617283951
2005-02-18,5.384615385,3.926536678,2.589783506,1.606437523,0.761712074,1.875593542
2005-02-19,5.213675214,3.703348275,2.457213596,1.523636011,0.71688301,1.210826211
2005-02-20,7.264957265,3.886157788,2.594028085,1.607870752,0.750645781,1.661918329
2005-02-21,7.179487179,3.598092907,2.416261692,1.497127456,0.693483275,1.234567901
2005-02-22,6.837606838,3.712532338,2.508249746,1.553546049,0.713954849,0.546058879
2005-02-23,6.068376068,3.693039807,2.510297347,1.554237095,0.708612849,0.498575499
2005-02-24,5.299145299,3.805378195,2.602504492,1.610729236,0.728508794,0.427350427
2005-02-25,4.871794872,3.981895247,2.739983483,1.695189096,0.760546726,0.379867047
2005-02-26,4.52991453,3.732378562,2.584165661,1.59819552,0.711226219,0.237416904
2005-02-27,4.273504274,3.550207477,2.473302195,1.529066217,0.67491402,1.092117759
2005-02-28,4.615384615,3.563319907,2.497925117,1.543719101,0.675784999,1.7331434
2005-03-01,4.273504274,3.390248906,2.391497024,1.477401921,0.641402181,0.474833808
2005-03-02,5.384615385,3.403695182,2.416101788,1.492052802,0.642362881,5.674264008
2005-03-03,5.042735043,3.258139776,2.327412568,1.436754913,0.613360694,1.234567901
2005-03-04,4.358974359,3.17710109,2.283950719,1.409407547,0.596594079,0.854700855
2005-03-05,4.188034188,3.379215746,2.444762806,1.508090276,0.632922327,0.59354226
2005-03-06,4.102564103,4.17183303,3.037568461,1.873085615,0.779350115,0.474833808
2005-03-07,4.273504274,5.296696408,3.88146764,2.3925921,0.986884276,0.427350427
2005-03-08,4.358974359,7.42694051,5.477799172,3.375360303,1.380099803,0.284900285
2005-03-09,4.52991453,10.14632242,7.532233755,4.639587355,1.880321887,0.230294397
2005-03-10,4.957264957,13.35286477,9.977515467,6.143554379,2.467767417,0.213675214
2005-03-11,5.384615385,16.15791337,12.15290447,7.480305019,2.977859178,0.199430199
2005-03-12,5.47008547,16.33613306,12.36816037,7.610031461,3.002200866,0.201804368
2005-03-13,5.47008547,15.04202475,11.46403591,7.051170216,2.75645239,0.185185185
2005-03-14,5.042735043,11.25807723,8.637446764,5.310697391,2.057045246,0.166191833
2005-03-15,4.52991453,8.347246953,6.44716888,3.962578908,1.520686207,0.163817664
2005-03-16,4.188034188,7.67938765,5.971341103,3.668796782,1.394827612,0.17331434
2005-03-17,3.931623932,6.435097501,5.058705885,3.114338067,1.228541679,0.17331434
2005-03-18,3.760683761,5.849657909,4.64942517,2.868118868,1.172184003,0.178062678
2005-03-19,7.35042735,6.417401301,5.157733803,3.188052006,1.348012583,1.044634378
2005-03-20,8.290598291,5.587166526,4.541190229,2.812560049,1.22879292,1.566951567
2005-03-21,7.863247863,4.689209938,3.854823905,2.392210271,1.078603087,1.068376068
2005-03-22,19.48717949,7.543711392,6.27286875,3.900504522,1.812927161,5.175688509
2005-03-23,21.62393162,5.76562036,4.850137042,3.021798273,1.446324003,4.392212726
2005-03-24,12.90598291,4.403512636,3.747880406,2.339651482,1.152029654,1.709401709
2005-03-25,9.572649573,3.712509935,3.197315141,1.999871098,1.012102752,0.807217474
2005-03-26,8.11965812,3.723995841,3.245729887,2.034122921,1.057137115,0.546058879
2005-03-27,8.888888889,5.984676291,5.279398901,3.315085368,1.767760519,0.854700855
2005-03-28,21.53846154,7.985778691,7.131128191,4.486535192,2.452885607,0.641025641
2005-03-29,13.93162393,5.566675314,5.032593802,3.172374878,1.776926198,0.854700855
2005-03-30,11.11111111,4.414964392,4.041452029,2.552507624,1.463755695,0.56980057
2005-03-31,9.658119658,4.337773502,4.021165676,2.544578222,1.492957827,0.403608737
2005-04-01,8.974358974,5.378976703,5.050353004,3.201968327,1.920909242,0.332383666
2005-04-02,8.632478632,6.508102598,6.189806365,3.931887392,2.410405937,0.261158594
2005-04-03,8.547008547,7.198614132,6.936451739,4.414559322,2.763944885,0.522317189
2005-04-04,7.948717949,5.278572733,5.153919411,3.286327761,2.100249655,0.379867047
2005-04-05,7.264957265,5.024378933,4.971697242,3.176131597,2.070868002,0.261158594
2005-04-06,7.521367521,8.993122406,9.019952814,5.773191398,3.838394865,0.213675214
2005-04-07,8.803418803,11.41645997,11.60830534,7.443817501,5.044340908,0.201804368
2005-04-08,8.11965812,7.045116522,7.263453909,4.666407109,3.221590877,0.830959164
2005-04-09,7.435897436,5.236314433,5.474877136,3.523901174,2.477437983,0.427350427
2005-04-10,6.923076923,4.704478736,4.989211359,3.217277482,2.30238999,0.227920228
2005-04-11,6.581196581,5.897993092,6.3456572,4.099566007,2.985154433,0.19705603
2005-04-12,6.752136752,7.655476039,8.357549589,5.409315304,4.006303631,0.180436847
2005-04-13,6.41025641,6.937029303,7.685984245,4.983819401,3.752986842,0.187559354
2005-04-14,5.47008547,5.259080952,5.914829547,3.842394386,2.940874461,0.168566002
2005-04-15,5.555555556,5.552174583,6.34003507,4.126156587,3.208724407,0.180436847
2005-04-16,5.897435897,9.222154132,10.50595451,6.950516535,5.489941547,0.180436847
2005-04-17,6.495726496,13.51210823,15.35641952,10.32700691,8.28047887,0.168566002
2005-04-18,6.41025641,12.52588395,14.20129316,9.707151641,7.897364098,0.163817664
2005-04-19,5.811965812,8.766526528,9.914903204,6.888257304,5.683289099,0.156695157
2005-04-20,5.213675214,6.683409149,7.540306012,5.324090015,4.452842303,0.159069326
2005-04-21,5.128205128,6.755554195,7.602742611,5.455591344,4.623244348,0.192307692
2005-04-22,5.384615385,10.22984132,11.48377778,8.374367972,7.187718399,0.204178538
2005-04-23,7.094017094,12.90188758,14.44653552,10.70553216,9.302740377,0.356125356
2005-04-24,6.239316239,9.335055942,10.42580862,7.850804004,6.904276396,0.185185185
2005-04-25,5.641025641,7.861150848,8.756870123,6.700336761,5.961388606,0.182811016
2005-04-26,5.384615385,11.81937627,13.13150993,10.20916372,9.186291747,0.175688509
2005-04-27,6.752136752,14.1264354,15.65298553,12.36476422,11.24849282,0.211301045
2005-04-28,7.35042735,11.7380197,12.97151955,10.41067664,9.572190024,0.403608737
2005-04-29,6.153846154,11.66822902,12.85935243,10.48561364,9.74139989,0.379867047
2005-04-30,5.897435897,14.50278659,15.93933585,13.20443203,12.39136785,0.220797721
2005-05-01,5.555555556,14.87184492,16.29950677,13.71790243,12.99993802,0.180436847
2005-05-02,5.128205128,12.88146756,14.07835148,12.03701127,11.51630709,0.182811016
2005-05-03,4.957264957,15.71044283,17.12132913,14.87129207,14.36070793,0.185185185
2005-05-04,4.871794872,16.62419962,18.06499619,15.93988118,15.53247815,0.237416904
2005-05-05,6.153846154,19.37315148,20.99088314,18.81509302,18.49654638,0.712250712
2005-05-06,7.606837607,16.87087579,18.22578869,16.59524902,16.45510437,0.284900285
2005-05-07,5.726495726,11.59280131,12.48648058,11.54924125,11.54810168,0.208926876
2005-05-08,7.008547009,16.27510961,17.4768407,16.42053588,16.55373287,0.759734093
2005-05-09,23.33333333,24.2045564,25.91239756,24.73083937,25.13121364,1.614434948
2005-05-10,10.08547009,10.83027823,11.55860348,11.20573097,11.47620929,0.498575499
2005-05-11,7.948717949,9.096242146,9.677575267,9.530210568,9.834790188,0.261158594
2005-05-12,6.752136752,11.82604621,12.54198017,12.54589189,13.04343565,0.187559354
2005-05-13,6.239316239,21.76320537,23.00669695,23.37698016,24.48121433,0.170940171
2005-05-14,5.811965812,21.68053084,22.84487301,23.57879662,24.86847111,0.168566002
2005-05-15,5.555555556,23.01890301,24.17536834,25.34577759,26.91827605,0.17331434
2005-05-16,9.743589744,44.9441946,47.04501246,50.10112213,53.57187708,0.17331434
2005-05-17,7.606837607,16.65138359,17.53512308,18.90942895,20.33369465,0.163817664
2005-05-18,7.692307692,40.33728904,42.73973144,46.66969099,50.46338698,0.170940171
2005-05-19,14.61538462,89.44636854,95.36825881,105.4481025,114.6410617,0.522317189
2005-05-20,10,36.45800938,39.12019989,43.79922475,47.87242159,0.308641975
2005-05-21,7.948717949,21.52995124,23.25254794,26.36121588,28.96414432,0.213675214
2005-05-22,6.923076923,21.40463569,23.27066071,26.71361403,29.50285706,0.187559354
2005-05-23,6.41025641,22.12831415,24.22022564,28.15341603,31.25069222,0.17331434
2005-05-24,5.726495726,19.75550437,21.77229811,25.62633664,28.58736845,0.182811016
2005-05-25,5.042735043,21.48852193,23.84888446,28.42368959,31.86326014,0.201804368
2005-05-26,4.52991453,23.49220677,26.25981402,31.69095784,35.6969568,0.189933523
2005-05-27,4.017094017,23.55204646,26.51951917,32.40726186,36.6766056,0.189933523
2005-05-28,3.675213675,19.8546387,22.52335193,27.87049939,31.68898402,0.194681861
2005-05-29,3.418803419,14.47023365,16.54046045,20.72511011,23.67248492,0.201804368
2005-05-30,3.162393162,13.22219306,15.23160756,19.3257089,22.17345565,0.206552707
2005-05-31,2.905982906,15.94528938,18.51468517,23.78755528,27.41366012,0.216049383
2005-06-01,2.735042735,16.87674127,19.75550289,25.70213104,29.74916058,0.211301045
2005-06-02,2.564102564,13.59224257,16.04288981,21.13564085,24.56853343,0.199430199
2005-06-03,2.393162393,11.59811979,13.8054359,18.41786839,21.49968025,0.261158594
2005-06-04,2.307692308,11.71090866,14.06066998,18.9957638,22.26637515,0.379867047
2005-06-05,2.222222222,11.08690933,13.42961475,18.37305296,21.62450628,0.208926876
2005-06-06,2.222222222,8.327771803,10.17905171,14.10256418,16.66509222,0.187559354
2005-06-07,2.136752137,6.171850039,7.613955577,10.68268701,12.67383931,0.163817664
2005-06-08,2.564102564,10.06365162,12.53318472,17.80811148,21.2098466,0.522317189
2005-06-09,3.418803419,16.62644573,20.90807753,30.08597538,35.97081217,0.688509022
2005-06-10,2.905982906,10.14892183,12.88976911,18.78436271,22.54364823,0.261158594
2005-06-11,2.307692308,9.230492818,11.8431255,17.47942797,21.055822,0.168566002
2005-06-12,1.88034188,8.500283797,11.02049026,16.47327856,19.9167509,0.154320988
2005-06-13,1.709401709,8.409433026,11.01981975,16.68326371,20.24368977,0.144824311
2005-06-14,1.709401709,8.636968655,11.44269437,17.54574622,21.36623355,0.161443495
2005-06-15,1.709401709,7.584431241,10.16185453,15.78205823,19.28612597,0.187559354
2005-06-16,1.709401709,5.896627216,7.869901479,12.52782126,15.37154112,0.427350427
2005-06-17,3.162393162,6.797566944,9.036417723,14.74475767,18.16323992,0.261158594
2005-06-18,2.222222222,4.349607675,5.758776725,9.632289219,11.91116306,0.170940171
2005-06-19,1.794871795,3.668181752,4.836454465,8.292978514,10.29345283,0.130579297
2005-06-20,1.623931624,4.053723017,5.322108251,9.355800848,11.6550987,0.135327635
2005-06-21,1.452991453,4.722754345,6.17353741,11.12700623,13.91098577,0.125830959
2005-06-22,1.452991453,4.634095214,6.030688051,11.14537795,13.98236383,0.116334283
2005-06-23,1.367521368,4.307152787,5.57966017,10.57449665,13.31112556,0.182811016
2005-06-24,1.282051282,4.106577696,5.294971796,10.29161793,12.99787679,0.137701804
2005-06-25,1.282051282,3.768764457,4.83612393,9.641248836,12.21578637,0.132953466
2005-06-26,1.282051282,3.272404224,4.178562294,8.545359081,10.86137344,0.130579297
2005-06-27,1.196581197,2.917343677,3.706411499,7.776430942,9.914461314,0.137701804
2005-06-28,1.196581197,2.694284466,3.405320357,7.331075494,9.374757917,0.142450142
2005-06-29,1.111111111,2.545769436,3.200531708,7.070968265,9.06870091,0.187559354
2005-06-30,1.111111111,2.429996747,3.038329619,6.889806728,8.861725979,0.213675214
2005-07-01,1.111111111,2.173739434,2.702699742,6.291558134,8.114967969,0.168566002
2005-07-02,1.196581197,1.922694849,2.376807692,5.680940545,7.347495255,0.180436847
2005-07-03,1.196581197,1.658139698,2.037640204,5.001518094,6.486126681,0.151946819
2005-07-04,1.111111111,1.42291503,1.737938134,4.381715499,5.697274602,0.147198481
2005-07-05,1.111111111,1.248197267,1.514992672,3.924176314,5.115482143,0.151946819
2005-07-06,1.196581197,1.103884792,1.331197674,3.543289876,4.630589598,0.159069326
2005-07-07,1.111111111,1.046423393,1.253526723,3.42947464,4.492891761,0.135327635
2005-07-08,1.111111111,0.899345435,1.069970994,3.009577385,3.95230581,0.163817664
2005-07-09,1.196581197,0.740798671,0.875130415,2.531405133,3.332206772,0.211301045
2005-07-10,1.196581197,0.684393725,0.802618361,2.388227563,3.151015214,0.175688509
2005-07-11,1.111111111,0.604857091,0.704019994,2.155552259,2.850478247,0.147198481
2005-07-12,1.111111111,0.490031406,0.565951083,1.783593219,2.363849614,0.147198481
2005-07-13,1.025641026,0.47967513,0.549557555,1.783271395,2.368576321,0.142450142
2005-07-14,1.025641026,0.414995429,0.47152288,1.575964278,2.09770216,0.142450142
2005-07-15,1.025641026,0.335273892,0.377684339,1.300685712,1.734920117,0.154320988
2005-07-16,1.025641026,0.310444977,0.346619784,1.230455629,1.644619295,0.151946819
2005-07-17,1.025641026,0.287878975,0.318975688,1.078741744,1.434766561,0.166191833
2005-07-18,0.94017094,0.219124001,0.241080586,0.777531769,1.028911693,0.170940171
2005-07-19,1.025641026,0.232947026,0.254608839,0.783858021,1.031863102,0.163817664
2005-07-20,0.94017094,0.218492003,0.237351789,0.698140849,0.914065657,0.14957265
2005-07-21,0.94017094,0.217707749,0.23515189,0.661353389,0.861070538,0.142450142
2005-07-22,0.94017094,0.192942138,0.20729037,0.557851514,0.722123748,0.135327635
2005-07-23,0.854700855,0.178277861,0.190577557,0.491088136,0.631906778,0.130579297
2005-07-24,0.811965812,0.17931329,0.190783496,0.47102767,0.602349516,0.147198481
2005-07-25,0.794871795,0.179140267,0.189756031,0.4491242,0.570663592,0.142450142
2005-07-26,0.794871795,0.165128426,0.174183914,0.395430847,0.499106707,0.135327635
2005-07-27,0.786324786,0.146649843,0.154082132,0.335670487,0.420762418,0.170940171
2005-07-28,0.794871795,0.130605732,0.13671302,0.285928471,0.355850525,0.151946819
2005-07-29,0.794871795,0.114672591,0.119610532,0.240256078,0.296790334,0.144824311
2005-07-30,0.777777778,0.099320359,0.10324972,0.199253289,0.244240365,0.156695157
2005-07-31,0.777777778,0.097292274,0.100819032,0.186986054,0.227363744,0.182811016
2005-08-01,0.769230769,0.081288037,0.083979216,0.149731066,0.180542248,0.185185185
2005-08-02,0.743589744,0.08072531,0.083156948,0.142567608,0.170407321,0.182811016
2005-08-03,0.735042735,0.080072532,0.082257271,0.135635594,0.160648567,0.175688509
2005-08-04,0.735042735,0.074798587,0.076637326,0.121562066,0.142613707,0.22317189
2005-08-05,0.752136752,0.064383999,0.065800896,0.100419027,0.116641013,0.187559354
2005-08-06,0.735042735,0.070141278,0.071512479,0.105014141,0.120712952,0.216049383
2005-08-07,0.717948718,0.06708063,0.068234491,0.096426037,0.109636537,0.218423552
2005-08-08,0.692307692,0.066819933,0.067819273,0.092235508,0.103676906,0.230294397
2005-08-09,0.683760684,0.070112822,0.071010714,0.092948311,0.103228224,0.237416904
2005-08-10,0.683760684,0.069740577,0.070490082,0.088802258,0.097383306,0.261158594
2005-08-11,0.666666667,0.068892304,0.06949664,0.084261997,0.091181013,0.261158594
2005-08-12,0.64957265,0.068025722,0.068493515,0.079922803,0.085278544,0.332383666
2005-08-13,0.64957265,0.06714291,0.067482379,0.07577641,0.079662976,0.237416904
2005-08-14,0.64957265,0.06624583,0.066464805,0.071814877,0.07432191,0.225546059
2005-08-15,0.64957265,0.065336337,0.065442274,0.068030576,0.069243449,0.199430199
2005-08-16,0.700854701,0.064416178,0.064416178,0.064416178,0.064416178,0.261158594
2005-08-17,0.64957265,0.062327569,0.062327569,0.062327569,0.062327569,0.261158594
2005-08-18,0.623931624,0.060306681,0.060306681,0.060306681,0.060306681,0.284900285
2005-08-19,0.606837607,0.058351317,0.058351317,0.058351317,0.058351317,0.308641975
2005-08-20,0.606837607,0.058351317,0.058351317,0.058351317,0.058351317,0.180436847
2005-08-21,0.581196581,0.056459353,0.056459353,0.056459353,0.056459353,0.168566002
2005-08-22,0.572649573,0.054628734,0.054628734,0.054628734,0.054628734,0.187559354
2005-08-23,0.598290598,0.05285747,0.05285747,0.05285747,0.05285747,0.199430199
2005-08-24,0.615384615,0.051143637,0.051143637,0.051143637,0.051143637,0.170940171
2005-08-25,0.615384615,0.049485373,0.049485373,0.049485373,0.049485373,0.144824311
2005-08-26,0.606837607,0.047880876,0.047880876,0.047880876,0.047880876,0.156695157
2005-08-27,0.598290598,0.046328402,0.046328402,0.046328402,0.046328402,0.161443495
2005-08-28,0.58974359,0.044826265,0.044826265,0.044826265,0.044826265,0.163817664
2005-08-29,0.581196581,0.043372833,0.043372833,0.043372833,0.043372833,0.094966762
2005-08-30,0.572649573,0.041966527,0.041966527,0.041966527,0.041966527,0.111585945
2005-08-31,0.564102564,0.040605818,0.040605818,0.040605818,0.040605818,0.14957265
2005-09-01,0.555555556,0.040542867,0.040542867,0.040542867,0.040542867,0.14957265
2005-09-02,0.555555556,0.040542867,0.040542867,0.040542867,0.040542867,0.094966762
2005-09-03,0.547008547,0.040542867,0.040542867,0.040542867,0.040542867,0.116334283
2005-09-04,0.547008547,0.040542867,0.040542867,0.040542867,0.040542867,0.111585945
2005-09-05,0.547008547,0.040542867,0.040542867,0.040542867,0.040542867,0.12345679
2005-09-06,0.547008547,0.040542867,0.040542867,0.040542867,0.040542867,0.180436847
2005-09-07,0.538461538,0.040542867,0.040542867,0.040542867,0.040542867,0.14957265
2005-09-08,0.538461538,0.040542867,0.040542867,0.040542867,0.040542867,0.121082621
2005-09-09,0.547008547,0.040542867,0.040542867,0.040542867,0.040542867,0.194681861
2005-09-10,0.564102564,0.040542867,0.040542867,0.040542867,0.040542867,0.284900285
2005-09-11,0.572649573,0.040542867,0.040542867,0.040542867,0.040542867,0.284900285
2005-09-12,0.572649573,0.040542867,0.040542867,0.040542867,0.040542867,0.284900285
2005-09-13,0.564102564,0.040542867,0.040542867,0.040542867,0.040542867,0.230294397
2005-09-14,0.555555556,0.040542867,0.040542867,0.040542867,0.040542867,0.17331434
2005-09-15,0.547008547,0.040542867,0.040542867,0.040542867,0.040542867,0.161443495
2005-09-16,0.52991453,0.040542867,0.040542867,0.040542867,0.040542867,0.166191833
2005-09-17,0.538461538,0.040542867,0.040542867,0.040542867,0.040542867,0.175688509
2005-09-18,0.547008547,0.040542867,0.040542867,0.040542867,0.040542867,0.17331434
2005-09-19,0.521367521,0.040542867,0.040542867,0.040542867,0.040542867,0.175688509
2005-09-20,0.495726496,0.042134774,0.042134774,0.042134774,0.042134774,0.175688509
2005-09-21,0.495726496,0.039798805,0.039798805,0.039798805,0.039798805,0.175688509
2005-09-22,0.504273504,0.040542867,0.040542867,0.040542867,0.040542867,0.17331434
2005-09-23,0.487179487,0.040542867,0.040542867,0.040542867,0.040542867,0.201804368
2005-09-24,0.504273504,0.040542867,0.040542867,0.040542867,0.040542867,0.154320988
2005-09-25,0.504273504,0.040542867,0.040542867,0.040542867,0.040542867,0.163817664
2005-09-26,0.547008547,0.07278899,0.07278899,0.07278899,0.07278899,0.180436847
2005-09-27,0.752136752,0.089366859,0.089366859,0.089366859,0.089366859,0.187559354
2005-09-28,0.581196581,0.086661823,0.086661823,0.086661823,0.086661823,0.232668566
2005-09-29,0.52991453,0.086337932,0.086337932,0.086337932,0.086337932,0.163817664
2005-09-30,0.512820513,0.081999658,0.081999658,0.081999658,0.081999658,0.161443495
2005-10-01,0.504273504,0.073643178,0.073643178,0.073643178,0.073643178,0.142450142
2005-10-02,0.538461538,0.075211149,0.075211149,0.075211149,0.075211149,0.130579297
2005-10-03,0.564102564,0.073494358,0.073494358,0.073494358,0.073494358,0.132953466
2005-10-04,0.564102564,0.071111402,0.071111402,0.071111402,0.071111402,0.137701804
2005-10-05,0.538461538,0.068805709,0.068805709,0.068805709,0.068805709,0.132953466
2005-10-06,0.52991453,0.066846823,0.066846823,0.066846823,0.066846823,0.137701804
2005-10-07,0.512820513,0.066574776,0.066574776,0.066574776,0.066574776,0.144824311
2005-10-08,0.504273504,0.066722996,0.066722996,0.066722996,0.066722996,0.261158594
2005-10-09,0.512820513,0.065613227,0.065613227,0.065613227,0.065613227,0.147198481
2005-10-10,0.504273504,0.064416178,0.064416178,0.064416178,0.064416178,0.130579297
2005-10-11,0.521367521,0.063296167,0.063296167,0.063296167,0.063296167,0.12345679
2005-10-12,0.504273504,0.062327569,0.062327569,0.062327569,0.062327569,0.128205128
2005-10-13,0.487179487,0.060306681,0.060306681,0.060306681,0.060306681,0.125830959
2005-10-14,0.478632479,0.058351317,0.058351317,0.058351317,0.058351317,0.113960114
2005-10-15,0.58974359,0.1135133,0.1135133,0.1135133,0.1135133,0.130579297
2005-10-16,0.564102564,0.112809565,0.112809565,0.112809565,0.112809565,0.104463438
2005-10-17,0.504273504,0.110500188,0.109570354,0.10850874,0.107233689,0.087844255
2005-10-18,0.504273504,0.108221973,0.106422601,0.104368216,0.101900798,0.097340931
2005-10-19,0.52991453,0.105975325,0.103363781,0.10038212,0.096800997,0.078347578
2005-10-20,0.538461538,0.103760594,0.100391436,0.09654479,0.091924777,0.078347578
2005-10-21,0.555555556,0.101578071,0.097503174,0.092850769,0.087263,0.080721747
2005-10-22,0.52991453,0.099427995,0.094696666,0.089294799,0.082806887,0.075973409
2005-10-23,0.52991453,0.097310558,0.091969649,0.08587181,0.078548002,0.071225071
2005-10-24,0.538461538,0.095225903,0.089319918,0.082576918,0.07447824,0.080721747
2005-10-25,0.547008547,0.09317413,0.086745328,0.079405414,0.070589814,0.111585945
2005-10-26,0.581196581,0.212571419,0.196453989,0.178052346,0.155951057,0.075973409
2005-10-27,0.632478632,0.210087316,0.192755878,0.172968173,0.149202156,0.068850902
2005-10-28,0.581196581,0.288183062,0.262526745,0.233234333,0.198052691,0.094966762
2005-10-29,0.581196581,0.336096169,0.304025772,0.267410257,0.223433204,0.071225071
2005-10-30,0.581196581,0.29438363,0.26445126,0.23027678,0.18923153,0.066476733
2005-10-31,0.581196581,0.274600536,0.244997093,0.211198156,0.170603954,0.068850902
2005-11-01,0.581196581,0.231218614,0.204904442,0.174860943,0.138777207,0.087844255
2005-11-02,0.58974359,0.231267413,0.203588194,0.171986188,0.134030609,0.130579297
2005-11-03,0.58974359,0.235988281,0.206384839,0.172585902,0.131991699,0.121082621
2005-11-04,0.786324786,0.381396984,0.331400059,0.27431741,0.205758312,0.175688509
2005-11-05,0.692307692,0.312985333,0.270224805,0.221404118,0.162768048,0.132953466
2005-11-06,0.641025641,0.267457061,0.229465976,0.186090674,0.13399478,0.125830959
2005-11-07,0.641025641,0.319185901,0.27214932,0.218446565,0.153946887,0.125830959
2005-11-08,0.735042735,0.689196611,0.584038604,0.46397727,0.31977764,0.132953466
2005-11-09,0.632478632,0.387961987,0.32678135,0.256929998,0.173035054,0.128205128
2005-11-10,0.572649573,0.389130461,0.325811986,0.253519816,0.166693327,0.12345679
2005-11-11,0.572649573,0.348213293,0.289837309,0.223188094,0.143139075,0.121082621
2005-11-12,0.572649573,0.325909113,0.26969646,0.205517172,0.128434658,0.121082621
2005-11-13,0.564102564,0.198297554,0.163154075,0.123029951,0.074838884,0.118708452
2005-11-14,0.555555556,0.199451395,0.16317396,0.121755172,0.072009148,0.12345679
2005-11-15,0.52991453,0.194739592,0.158428018,0.116970253,0.067177417,0.125830959
2005-11-16,0.538461538,0.18842542,0.153291201,0.113177649,0.064999279,0.125830959
2005-11-17,0.52991453,0.182315977,0.148320938,0.109508014,0.062891764,0.130579297
2005-11-18,0.504273504,0.176404624,0.143511829,0.105957363,0.060852582,0.132953466
2005-11-19,0.401709402,0.156950941,0.127685522,0.094272516,0.054141835,0.128205128
2005-11-20,0.384615385,0.151758889,0.123461592,0.091153912,0.052350783,0.128205128
2005-11-21,0.367521368,0.141165477,0.114843451,0.084790984,0.048696477,0.130579297
2005-11-22,0.358974359,0.127011017,0.103328263,0.076289114,0.043813752,0.132953466
2005-11-23,0.333333333,0.122633875,0.099767293,0.073659985,0.042303812,0.125830959
2005-11-24,0.316239316,0.116426766,0.094717575,0.069931688,0.040162606,0.116334283
2005-11-25,0.786324786,0.560175569,0.455723998,0.336469218,0.193238301,0.878442545
2005-11-26,0.623931624,1.744812775,1.41947114,1.048021054,0.601891041,0.332383666
2005-11-27,0.393162393,0.618995506,0.50357624,0.371799389,0.213528841,0.237416904
2005-11-28,0.401709402,0.566563084,0.460920483,0.340305876,0.19544174,0.664767331
2005-11-29,1.452991453,2.260531424,1.839027754,1.357787242,0.779793472,0.474833808
2005-11-30,1.025641026,2.855612271,2.323148515,1.715222301,0.985072706,0.227920228
2005-12-01,3.931623932,50.13184031,40.7841469,30.11166864,17.29349188,3.537511871
2005-12-02,3.58974359,29.3570233,23.88304805,17.63328361,10.12700593,1.994301994
2005-12-03,2.478632479,5.566748901,4.528760634,3.343665368,1.92030706,0.403608737
2005-12-04,1.709401709,3.105490814,2.526434154,1.865311741,1.07127087,0.261158594
2005-12-05,1.282051282,2.351277294,1.912852949,1.41229371,0.81109719,0.237416904
2005-12-06,1.025641026,1.927703948,1.568260022,1.157874559,0.664981225,0.140075973
2005-12-07,0.811965812,1.782294698,1.449964102,1.070534555,0.614820814,0.121082621
2005-12-08,0.743589744,1.848353235,1.503705218,1.110212587,0.637608383,0.128205128
2005-12-09,0.58974359,1.755647999,1.428286005,1.054529227,0.605628763,0.121082621
2005-12-10,0.504273504,1.570433838,1.277607284,0.943280419,0.54173724,0.111585945
2005-12-11,0.435897436,1.464605001,1.191511525,0.879714373,0.505230499,0.113960114
2005-12-12,0.324786325,1.431785854,1.164811908,0.860001566,0.493909198,0.121082621
2005-12-13,0.282051282,1.299508808,1.057199532,0.780549415,0.448278876,0.121082621
2005-12-14,0.256410256,1.220156515,0.992643443,0.732886494,0.42090549,0.118708452
2005-12-15,0.239316239,1.19372548,0.971140797,0.717010704,0.411787833,0.12345679
2005-12-16,0.222222222,1.08790918,0.885055237,0.653452188,0.375285416,0.116334283
2005-12-17,0.213675214,1.061474766,0.863549842,0.637574368,0.366166594,0.237416904
2005-12-18,4.444444444,3.892791623,3.166933119,2.338203639,1.342858349,7.644824311
2005-12-19,3.333333333,20.21902435,16.44894052,12.14454841,6.974759578,1.875593542
2005-12-20,3.162393162,10.34923286,8.419492095,6.216262331,3.570073894,0.379867047
2005-12-21,3.675213675,26.62254574,21.6584472,15.99082082,9.183719881,0.973409307
2005-12-22,7.094017094,134.8994582,109.745808,81.0273024,46.53495005,2.184235518
2005-12-23,5.641025641,39.6412188,32.24962979,23.81048127,13.67464452,0.949667616
2005-12-24,4.444444444,14.5036481,11.79926591,8.711610083,5.00318199,0.261158594
2005-12-25,4.444444444,11.03732944,8.979284668,6.629567248,3.807439858,1.851851852
2005-12-26,7.863247863,10.34937959,8.419611471,6.216350468,3.570124513,5.626780627
2005-12-27,5.982905983,10.98445476,8.936269121,6.597808096,3.789200197,1.258309592
2005-12-28,9.401709402,64.2497239,52.2695788,38.59156943,22.16360045,3.679962013
2005-12-29,17.43589744,17.97011091,14.61936444,10.79373951,6.19897385,1.258309592
2005-12-30,32.39316239,75.09863183,61.09557546,45.10796138,25.90604238,3.062678063
2005-12-31,129.0598291,255.5601361,207.90783,153.5020875,88.15808698,29.43969611
2006-01-01,42.73504274,25.77601425,20.96976184,15.48235204,8.891700171,6.552706553
2006-01-02,35.8974359,18.44643979,15.00687598,11.07984624,6.363288376,13.72269706
2006-01-03,20.51282051,10.03197678,8.161392283,6.025702601,3.46063316,5.104463438
2006-01-04,15.12820513,7.94160401,6.460795027,4.770121083,2.739537659,4.582146249
2006-01-05,11.88034188,7.782861046,6.331651626,4.674772189,2.684777647,3.038936372
2006-01-06,9.829059829,6.936137824,5.642810282,4.166188245,2.392691798,1.923076923
2006-01-07,8.717948718,6.221717745,5.061602544,3.737072127,2.146245273,1.353276353
2006-01-08,7.264957265,5.189774036,4.222077333,3.117235575,1.790265719,0.617283951
2006-01-09,6.153846154,4.925184644,4.006823862,2.958310069,1.698992898,0.498575499
2006-01-10,5.299145299,4.845823623,3.942260673,2.910641906,1.671616501,0.522317189
2006-01-11,4.957264957,7.915265261,6.439367459,4.754300725,2.730451838,0.59354226
2006-01-12,4.444444444,7.677147047,6.245649292,4.61127512,2.64831052,0.546058879
2006-01-13,3.931623932,5.877846941,4.781850649,3.530526274,2.027623516,0.403608737
2006-01-14,4.188034188,5.560329001,4.523537804,3.339809258,1.91809245,1.234567901
2006-01-15,3.675213675,5.057599699,4.114548514,3.037845116,1.744670827,0.617283951
2006-01-16,3.247863248,4.528409768,3.684032504,2.719987408,1.562121339,0.379867047
2006-01-17,3.076923077,4.487170481,3.640094541,2.68754722,1.543490551,0.379867047
2006-01-18,4.017094017,4.65845751,3.768317638,2.782216637,1.597860331,1.471984805
2006-01-19,3.162393162,4.163881255,3.358705062,2.479792311,1.424174419,0.664767331
2006-01-20,2.820512821,3.960772924,3.185844163,2.352166002,1.350877102,0.474833808
2006-01-21,2.64957265,3.568933895,2.862575867,2.113491209,1.21380331,0.403608737
2006-01-22,2.564102564,3.309384885,2.646930579,1.954276417,1.122364348,0.332383666
2006-01-23,2.393162393,3.237074036,2.581829225,1.906210918,1.094759757,0.308641975
2006-01-24,2.307692308,3.272387673,2.602687696,1.921611102,1.103604267,0.284900285
2006-01-25,2.222222222,3.334933566,2.645024732,1.952869296,1.121556222,0.237416904
2006-01-26,2.136752137,3.261984673,2.579957189,1.90482876,1.093965967,0.332383666
2006-01-27,2.051282051,3.079760368,2.429060446,1.793418983,1.029981998,0.284900285
2006-01-28,2.051282051,3.033001271,2.385544743,1.761290558,1.011530258,0.261158594
2006-01-29,2.564102564,3.040689179,2.384972262,1.760867884,1.011287512,0.451092118
2006-01-30,3.247863248,3.514624983,2.749092558,2.029704443,1.165683567,0.546058879
2006-01-31,3.760683761,3.660970351,2.855672321,2.108394197,1.210876035,0.59354226
2006-02-01,3.675213675,3.973112057,3.09063326,2.281870081,1.310505312,0.522317189
2006-02-02,7.264957265,17.35783563,13.4654052,9.941750662,5.709666455,0.546058879
2006-02-03,6.752136752,13.91065141,10.76170792,7.945562368,4.563231614,0.403608737
2006-02-04,7.521367521,11.55693807,8.916390194,6.583131127,3.780771038,0.356125356
2006-02-05,7.008547009,8.300459781,6.386510503,4.715275484,2.708039175,0.308641975
2006-02-06,5.897435897,6.311530705,4.842995042,3.575670279,2.053550259,0.284900285
2006-02-07,5.299145299,5.599712179,4.285144812,3.163799428,1.817007897,0.261158594
2006-02-08,4.871794872,5.529394391,4.21988343,3.115615777,1.789335449,0.237416904
2006-02-09,4.615384615,5.599257043,4.261661811,3.146461507,1.807050521,0.213675214
2006-02-10,4.273504274,5.641199946,4.282016656,3.161489854,1.815681481,0.180436847
2006-02-11,4.017094017,5.768055709,4.366537193,3.223892886,1.85152029,0.168566002
2006-02-12,3.760683761,5.867132707,4.429625921,3.270472427,1.878271478,0.159069326
2006-02-13,3.504273504,6.25054939,4.706470122,3.474871477,1.9956603,0.147198481
2006-02-14,3.333333333,6.550383906,4.919062975,3.631832601,2.085804953,0.137701804
2006-02-15,3.162393162,5.525898086,4.174110898,3.080667724,1.756016481,0.128205128
2006-02-16,2.905982906,4.45524514,3.385239255,2.497513595,1.412879741,0.12345679
2006-02-17,2.820512821,4.180058836,3.194979632,2.356266377,1.32285657,0.182811016
2006-02-18,2.735042735,3.851738367,2.96156876,2.183313468,1.216389321,0.175688509
2006-02-19,2.564102564,3.443393954,2.663438186,1.962795521,1.085116719,0.783475783
2006-02-20,2.393162393,3.177072529,2.472211138,1.821194537,0.999031177,0.261158594
2006-02-21,2.307692308,3.050591189,2.388123255,1.758595844,0.957163463,0.168566002
2006-02-22,2.136752137,2.952581324,2.32541675,1.711783383,0.924361702,0.159069326
2006-02-23,2.051282051,2.936891735,2.32715388,1.712426723,0.917389008,0.142450142
2006-02-24,1.88034188,2.975240284,2.3719723,1.744759506,0.927257727,0.137701804
2006-02-25,1.794871795,3.039863505,2.438396659,1.792955701,0.945218835,0.121082621
2006-02-26,1.965811966,3.424271997,2.763717611,2.031413315,1.062265788,0.712250712
2006-02-27,9.487179487,68.78039687,55.85702549,41.04138766,21.28642828,3.323836657
2006-02-28,19.4017094,71.04775151,58.05824415,42.64301571,21.93551743,2.682811016
2006-03-01,10.68376068,17.25221755,14.18638612,10.41587475,5.313587849,1.210826211
2006-03-02,8.717948718,11.17100161,9.243687609,6.784367586,3.432148939,1.614434948
2006-03-03,7.777777778,8.587550618,7.150919733,5.246459554,2.631841767,1.18708452
2006-03-04,6.324786325,7.169614882,6.008155601,4.406422035,2.191733886,0.664767331
2006-03-05,5.726495726,5.947023657,5.015465132,3.677026875,1.813334612,1.258309592
2006-03-06,5.641025641,5.581217709,4.737184827,3.471736575,1.697375693,8.808167142
2006-03-07,5.213675214,4.990445595,4.263087797,3.123142032,1.51371173,3.157644824
2006-03-08,4.615384615,4.633491493,3.983830358,2.917490794,1.401686277,1.7331434
2006-03-09,4.358974359,4.280297824,3.704145722,2.711677867,1.291333605,0.949667616
2006-03-10,4.188034188,4.230632391,3.68515054,2.696788062,1.272842939,0.664767331
2006-03-11,3.846153846,3.982592624,3.491934796,2.554461932,1.194876865,0.403608737
2006-03-12,3.504273504,3.638409272,3.211269013,2.34829092,1.088526108,0.617283951
2006-03-13,3.247863248,3.371615888,2.995593678,2.189778519,1.005813178,0.474833808
2006-03-14,3.247863248,3.376114776,3.019650266,2.206562239,1.004222276,2.706552707
2006-03-15,2.905982906,3.210538309,2.890860042,2.111684469,0.952149166,1.923076923
2006-03-16,2.820512821,3.022620242,2.74004619,2.000794299,0.893728986,0.830959164
2006-03-17,2.905982906,2.990183235,2.73964778,2.004437391,0.928195341,1.258309592
2006-03-18,2.64957265,2.839808517,2.630024507,1.928010318,0.924277054,0.712250712
2006-03-19,2.478632479,2.738672022,2.564111328,1.8833751,0.933512524,0.427350427
2006-03-20,2.393162393,2.546823849,2.410878635,1.774288682,0.908197981,2.255460589
2006-03-21,2.222222222,2.427015358,2.323181997,1.713088337,0.904535174,2.255460589
2006-03-22,2.136752137,2.331843297,2.257357109,1.667796251,0.907455891,0.830959164
2006-03-23,2.136752137,2.483472467,2.431687014,1.80009412,1.008300421,0.546058879
2006-03-24,2.222222222,2.917420579,2.889703907,2.143306667,1.234787184,0.427350427
2006-03-25,7.008547009,4.538268747,4.547895037,3.3797413,2.00091408,7.858499525
2006-03-26,5.897435897,3.860297399,3.914427759,2.914620352,1.771779086,1.638176638
2006-03-27,5.555555556,3.89893407,4.001138347,2.984946814,1.861708675,1.519468186
2006-03-28,6.666666667,3.872473912,4.022358168,3.006572809,1.922548571,1.543209877
2006-03-29,6.41025641,3.285464069,3.45469351,2.587242344,1.695011569,1.115859449
2006-03-30,6.239316239,2.855307486,3.039862287,2.280955142,1.530019832,0.641025641
2006-03-31,6.41025641,2.819226274,3.039404937,2.284995247,1.568336845,2.754036087
2006-04-01,5.897435897,2.649404251,2.892914736,2.179038631,1.529448356,3.774928775
2006-04-02,5.811965812,2.398315602,2.652745217,2.001963053,1.436137811,1.282051282
2006-04-03,21.28205128,12.01274094,13.46195334,10.17884471,7.458893699,5.555555556
2006-04-04,28.63247863,10.93180422,12.41399445,9.404387512,7.035883146,11.46723647
2006-04-05,20,6.506236325,7.48828437,5.683665833,4.339253421,7.00379867
2006-04-06,14.61538462,4.531561985,5.287062582,4.020560284,3.130883442,2.32668566
2006-04-07,12.47863248,4.450326867,5.264486016,4.011000437,3.184424934,1.614434948
2006-04-08,12.56410256,4.75083873,5.699250791,4.350486222,3.519867937,1.353276353
2006-04-09,11.36752137,3.985246527,4.849248351,3.708655113,3.056576074,0.783475783
2006-04-10,11.28205128,3.539647624,4.369602549,3.348148014,2.809834322,1.115859449
2006-04-11,12.22222222,3.33131092,4.17304774,3.203579174,2.73654574,1.661918329
2006-04-12,16.15384615,4.342991913,5.521790188,4.246979006,3.69129551,2.32668566
2006-04-13,15.64102564,4.985385969,6.434898768,4.958596286,4.383643111,1.13960114
2006-04-14,16.41025641,7.481750585,9.80619766,7.570650733,6.805176078,0.617283951
2006-04-15,17.86324786,9.489372625,12.63266721,9.771064536,8.927608086,0.403608737
2006-04-16,19.91452991,6.83061966,9.071774613,7.132907591,6.619478256,2.018043685
2006-04-17,15.98290598,4.857822164,6.436317704,5.144163384,4.846210367,1.234567901
2006-04-18,13.76068376,3.740306899,4.943741518,4.016173424,3.83892235,0.522317189
2006-04-19,12.47863248,3.853520358,5.080981262,4.195282951,4.066850117,0.356125356
2006-04-20,12.30769231,5.3583079,7.047703036,5.914210738,5.811593691,0.261158594
2006-04-21,13.58974359,7.488113939,9.824506804,8.378669941,8.342315705,0.211301045
2006-04-22,14.87179487,9.203061598,12.04417951,10.43847994,10.52647098,0.17331434
2006-04-23,13.5042735,8.374104272,10.93145141,9.627536216,9.829339233,0.132953466
2006-04-24,13.84615385,10.25931011,13.35795541,11.95465802,12.35229666,0.125830959
2006-04-25,14.52991453,10.8586294,14.10154825,12.82352141,13.40493234,0.121082621
2006-04-26,16.06837607,14.51169837,18.79608323,17.36743341,18.36082666,0.113960114
2006-04-27,17.52136752,16.92097928,21.85843668,20.52109517,21.93388456,0.109211776
2006-04-28,19.91452991,21.95533999,28.28558698,26.98025682,29.14640239,0.113960114
2006-04-29,20.68376068,23.55587921,30.26512566,29.32986169,32.01430352,0.102089269
2006-04-30,20.51282051,23.30070911,29.85498872,29.39403428,32.40897109,0.094966762
2006-05-01,19.48717949,20.15291213,25.74995262,25.75623994,28.67758377,0.090218424
2006-05-02,18.03418803,18.08795757,23.04650097,23.41880026,26.3248397,0.094966762
2006-05-03,16.66666667,16.34319056,20.76418561,21.43477409,24.31938454,0.087844255
2006-05-04,15.2991453,14.31151893,18.13058706,19.01305275,21.76777539,0.085470085
2006-05-05,14.35897436,14.89377957,18.81327339,20.04161922,23.14854003,0.087844255
2006-05-06,13.33333333,15.03694534,18.93814042,20.4940389,23.87541596,0.087844255
2006-05-07,12.82051282,16.05596803,20.16123613,22.16273455,26.0367644,0.090218424
2006-05-08,11.70940171,18.20556997,22.79146773,25.45009885,30.14425902,0.083095916
2006-05-09,11.11111111,17.09175484,21.33173272,24.19636755,28.88891967,0.083095916
2006-05-10,11.11111111,15.84052787,19.70899184,22.70868662,27.32478843,0.102089269
2006-05-11,10.25641026,18.39848818,22.82000268,26.70818716,32.38273579,0.087844255
2006-05-12,9.401709402,18.31471281,22.64413103,26.92054645,32.88371329,0.090218424
2006-05-13,8.547008547,19.38903792,23.89553068,28.8564962,35.5054211,0.085470085
2006-05-14,8.11965812,18.57943147,22.82339599,27.99664142,34.69284432,0.087844255
2006-05-15,7.948717949,20.07141422,24.57510934,30.62109803,38.20928451,0.085470085
2006-05-16,7.521367521,21.83433252,26.64458215,33.72372662,42.36736882,0.128205128
2006-05-17,7.179487179,21.71353005,26.65740899,34.16491239,43.16430155,0.085470085
2006-05-18,6.666666667,24.93361962,30.79919884,39.97010943,50.7789049,0.080721747
2006-05-19,6.324786325,18.84667669,23.42636626,30.78453698,39.32245088,0.109211776
2006-05-20,6.153846154,18.47633713,23.11282331,30.75467477,39.49450131,0.163817664
2006-05-21,6.495726496,15.69366774,19.7597281,26.62371371,34.36927906,0.204178538
2006-05-22,6.837606838,14.3010345,18.12580636,24.72942679,32.08869098,0.522317189
2006-05-23,6.068376068,11.02975307,14.07423034,19.44331665,25.35744051,0.14957265
2006-05-24,5.042735043,12.4083948,15.94265916,22.30158846,29.23007786,0.094966762
2006-05-25,4.358974359,13.23722761,17.12724737,24.2601082,31.95280682,0.230294397
2006-05-26,4.188034188,11.0363818,14.38214146,20.62813936,27.29998494,0.284900285
2006-05-27,4.188034188,8.915496186,11.70338583,16.99734138,22.60134665,0.284900285
2006-05-28,3.931623932,6.189033149,8.185078549,12.03725221,16.08042223,0.125830959
2006-05-29,3.846153846,6.066234403,8.083887244,12.03822011,16.15532892,0.083095916
2006-05-30,3.333333333,7.690733102,10.32854143,15.5747638,20.99548636,0.078347578
2006-05-31,3.162393162,9.523532952,12.89172472,19.68508451,26.65391569,0.07359924
2006-06-01,3.076923077,10.54389764,14.38896931,22.24864218,30.25628599,0.090218424
2006-06-02,2.905982906,10.29655898,14.1681323,22.18391563,30.29762179,0.080721747
2006-06-03,2.820512821,11.03704439,15.3159638,24.28434274,33.30623272,0.161443495
2006-06-04,2.735042735,11.35333013,15.89160258,25.51591946,35.14070794,0.0997151
2006-06-05,2.820512821,10.6126897,14.98675243,24.36789906,33.69686386,0.078347578
2006-06-06,2.735042735,9.817543504,13.98976267,23.03530104,31.98232644,0.078347578
2006-06-07,2.564102564,11.42586449,16.43285604,27.40160473,38.19532521,0.075973409
2006-06-08,2.564102564,7.771040978,11.28272632,19.05299529,26.66179866,0.078347578
2006-06-09,2.393162393,6.996784124,10.25751511,17.54223565,24.64209408,0.078347578
2006-06-10,2.307692308,6.3041647,9.334300751,16.16686822,22.79607908,0.085470085
2006-06-11,2.307692308,5.985008966,8.952312965,15.70322747,22.22493141,0.083095916
2006-06-12,2.222222222,5.653826447,8.54552936,15.181367,21.56531723,0.078347578
2006-06-13,2.307692308,4.533862855,6.926361621,12.46247979,17.76722688,0.090218424
2006-06-14,2.222222222,3.446808779,5.323694842,9.701736605,13.88072436,0.085470085
2006-06-15,2.222222222,3.611943109,5.641828297,10.41365807,14.95172133,0.092592593
2006-06-16,2.136752137,4.193864562,6.526688114,12.33286061,17.77569658,0.087844255
2006-06-17,2.051282051,4.4227396,6.85692121,13.26596064,19.1928491,0.144824311
2006-06-18,1.88034188,4.216312539,6.511607394,12.90002807,18.73240657,0.097340931
2006-06-19,1.88034188,3.67131264,5.647432797,11.45787529,16.69838968,0.083095916
2006-06-20,1.794871795,3.232392646,4.952027641,10.29076761,15.05055021,0.087844255
2006-06-21,1.709401709,3.265851697,4.982391081,10.60666613,15.56629312,0.102089269
2006-06-22,1.709401709,3.07234383,4.667075537,10.17959862,14.99019486,0.104463438
2006-06-23,1.709401709,2.857377718,4.321411033,9.658914373,14.2706863,0.106837607
2006-06-24,1.538461538,2.73455704,4.116943913,9.431282016,13.97969627,0.116334283
2006-06-25,1.538461538,2.342451127,3.510212728,8.243326166,12.25776788,0.094966762
2006-06-26,1.538461538,2.065908673,3.080998426,7.418537133,11.06576384,0.092592593
2006-06-27,1.452991453,1.768926189,2.625110246,6.482178909,9.69865451,0.097340931
2006-06-28,1.452991453,1.851322236,2.733472394,6.923542492,10.39010956,0.0997151
2006-06-29,1.452991453,1.633843883,2.399786549,6.236269025,9.386260419,0.0997151
2006-06-30,1.367521368,1.374443204,2.007935665,5.354808774,8.082824602,0.0997151
2006-07-01,1.282051282,1.139838965,1.655982744,4.533155118,6.861946782,0.0997151
2006-07-02,1.282051282,1.009292774,1.457953861,4.09782424,6.220202101,0.092592593
2006-07-03,1.196581197,0.836175101,1.200769239,3.466201738,5.275782565,0.090218424
2006-07-04,1.196581197,0.767482752,1.09542895,3.248547895,4.957723729,0.142450142
2006-07-05,1.196581197,0.69245456,0.982140472,2.993104543,4.579875225,0.097340931
2006-07-06,1.196581197,0.521934229,0.735485213,2.304117505,3.534714957,0.087844255
2006-07-07,1.111111111,0.469858958,0.657666834,2.118679728,3.258464276,0.083095916
2006-07-08,1.025641026,0.418305171,0.581448624,1.926873561,2.970839272,0.078347578
2006-07-09,1.025641026,0.339963343,0.469163205,1.599963509,2.472835529,0.080721747
2006-07-10,0.94017094,0.329104333,0.450803718,1.582661639,2.45196282,0.109211776
2006-07-11,0.94017094,0.281122516,0.382114625,1.381617553,2.145538039,0.080721747
2006-07-12,0.94017094,0.214096667,0.288687194,1.075484003,1.674007096,0.075973409
2006-07-13,0.854700855,0.201851914,0.269922025,1.036563258,1.617100301,0.080721747
2006-07-14,0.846153846,0.176584259,0.234102353,0.927158383,1.449660039,0.083095916
2006-07-15,0.811965812,0.119903035,0.157537671,0.643790273,1.0088148,0.071225071
2006-07-16,0.811965812,0.114824217,0.149462144,0.630574785,0.990244746,0.090218424
2006-07-17,0.837606838,0.118112921,0.150386719,0.598662157,0.933783698,0.097340931
2006-07-18,0.760683761,0.112554755,0.140496312,0.528597953,0.818734794,0.075973409
2006-07-19,0.735042735,0.10943958,0.134182608,0.477857426,0.734781685,0.071225071
2006-07-20,0.829059829,0.117002193,0.141140689,0.476418698,0.727065674,0.068850902
2006-07-21,0.829059829,0.091345464,0.108568062,0.347785883,0.526620229,0.066476733
2006-07-22,0.829059829,0.096000154,0.112560344,0.34257748,0.514533582,0.085470085
2006-07-23,0.829059829,0.090197034,0.104443073,0.302317197,0.450243841,0.085470085
2006-07-24,0.820512821,0.082332908,0.094244201,0.259689254,0.383372588,0.078347578
2006-07-25,0.709401709,0.076460303,0.086593176,0.227336392,0.332553139,0.07359924
2006-07-26,0.700854701,0.07031889,0.078853042,0.197390388,0.286006482,0.083095916
2006-07-27,0.709401709,0.073202993,0.081333915,0.194270506,0.27869959,0.07359924
2006-07-28,0.717948718,0.06693896,0.073737058,0.168161033,0.238750463,0.071225071
2006-07-29,0.752136752,0.058229063,0.063628571,0.138626453,0.194693334,0.083095916
2006-07-30,0.786324786,0.059640799,0.064681496,0.134695597,0.187036706,0.083095916
2006-07-31,0.786324786,0.059428564,0.063996293,0.12744097,0.174870912,0.056980057
2006-08-01,0.777777778,0.05914961,0.06327258,0.120539666,0.163351367,0.059354226
2006-08-02,0.735042735,0.058809191,0.062514169,0.113975436,0.152446826,0.064102564
2006-08-03,0.752136752,0.05936206,0.062728295,0.109484506,0.144438491,0.128205128
2006-08-04,0.726495726,0.06118162,0.064288914,0.107448493,0.139713711,0.085470085
2006-08-05,0.726495726,0.063001181,0.065849534,0.105412481,0.134988931,0.080721747
2006-08-06,0.735042735,0.064820742,0.067410153,0.103376469,0.13026415,0.087844255
2006-08-07,0.760683761,0.066640302,0.068970773,0.101340457,0.12553937,0.075973409
2006-08-08,0.760683761,0.068459863,0.070531392,0.099304445,0.12081459,0.07359924
2006-08-09,0.743589744,0.070279423,0.072092012,0.097268433,0.11608981,0.087844255
2006-08-10,0.777777778,0.072098984,0.073652631,0.09523242,0.111365029,0.125830959
2006-08-11,0.769230769,0.073918545,0.07521325,0.093196408,0.106640249,0.12345679
2006-08-12,0.769230769,0.075738105,0.07677387,0.091160396,0.101915469,0.106837607
2006-08-13,0.760683761,0.077557666,0.078334489,0.089124384,0.097190688,0.116334283
2006-08-14,0.777777778,0.079377226,0.079895109,0.087088372,0.092465908,0.0997151
2006-08-15,0.769230769,0.081196787,0.081455728,0.08505236,0.087741128,0.102089269
2006-08-16,0.769230769,0.083016348,0.083016348,0.083016348,0.083016348,0.121082621
2006-08-17,0.760683761,0.083016348,0.083016348,0.083016348,0.083016348,0.144824311
2006-08-18,0.743589744,0.083016348,0.083016348,0.083016348,0.083016348,0.132953466
2006-08-19,0.726495726,0.083016348,0.083016348,0.083016348,0.083016348,0.137701804
2006-08-20,0.726495726,0.083016348,0.083016348,0.083016348,0.083016348,0.125830959
2006-08-21,0.717948718,0.083016348,0.083016348,0.083016348,0.083016348,0.0997151
2006-08-22,0.700854701,0.083016348,0.083016348,0.083016348,0.083016348,0.137701804
2006-08-23,0.675213675,0.083016348,0.083016348,0.083016348,0.083016348,0.104463438
2006-08-24,0.658119658,0.083016348,0.083016348,0.083016348,0.083016348,0.106837607
2006-08-25,0.64957265,0.083016348,0.083016348,0.083016348,0.083016348,0.128205128
2006-08-26,0.658119658,0.083016348,0.083016348,0.083016348,0.083016348,0.118708452
2006-08-27,0.64957265,0.083016348,0.083016348,0.083016348,0.083016348,0.118708452
2006-08-28,0.632478632,0.083016348,0.083016348,0.083016348,0.083016348,0.130579297
2006-08-29,0.632478632,0.083016348,0.083016348,0.083016348,0.083016348,0.12345679
2006-08-30,0.632478632,0.083016348,0.083016348,0.083016348,0.083016348,0.111585945
2006-08-31,0.623931624,0.083016348,0.083016348,0.083016348,0.083016348,0.111585945
2006-09-01,0.606837607,0.083016348,0.083016348,0.083016348,0.083016348,0.087844255
2006-09-02,0.58974359,0.083016348,0.083016348,0.083016348,0.083016348,0.075973409
2006-09-03,0.581196581,0.083016348,0.083016348,0.083016348,0.083016348,0.087844255
2006-09-04,0.581196581,0.083016348,0.083016348,0.083016348,0.083016348,0.075973409
2006-09-05,0.555555556,0.083016348,0.083016348,0.083016348,0.083016348,0.068850902
2006-09-06,0.52991453,0.083016348,0.083016348,0.083016348,0.083016348,0.071225071
2006-09-07,0.538461538,0.083016348,0.083016348,0.083016348,0.083016348,0.090218424
2006-09-08,0.538461538,0.083016348,0.083016348,0.083016348,0.083016348,0.07359924
2006-09-09,0.555555556,0.083016348,0.083016348,0.083016348,0.083016348,0.068850902
2006-09-10,0.572649573,0.083016348,0.083016348,0.083016348,0.083016348,0.071225071
2006-09-11,0.555555556,0.083016348,0.083016348,0.083016348,0.083016348,0.068850902
2006-09-12,0.52991453,0.083016348,0.083016348,0.083016348,0.083016348,0.059354226
2006-09-13,0.478632479,0.083016348,0.083016348,0.083016348,0.083016348,0.059354226
2006-09-14,0.435897436,0.083016348,0.083016348,0.083016348,0.083016348,0.059354226
2006-09-15,0.504273504,0.083016348,0.083016348,0.083016348,0.083016348,0.04985755
2006-09-16,0.555555556,0.083016348,0.083016348,0.083016348,0.083016348,0.045109212
2006-09-17,0.521367521,0.083016348,0.083016348,0.083016348,0.083016348,0.045109212
2006-09-18,0.487179487,0.083016348,0.083016348,0.083016348,0.083016348,0.04985755
2006-09-19,0.47008547,0.083016348,0.083016348,0.083016348,0.083016348,0.085470085
2006-09-20,0.47008547,0.083016348,0.083016348,0.083016348,0.083016348,0.068850902
2006-09-21,0.47008547,0.083016348,0.083016348,0.083016348,0.083016348,0.061728395
2006-09-22,0.47008547,0.083016348,0.083016348,0.083016348,0.083016348,0.059354226
2006-09-23,0.444444444,0.083016348,0.083016348,0.083016348,0.083016348,0.068850902
2006-09-24,0.444444444,0.083016348,0.083016348,0.083016348,0.083016348,0.092592593
2006-09-25,0.444444444,0.083016348,0.083016348,0.083016348,0.083016348,0.094966762
2006-09-26,0.444444444,0.083016348,0.083016348,0.083016348,0.083016348,0.083095916
2006-09-27,0.435897436,0.083016348,0.083016348,0.083016348,0.083016348,0.078347578
2006-09-28,0.427350427,0.083016348,0.083016348,0.083016348,0.083016348,0.080721747
2006-09-29,0.427350427,0.083016348,0.083016348,0.083016348,0.083016348,0.097340931
2006-09-30,0.435897436,0.083016348,0.083016348,0.083016348,0.083016348,0.097340931
2006-10-01,0.444444444,0.083016348,0.083016348,0.083016348,0.083016348,0.071225071
2006-10-02,0.512820513,0.083016348,0.083016348,0.083016348,0.083016348,0.075973409
2006-10-03,0.547008547,0.083016348,0.083016348,0.083016348,0.083016348,0.080721747
2006-10-04,0.555555556,0.083016348,0.083016348,0.083016348,0.083016348,0.104463438
2006-10-05,0.803418803,0.08288733,0.08288733,0.08288733,0.08288733,0.379867047
2006-10-06,0.64957265,0.120884179,0.120884179,0.120884179,0.120884179,0.227920228
2006-10-07,0.581196581,0.119336302,0.119336302,0.119336302,0.119336302,0.135327635
2006-10-08,0.52991453,0.114897661,0.114897661,0.114897661,0.114897661,0.130579297
2006-10-09,0.52991453,0.110624114,0.110624114,0.110624114,0.110624114,0.094966762
2006-10-10,0.52991453,0.106509518,0.106509518,0.106509518,0.106509518,0.075973409
2006-10-11,0.52991453,0.102547962,0.102547962,0.102547962,0.102547962,0.116334283
2006-10-12,0.52991453,0.098733754,0.098733754,0.098733754,0.098733754,0.130579297
2006-10-13,0.538461538,0.095061413,0.095061413,0.095061413,0.095061413,0.097340931
2006-10-14,0.538461538,0.091525662,0.091525662,0.091525662,0.091525662,0.092592593
2006-10-15,0.538461538,0.088121421,0.088121421,0.088121421,0.088121421,0.113960114
2006-10-16,0.538461538,0.139004117,0.139004117,0.139004117,0.139004117,0.121082621
2006-10-17,0.538461538,0.140447296,0.13913941,0.138317411,0.136866912,0.118708452
2006-10-18,0.538461538,0.136739094,0.134220615,0.132637764,0.129844668,0.128205128
2006-10-19,0.547008547,0.133112444,0.129475235,0.127189268,0.123155455,0.130579297
2006-10-20,0.547008547,0.129566407,0.124897174,0.121962585,0.116784215,0.130579297
2006-10-21,0.547008547,0.126100005,0.12048055,0.116948752,0.110716547,0.147198481
2006-10-22,0.547008547,0.12271222,0.116219688,0.112139166,0.104938683,0.14957265
2006-10-23,0.555555556,0.119401998,0.112109111,0.10752557,0.09943746,0.132953466
2006-10-24,0.555555556,0.116168256,0.108143533,0.103100038,0.094200292,0.137701804
2006-10-25,0.555555556,0.113009886,0.104317856,0.098854962,0.089215146,0.128205128
2006-10-26,0.555555556,0.109925752,0.100627158,0.094783041,0.08447052,0.140075973
2006-10-27,0.538461538,0.106914704,0.097066691,0.090877268,0.079955419,0.144824311
2006-10-28,0.538461538,0.10397557,0.093631873,0.087130915,0.075659333,0.166191833
2006-10-29,0.538461538,0.101107166,0.090318282,0.083537527,0.071572215,0.168566002
2006-10-30,0.547008547,0.098308297,0.087121653,0.080090908,0.067684463,0.151946819
2006-10-31,0.555555556,0.097131868,0.085404338,0.078033649,0.06502734,0.161443495
2006-11-01,0.555555556,0.098072903,0.085563538,0.077701469,0.063828072,0.19705603
2006-11-02,1.025641026,0.276317964,0.239226243,0.215914294,0.174778061,0.854700855
2006-11-03,1.025641026,0.30218945,0.259643064,0.232902887,0.185717208,0.332383666
2006-11-04,0.820512821,0.298022632,0.254144903,0.226567984,0.177905791,0.194681861
2006-11-05,0.717948718,0.28961407,0.245144887,0.217196242,0.167878102,0.104463438
2006-11-06,0.675213675,0.281418719,0.236462781,0.208208213,0.158350242,0.104463438
2006-11-07,0.64957265,0.273432352,0.228087387,0.199588318,0.149298901,0.104463438
2006-11-08,0.726495726,0.374829358,0.310427947,0.269952005,0.198528212,0.102089269
2006-11-09,0.709401709,0.289789285,0.238297248,0.205934778,0.148828007,0.097340931
2006-11-10,0.675213675,0.24281714,0.19827071,0.170273517,0.120869707,0.078347578
2006-11-11,0.803418803,0.309951696,0.25133223,0.214490209,0.149478829,0.261158594
2006-11-12,0.769230769,0.284928932,0.22945499,0.194589914,0.133067048,0.087844255
2006-11-13,0.94017094,0.41049246,0.328325188,0.276683496,0.185556637,0.712250712
2006-11-14,1.623931624,3.73423743,2.966673295,2.48426333,1.633003371,0.225546059
2006-11-15,0.94017094,1.192150043,0.940800774,0.7828291,0.5040725,0.161443495
2006-11-16,0.803418803,0.414681927,0.327251658,0.2723022,0.175338462,0.118708452
2006-11-17,0.760683761,0.517486316,0.408381084,0.339809027,0.218806871,0.102089269
2006-11-18,0.726495726,0.583776803,0.460695087,0.383338885,0.246836238,0.097340931
2006-11-19,0.717948718,0.401571636,0.3169055,0.263693286,0.169795085,0.097340931
2006-11-20,0.700854701,0.286330497,0.225961451,0.188019827,0.121068091,0.097340931
2006-11-21,0.709401709,0.29828425,0.235394911,0.195869297,0.126122453,0.094966762
2006-11-22,0.666666667,0.581694882,0.459052112,0.381971786,0.245955947,0.07359924
2006-11-23,0.794871795,0.595406791,0.469873044,0.390975754,0.251753704,0.092592593
2006-11-24,0.760683761,0.557408143,0.439885915,0.366023822,0.235686873,0.094966762
2006-11-25,0.726495726,0.479847682,0.378678065,0.3150935,0.202892264,0.0997151
2006-11-26,0.769230769,0.428158707,0.337887035,0.28115177,0.181036801,0.211301045
2006-11-27,0.803418803,0.45407229,0.358337077,0.298168007,0.191993748,0.170940171
2006-11-28,0.777777778,0.425661761,0.335916537,0.279512143,0.179981026,0.14957265
2006-11-29,0.94017094,0.428284984,0.337986688,0.281234691,0.181090194,0.118708452
2006-11-30,0.700854701,0.392113009,0.309441102,0.257482249,0.165795728,0.109211776
2006-12-01,0.692307692,0.392924154,0.310081227,0.258014889,0.166138702,0.104463438
2006-12-02,0.666666667,0.41105636,0.324390494,0.26992146,0.173805477,0.102089269
2006-12-03,0.666666667,0.408491409,0.32236633,0.268237177,0.172720948,0.094966762
2006-12-04,0.658119658,0.40851006,0.322381049,0.268249424,0.172728834,0.102089269
2006-12-05,0.666666667,0.421470265,0.332608763,0.276759784,0.178208751,0.113960114
2006-12-06,0.658119658,0.426662855,0.336706564,0.280169515,0.180404315,0.0997151
2006-12-07,0.64957265,0.452555824,0.357140338,0.297172214,0.191352546,0.102089269
2006-12-08,0.658119658,0.452574117,0.357154775,0.297184227,0.191360281,0.156695157
2006-12-09,1.111111111,0.840667884,0.663424039,0.552027227,0.355456567,3.51377018
2006-12-10,1.196581197,1.17701549,0.928857144,0.772890948,0.497673212,2.35042735
2006-12-11,0.94017094,0.918322441,0.724706146,0.603019338,0.388290963,0.59354226
2006-12-12,1.367521368,1.435775157,1.133060714,0.942806302,0.607083627,1.661918329
2006-12-13,1.623931624,5.420007058,4.277269348,3.559064792,2.291722022,0.712250712
2006-12-14,1.452991453,13.46605889,10.62691622,8.842530199,5.693805079,0.232668566
2006-12-15,1.794871795,10.05104591,7.931914136,6.600051116,4.249847467,0.147198481
2006-12-16,1.452991453,4.20411329,3.317730903,2.7606443,1.777610049,0.140075973
2006-12-17,1.196581197,2.703586942,2.13357094,1.775318924,1.143147909,0.128205128
2006-12-18,1.111111111,1.849851036,1.459834102,1.214710538,0.782165837,0.087844255
2006-12-19,1.196581197,1.642902271,1.296517781,1.078816977,0.694662438,0.075973409
2006-12-20,0.94017094,1.33246426,1.051531571,0.874966874,0.563401054,0.12345679
2006-12-21,1.282051282,1.435973778,1.133217458,0.942936727,0.60716761,1.020892688
2006-12-22,1.538461538,1.513606197,1.194482096,0.993914301,0.639992645,0.664767331
2006-12-23,1.196581197,1.306655807,1.031164493,0.858019672,0.552488559,0.261158594
2006-12-24,1.111111111,1.229059313,0.969928207,0.807065689,0.519678713,0.161443495
2006-12-25,1.025641026,1.177337938,0.929111608,0.773102684,0.497809551,0.154320988
2006-12-26,1.111111111,1.229098872,0.969959425,0.807091665,0.51969544,1.424501425
2006-12-27,1.965811966,1.539578194,1.214978236,1.010968894,0.650974291,2.065527066
2006-12-28,1.367521368,1.591339128,1.255826053,1.044957875,0.67286018,0.498575499
2006-12-29,1.196581197,1.384388839,1.09250853,0.909063313,0.585356136,0.211301045
2006-12-30,1.111111111,1.151563431,0.90877132,0.756177772,0.486911409,0.140075973
2006-12-31,1.111111111,1.151584926,0.908788282,0.756191887,0.486920498,0.144824311
2007-01-01,1.025641026,1.099848993,0.867960195,0.722219323,0.46504518,0.128205128
2007-01-02,1.025641026,1.099869,0.867975984,0.72223246,0.465053639,0.125830959
2007-01-03,1.025641026,1.255119491,0.990493937,0.824178187,0.530697644,0.104463438
2007-01-04,2.307692308,6.300076933,4.971787982,4.136965461,2.663838791,0.142450142
2007-01-05,1.709401709,3.712946284,2.930120046,2.43811793,1.569931676,0.12345679
2007-01-06,1.452991453,2.54874766,2.011377499,1.673643219,1.077677774,0.109211776
2007-01-07,1.282051282,2.005468216,1.582641431,1.316897052,0.847964887,0.111585945
2007-01-08,1.196581197,1.850257531,1.460154892,1.214977464,0.782337713,0.116334283
2007-01-09,1.196581197,1.876147244,1.480586098,1.231978027,0.793284568,0.121082621
2007-01-10,1.111111111,1.850293987,1.460183662,1.215001404,0.782353128,0.113960114
2007-01-11,1.111111111,1.695087128,1.337700143,1.113084329,0.716727572,0.111585945
2007-01-12,1.025641026,1.565749665,1.235631795,1.028154474,0.66204028,0.113960114
2007-01-13,1.025641026,2.00558841,1.582736284,1.316975978,0.848015708,0.116334283
2007-01-14,1.025641026,1.38469272,1.092748342,0.909262858,0.585484625,0.118708452
2007-01-15,1.111111111,1.255355257,0.990679994,0.824333003,0.530797332,0.125830959
2007-01-16,1.111111111,1.126017793,0.888611646,0.739403148,0.476110039,0.125830959
2007-01-17,1.111111111,1.077096612,0.847585982,0.705266183,0.454128862,0.121082621
2007-01-18,0.94017094,1.027900859,0.806576577,0.671142746,0.432156395,0.121082621
2007-01-19,0.854700855,1.004510331,0.785989878,0.6540128,0.421126229,0.111585945
2007-01-20,0.760683761,1.007125185,0.785809098,0.653862375,0.421029369,0.118708452
2007-01-21,0.709401709,0.983537159,0.765241099,0.636747988,0.410009222,0.118708452
2007-01-22,0.709401709,0.986090625,0.765069897,0.636605534,0.409917494,0.116334283
2007-01-23,0.666666667,0.909606854,0.703748718,0.585580912,0.377062164,0.118708452
2007-01-24,0.658119658,0.964780663,0.744346094,0.619361504,0.398813869,0.121082621
2007-01-25,0.632478632,1.046697275,0.80529065,0.670072742,0.431467407,0.121082621
2007-01-26,0.615384615,1.129024787,0.86620976,0.720762806,0.464107312,0.116334283
2007-01-27,0.598290598,1.131905325,0.866005224,0.720592614,0.463997724,0.121082621
2007-01-28,0.581196581,1.081434724,0.82509565,0.686552246,0.442078746,0.113960114
2007-01-29,0.572649573,1.057431958,0.80454946,0.669456007,0.431070285,0.128205128
2007-01-30,0.555555556,1.086937612,0.824715202,0.68623568,0.441874906,0.121082621
2007-01-31,0.538461538,1.089683637,0.824520774,0.686073899,0.441770733,0.12345679
2007-02-01,0.52991453,1.065250623,0.803817523,0.66884697,0.430678119,0.12345679
2007-02-02,0.564102564,1.040919834,0.783303653,0.651777624,0.419686974,0.12345679
2007-02-03,0.504273504,1.016443769,0.762791954,0.634710084,0.408696992,0.12345679
2007-02-04,0.512820513,1.10045243,0.823581468,0.685292313,0.441267462,0.12345679
2007-02-05,0.52991453,1.484300592,1.107828043,0.921810497,0.593564192,0.121082621
2007-02-06,0.564102564,1.8427353,1.371612054,1.141302025,0.734897266,0.125830959
2007-02-07,0.641025641,1.984091418,1.472822768,1.225518252,0.789125046,0.178062678
2007-02-08,0.803418803,3.168211442,2.345449341,1.951620413,1.256670429,0.854700855
2007-02-09,2.564102564,11.67069947,8.616571105,7.169746011,4.616680445,2.659069326
2007-02-10,8.205128205,23.38409839,17.21815057,14.32701766,9.225328507,6.030389364
2007-02-11,14.44444444,16.78355254,12.32482106,10.25533656,6.603527051,6.695156695
2007-02-12,5.641025641,7.464225782,5.466570088,4.548667747,2.928938544,0.925925926
2007-02-13,3.162393162,5.317088142,3.883649135,3.231538109,2.080823891,1.13960114
2007-02-14,2.393162393,4.411693513,3.213734351,2.67411001,1.721889642,0.59354226
2007-02-15,2.051282051,4.029296182,2.952428012,2.455760712,1.569451676,0.451092118
2007-02-16,1.88034188,4.697268648,3.462200182,2.878700758,1.825879159,0.403608737
2007-02-17,1.709401709,6.125412896,4.541612539,3.774785057,2.376067488,0.284900285
2007-02-18,1.623931624,6.529875019,4.870335982,4.046495394,2.527631317,0.137701804
2007-02-19,1.538461538,5.438274151,4.08043082,3.388943357,2.100602505,0.106837607
2007-02-20,1.452991453,4.411681119,3.330056143,2.764701131,1.700392047,0.118708452
2007-02-21,1.452991453,3.959139858,3.006509514,2.49515622,1.522635614,0.151946819
2007-02-22,1.538461538,3.80475129,2.906793722,2.411504507,1.460021957,1.495726496
2007-02-23,1.452991453,3.545571669,2.725288261,2.260087197,1.357515831,0.379867047
2007-02-24,1.367521368,3.130511201,2.420983569,2.006982829,1.195877561,0.14957265
2007-02-25,1.88034188,2.851024386,2.218401834,1.838363019,1.086606391,1.923076923
2007-02-26,6.41025641,3.384279515,2.649602039,2.194881776,1.28683897,3.157644824
2007-02-27,4.102564103,3.677704268,2.897203117,2.399103752,1.395108425,4.487179487
2007-02-28,2.820512821,3.140814848,2.489687892,2.060889824,1.18859232,2.611585945
2007-03-01,2.136752137,2.794295873,2.228888031,1.844327659,1.054892896,1.044634378
2007-03-02,1.623931624,2.625548058,2.107473538,1.74321958,0.988751198,0.617283951
2007-03-03,1.794871795,2.433100137,1.96535763,1.625069239,0.9139943,0.403608737
2007-03-04,1.367521368,2.545911593,2.069558347,1.710599923,0.953956018,0.308641975
2007-03-05,1.367521368,2.757844179,2.256162033,1.864153754,1.030720821,0.261158594
2007-03-06,1.367521368,2.84225905,2.340151836,1.932841877,1.059511591,0.227920228
2007-03-07,1.452991453,3.497057329,2.897855435,2.392599617,1.300168507,0.211301045
2007-03-08,1.623931624,3.946529771,3.291522762,2.716635521,1.463358971,0.192307692
2007-03-09,1.709401709,4.144953007,3.479546935,2.870771237,1.532770435,0.189933523
2007-03-10,1.794871795,4.096636402,3.461516258,2.854853414,1.510740899,0.185185185
2007-03-11,1.965811966,5.286867032,4.496635045,3.70720673,1.944234721,0.175688509
2007-03-12,2.393162393,7.718122837,6.607936148,5.445865393,2.830297097,0.168566002
2007-03-13,2.905982906,9.568517437,8.246667395,6.793938626,3.498782307,0.168566002
2007-03-14,3.418803419,10.29914889,8.93572496,7.358938663,3.754974778,0.154320988
2007-03-15,3.675213675,10.47503157,9.149419978,7.53219192,3.807812148,0.151946819
2007-03-16,4.188034188,12.43947512,10.93869129,9.001933029,4.50834717,0.151946819
2007-03-17,4.615384615,13.7982418,12.2633661,10.1119127,5.249988748,0.178062678
2007-03-18,4.52991453,13.55620043,12.17861024,10.06174125,5.40809279,0.175688509
2007-03-19,4.188034188,12.65465106,11.49306966,9.51397138,5.287170762,0.154320988
2007-03-20,4.017094017,11.205884,10.28990998,8.534662735,4.89802261,0.474833808
2007-03-21,3.675213675,7.935115027,7.368056513,6.123156048,3.624926466,0.735992403
2007-03-22,3.162393162,6.47785506,6.083046638,5.065119839,3.089942716,0.308641975
2007-03-23,2.991452991,7.013897223,6.661878939,5.557892323,3.49046298,0.199430199
2007-03-24,2.820512821,9.324041396,8.95875188,7.488663792,4.837158334,0.194681861
2007-03-25,2.735042735,10.98180527,10.67537092,8.940912695,5.934785239,0.170940171
2007-03-26,2.820512821,9.946580181,9.783862008,8.210127168,5.595715606,0.235042735
2007-03-27,2.735042735,7.540427878,7.506244038,6.311049164,4.413212714,0.17331434
2007-03-28,2.478632479,5.580086486,5.622405718,4.736298026,3.39564898,0.147198481
2007-03-29,2.393162393,4.882621338,4.980292605,4.203473369,3.087607085,0.151946819
2007-03-30,2.307692308,5.082066285,5.248441529,4.438324511,3.337932427,0.175688509
2007-03-31,2.307692308,6.20426789,6.488408501,5.497443514,4.230512595,0.125830959
2007-04-01,2.307692308,7.965129755,8.436635236,7.161836846,5.636019439,0.140075973
2007-04-02,2.222222222,8.343593976,8.952233099,7.614085593,6.124011325,0.132953466
2007-04-03,2.136752137,8.043846599,8.744173417,7.451351047,6.1219408,0.137701804
2007-04-04,2.051282051,8.837314158,9.734844265,8.311393263,6.971722719,0.137701804
2007-04-05,1.965811966,8.533056358,9.526779667,8.149260169,6.975620315,0.142450142
2007-04-06,1.965811966,10.16884049,11.50871867,9.863361611,8.611592071,0.144824311
2007-04-07,1.88034188,11.10795547,12.74639019,10.94484956,9.74240714,0.140075973
2007-04-08,1.794871795,10.47259664,12.18683326,10.48423515,9.510503219,0.137701804
2007-04-09,1.709401709,10.42821993,12.30887693,10.60928962,9.803547073,0.140075973
2007-04-10,1.623931624,8.932442179,10.69648614,9.236973549,8.6912839,0.168566002
2007-04-11,1.709401709,7.017481269,8.527239466,7.377622382,7.065808202,0.522317189
2007-04-12,1.709401709,5.272793533,6.503103387,5.63698302,5.493177076,0.237416904
2007-04-13,1.623931624,4.335938597,5.428940326,4.714742239,4.673180599,0.159069326
2007-04-14,1.623931624,4.642672122,5.902750721,5.135856319,5.17603487,1.020892688
2007-04-15,1.623931624,3.931218417,5.0766093,4.425337744,4.533335166,0.427350427
2007-04-16,1.538461538,3.819747538,4.921027819,4.360698101,4.537235852,0.187559354
2007-04-17,1.452991453,4.994720471,6.419424002,5.78228105,6.107519715,0.14957265
2007-04-18,1.452991453,4.824098538,6.18519933,5.662865635,6.06891841,0.135327635
2007-04-19,1.452991453,3.68045231,4.707389592,4.380459418,4.760962306,0.14957265
2007-04-20,1.452991453,3.172156628,4.047282938,3.827706415,4.217113019,0.128205128
2007-04-21,1.452991453,3.112350063,3.961099619,3.807202214,4.25006581,0.237416904
2007-04-22,2.478632479,3.177382443,4.033698141,3.93993712,4.454643969,2.397910731
2007-04-23,2.222222222,3.256314862,4.123394321,4.092776745,4.684954638,0.498575499
2007-04-24,2.136752137,5.158867253,6.515761776,6.57185874,7.613370209,0.211301045
2007-04-25,2.136752137,7.075851314,8.913730466,9.135363987,10.70684099,0.156695157
2007-04-26,2.051282051,7.397089172,9.293921139,9.678167199,11.47170264,0.135327635
2007-04-27,1.965811966,9.158795676,11.4768046,12.14306385,14.55195924,0.147198481
2007-04-28,1.794871795,10.74635966,13.42998146,14.43717269,17.48635136,0.142450142
2007-04-29,1.709401709,11.37065802,14.17156371,15.47786882,18.9418929,0.132953466
2007-04-30,1.623931624,10.65387311,13.24171713,14.69306655,18.16337982,0.142450142
2007-05-01,1.538461538,9.771351406,12.11106312,13.65256177,17.0432501,0.0997151
2007-05-02,1.794871795,9.699628568,11.98835471,13.72919531,17.30311715,0.308641975
2007-05-03,1.794871795,6.480833373,7.987261914,9.292397701,11.82060296,0.185185185
2007-05-04,1.794871795,5.081467864,6.244595811,7.380234723,9.473501779,0.474833808
2007-05-05,1.794871795,4.479329711,5.488598822,6.589550379,8.533452074,0.154320988
2007-05-06,1.623931624,4.642225535,5.671435011,6.916860843,9.034634774,0.121082621
2007-05-07,1.452991453,7.719769951,9.403164476,11.64946754,15.34432952,0.121082621
2007-05-08,1.452991453,9.444506929,11.46928424,14.43375569,19.16781732,0.121082621
2007-05-09,1.367521368,9.517421939,11.52252913,14.72982913,19.71773426,0.113960114
2007-05-10,1.367521368,9.331143551,11.26208091,14.62419957,19.72945407,0.111585945
2007-05-11,1.282051282,8.795870848,10.58282,13.95905389,18.97593926,0.109211776
2007-05-12,1.282051282,8.443010818,10.12609283,13.56737944,18.58108736,0.111585945
2007-05-13,1.196581197,7.33557983,8.769682696,11.93539103,16.4651577,0.104463438
2007-05-14,1.196581197,6.6748623,7.953882452,10.99589774,15.27716738,0.106837607
2007-05-15,1.111111111,6.7212419,7.982814246,11.21004044,15.68315725,0.106837607
2007-05-16,1.111111111,9.978117849,11.811543,16.8484183,23.73194,0.094966762
2007-05-17,1.111111111,5.736913373,6.830822374,9.862633742,13.96819636,0.068850902
2007-05-18,1.025641026,4.989853661,5.97681595,8.735070152,12.43798125,0.118708452
2007-05-19,1.025641026,4.5960167,5.538642132,8.193812565,11.72922338,0.113960114
2007-05-20,1.025641026,4.230580364,5.129974429,7.682351049,11.05456461,0.118708452
2007-05-21,1.025641026,3.847227311,4.694747883,7.117015265,10.29378344,0.12345679
2007-05-22,0.94017094,3.156683756,3.877056327,5.949839931,8.649245801,0.125830959
2007-05-23,0.94017094,2.655438686,3.283017749,5.100411999,7.451454016,0.135327635
2007-05-24,0.94017094,2.486862874,3.095394335,4.868426464,7.147512745,0.144824311
2007-05-25,0.94017094,2.575443515,3.227800581,5.139633131,7.582239345,0.14957265
2007-05-26,0.94017094,2.435353047,3.0737787,4.955225867,7.345089241,0.154320988
2007-05-27,0.854700855,2.294918541,2.917438285,4.761799072,7.091577312,0.128205128
2007-05-28,0.854700855,2.106535973,2.697721491,4.458190148,6.67020366,0.12345679
2007-05-29,0.854700855,1.860089243,2.400094883,4.016021244,6.036100592,0.147198481
2007-05-30,0.846153846,1.694076208,2.202769919,3.732134993,5.634684914,0.118708452
2007-05-31,0.837606838,1.611443064,2.111886713,3.623217666,5.494535961,0.087844255
2007-06-01,0.820512821,1.362601102,1.800215952,3.127515622,4.763579975,0.116334283
2007-06-02,0.811965812,1.242927366,1.6557151,2.912913162,4.455870325,0.106837607
2007-06-03,0.786324786,1.063317837,1.428479101,2.545067718,3.909755475,0.104463438
2007-06-04,0.769230769,0.844402322,1.144251326,2.064654511,3.185060262,0.0997151
2007-06-05,0.837606838,0.840981913,1.149777154,2.101152947,3.254791945,0.087844255
2007-06-06,0.94017094,0.826593268,1.140437284,2.110821311,3.283130488,0.087844255
2007-06-07,0.854700855,0.721907465,1.00534478,1.884732617,2.943295287,0.071225071
2007-06-08,0.811965812,0.545903393,0.767553765,1.457529377,2.285207354,0.071225071
2007-06-09,0.777777778,0.472965794,0.671571421,1.2917968,2.033311765,0.066476733
2007-06-10,0.752136752,0.45962029,0.659243266,1.284580882,2.029786787,0.068850902
2007-06-11,0.743589744,0.408861674,0.592551947,1.169706181,1.855338348,0.07359924
2007-06-12,0.717948718,0.364310063,0.533641258,1.067224533,1.699175012,0.071225071
2007-06-13,0.700854701,0.330407147,0.489312241,0.991449446,1.584411157,0.078347578
2007-06-14,0.683760684,0.275326885,0.412363074,0.846574182,1.357865593,0.083095916
2007-06-15,0.658119658,0.226465955,0.343139646,0.713806013,1.149069386,0.087844255
2007-06-16,0.641025641,0.219872041,0.331955965,0.706490324,1.141571762,0.07359924
2007-06-17,0.632478632,0.179248465,0.269629574,0.587186024,0.952294712,0.078347578
2007-06-18,0.623931624,0.143611302,0.215208681,0.479644805,0.780697425,0.078347578
2007-06-19,0.598290598,0.138012982,0.206018363,0.469991977,0.767697954,0.080721747
2007-06-20,0.58974359,0.122608276,0.1822949,0.425755179,0.697858378,0.085470085
2007-06-21,0.572649573,0.110576271,0.163733444,0.391564934,0.644005984,0.078347578
2007-06-22,0.564102564,0.095799726,0.141257134,0.345972589,0.570924536,0.087844255
2007-06-23,0.547008547,0.086768256,0.127387096,0.319602077,0.529139831,0.0997151
2007-06-24,0.547008547,0.077148086,0.112759637,0.289856353,0.481438954,0.092592593
2007-06-25,0.538461538,0.070046784,0.101911624,0.268469153,0.447326641,0.109211776
2007-06-26,0.52991453,0.063692133,0.092229283,0.249047454,0.416255106,0.106837607
2007-06-27,0.512820513,0.053184799,0.076640063,0.212186426,0.355727932,0.116334283
2007-06-28,0.504273504,0.04343513,0.062277278,0.176827873,0.297338023,0.130579297
2007-06-29,0.504273504,0.038657378,0.055140771,0.160608831,0.270860448,0.12345679
2007-06-30,0.504273504,0.037685646,0.053468361,0.159805084,0.270284348,0.125830959
2007-07-01,0.487179487,0.032338835,0.045630028,0.139980983,0.237427904,0.154320988
2007-07-02,0.47008547,0.029247896,0.041034365,0.129248101,0.21983566,0.142450142
2007-07-03,0.461538462,0.027783822,0.038751551,0.125361353,0.213810133,0.135327635
2007-07-04,0.435897436,0.027260418,0.037790847,0.125604771,0.214803473,0.132953466
2007-07-05,0.427350427,0.025445412,0.035053313,0.119742268,0.205321115,0.132953466
2007-07-06,0.41025641,0.024493383,0.033522575,0.117737892,0.202411076,0.132953466
2007-07-07,0.401709402,0.023717454,0.032242147,0.116475061,0.200754013,0.137701804
2007-07-08,0.401709402,0.022632529,0.030552651,0.113570674,0.196242291,0.106837607
2007-07-09,0.393162393,0.021592531,0.028937822,0.110733435,0.191815005,0.104463438
2007-07-10,0.393162393,0.020595704,0.027394627,0.107962004,0.187471332,0.116334283
2007-07-11,0.435897436,0.019640355,0.025920148,0.105255057,0.183210414,0.121082621
2007-07-12,0.41025641,0.018724859,0.02451158,0.102611291,0.179031367,0.0997151
2007-07-13,0.393162393,0.017847648,0.023166227,0.100029417,0.174933278,0.083095916
2007-07-14,0.376068376,0.017007216,0.0218815,0.097508168,0.17091521,0.064102564
2007-07-15,0.367521368,0.016202114,0.020654906,0.095046292,0.166976204,0.068850902
2007-07-16,0.358974359,0.015430946,0.019484052,0.092642558,0.163115283,0.07359924
2007-07-17,0.35042735,0.016093925,0.019892083,0.088448777,0.154488632,0.078347578
2007-07-18,0.358974359,0.016699445,0.020254737,0.084427699,0.146244757,0.080721747
2007-07-19,0.376068376,0.017250479,0.020574477,0.080572592,0.138368068,0.102089269
2007-07-20,0.358974359,0.017749872,0.020853659,0.076876976,0.130843576,0.0997151
2007-07-21,0.35042735,0.01820034,0.02109453,0.073334616,0.123656875,0.097340931
2007-07-22,0.341880342,0.018604483,0.021299237,0.069939512,0.116794116,0.094966762
2007-07-23,0.324786325,0.018964782,0.021469829,0.066685891,0.11024199,0.094966762
2007-07-24,0.341880342,0.019283608,0.02160826,0.063568195,0.103987706,0.090218424
2007-07-25,0.333333333,0.019563226,0.021716396,0.06058108,0.098018971,0.109211776
2007-07-26,0.307692308,0.019805801,0.021796018,0.057719401,0.092323973,0.106837607
2007-07-27,0.299145299,0.021051337,0.022981951,0.057829503,0.091397739,0.104463438
2007-07-28,0.290598291,0.021929383,0.023763466,0.056868641,0.088758465,0.109211776
2007-07-29,0.290598291,0.022807429,0.024544981,0.055907778,0.086119191,0.104463438
2007-07-30,0.282051282,0.023685475,0.025326497,0.054946916,0.083479916,0.118708452
2007-07-31,0.273504274,0.024563521,0.026108012,0.053986053,0.080840642,0.125830959
2007-08-01,0.273504274,0.025441567,0.026889527,0.053025191,0.078201368,0.130579297
2007-08-02,0.273504274,0.026319612,0.027671042,0.052064328,0.075562094,0.111585945
2007-08-03,0.264957265,0.027197658,0.028452557,0.051103466,0.07292282,0.116334283
2007-08-04,0.256410256,0.028075704,0.029234072,0.050142604,0.070283545,0.111585945
2007-08-05,0.256410256,0.02895375,0.030015588,0.049181741,0.067644271,0.113960114
2007-08-06,0.264957265,0.029831796,0.030797103,0.048220879,0.065004997,0.130579297
2007-08-07,0.282051282,0.030709842,0.031578618,0.047260016,0.062365723,0.142450142
2007-08-08,0.282051282,0.031587888,0.032360133,0.046299154,0.059726448,0.132953466
2007-08-09,0.273504274,0.032465934,0.033141648,0.045338292,0.057087174,0.130579297
2007-08-10,0.256410256,0.033343979,0.033923164,0.044377429,0.0544479,0.132953466
2007-08-11,0.256410256,0.034222025,0.034704679,0.043416567,0.051808626,0.137701804
2007-08-12,0.247863248,0.035100071,0.035486194,0.042455704,0.049169352,0.14957265
2007-08-13,0.247863248,0.035978117,0.036267709,0.041494842,0.046530077,0.12345679
2007-08-14,0.239316239,0.036856163,0.037049224,0.04053398,0.043890803,0.125830959
2007-08-15,0.230769231,0.037734209,0.03783074,0.039573117,0.041251529,0.118708452
2007-08-16,0.230769231,0.038612255,0.038612255,0.038612255,0.038612255,0.135327635
2007-08-17,0.230769231,0.038612255,0.038612255,0.038612255,0.038612255,0.132953466
2007-08-18,0.239316239,0.038612255,0.038612255,0.038612255,0.038612255,0.132953466
2007-08-19,0.230769231,0.038612255,0.038612255,0.038612255,0.038612255,0.135327635
2007-08-20,0.230769231,0.038612255,0.038612255,0.038612255,0.038612255,0.142450142
2007-08-21,0.230769231,0.038612255,0.038612255,0.038612255,0.038612255,0.170940171
2007-08-22,0.222222222,0.038612255,0.038612255,0.038612255,0.038612255,0.125830959
2007-08-23,0.222222222,0.038612255,0.038612255,0.038612255,0.038612255,0.12345679
2007-08-24,0.222222222,0.038612255,0.038612255,0.038612255,0.038612255,0.132953466
2007-08-25,0.213675214,0.038612255,0.038612255,0.038612255,0.038612255,0.130579297
2007-08-26,0.213675214,0.038612255,0.038612255,0.038612255,0.038612255,0.135327635
2007-08-27,0.213675214,0.038612255,0.038612255,0.038612255,0.038612255,0.125830959
2007-08-28,0.213675214,0.038612255,0.038612255,0.038612255,0.038612255,0.128205128
2007-08-29,0.213675214,0.038612255,0.038612255,0.038612255,0.038612255,0.135327635
2007-08-30,0.205128205,0.038612255,0.038612255,0.038612255,0.038612255,0.132953466
2007-08-31,0.222222222,0.038612255,0.038612255,0.038612255,0.038612255,0.121082621
2007-09-01,0.222222222,0.038612255,0.038612255,0.038612255,0.038612255,0.092592593
2007-09-02,0.205128205,0.038612255,0.038612255,0.038612255,0.038612255,0.118708452
2007-09-03,0.205128205,0.038612255,0.038612255,0.038612255,0.038612255,0.085470085
2007-09-04,0.205128205,0.038612255,0.038612255,0.038612255,0.038612255,0.071225071
2007-09-05,0.222222222,0.038612255,0.038612255,0.038612255,0.038612255,0.061728395
2007-09-06,0.213675214,0.038612255,0.038612255,0.038612255,0.038612255,0.066476733
2007-09-07,0.205128205,0.038612255,0.038612255,0.038612255,0.038612255,0.075973409
2007-09-08,0.205128205,0.038612255,0.038612255,0.038612255,0.038612255,0.094966762
2007-09-09,0.205128205,0.038612255,0.038612255,0.038612255,0.038612255,0.094966762
2007-09-10,0.205128205,0.038612255,0.038612255,0.038612255,0.038612255,0.104463438
2007-09-11,0.205128205,0.038612255,0.038612255,0.038612255,0.038612255,0.106837607
2007-09-12,0.205128205,0.038612255,0.038612255,0.038612255,0.038612255,0.0997151
2007-09-13,0.213675214,0.038612255,0.038612255,0.038612255,0.038612255,0.118708452
2007-09-14,0.230769231,0.038612255,0.038612255,0.038612255,0.038612255,0.128205128
2007-09-15,0.230769231,0.038612255,0.038612255,0.038612255,0.038612255,0.0997151
2007-09-16,0.230769231,0.038612255,0.038612255,0.038612255,0.038612255,0.102089269
2007-09-17,0.230769231,0.038612255,0.038612255,0.038612255,0.038612255,0.104463438
2007-09-18,0.230769231,0.038612255,0.038612255,0.038612255,0.038612255,0.104463438
2007-09-19,0.230769231,0.038612255,0.038612255,0.038612255,0.038612255,0.097340931
2007-09-20,0.290598291,0.038612255,0.038612255,0.038612255,0.038612255,0.097340931
2007-09-21,0.299145299,0.038612255,0.038612255,0.038612255,0.038612255,0.19705603
2007-09-22,0.290598291,0.038424435,0.038424435,0.038424435,0.038424435,0.118708452
2007-09-23,0.393162393,0.062571564,0.062571564,0.062571564,0.062571564,0.0997151
2007-09-24,0.358974359,0.042126671,0.042126671,0.042126671,0.042126671,0.102089269
2007-09-25,0.307692308,0.041750759,0.041750759,0.041750759,0.041750759,0.104463438
2007-09-26,0.290598291,0.040428708,0.040428708,0.040428708,0.040428708,0.151946819
2007-09-27,0.273504274,0.042754092,0.042754092,0.042754092,0.042754092,0.130579297
2007-09-28,0.264957265,0.092669411,0.092669411,0.092669411,0.092669411,0.092592593
2007-09-29,0.358974359,0.093236246,0.093236246,0.093236246,0.093236246,0.083095916
2007-09-30,0.307692308,0.090375943,0.090375943,0.090375943,0.090375943,0.07359924
2007-10-01,0.299145299,0.110044926,0.110044926,0.110044926,0.110044926,0.097340931
2007-10-02,0.307692308,0.109622565,0.109622565,0.109622565,0.109622565,0.113960114
2007-10-03,0.282051282,0.10615133,0.10615133,0.10615133,0.10615133,0.092592593
2007-10-04,0.282051282,0.102790013,0.102790013,0.102790013,0.102790013,0.092592593
2007-10-05,0.367521368,0.139004117,0.139004117,0.139004117,0.139004117,0.094966762
2007-10-06,0.384615385,0.137316142,0.137316142,0.137316142,0.137316142,0.092592593
2007-10-07,0.358974359,0.132967981,0.132967981,0.132967981,0.132967981,0.097340931
2007-10-08,0.333333333,0.128757506,0.128757506,0.128757506,0.128757506,0.0997151
2007-10-09,0.316239316,0.124680357,0.124680357,0.124680357,0.124680357,0.090218424
2007-10-10,0.615384615,0.212367401,0.212367401,0.212367401,0.212367401,1.661918329
2007-10-11,0.435897436,0.193061274,0.193061274,0.193061274,0.193061274,0.356125356
2007-10-12,0.393162393,0.169893921,0.169893921,0.169893921,0.169893921,0.759734093
2007-10-13,0.41025641,0.164102083,0.164102083,0.164102083,0.164102083,0.284900285
2007-10-14,0.384615385,0.154449019,0.154449019,0.154449019,0.154449019,0.213675214
2007-10-15,0.367521368,0.144795955,0.144795955,0.144795955,0.144795955,0.094966762
2007-10-16,0.418803419,0.141806492,0.141806492,0.141806492,0.141806492,0.097340931
2007-10-17,0.487179487,0.129556779,0.127564233,0.126259371,0.124678682,0.109211776
2007-10-18,0.427350427,0.180554665,0.175105484,0.171536967,0.167214124,0.118708452
2007-10-19,0.444444444,0.369415429,0.353000942,0.342251552,0.329229917,0.109211776
2007-10-20,0.794871795,0.445495547,0.419581143,0.402610523,0.38205259,0.111585945
2007-10-21,0.452991453,0.414936938,0.385303651,0.365897637,0.342389509,0.109211776
2007-10-22,0.384615385,0.302016872,0.27658736,0.259934281,0.239761013,0.106837607
2007-10-23,0.358974359,0.241454233,0.218143847,0.202878524,0.184386362,0.116334283
2007-10-24,0.35042735,0.223281359,0.199062776,0.1832027,0.163990064,0.094966762
2007-10-25,0.341880342,0.211164748,0.185826056,0.169232452,0.149131232,0.109211776
2007-10-26,0.341880342,0.20082765,0.174489941,0.15724211,0.136348368,0.106837607
2007-10-27,0.341880342,0.197075668,0.169103205,0.150784818,0.128594223,0.097340931
2007-10-28,0.341880342,0.202632691,0.171753998,0.151532402,0.127036291,0.092592593
2007-10-29,0.358974359,0.242168912,0.202813714,0.177041092,0.145820559,0.113960114
2007-10-30,0.358974359,0.245946422,0.203563902,0.17580877,0.142186657,0.111585945
2007-10-31,0.358974359,0.247226694,0.202270949,0.172830684,0.137167229,0.083095916
2007-11-01,0.341880342,0.240826371,0.194811064,0.164676921,0.128172912,0.07359924
2007-11-02,0.341880342,0.22640548,0.181116729,0.151458389,0.11553076,0.106837607
2007-11-03,0.324786325,0.221897995,0.175579955,0.145247561,0.108503395,0.097340931
2007-11-04,0.324786325,0.2198122,0.172071318,0.140807144,0.102934236,0.092592593
2007-11-05,0.324786325,0.214889189,0.166452023,0.134731872,0.0963066,0.094966762
2007-11-06,0.324786325,0.217911197,0.167052173,0.133746015,0.09339948,0.102089269
2007-11-07,0.316239316,0.218171541,0.165556669,0.131100656,0.089361204,0.116334283
2007-11-08,0.316239316,0.207158573,0.155633538,0.121891228,0.081016345,0.104463438
2007-11-09,0.324786325,0.200927344,0.149473629,0.115778025,0.07495972,0.080721747
2007-11-10,0.35042735,0.418232066,0.308134002,0.236033848,0.148692899,0.759734093
2007-11-11,0.854700855,0.596385322,0.435226711,0.329688427,0.201841074,1.804368471
2007-11-12,0.461538462,0.737762777,0.533383127,0.399540589,0.237405925,0.522317189
2007-11-13,0.401709402,0.493073554,0.353210822,0.261618616,0.150665315,0.206552707
2007-11-14,0.384615385,0.559824954,0.397409617,0.291048339,0.162204024,0.092592593
2007-11-15,0.367521368,0.475167041,0.334317139,0.242078462,0.130342036,0.068850902
2007-11-16,0.358974359,0.364742751,0.256625023,0.185821736,0.10005179,0.054605888
2007-11-17,0.358974359,0.321857087,0.226451607,0.163973217,0.088287917,0.047483381
2007-11-18,0.35042735,0.306679789,0.215773193,0.156240996,0.084124665,0.047483381
2007-11-19,0.358974359,0.337466395,0.237433975,0.171925531,0.092569672,0.056980057
2007-11-20,0.367521368,0.35253886,0.248038632,0.179604345,0.096704167,0.047483381
2007-11-21,0.367521368,0.444604056,0.312813691,0.226507852,0.121958371,0.045109212
2007-11-22,0.358974359,0.334046192,0.235027595,0.170183075,0.091631484,0.047483381
2007-11-23,0.35042735,0.309671641,0.217878194,0.157765224,0.084945354,0.045109212
2007-11-24,0.35042735,0.303686457,0.213667149,0.154716013,0.083303571,0.045109212
2007-11-25,0.35042735,0.291445879,0.205054947,0.148479932,0.079945885,0.04985755
2007-11-26,0.35042735,0.294658206,0.20731507,0.150116483,0.080827051,0.04985755
2007-11-27,0.35042735,0.276162236,0.19430171,0.140693532,0.075753462,0.054605888
2007-11-28,0.35042735,0.26685195,0.187751196,0.135950316,0.073199577,0.052231719
2007-11-29,0.35042735,0.276186095,0.194318496,0.140705687,0.075760006,0.07359924
2007-11-30,0.35042735,0.27007325,0.190017632,0.137591439,0.074083205,0.087844255
2007-12-01,0.358974359,0.252690305,0.177787372,0.128735529,0.069314927,0.087844255
2007-12-02,0.367521368,0.249634264,0.175637209,0.127178599,0.068476631,0.090218424
2007-12-03,0.367521368,0.262024409,0.184354644,0.133490879,0.071875345,0.097340931
2007-12-04,0.393162393,0.261905113,0.18427071,0.133430102,0.071842621,0.237416904
2007-12-05,0.384615385,0.289488272,0.203677617,0.14748261,0.079408897,0.135327635
2007-12-06,0.538461538,1.500012786,1.055376192,0.764196076,0.411465241,1.424501425
2007-12-07,1.282051282,0.504789481,0.35515884,0.257169902,0.138467703,6.861348528
2007-12-08,0.675213675,0.458460402,0.322562713,0.233567102,0.125759275,0.783475783
2007-12-09,0.512820513,0.504299095,0.354813815,0.25692007,0.138333187,0.427350427
2007-12-10,0.461538462,0.412391483,0.290149628,0.210096844,0.11312221,0.332383666
2007-12-11,0.435897436,0.581043662,0.408809614,0.296018334,0.159384822,0.154320988
2007-12-12,0.427350427,0.341942825,0.240583493,0.174206091,0.093797592,0.092592593
2007-12-13,0.418803419,0.329695726,0.231966703,0.167966688,0.090438117,0.066476733
2007-12-14,0.418803419,0.317444445,0.223346969,0.161725154,0.087077495,0.064102564
2007-12-15,0.401709402,0.332903329,0.234223502,0.169600833,0.091317987,0.066476733
2007-12-16,0.418803419,0.326525112,0.229735928,0.166351388,0.089568393,0.080721747
2007-12-17,0.452991453,0.397520093,0.279686444,0.202520471,0.109042871,0.356125356
2007-12-18,0.786324786,0.471334201,0.331620436,0.240125784,0.129290658,1.804368471
2007-12-19,0.811965812,0.474028395,0.333516012,0.241498368,0.130029697,0.807217474
2007-12-20,0.94017094,0.673590085,0.473923253,0.343167008,0.18477103,1.590693257
2007-12-21,0.709401709,0.611811906,0.430457477,0.311693515,0.167824792,0.546058879
2007-12-22,0.598290598,0.535092489,0.376479373,0.272608063,0.146780055,0.237416904
2007-12-23,0.572649573,0.458636813,0.322686832,0.233656977,0.125807666,0.097340931
2007-12-24,0.581196581,0.489288784,0.344252888,0.249272921,0.134215741,0.085470085
2007-12-25,0.52991453,1.209179398,0.850752181,0.616028183,0.331687368,0.154320988
2007-12-26,0.487179487,0.50450002,0.354955181,0.257022433,0.138388302,0.104463438
2007-12-27,0.512820513,0.734426044,0.516726104,0.374160478,0.201458809,0.059354226
2007-12-28,0.538461538,0.489330082,0.344281944,0.249293961,0.134227069,0.182811016
2007-12-29,0.512820513,0.504793912,0.355161957,0.257172159,0.138468919,0.261158594
2007-12-30,0.623931624,0.519997583,0.365858928,0.264917817,0.142639405,0.159069326
2007-12-31,0.555555556,0.734483729,0.516766689,0.374189866,0.201474632,0.159069326
2008-01-01,0.521367521,0.50457397,0.35500721,0.257060107,0.138408587,0.163817664
2008-01-02,0.512820513,0.473946431,0.333458344,0.24145661,0.130007213,0.187559354
2008-01-03,0.47008547,0.443318892,0.311909477,0.225853113,0.12160584,0.878442545
2008-01-04,4.444444444,5.776547017,4.064252152,2.942917955,1.584552034,12.08452042
2008-01-05,2.051282051,4.320094612,3.039524092,2.200914139,1.185035747,6.552706553
2008-01-06,1.538461538,2.267072797,1.595062841,1.154982245,0.621875803,2.92022792
2008-01-07,1.025641026,1.853082658,1.303788433,0.944070949,0.508315069,1.068376068
2008-01-08,1.025641026,1.363407613,0.95926378,0.694601244,0.373993374,1.566951567
2008-01-09,1.025641026,1.132988547,0.797145964,0.577212014,0.310787621,1.210826211
2008-01-10,1.025641026,1.025899267,0.721800289,0.522654341,0.281412194,0.854700855
2008-01-11,1.025641026,1.071735155,0.754049417,0.546005879,0.293985337,0.498575499
2008-01-12,0.94017094,1.087200512,0.764930504,0.553884855,0.298227605,0.308641975
2008-01-13,0.846153846,1.025678992,0.721645308,0.52254212,0.281351771,0.187559354
2008-01-14,0.794871795,0.979857848,0.689406553,0.499198093,0.268782673,0.161443495
2008-01-15,0.760683761,0.979872591,0.689416926,0.499205604,0.268786717,0.154320988
2008-01-16,0.743589744,1.056347138,0.743222745,0.538166304,0.289764283,0.121082621
2008-01-17,0.606837607,1.043789559,0.732367134,0.530305775,0.285531947,0.135327635
2008-01-18,0.581196581,0.892463913,0.624471828,0.452178971,0.243466219,0.132953466
2008-01-19,0.581196581,0.925582465,0.645871768,0.46767463,0.25180953,0.147198481
2008-01-20,0.58974359,0.943249125,0.656401078,0.475298886,0.255914649,0.147198481
2008-01-21,0.598290598,0.945880939,0.656438012,0.475325629,0.255929049,0.216049383
2008-01-22,0.606837607,0.901462668,0.623910125,0.451772243,0.243247225,5.294396961
2008-01-23,0.623931624,0.841348612,0.580724254,0.420501428,0.226410115,4.08357075
2008-01-24,0.726495726,0.859210621,0.591447166,0.42826587,0.230590715,4.914529915
2008-01-25,0.709401709,0.877145482,0.6021614,0.436024028,0.234767932,2.754036087
2008-01-26,0.717948718,0.816240803,0.558839584,0.404654776,0.21787782,2.279202279
2008-01-27,1.025641026,1.055089989,0.720424614,0.521658217,0.280875852,2.754036087
2008-01-28,1.282051282,1.199611163,0.816906417,0.591520524,0.318491737,2.516619183
2008-01-29,1.025641026,1.186619859,0.805895567,0.583547587,0.314198877,1.258309592
2008-01-30,1.025641026,1.205259702,0.816367486,0.591130285,0.31828162,0.735992403
2008-01-31,1.111111111,1.113367522,0.75211469,0.544604946,0.293231034,1.020892688
2008-02-01,1.025641026,1.162973126,0.783534637,0.567356076,0.3054809,1.353276353
2008-02-02,1.025641026,1.198307202,0.805197123,0.583041844,0.31392657,0.735992403
2008-02-03,1.111111111,1.697815263,1.137817255,0.823891507,0.443606986,2.018043685
2008-02-04,1.025641026,1.492569944,0.997624975,0.722378519,0.388949461,0.830959164
2008-02-05,1.025641026,1.383396328,0.922215183,0.667774419,0.359549036,0.522317189
2008-02-06,0.94017094,1.289954254,0.857660608,0.621030563,0.334380794,0.379867047
2008-02-07,0.854700855,1.099022765,0.72879572,0.52771972,0.284139541,0.332383666
2008-02-08,0.829059829,1.004414131,0.664312406,0.481027465,0.258999082,0.284900285
2008-02-09,0.803418803,0.957948712,0.631923741,0.457574888,0.246371537,0.261158594
2008-02-10,0.854700855,1.041797284,0.685442343,0.496327616,0.267237125,0.261158594
2008-02-11,0.94017094,1.174867242,0.770981961,0.558266705,0.30058692,0.235042735
2008-02-12,0.94017094,1.406731196,0.920739257,0.666705704,0.358973609,0.218423552
2008-02-13,0.94017094,1.65593345,1.081037938,0.782777702,0.421470125,0.192307692
2008-02-14,0.94017094,1.840814274,1.198623886,0.867921483,0.467313997,0.154320988
2008-02-15,1.025641026,1.548546516,1.005713966,0.728235744,0.39210316,0.151946819
2008-02-16,0.94017094,1.540664123,1.006476592,0.728515211,0.38931652,0.147198481
2008-02-17,0.94017094,1.777289326,1.167913,0.845051264,0.448188668,0.14957265
2008-02-18,0.94017094,2.141476471,1.415577344,1.023867991,0.53890575,0.14957265
2008-02-19,1.025641026,2.227259529,1.481052533,1.070825752,0.55931413,0.356125356
2008-02-20,1.111111111,2.071291228,1.385580212,1.001424423,0.519039075,2.754036087
2008-02-21,1.196581197,1.884890209,1.268466742,0.916439786,0.471310502,0.664767331
2008-02-22,1.452991453,1.747873191,1.183360979,0.854634891,0.436095061,0.783475783
2008-02-23,1.367521368,1.644088322,1.119846945,0.808464118,0.409293046,0.712250712
2008-02-24,1.88034188,1.840155805,1.261032726,0.910054335,0.457076968,1.7331434
2008-02-25,1.965811966,1.516797646,1.045802824,0.754448919,0.375902494,1.16334283
2008-02-26,1.794871795,1.47755107,1.025008269,0.739173934,0.365333864,0.56980057
2008-02-27,1.623931624,1.670563299,1.166065496,0.840585015,0.412094694,0.379867047
2008-02-28,1.623931624,2.29243764,1.610071843,1.160228573,0.564163254,0.308641975
2008-02-29,1.623931624,3.274402448,2.314089824,1.666933581,0.803893927,0.284900285
2008-03-01,1.88034188,4.281336436,3.044674039,2.192395222,1.048555547,0.232668566
2008-03-02,1.794871795,3.440537041,2.462147011,1.772279284,0.840561309,0.211301045
2008-03-03,1.709401709,2.774196936,1.997857361,1.43755005,0.676078148,0.199430199
2008-03-04,1.709401709,2.923485478,2.118755689,1.523982116,0.710660343,0.192307692
2008-03-05,1.709401709,3.100420901,2.261344881,1.625947284,0.75174074,0.185185185
2008-03-06,1.623931624,2.875791725,2.110976472,1.517273589,0.6954655,0.185185185
2008-03-07,1.623931624,2.741777715,2.02559115,1.455369668,0.661310228,0.168566002
2008-03-08,1.623931624,2.960203011,2.20114453,1.580925074,0.71208706,0.159069326
2008-03-09,1.709401709,3.336075632,2.496804626,1.792621757,0.800330741,0.154320988
2008-03-10,1.794871795,4.141003372,3.119536883,2.238905577,0.990704779,0.168566002
2008-03-11,1.88034188,5.051612372,3.830582814,2.748224679,1.205192532,0.132953466
2008-03-12,1.965811966,5.651010991,4.313461121,3.093535957,1.344381719,0.125830959
2008-03-13,3.247863248,9.682377151,7.439802491,5.333751304,2.296838035,0.132953466
2008-03-14,3.58974359,8.000664699,6.188709688,4.435205184,1.892377886,0.154320988
2008-03-15,2.991452991,5.256995532,4.093750918,2.932766213,1.239749349,0.14957265
2008-03-16,2.478632479,3.885453147,3.046144989,2.181469766,0.913551594,0.142450142
2008-03-17,2.222222222,3.332758569,2.640799204,1.894904007,0.822649015,0.154320988
2008-03-18,2.136752137,3.802038749,3.04524244,2.189401959,0.984008384,0.199430199
2008-03-19,2.222222222,5.003256592,4.051205052,2.918355823,1.356132256,0.187559354
2008-03-20,2.393162393,5.00098302,4.094175144,2.955081216,1.418097691,0.175688509
2008-03-21,2.393162393,4.799496728,3.973205299,2.873370315,1.422387022,0.154320988
2008-03-22,2.393162393,5.045490284,4.22414559,3.060805074,1.561344302,0.187559354
2008-03-23,2.478632479,6.3041971,5.338419595,3.875737132,2.035305134,0.17331434
2008-03-24,2.564102564,7.443126118,6.375940828,4.637984768,2.505056901,0.17331434
2008-03-25,2.735042735,9.196713367,7.970534952,5.80917643,3.224334032,0.175688509
2008-03-26,3.076923077,10.10898349,8.865221734,6.473771752,3.689482376,0.168566002
2008-03-27,2.991452991,7.550355522,6.701000889,4.90282932,2.866832893,0.144824311
2008-03-28,2.735042735,6.485772164,5.826242062,4.271039425,2.560469781,0.128205128
2008-03-29,3.076923077,5.541238474,5.039114657,3.701143268,2.27327477,0.261158594
2008-03-30,3.076923077,5.080663097,4.677954787,3.442491883,2.164879459,0.156695157
2008-03-31,2.735042735,4.30213886,4.0112308,2.957525229,1.903106013,0.140075973
2008-04-01,2.64957265,4.287561158,4.048855989,2.990995062,1.968185655,0.140075973
2008-04-02,2.564102564,3.87845811,3.710076884,2.745980809,1.846792215,0.14957265
2008-04-03,2.564102564,4.885888252,4.735262908,3.511466862,2.412375907,0.156695157
2008-04-04,2.64957265,6.909600047,6.785896138,5.0417377,3.536297779,0.163817664
2008-04-05,2.64957265,7.156052758,7.122961964,5.30225857,3.795140516,0.163817664
2008-04-06,2.735042735,7.587971591,7.656438873,5.710222314,4.168826466,0.168566002
2008-04-07,2.64957265,6.939251437,7.099230665,5.304715418,3.948397569,0.17331434
2008-04-08,2.564102564,6.505410672,6.749269885,5.052785874,3.832656919,0.180436847
2008-04-09,2.393162393,5.003556484,5.265415393,3.949378248,3.051602558,0.151946819
2008-04-10,2.393162393,5.472254302,5.842285482,4.390354184,3.454268569,0.092592593
2008-04-11,2.478632479,8.27939765,8.969567933,6.753170305,5.408233464,0.12345679
2008-04-12,2.735042735,11.09975954,12.20503552,9.206474004,7.501921416,0.142450142
2008-04-13,3.076923077,13.48924907,15.057931,11.37984651,9.431772615,0.14957265
2008-04-14,3.247863248,13.20526977,14.96853481,11.33354907,9.551081796,0.163817664
2008-04-15,2.905982906,10.07587904,11.60045696,8.799864669,7.537888472,0.156695157
2008-04-16,2.564102564,7.961932808,9.145032498,7.052022173,6.135519072,0.151946819
2008-04-17,2.478632479,9.62801743,11.03233208,8.647661404,7.63777155,0.135327635
2008-04-18,2.564102564,12.82194821,14.65673153,11.67744701,10.46466317,0.14957265
2008-04-19,2.478632479,12.31303901,14.04073323,11.36992296,10.3332018,0.142450142
2008-04-20,2.307692308,9.314837097,10.59570338,8.720332835,8.033633008,0.144824311
2008-04-21,2.136752137,7.07016806,8.022369257,6.709977178,6.263442006,0.161443495
2008-04-22,2.051282051,6.452651726,7.303275995,6.207715778,5.868915276,0.166191833
2008-04-23,2.136752137,5.858184634,6.6135877,5.712530332,5.467869753,0.166191833
2008-04-24,1.965811966,4.849003767,5.46020503,4.792478668,4.64249264,0.170940171
2008-04-25,1.88034188,5.672558681,6.370967373,5.681983323,5.568494032,0.163817664
2008-04-26,1.88034188,10.04961718,11.25727387,10.20130154,10.11096605,0.163817664
2008-04-27,2.051282051,14.38022782,16.0654897,14.79208776,14.82261992,0.189933523
2008-04-28,2.051282051,15.86889861,17.68098319,16.54022317,16.75177076,0.192307692
2008-04-29,2.051282051,14.50694759,16.11958296,15.320587,15.67797355,0.199430199
2008-04-30,1.88034188,11.3974905,12.62965855,12.19517296,12.60591836,0.192307692
2008-05-01,1.709401709,9.994586416,11.04429625,10.83423236,11.30937798,0.180436847
2008-05-02,1.623931624,10.35614693,11.4116454,11.37265809,11.98515223,0.178062678
2008-05-03,1.538461538,11.00352403,12.09050528,12.24059501,13.02017069,0.144824311
2008-05-04,1.538461538,11.19077924,12.26086365,12.61000095,13.53498544,0.147198481
2008-05-05,1.538461538,11.68909242,12.76952769,13.34127525,14.44669893,0.185185185
2008-05-06,1.452991453,14.69152558,16.00218194,16.9833554,18.54929325,0.163817664
2008-05-07,1.367521368,15.15997351,16.46317904,17.74900287,19.54871015,0.170940171
2008-05-08,1.282051282,13.54893621,14.66924658,16.06493818,17.83917135,0.185185185
2008-05-09,1.282051282,12.83927177,13.85844389,15.41674103,17.25655836,0.166191833
2008-05-10,1.196581197,13.04486664,14.03682872,15.86173456,17.89352679,0.168566002
2008-05-11,1.111111111,13.89931753,14.90945012,17.11371977,19.453333,0.206552707
2008-05-12,1.111111111,12.96862897,13.86705406,16.16837937,18.5158627,0.19705603
2008-05-13,1.025641026,11.1659205,11.90116697,14.09517706,16.25930903,0.182811016
2008-05-14,1.025641026,13.88457968,14.75078657,17.74577287,20.61623567,0.17331434
2008-05-15,0.94017094,20.14846579,21.33506962,26.07194525,30.50015596,0.187559354
2008-05-16,0.94017094,18.25330841,19.26394291,23.91255043,28.16451723,0.178062678
2008-05-17,0.854700855,15.45342125,16.40766354,20.62353879,24.42800912,0.182811016
2008-05-18,0.820512821,14.59608708,15.59283677,19.84609749,23.63761163,0.168566002
2008-05-19,0.794871795,12.23513537,13.1526579,16.95099873,20.29942438,0.156695157
2008-05-20,0.769230769,10.68213336,11.55659021,15.08140918,18.15715905,0.14957265
2008-05-21,0.760683761,9.280103846,10.10517744,13.35321016,16.1609896,0.130579297
2008-05-22,0.752136752,6.546842059,7.176229886,9.602119943,11.68114881,0.12345679
2008-05-23,0.786324786,4.826650786,5.326468217,7.216707519,8.823779558,0.147198481
2008-05-24,1.025641026,5.263840177,5.849011158,8.024381279,9.860211028,0.137701804
2008-05-25,1.025641026,5.260970319,5.886958613,8.178058559,10.09826993,0.151946819
2008-05-26,1.025641026,6.514190424,7.341619741,10.3271969,12.81342665,0.142450142
2008-05-27,0.94017094,5.11946559,5.811994969,8.278445113,10.32006832,0.142450142
2008-05-28,0.854700855,4.376475799,5.005634911,7.219676696,9.042079405,0.144824311
2008-05-29,0.820512821,3.686583031,4.248735313,6.20519993,7.807100729,0.137701804
2008-05-30,0.786324786,3.67606388,4.269616839,6.314303401,7.980137886,0.102089269
2008-05-31,0.743589744,4.273837046,5.00340307,7.492828996,9.511522426,0.078347578
2008-06-01,0.717948718,4.444005311,5.244905544,7.953633348,10.14047155,0.111585945
2008-06-02,0.683760684,4.148372071,4.936655154,7.580755018,9.706513798,0.125830959
2008-06-03,0.666666667,3.716528754,4.460295542,6.935850586,8.918244331,0.128205128
2008-06-04,0.658119658,6.473988014,7.837019322,12.34094778,15.93412711,0.128205128
2008-06-05,0.632478632,2.968527818,3.625415498,5.781258794,7.495045715,0.132953466
2008-06-06,0.615384615,2.884584824,3.55488392,5.740676041,7.472392533,0.125830959
2008-06-07,0.598290598,2.582811273,3.212560032,5.253736278,6.865670592,0.137701804
2008-06-08,0.581196581,2.163595575,2.716724106,4.49934,5.902764764,0.111585945
2008-06-09,0.564102564,2.036919421,2.582570209,4.331606354,5.704559729,0.113960114
2008-06-10,0.547008547,2.065713298,2.645202237,4.493213551,5.939799637,0.102089269
2008-06-11,0.52991453,1.695258327,2.193011627,3.772668708,5.005882558,0.085470085
2008-06-12,0.521367521,1.341555203,1.753636768,3.055382742,4.069031691,0.080721747
2008-06-13,0.504273504,1.240901575,1.639489788,2.893090978,3.86685379,0.083095916
2008-06-14,0.487179487,1.142368212,1.525937232,2.727263285,3.658223167,0.092592593
2008-06-15,0.478632479,1.053235689,1.422784507,2.575589503,3.466929463,0.090218424
2008-06-16,0.47008547,0.925371459,1.245458201,2.308097708,3.118871446,0.094966762
2008-06-17,0.452991453,0.78664368,1.054752211,2.00130859,2.714533983,0.085470085
2008-06-18,0.444444444,0.675321034,0.901987015,1.752495064,2.385833883,0.0997151
2008-06-19,0.435897436,0.571583534,0.760403327,1.513042398,2.067293208,0.0997151
2008-06-20,0.427350427,0.500690984,0.663381442,1.352016834,1.853818381,0.104463438
2008-06-21,0.41025641,0.445080943,0.587239081,1.226055432,1.686929334,0.097340931
2008-06-22,0.41025641,0.405755127,0.53305697,1.140285287,1.574238843,0.094966762
2008-06-23,0.393162393,0.358050845,0.468314088,1.026582915,1.421972032,0.094966762
2008-06-24,0.384615385,0.310379829,0.40412531,0.907958296,1.261750207,0.109211776
2008-06-25,0.384615385,0.264110158,0.342280849,0.788325759,1.098993454,0.137701804
2008-06-26,0.384615385,0.233400515,0.301034842,0.710882188,0.994125547,0.116334283
2008-06-27,0.376068376,0.202369413,0.259727123,0.628991593,0.882299017,0.132953466
2008-06-28,0.367521368,0.167897661,0.21439365,0.53257363,0.749293393,0.128205128
2008-06-29,0.35042735,0.143750575,0.182602301,0.465385174,0.65669057,0.121082621
2008-06-30,0.341880342,0.13711982,0.173243851,0.453112529,0.641218049,0.12345679
2008-07-01,0.341880342,0.10639091,0.13367538,0.35888084,0.509304504,0.113960114
2008-07-02,0.333333333,0.087621308,0.109463907,0.301741163,0.429404121,0.116334283
2008-07-03,0.324786325,0.075312333,0.093532603,0.26479597,0.377854765,0.140075973
2008-07-04,0.333333333,0.073568664,0.090811961,0.264120546,0.377898974,0.12345679
2008-07-05,0.324786325,0.070972483,0.087057647,0.260201187,0.373268647,0.137701804
2008-07-06,0.324786325,0.059528875,0.072547163,0.222897493,0.320579272,0.135327635
2008-07-07,0.307692308,0.055472072,0.067150217,0.212158706,0.305906701,0.113960114
2008-07-08,0.290598291,0.053917688,0.064816261,0.21065895,0.304499324,0.130579297
2008-07-09,0.273504274,0.052935049,0.063178567,0.211305098,0.306179147,0.166191833
2008-07-10,0.264957265,0.046103197,0.054615955,0.188050369,0.273136961,0.22317189
2008-07-11,0.264957265,0.038108506,0.04479758,0.158855702,0.231276583,0.216049383
2008-07-12,0.264957265,0.030427824,0.035483227,0.129644355,0.189185318,0.237416904
2008-07-13,0.264957265,0.028782594,0.033286642,0.125366512,0.183359396,0.180436847
2008-07-14,0.256410256,0.027751778,0.031818464,0.123589457,0.181164935,0.14957265
2008-07-15,0.256410256,0.027190196,0.030895923,0.123826966,0.181912585,0.159069326
2008-07-16,0.239316239,0.02593027,0.029190353,0.120781053,0.177821896,0.170940171
2008-07-17,0.230769231,0.02645249,0.029504157,0.115239484,0.168633718,0.128205128
2008-07-18,0.230769231,0.02697189,0.02983156,0.110172821,0.16020774,0.130579297
2008-07-19,0.230769231,0.027404637,0.030078268,0.105192832,0.151972671,0.130579297
2008-07-20,0.230769231,0.027782933,0.030279439,0.100417761,0.144098495,0.130579297
2008-07-21,0.239316239,0.028109792,0.030437711,0.095839621,0.136570614,0.137701804
2008-07-22,0.230769231,0.028388094,0.030555598,0.09145073,0.129374992,0.140075973
2008-07-23,0.222222222,0.028620585,0.0306355,0.087243693,0.122498135,0.166191833
2008-07-24,0.213675214,0.028809888,0.030679704,0.083211392,0.11592707,0.137701804
2008-07-25,0.213675214,0.028958505,0.03069039,0.079346982,0.109649328,0.135327635
2008-07-26,0.205128205,0.029068822,0.030669637,0.075643872,0.103652919,0.154320988
2008-07-27,0.205128205,0.02967452,0.031177749,0.073410336,0.099711941,0.151946819
2008-07-28,0.205128205,0.030137884,0.031540378,0.070942859,0.095481931,0.147198481
2008-07-29,0.196581197,0.030146826,0.031433432,0.067580073,0.090091474,0.14957265
2008-07-30,0.196581197,0.030124983,0.031301633,0.064359121,0.084946659,0.14957265
2008-07-31,0.196581197,0.030074296,0.031146663,0.061274392,0.080037335,0.159069326
2008-08-01,0.196581197,0.029996612,0.030970122,0.058320488,0.075353746,0.14957265
2008-08-02,0.188034188,0.029893692,0.030773531,0.055492218,0.070886519,0.151946819
2008-08-03,0.188034188,0.029767214,0.030558336,0.052784586,0.066626648,0.159069326
2008-08-04,0.188034188,0.029618771,0.030325913,0.050192789,0.062565479,0.144824311
2008-08-05,0.179487179,0.029449881,0.030077569,0.047712205,0.058694701,0.142450142
2008-08-06,0.179487179,0.030779581,0.031360795,0.047689741,0.05785908,0.128205128
2008-08-07,0.179487179,0.031562849,0.032085941,0.046781992,0.055934397,0.14957265
2008-08-08,0.179487179,0.032346116,0.032811087,0.045874244,0.054009715,0.109211776
2008-08-09,0.179487179,0.033129383,0.033536233,0.044966495,0.052085032,0.109211776
2008-08-10,0.179487179,0.033912651,0.034261379,0.044058746,0.05016035,0.130579297
2008-08-11,0.170940171,0.034695918,0.034986525,0.043150998,0.048235667,0.142450142
2008-08-12,0.170940171,0.035479185,0.035711671,0.042243249,0.046310985,0.144824311
2008-08-13,0.170940171,0.036262453,0.036436817,0.041335501,0.044386302,0.140075973
2008-08-14,0.162393162,0.03704572,0.037161963,0.040427752,0.04246162,0.094966762
2008-08-15,0.153846154,0.037828987,0.037887109,0.039520003,0.040536937,0.071225071
2008-08-16,0.153846154,0.038612255,0.038612255,0.038612255,0.038612255,0.07359924
2008-08-17,0.153846154,0.038612255,0.038612255,0.038612255,0.038612255,0.111585945
2008-08-18,0.153846154,0.038612255,0.038612255,0.038612255,0.038612255,0.14957265
2008-08-19,0.170940171,0.038612255,0.038612255,0.038612255,0.038612255,0.159069326
2008-08-20,0.170940171,0.038612255,0.038612255,0.038612255,0.038612255,0.156695157
2008-08-21,0.170940171,0.038612255,0.038612255,0.038612255,0.038612255,0.159069326
2008-08-22,0.170940171,0.038612255,0.038612255,0.038612255,0.038612255,0.166191833
2008-08-23,0.162393162,0.038612255,0.038612255,0.038612255,0.038612255,0.116334283
2008-08-24,0.153846154,0.038612255,0.038612255,0.038612255,0.038612255,0.135327635
2008-08-25,0.153846154,0.038612255,0.038612255,0.038612255,0.038612255,0.163817664
2008-08-26,0.153846154,0.038612255,0.038612255,0.038612255,0.038612255,0.159069326
2008-08-27,0.153846154,0.038612255,0.038612255,0.038612255,0.038612255,0.156695157
2008-08-28,0.145299145,0.038612255,0.038612255,0.038612255,0.038612255,0.128205128
2008-08-29,0.145299145,0.038612255,0.038612255,0.038612255,0.038612255,0.140075973
2008-08-30,0.145299145,0.038612255,0.038612255,0.038612255,0.038612255,0.154320988
2008-08-31,0.145299145,0.038612255,0.038612255,0.038612255,0.038612255,0.156695157
2008-09-01,0.162393162,0.038612255,0.038612255,0.038612255,0.038612255,0.159069326
2008-09-02,0.162393162,0.038612255,0.038612255,0.038612255,0.038612255,0.163817664
2008-09-03,0.153846154,0.038612255,0.038612255,0.038612255,0.038612255,0.17331434
2008-09-04,0.153846154,0.038612255,0.038612255,0.038612255,0.038612255,0.178062678
2008-09-05,0.153846154,0.038612255,0.038612255,0.038612255,0.038612255,0.180436847
2008-09-06,0.145299145,0.038612255,0.038612255,0.038612255,0.038612255,0.17331434
2008-09-07,0.145299145,0.038612255,0.038612255,0.038612255,0.038612255,0.180436847
2008-09-08,0.145299145,0.038612255,0.038612255,0.038612255,0.038612255,0.185185185
2008-09-09,0.145299145,0.038612255,0.038612255,0.038612255,0.038612255,0.168566002
2008-09-10,0.153846154,0.038612255,0.038612255,0.038612255,0.038612255,0.166191833
2008-09-11,0.153846154,0.038612255,0.038612255,0.038612255,0.038612255,0.170940171
2008-09-12,0.153846154,0.038612255,0.038612255,0.038612255,0.038612255,0.168566002
2008-09-13,0.153846154,0.038612255,0.038612255,0.038612255,0.038612255,0.170940171
2008-09-14,0.145299145,0.038612255,0.038612255,0.038612255,0.038612255,0.175688509
2008-09-15,0.145299145,0.038612255,0.038612255,0.038612255,0.038612255,0.170940171
2008-09-16,0.145299145,0.038612255,0.038612255,0.038612255,0.038612255,0.159069326
2008-09-17,0.145299145,0.038612255,0.038612255,0.038612255,0.038612255,0.166191833
2008-09-18,0.145299145,0.038612255,0.038612255,0.038612255,0.038612255,0.178062678
2008-09-19,0.153846154,0.038612255,0.038612255,0.038612255,0.038612255,0.168566002
2008-09-20,0.162393162,0.038612255,0.038612255,0.038612255,0.038612255,0.163817664
2008-09-21,0.170940171,0.038612255,0.038612255,0.038612255,0.038612255,0.161443495
2008-09-22,0.170940171,0.038612255,0.038612255,0.038612255,0.038612255,0.161443495
2008-09-23,0.170940171,0.038612255,0.038612255,0.038612255,0.038612255,0.161443495
2008-09-24,0.162393162,0.038612255,0.038612255,0.038612255,0.038612255,0.156695157
2008-09-25,0.153846154,0.038612255,0.038612255,0.038612255,0.038612255,0.14957265
2008-09-26,0.153846154,0.038612255,0.038612255,0.038612255,0.038612255,0.14957265
2008-09-27,0.153846154,0.038612255,0.038612255,0.038612255,0.038612255,0.151946819
2008-09-28,0.153846154,0.038612255,0.038612255,0.038612255,0.038612255,0.156695157
2008-09-29,0.145299145,0.038612255,0.038612255,0.038612255,0.038612255,0.154320988
2008-09-30,0.153846154,0.038612255,0.038612255,0.038612255,0.038612255,0.154320988
2008-10-01,,,,,,
2008-10-02,,,,,,
2008-10-03,,,,,,
2008-10-04,,,,,,
2008-10-05,,,,,,
2008-10-06,,,,,,
2008-10-07,,,,,,
2008-10-08,,,,,,
2008-10-09,,,,,,
2008-10-10,,,,,,
2008-10-11,,,,,,
2008-10-12,,,,,,
2008-10-13,,,,,,
2008-10-14,,,,,,
2008-10-15,,,,,,
2008-10-16,,,,,,
2008-10-17,,,,,,
2008-10-18,,,,,,
2008-10-19,,,,,,
2008-10-20,,,,,,
2008-10-21,,,,,,
2008-10-22,,,,,,
2008-10-23,,,,,,
2008-10-24,,,,,,
2008-10-25,,,,,,
2008-10-26,,,,,,
2008-10-27,,,,,,
2008-10-28,,,,,,
2008-10-29,,,,,,
2008-10-30,,,,,,
2008-10-31,,,,,,
2008-11-01,,,,,,
2008-11-02,,,,,,
2008-11-03,,,,,,
2008-11-04,,,,,,
2008-11-05,,,,,,
2008-11-06,,,,,,
2008-11-07,,,,,,
2008-11-08,,,,,,
2008-11-09,,,,,,
2008-11-10,,,,,,
2008-11-11,,,,,,
2008-11-12,,,,,,
2008-11-13,,,,,,
2008-11-14,,,,,,
2008-11-15,,,,,,
2008-11-16,,,,,,
2008-11-17,,,,,,
2008-11-18,,,,,,
2008-11-19,,,,,,
2008-11-20,,,,,,
2008-11-21,,,,,,
2008-11-22,,,,,,
2008-11-23,,,,,,
2008-11-24,,,,,,
2008-11-25,,,,,,
2008-11-26,,,,,,
2008-11-27,,,,,,
2008-11-28,,,,,,
2008-11-29,,,,,,
2008-11-30,,,,,,
2008-12-01,,,,,,
2008-12-02,,,,,,
2008-12-03,,,,,,
2008-12-04,,,,,,
2008-12-05,,,,,,
2008-12-06,,,,,,
2008-12-07,,,,,,
2008-12-08,,,,,,
2008-12-09,,,,,,
2008-12-10,,,,,,
2008-12-11,,,,,,
2008-12-12,,,,,,
2008-12-13,,,,,,
2008-12-14,,,,,,
2008-12-15,,,,,,
2008-12-16,,,,,,
2008-12-17,,,,,,
2008-12-18,,,,,,
2008-12-19,,,,,,
2008-12-20,,,,,,
2008-12-21,,,,,,
2008-12-22,,,,,,
2008-12-23,,,,,,
2008-12-24,,,,,,
2008-12-25,,,,,,
2008-12-26,,,,,,
2008-12-27,,,,,,
2008-12-28,,,,,,
2008-12-29,,,,,,
2008-12-30,,,,,,
2008-12-31,,,,,,
2009-01-01,0.661703888,,,,,
2009-01-02,0.704653371,,,,,
2009-01-03,3.746438746,,,,,
2009-01-04,2.96037296,,,,,
2009-01-05,0.864316239,,,,,
2009-01-06,0.812517232,,,,,
2009-01-07,0.76537083,,,,,
2009-01-08,0.75492382,,,,,
2009-01-09,0.734767025,,,,,
2009-01-10,0.711699292,,,,,
2009-01-11,0.699854519,,,,,
2009-01-12,0.724451877,,,,,
2009-01-13,0.786779414,,,,,
2009-01-14,0.78034188,,,,,
2009-01-15,0.787224471,,,,,
2009-01-16,0.800385994,,,,,
2009-01-17,0.776123518,,,,,
2009-01-18,0.756773959,,,,,
2009-01-19,0.739037533,,,,,
2009-01-20,0.726783828,,,,,
2009-01-21,0.743314034,,,,,
2009-01-22,2.207476284,,,,,
2009-01-23,4.583797845,,,,,
2009-01-24,5.903660349,,,,,
2009-01-25,4.00192997,,,,,
2009-01-26,2.46804162,,,,,
2009-01-27,1.993801071,,,,,
2009-01-28,1.72272769,,,,,
2009-01-29,1.520607787,,,,,
2009-01-30,1.387774062,,,,,
2009-01-31,1.298599745,,,,,
2009-02-01,1.228080284,,,,,
2009-02-02,1.176788124,,,,,
2009-02-03,1.145119208,,,,,
2009-02-04,1.126113839,,,,,
2009-02-05,1.118437118,,,,,
2009-02-06,1.246571258,,,,,
2009-02-07,1.231449106,,,,,
2009-02-08,1.180973616,,,,,
2009-02-09,1.478531926,,,,,
2009-02-10,1.418138651,,,,,
2009-02-11,1.039316239,,,,,
2009-02-12,2.858326858,,,,,
2009-02-13,4.219373219,,,,,
2009-02-14,4.885262885,,,,,
2009-02-15,5.447293447,,,,,
2009-02-16,1.253561254,,,,,
2009-02-17,3.425879974,,,,,
2009-02-18,6.406120761,,,,,
2009-02-19,3.303774929,,,,,
2009-02-20,1.417166758,,,,,
2009-02-21,0.974722677,,,,,
2009-02-22,3.384708287,,,,,
2009-02-23,21.13178936,,,,,
2009-02-24,18.82077991,,,,,
2009-02-25,11.18696581,,,,,
2009-02-26,8.69730145,,,,,
2009-02-27,6.742744435,,,,,
2009-02-28,4.976867336,,,,,
2009-03-01,8.612440646,,,,,
2009-03-02,21.47157191,,,,,
2009-03-03,25.88793922,,,,,
2009-03-04,17.60026298,,,,,
2009-03-05,10.77777778,,,,,
2009-03-06,7.39539627,,,,,
2009-03-07,5.478341103,,,,,
2009-03-08,4.453187936,,,,,
2009-03-09,3.694537347,,,,,
2009-03-10,3.204301075,,,,,
2009-03-11,2.89223337,,,,,
2009-03-12,2.660692951,,,,,
2009-03-13,2.517718237,,,,,
2009-03-14,2.465766014,,,,,
2009-03-15,2.437184082,,,,,
2009-03-16,2.821694854,,,,,
2009-03-17,2.937806874,,,,,
2009-03-18,3.072843823,,,,,
2009-03-19,3.270940171,,,,,
2009-03-20,3.569420703,,,,,
2009-03-21,4.180416202,,,,,
2009-03-22,5.191697192,,,,,
2009-03-23,4.216524217,,,,,
2009-03-24,3.799097282,,,,,
2009-03-25,3.522615961,,,,,
2009-03-26,3.442619802,,,,,
2009-03-27,3.444816054,,,,,
2009-03-28,3.547008547,,,,,
2009-03-29,3.714824005,,,,,
2009-03-30,3.479282795,,,,,
2009-03-31,3.302964175,,,,,
2009-04-01,3.276662951,,,,,
2009-04-02,3.433998101,,,,,
2009-04-03,3.410720922,,,,,
2009-04-04,3.103115522,,,,,
2009-04-05,2.898722544,,,,,
2009-04-06,2.80409104,,,,,
2009-04-07,2.90997151,,,,,
2009-04-08,3.155482815,,,,,
2009-04-09,3.198955366,,,,,
2009-04-10,3.399267399,,,,,
2009-04-11,3.188698955,,,,,
2009-04-12,3.255945745,,,,,
2009-04-13,3.581923986,,,,,
2009-04-14,3.698765432,,,,,
2009-04-15,3.379101186,,,,,
2009-04-16,3.110008271,,,,,
2009-04-17,3.009006525,,,,,
2009-04-18,3.112597547,,,,,
2009-04-19,3.349508317,,,,,
2009-04-20,3.652484268,,,,,
2009-04-21,3.882850242,,,,,
2009-04-22,3.74015236,,,,,
2009-04-23,3.518803419,,,,,
2009-04-24,3.296139758,,,,,
2009-04-25,2.929415154,,,,,
2009-04-26,2.667967298,,,,,
2009-04-27,2.54301375,,,,,
2009-04-28,2.445080924,,,,,
2009-04-29,2.326695763,,,,,
2009-04-30,2.220242915,,,,,
2009-05-01,3.180614258,,,,,
2009-05-02,10.13378318,,,,,
2009-05-03,11.66566648,,,,,
2009-05-04,9.89959613,,,,,
2009-05-05,18.78576737,,,,,
2009-05-06,12.0503728,,,,,
2009-05-07,8.696433834,,,,,
2009-05-08,6.679098679,,,,,
2009-05-09,5.396838526,,,,,
2009-05-10,4.512340344,,,,,
2009-05-11,3.732586698,,,,,
2009-05-12,3.278467053,,,,,
2009-05-13,2.954415954,,,,,
2009-05-14,2.689553656,,,,,
2009-05-15,2.475213675,,,,,
2009-05-16,2.265793385,,,,,
2009-05-17,2.069387005,,,,,
2009-05-18,1.921406818,,,,,
2009-05-19,1.824833286,,,,,
2009-05-20,1.72659176,,,,,
2009-05-21,1.639910814,,,,,
2009-05-22,1.559928444,,,,,
2009-05-23,1.498851209,,,,,
2009-05-24,1.431531029,,,,,
2009-05-25,1.376952549,,,,,
2009-05-26,1.322193412,,,,,
2009-05-27,1.283246025,,,,,
2009-05-28,1.262237762,,,,,
2009-05-29,1.232441472,,,,,
2009-05-30,1.193700182,,,,,
2009-05-31,1.161841742,,,,,
2009-06-01,1.124216524,,,,,
2009-06-02,1.109496676,,,,,
2009-06-03,1.085745795,,,,,
2009-06-04,1.096199309,,,,,
2009-06-05,1.097654119,,,,,
2009-06-06,1.121630506,,,,,
2009-06-07,1.087873932,,,,,
2009-06-08,1.026095654,,,,,
2009-06-09,0.986504723,,,,,
2009-06-10,0.962483131,,,,,
2009-06-11,0.946626659,,,,,
2009-06-12,0.93608324,,,,,
2009-06-13,0.91898527,,,,,
2009-06-14,0.943387556,,,,,
2009-06-15,0.90589198,,,,,
2009-06-16,0.882947173,,,,,
2009-06-17,0.854065604,,,,,
2009-06-18,0.830916957,,,,,
2009-06-19,0.8105455,,,,,
2009-06-20,0.802564103,,,,,
2009-06-21,0.78618033,,,,,
2009-06-22,0.775624376,,,,,
2009-06-23,0.751804927,,,,,
2009-06-24,0.727422511,,,,,
2009-06-25,0.705566802,,,,,
2009-06-26,0.691811755,,,,,
2009-06-27,0.667673575,,,,,
2009-06-28,0.646434998,,,,,
2009-06-29,0.623789174,,,,,
2009-06-30,0.614738378,,,,,
2009-07-01,0.611157944,,,,,
2009-07-02,0.588978857,,,,,
2009-07-03,0.577196106,,,,,
2009-07-04,0.559966234,,,,,
2009-07-05,0.552736153,,,,,
2009-07-06,0.548251748,,,,,
2009-07-07,0.558287796,,,,,
2009-07-08,0.729370629,,,,,
2009-07-09,0.711706812,,,,,
2009-07-10,0.698912199,,,,,
2009-07-11,0.520240307,,,,,
2009-07-12,0.522696024,,,,,
2009-07-13,0.490541937,,,,,
2009-07-14,0.475204583,,,,,
2009-07-15,0.45828872,,,,,
2009-07-16,0.445280565,,,,,
2009-07-17,0.433922127,,,,,
2009-07-18,0.421785582,,,,,
2009-07-19,0.408610656,,,,,
2009-07-20,0.400118203,,,,,
2009-07-21,0.393209355,,,,,
2009-07-22,0.391677913,,,,,
2009-07-23,0.384215905,,,,,
2009-07-24,0.379791073,,,,,
2009-07-25,0.38115942,,,,,
2009-07-26,0.379698557,,,,,
2009-07-27,0.369323671,,,,,
2009-07-28,0.362588257,,,,,
2009-07-29,0.358936372,,,,,
2009-07-30,0.354038221,,,,,
2009-07-31,0.349601787,,,,,
2009-08-01,0.342763533,,,,,
2009-08-02,0.341937322,,,,,
2009-08-03,0.341638796,,,,,
2009-08-04,0.341157133,,,,,
2009-08-05,0.34057373,,,,,
2009-08-06,0.356034564,,,,,
2009-08-07,0.403850652,,,,,
2009-08-08,0.378977996,,,,,
2009-08-09,0.351727982,,,,,
2009-08-10,0.335915817,,,,,
2009-08-11,0.322344322,,,,,
2009-08-12,0.315090525,,,,,
2009-08-13,0.314501104,,,,,
2009-08-14,0.316803055,,,,,
2009-08-15,0.315551839,,,,,
2009-08-16,0.313036437,,,,,
2009-08-17,0.306056429,,,,,
2009-08-18,0.29638116,,,,,
2009-08-19,0.288257576,,,,,
2009-08-20,0.281252935,,,,,
2009-08-21,0.277864208,,,,,
2009-08-22,0.272263579,,,,,
2009-08-23,0.280445196,,,,,
2009-08-24,0.288697945,,,,,
2009-08-25,0.282896793,,,,,
2009-08-26,0.274293228,,,,,
2009-08-27,0.267359924,,,,,
2009-08-28,0.264511729,,,,,
2009-08-29,0.258011696,,,,,
2009-08-30,0.256092017,,,,,
2009-08-31,0.255837425,,,,,
2009-09-01,0.257816377,,,,,
2009-09-02,0.251658855,,,,,
2009-09-03,0.24957265,,,,,
2009-09-04,0.246864597,,,,,
2009-09-05,0.245790144,,,,,
2009-09-06,0.257264957,,,,,
2009-09-07,0.267449393,,,,,
2009-09-08,0.260432925,,,,,
2009-09-09,0.253720198,,,,,
2009-09-10,0.249890889,,,,,
2009-09-11,0.240772048,,,,,
2009-09-12,0.247853856,,,,,
2009-09-13,0.269496676,,,,,
2009-09-14,0.289545659,,,,,
2009-09-15,0.318726592,,,,,
2009-09-16,0.290241383,,,,,
2009-09-17,0.275111483,,,,,
2009-09-18,0.248717949,,,,,
2009-09-19,0.239279869,,,,,
2009-09-20,0.241298418,,,,,
2009-09-21,0.236454849,,,,,
2009-09-22,0.227549858,,,,,
2009-09-23,0.225956893,,,,,
2009-09-24,0.229636032,,,,,
2009-09-25,0.23062518,,,,,
2009-09-26,0.22706243,,,,,
2009-09-27,0.224190915,,,,,
2009-09-28,0.225802469,,,,,
2009-09-29,0.234736158,,,,,
2009-09-30,0.266332646,,,,,
2009-10-01,0.274140753,,,,,
2009-10-02,0.270389364,,,,,
2009-10-03,0.270179393,,,,,
2009-10-04,0.313760684,,,,,
2009-10-05,0.338589252,,,,,
2009-10-06,0.331228747,,,,,
2009-10-07,0.31925425,,,,,
2009-10-08,0.311645299,,,,,
2009-10-09,0.30798327,,,,,
2009-10-10,0.30154034,,,,,
2009-10-11,0.299461167,,,,,
2009-10-12,0.305688509,,,,,
2009-10-13,1.895407157,,,,,
2009-10-14,1.601763957,,,,,
2009-10-15,0.669342252,,,,,
2009-10-16,0.516767502,,,,,
2009-10-17,0.455879442,,,,,
2009-10-18,0.432055877,,,,,
2009-10-19,0.461994302,,,,,
2009-10-20,0.466508733,,,,,
2009-10-21,0.430564846,,,,,
2009-10-22,0.413879599,,,,,
2009-10-23,0.405834262,,,,,
2009-10-24,0.401203933,,,,,
2009-10-25,0.39959613,,,,,
2009-10-26,0.387874519,,,,,
2009-10-27,0.388543167,,,,,
2009-10-28,0.395280565,,,,,
2009-10-29,0.408456083,,,,,
2009-10-30,0.408370494,,,,,
2009-10-31,0.403753252,,,,,
2009-11-01,0.396607631,,,,,
2009-11-02,0.392382831,,,,,
2009-11-03,0.390322581,,,,,
2009-11-04,0.385014245,,,,,
2009-11-05,0.386940539,,,,,
2009-11-06,0.395875139,,,,,
2009-11-07,0.422852002,,,,,
2009-11-08,0.412097304,,,,,
2009-11-09,0.405546463,,,,,
2009-11-10,0.400497793,,,,,
2009-11-11,0.393998713,,,,,
2009-11-12,0.486069358,,,,,
2009-11-13,0.458836504,,,,,
2009-11-14,0.438518519,,,,,
2009-11-15,0.425574549,,,,,
2009-11-16,0.41792144,,,,,
2009-11-17,0.41334283,,,,,
2009-11-18,0.424938272,,,,,
2009-11-19,0.425824832,,,,,
2009-11-20,0.478145391,,,,,
2009-11-21,0.498357075,,,,,
2009-11-22,0.532813081,,,,,
2009-11-23,0.525775473,,,,,
2009-11-24,0.472546257,,,,,
2009-11-25,0.461054131,,,,,
2009-11-26,0.453583169,,,,,
2009-11-27,0.479534141,,,,,
2009-11-28,0.469399722,,,,,
2009-11-29,0.44040404,,,,,
2009-11-30,0.427183417,,,,,
2009-12-01,0.427303466,,,,,
2009-12-02,0.427350427,,,,,
2009-12-03,0.422720015,,,,,
2009-12-04,0.419526627,,,,,
2009-12-05,0.422126188,,,,,
2009-12-06,0.485935423,,,,,
2009-12-07,1.244463229,,,,,
2009-12-08,2.561577312,,,,,
2009-12-09,2.114680192,,,,,
2009-12-10,1.511396011,,,,,
2009-12-11,2.094562648,,,,,
2009-12-12,3.051190148,,,,,
2009-12-13,2.038605589,,,,,
2009-12-14,1.249256782,,,,,
2009-12-15,0.988573021,,,,,
2009-12-16,0.85920484,,,,,
2009-12-17,0.79957265,,,,,
2009-12-18,0.738573021,,,,,
2009-12-19,0.702564103,,,,,
2009-12-20,0.680081754,,,,,
2009-12-21,0.967781494,,,,,
2009-12-22,1.42002442,,,,,
2009-12-23,2.425537426,,,,,
2009-12-24,2.078736079,,,,,
2009-12-25,3.063455063,,,,,
2009-12-26,0.718105704,,,,,
2009-12-27,0.741954664,,,,,
2009-12-28,0.71163848,,,,,
2009-12-29,0.713546549,,,,,
2009-12-30,0.800082713,,,,,
2009-12-31,0.747935988,,,,,
2010-01-01,0.768743682,,,,,
2010-01-02,0.784453441,,,,,
2010-01-03,0.724548908,,,,,
2010-01-04,0.701139601,,,,,
2010-01-05,0.662165242,,,,,
2010-01-06,0.652136752,,,,,
2010-01-07,0.694017094,,,,,
2010-01-08,0.732429512,,,,,
2010-01-09,0.785949094,,,,,
2010-01-10,0.787777778,,,,,
2010-01-11,0.779059829,,,,,
2010-01-12,1.287915985,,,,,
2010-01-13,2.742744435,,,,,
2010-01-14,2.064102564,,,,,
2010-01-15,1.240562678,,,,,
2010-01-16,1.145023435,,,,,
2010-01-17,1.146878484,,,,,
2010-01-18,1.43008547,,,,,
2010-01-19,2.885487026,,,,,
2010-01-20,3.036961716,,,,,
2010-01-21,2.463792796,,,,,
2010-01-22,2.645619589,,,,,
2010-01-23,1.190583296,,,,,
2010-01-24,1.155724617,,,,,
2010-01-25,1.690788224,,,,,
2010-01-26,2.421288014,,,,,
2010-01-27,1.998606466,,,,,
2010-01-28,1.644729345,,,,,
2010-01-29,1.476588629,,,,,
2010-01-30,1.453279554,,,,,
2010-01-31,1.36617184,,,,,
2010-02-01,1.285526439,,,,,
2010-02-02,1.230861134,,,,,
2010-02-03,1.219404527,,,,,
2010-02-04,1.203379953,,,,,
2010-02-05,1.783601014,,,,,
2010-02-06,1.988971602,,,,,
2010-02-07,1.874250909,,,,,
2010-02-08,1.761904762,,,,,
2010-02-09,1.680151947,,,,,
2010-02-10,1.570638512,,,,,
2010-02-11,1.466208477,,,,,
2010-02-12,1.413972501,,,,,
2010-02-13,1.392980542,,,,,
2010-02-14,1.352285396,,,,,
2010-02-15,1.343880706,,,,,
2010-02-16,1.395092363,,,,,
2010-02-17,1.45326423,,,,,
2010-02-18,1.513384052,,,,,
2010-02-19,1.559966915,,,,,
2010-02-20,2.11345919,,,,,
2010-02-21,2.075573549,,,,,
2010-02-22,1.879068922,,,,,
2010-02-23,1.928025191,,,,,
2010-02-24,6.322865649,,,,,
2010-02-25,5.124860647,,,,,
2010-02-26,4.801113992,,,,,
2010-02-27,7.626373626,,,,,
2010-02-28,6.185618729,,,,,
2010-03-01,5.074809301,,,,,
2010-03-02,4.821827745,,,,,
2010-03-03,4.875046451,,,,,
2010-03-04,4.049260178,,,,,
2010-03-05,3.591058514,,,,,
2010-03-06,3.338479919,,,,,
2010-03-07,3.051378085,,,,,
2010-03-08,2.858638241,,,,,
2010-03-09,2.613412229,,,,,
2010-03-10,2.509021842,,,,,
2010-03-11,2.297844667,,,,,
2010-03-12,2.687235841,,,,,
2010-03-13,2.874548908,,,,,
2010-03-14,2.522241647,,,,,
2010-03-15,2.449054067,,,,,
2010-03-16,2.424593328,,,,,
2010-03-17,2.527920228,,,,,
2010-03-18,2.737891738,,,,,
2010-03-19,2.850381399,,,,,
2010-03-20,2.914080072,,,,,
2010-03-21,3.003437384,,,,,
2010-03-22,3.116558655,,,,,
2010-03-23,3.136470367,,,,,
2010-03-24,3.108656119,,,,,
2010-03-25,3.334076551,,,,,
2010-03-26,3.148883375,,,,,
2010-03-27,2.926936862,,,,,
2010-03-28,2.84671126,,,,,
2010-03-29,2.986857826,,,,,
2010-03-30,5.593637227,,,,,
2010-03-31,4.629531388,,,,,
2010-04-01,3.808167142,,,,,
2010-04-02,3.728128301,,,,,
2010-04-03,3.82671175,,,,,
2010-04-04,3.468837031,,,,,
2010-04-05,3.408862876,,,,,
2010-04-06,3.048812915,,,,,
2010-04-07,3.028457653,,,,,
2010-04-08,3.147026732,,,,,
2010-04-09,3.445822994,,,,,
2010-04-10,3.725180802,,,,,
2010-04-11,4.076272761,,,,,
2010-04-12,4.377554812,,,,,
2010-04-13,4.293235134,,,,,
2010-04-14,4.196299427,,,,,
2010-04-15,4.020512821,,,,,
2010-04-16,4.168059157,,,,,
2010-04-17,4.371249318,,,,,
2010-04-18,4.692671395,,,,,
2010-04-19,5.051375974,,,,,
2010-04-20,5.842062193,,,,,
2010-04-21,5.508979161,,,,,
2010-04-22,5.179391146,,,,,
2010-04-23,4.971358429,,,,,
2010-04-24,5.051003344,,,,,
2010-04-25,5.193701226,,,,,
2010-04-26,5.355757743,,,,,
2010-04-27,9.722697056,,,,,
2010-04-28,10.70299145,,,,,
2010-04-29,7.753716091,,,,,
2010-04-30,6.80896027,,,,,
2010-05-01,6.362007168,,,,,
2010-05-02,6.17012184,,,,,
2010-05-03,5.921869194,,,,,
2010-05-04,6.029578412,,,,,
2010-05-05,5.77977208,,,,,
2010-05-06,5.201597919,,,,,
2010-05-07,4.803143093,,,,,
2010-05-08,4.588652482,,,,,
2010-05-09,4.454737616,,,,,
2010-05-10,4.556464812,,,,,
2010-05-11,4.499765192,,,,,
2010-05-12,4.269455691,,,,,
2010-05-13,4.094653573,,,,,
2010-05-14,3.970364177,,,,,
2010-05-15,3.920011148,,,,,
2010-05-16,3.94580633,,,,,
2010-05-17,4.008001455,,,,,
2010-05-18,4.43185874,,,,,
2010-05-19,3.964433416,,,,,
2010-05-20,3.912232332,,,,,
2010-05-21,3.650042265,,,,,
2010-05-22,3.444444444,,,,,
2010-05-23,3.184358055,,,,,
2010-05-24,2.983100233,,,,,
2010-05-25,2.914166212,,,,,
2010-05-26,4.773322422,,,,,
2010-05-27,5.517003091,,,,,
2010-05-28,5.650324035,,,,,
2010-05-29,5.304069119,,,,,
2010-05-30,4.944579397,,,,,
2010-05-31,4.590652846,,,,,
2010-06-01,4.294778893,,,,,
2010-06-02,4.043098745,,,,,
2010-06-03,3.863152896,,,,,
2010-06-04,3.721705645,,,,,
2010-06-05,3.415140415,,,,,
2010-06-06,3.121567558,,,,,
2010-06-07,2.895156695,,,,,
2010-06-08,2.70731042,,,,,
2010-06-09,2.570750237,,,,,
2010-06-10,2.445033893,,,,,
2010-06-11,2.305505864,,,,,
2010-06-12,2.155630694,,,,,
2010-06-13,2.046096226,,,,,
2010-06-14,1.948993659,,,,,
2010-06-15,1.869338835,,,,,
2010-06-16,1.810541311,,,,,
2010-06-17,1.734265734,,,,,
2010-06-18,1.669639539,,,,,
2010-06-19,1.617707172,,,,,
2010-06-20,1.572553539,,,,,
2010-06-21,1.519557567,,,,,
2010-06-22,1.468710089,,,,,
2010-06-23,1.42243297,,,,,
2010-06-24,1.377098136,,,,,
2010-06-25,1.361638362,,,,,
2010-06-26,1.323717949,,,,,
2010-06-27,1.273615274,,,,,
2010-06-28,1.229059829,,,,,
2010-06-29,1.201058201,,,,,
2010-06-30,1.176601177,,,,,
2010-07-01,1.154361034,,,,,
2010-07-02,1.143135346,,,,,
2010-07-03,1.128205128,,,,,
2010-07-04,1.093259764,,,,,
2010-07-05,1.072491295,,,,,
2010-07-06,1.051975052,,,,,
2010-07-07,1.037881186,,,,,
2010-07-08,1.016795866,,,,,
2010-07-09,0.983037475,,,,,
2010-07-10,0.96011396,,,,,
2010-07-11,0.939833558,,,,,
2010-07-12,0.923538924,,,,,
2010-07-13,0.911691464,,,,,
2010-07-14,0.898224852,,,,,
2010-07-15,0.882527318,,,,,
2010-07-16,0.860145616,,,,,
2010-07-17,0.83460953,,,,,
2010-07-18,0.81300813,,,,,
2010-07-19,0.795434647,,,,,
2010-07-20,0.781918082,,,,,
2010-07-21,0.772995523,,,,,
2010-07-22,0.762351972,,,,,
2010-07-23,0.753181387,,,,,
2010-07-24,0.7348659,,,,,
2010-07-25,0.728073636,,,,,
2010-07-26,0.703243744,,,,,
2010-07-27,0.696725247,,,,,
2010-07-28,0.687856994,,,,,
2010-07-29,0.668696581,,,,,
2010-07-30,0.658619034,,,,,
2010-07-31,0.65121702,,,,,
2010-08-01,0.64004884,,,,,
2010-08-02,0.625451092,,,,,
2010-08-03,0.610708321,,,,,
2010-08-04,0.60372875,,,,,
2010-08-05,0.595928167,,,,,
2010-08-06,0.590382267,,,,,
2010-08-07,0.584160164,,,,,
2010-08-08,0.575538833,,,,,
2010-08-09,0.563708087,,,,,
2010-08-10,0.558222974,,,,,
2010-08-11,0.549265341,,,,,
2010-08-12,0.547882455,,,,,
2010-08-13,0.540714841,,,,,
2010-08-14,0.536012676,,,,,
2010-08-15,0.525997934,,,,,
2010-08-16,0.507463725,,,,,
2010-08-17,0.49386344,,,,,
2010-08-18,0.485801282,,,,,
2010-08-19,0.478334327,,,,,
2010-08-20,0.472832037,,,,,
2010-08-21,0.471554787,,,,,
2010-08-22,0.475415346,,,,,
2010-08-23,0.459359444,,,,,
2010-08-24,0.442476645,,,,,
2010-08-25,0.423513366,,,,,
2010-08-26,0.413584288,,,,,
2010-08-27,0.413780851,,,,,
2010-08-28,0.427888217,,,,,
2010-08-29,0.484928775,,,,,
2010-08-30,0.532305874,,,,,
2010-08-31,0.492679301,,,,,
